timestamp,lat,lon,alt,velocity_x,velocity_y,velocity_z,ground_speed,air_speed,heading,roll,pitch,yaw,battery_voltage,battery_current,battery_level,mode,armed,system_status,satellites_visible,fix_type
2026-09-29T18:28:53.000450,-35.363262,149.1652372,9.586,-0.01,0.01,-0.72,0.02053801156580448,0.7251944541931152,352,0.0034092608839273453,0.003283065976575017,-0.12901601195335388,12.587,27.08,98,GUIDED,True,ACTIVE,10,6
2026-09-29T18:28:53.500836,-35.363262,149.1652372,9.886,-0.01,0.01,-0.43,0.01945505104959011,0.4391413927078247,352,0.002582753775641322,0.003352193394675851,-0.12914998829364777,12.587,26.67,98,GUIDED,True,ACTIVE,10,6
2026-09-29T18:28:54.001515,-35.363262,149.1652372,10.028,-0.01,0.01,-0.1,0.017202142626047134,0.10640513896942139,352,0.0027559965383261442,0.003108120756223798,-0.12910683453083038,12.587,26.25,98,GUIDED,True,ACTIVE,10,6
2026-09-29T18:28:54.502058,-35.363262,149.1652372,10.025,-0.01,0.01,0.06,0.015690496191382408,0.07142899185419083,352,0.0029809046536684036,0.0030433412175625563,-0.12911991775035858,12.587,27.66,98,GUIDED,True,ACTIVE,10,6
2026-09-29T18:28:55.002648,-35.363262,149.1652372,9.987,-0.01,0.01,0.04,0.015413816086947918,0.04556879773736,352,0.003105480456724763,0.003145848633721471,-0.1290721446275711,12.587,28.41,97,GUIDED,True,ACTIVE,10,6
2026-09-29T18:28:55.503235,-35.363262,149.1652372,9.971,-0.01,0.01,-0.01,0.017417199909687042,0.020191162824630737,352,0.003299957374110818,0.0032799136824905872,-0.12887008488178253,12.587,28.33,97,GUIDED,True,ACTIVE,10,6
2026-09-29T18:28:56.003826,-35.363262,149.1652372,9.973,-0.01,0.01,-0.02,0.017349299043416977,0.03317850083112717,352,0.003495442681014538,0.0032777655869722366,-0.12855705618858337,12.587,28.16,97,GUIDED,True,ACTIVE,10,6
2026-09-29T18:28:56.504162,-35.363262,149.1652372,9.978,-0.01,0.01,-0.02,0.0193482618778944,0.03176111355423927,352,0.0036016074009239674,0.0035390229895710945,-0.12895913422107697,12.587,28.08,97,GUIDED,True,ACTIVE,10,6
2026-09-29T18:28:57.004912,-35.363262,149.1652372,9.981,-0.01,0.01,-0.01,0.022047173231840134,0.029284236952662468,352,0.004349860828369856,0.003712491365149617,-0.12933631241321564,12.587,28.08,97,GUIDED,True,ACTIVE,10,6
2026-09-29T18:28:57.505578,-35.363262,149.1652372,9.983,-0.01,0.02,-0.01,0.025054728612303734,0.029845140874385834,352,0.004298657178878784,0.003501969389617443,-0.1291705071926117,12.587,28.08,97,GUIDED,True,ACTIVE,10,6
2026-09-29T18:28:58.005834,-35.363262,149.1652372,9.984,-0.01,0.02,-0.01,0.02776862494647503,0.03147323429584503,352,0.004154157359153032,0.003476554760709405,-0.12892767786979675,12.587,28.08,97,GUIDED,True,ACTIVE,10,6
2026-09-29T18:28:58.506142,-35.363262,149.1652371,9.985,-0.01,0.02,-0.01,0.029848596081137657,0.03276011720299721,352,0.004180904943495989,0.003671923652291298,-0.12909001111984253,12.587,28.08,97,GUIDED,True,ACTIVE,10,6
2026-09-29T18:28:59.006609,-35.3632619,149.1652371,9.986,-0.01,0.02,-0.01,0.03272197023034096,0.035042259842157364,352,0.0039419494569301605,0.0045267390087246895,-0.12909917533397675,12.587,28.08,96,GUIDED,True,ACTIVE,10,6
2026-09-29T18:28:59.506830,-35.3632619,149.1652371,9.987,-0.02,0.02,-0.01,0.03552139922976494,0.03749296814203262,352,0.003567770356312394,0.0043701049871742725,-0.12893059849739075,12.587,28.08,96,GUIDED,True,ACTIVE,10,6
2026-09-29T18:29:00.007302,-35.3632619,149.1652371,9.988,-0.02,0.02,-0.01,0.0371689647436142,0.03885476663708687,352,0.0035121915861964226,0.004018370062112808,-0.1288539469242096,12.587,28.08,96,GUIDED,True,ACTIVE,10,6
2026-09-29T18:29:00.507855,-35.3632619,149.1652371,9.988,-0.02,0.02,-0.01,0.03750535845756531,0.039031755179166794,352,0.0035374031867831945,0.00359198241494596,-0.1290322244167328,12.587,28.08,96,GUIDED,True,ACTIVE,10,6
2026-09-29T18:29:01.008429,-35.3632619,149.1652371,9.989,-0.02,0.02,-0.01,0.03716699406504631,0.03857487440109253,352,0.0035838233307003975,0.0034961134660989046,-0.12892690300941467,12.587,28.08,96,GUIDED,True,ACTIVE,10,6
2026-09-29T18:29:01.508822,-35.3632619,149.1652371,9.99,-0.02,0.02,0.0,0.036476198583841324,0.0377107597887516,352,0.0033970288932323456,0.003331216983497143,-0.1289367973804474,12.587,28.08,96,GUIDED,True,ACTIVE,10,6
2026-09-29T18:29:02.009376,-35.3632619,149.1652371,9.991,-0.02,0.02,0.0,0.03567072004079819,0.03681127727031708,352,0.003343230579048395,0.003246273146942258,-0.1291404515504837,12.587,28.08,96,GUIDED,True,ACTIVE,10,6
2026-09-29T18:29:02.510025,-35.3632619,149.1652371,9.991,-0.02,0.02,0.0,0.03470190614461899,0.03560325503349304,352,0.0032599519472569227,0.0031867739744484425,-0.1289169043302536,12.587,28.08,96,GUIDED,True,ACTIVE,10,6
2026-09-29T18:29:03.010667,-35.3632619,149.1652371,9.992,-0.02,0.02,0.0,0.03402477130293846,0.03485142067074776,352,0.003208966227248311,0.0032382579520344734,-0.128836989402771,12.587,28.08,96,GUIDED,True,ACTIVE,10,6
2026-09-29T18:29:03.510952,-35.3632619,149.1652371,9.993,-0.02,0.02,0.0,0.03357800468802452,0.03417331352829933,352,0.0030323141254484653,0.0030890863854438066,-0.1291869729757309,12.587,28.16,95,GUIDED,True,ACTIVE,10,6
2026-09-29T18:29:04.011848,-35.3632619,149.1652371,9.994,-0.02,0.02,0.0,0.03241339698433876,0.03291117027401924,352,0.003054424189031124,0.0022993506863713264,-0.12903401255607605,12.587,28.08,95,GUIDED,True,ACTIVE,10,6
2026-09-29T18:29:04.512518,-35.3632618,149.1652373,10.025,0.19,0.2,-0.23,0.2880806624889374,0.3737025558948517,352,0.13004112243652344,-0.1149982288479805,-0.13693183660507202,12.587,31.15,95,GUIDED,True,ACTIVE,10,6
2026-09-29T18:29:05.013550,-35.3632587,149.1652406,10.278,1.22,1.05,-0.79,1.6176985502243042,1.8015440702438354,356,0.19231490790843964,-0.19959615170955658,-0.06769420951604843,12.587,33.31,95,GUIDED,True,ACTIVE,10,6
2026-09-29T18:29:05.514438,-35.363251,149.1652484,10.815,2.18,1.85,-1.32,2.8644192218780518,3.156511068344116,27,0.06637227535247803,-0.27998021245002747,0.4735651910305023,12.587,33.56,95,GUIDED,True,ACTIVE,10,6
2026-09-29T18:29:06.015394,-35.3632391,149.1652606,11.619,3.08,2.6,-1.81,4.037684440612793,4.4264960289001465,59,-0.10234688967466354,-0.304229199886322,1.0383809804916382,12.587,34.31,95,GUIDED,True,ACTIVE,10,6
2026-09-29T18:29:06.515834,-35.3632232,149.165277,12.669,4.0,3.34,-2.27,5.218731880187988,5.693741321563721,59,-0.1124400720000267,-0.3426743149757385,1.0355238914489746,12.587,35.47,95,GUIDED,True,ACTIVE,10,6
2026-09-29T18:29:07.016491,-35.3632034,149.1652973,13.88,4.85,4.05,-2.37,6.325186729431152,6.7563796043396,40,0.0015851168427616358,-0.42933380603790283,0.7069835066795349,12.587,33.56,94,GUIDED,True,ACTIVE,10,6
2026-09-29T18:29:07.516834,-35.3631797,149.1653217,15.074,5.73,4.84,-2.26,7.506979465484619,7.842135906219482,28,0.09069515019655228,-0.4922827482223511,0.49493902921676636,12.587,34.48,94,GUIDED,True,ACTIVE,10,6
2026-09-29T18:29:08.017492,-35.3631518,149.1653505,16.224,6.62,5.58,-2.19,8.662273406982422,8.936196327209473,35,0.02917001023888588,-0.5149981379508972,0.6112616062164307,12.587,35.39,94,GUIDED,True,ACTIVE,10,6
2026-09-29T18:29:08.517987,-35.3631209,149.1653823,17.347,7.17,5.96,-2.18,9.32909870147705,9.581008911132812,44,-0.044514309614896774,-0.4730696380138397,0.785101056098938,12.587,34.56,94,GUIDED,True,ACTIVE,10,6
2026-09-29T18:29:09.018500,-35.363088,149.1654156,18.466,7.47,6.14,-2.17,9.676226615905762,9.917807579040527,44,-0.025550395250320435,-0.47109657526016235,0.7720960974693298,12.587,34.39,94,GUIDED,True,ACTIVE,10,6
2026-09-29T18:29:09.518875,-35.363054,149.16545,19.581,7.63,6.33,-2.17,9.923375129699707,10.159095764160156,37,0.021162258461117744,-0.47587722539901733,0.6629102826118469,12.587,34.48,94,GUIDED,True,ACTIVE,10,6
2026-09-29T18:29:10.019416,-35.3630194,149.1654854,20.698,7.74,6.49,-2.17,10.1112699508667,10.34345531463623,36,0.02261621132493019,-0.4752456247806549,0.6371675729751587,12.587,34.48,94,GUIDED,True,ACTIVE,10,6
2026-09-29T18:29:10.519816,-35.3629843,149.1655214,21.822,7.76,6.49,-2.19,10.12848949432373,10.363395690917969,39,-0.005414597224444151,-0.4251082241535187,0.6963170170783997,12.587,33.73,93,GUIDED,True,ACTIVE,10,6
2026-09-29T18:29:11.020541,-35.3629498,149.1655567,22.955,7.48,6.21,-2.18,9.729012489318848,9.971781730651855,41,-0.009173901751637459,-0.36313390731811523,0.7294860482215881,12.587,32.07,93,GUIDED,True,ACTIVE,10,6
2026-09-29T18:29:11.520890,-35.362917,149.1655901,24.074,7.06,5.85,-2.14,9.173314094543457,9.421367645263672,40,0.0032685319893062115,-0.3187231719493866,0.7057493329048157,12.587,31.24,93,GUIDED,True,ACTIVE,10,6
2026-09-29T18:29:12.021659,-35.3628862,149.1656214,25.165,6.57,5.47,-2.08,8.556273460388184,8.807422637939453,38,0.007932494394481182,-0.27391743659973145,0.6768659353256226,12.587,30.57,93,GUIDED,True,ACTIVE,10,6
2026-09-29T18:29:12.521833,-35.3628577,149.1656506,26.222,6.04,5.05,-1.98,7.88266658782959,8.12886905670166,38,0.003109733108431101,-0.22708795964717865,0.6799301505088806,12.587,29.66,93,GUIDED,True,ACTIVE,10,6
2026-09-29T18:29:13.022931,-35.3628316,149.1656773,27.193,5.5,4.59,-1.75,7.166144847869873,7.377655029296875,40,-0.0006856446270830929,-0.18159881234169006,0.6990277171134949,12.587,28.33,93,GUIDED,True,ACTIVE,10,6
2026-09-29T18:29:13.523897,-35.3628081,149.1657014,28.025,4.94,4.11,-1.47,6.434686660766602,6.602066516876221,40,-7.875803567003459e-05,-0.13662856817245483,0.7055625915527344,12.587,27.75,93,GUIDED,True,ACTIVE,10,6
2026-09-29T18:29:14.024623,-35.3627872,149.1657228,28.716,4.37,3.63,-1.2,5.693661212921143,5.819990634918213,39,0.0015414381632581353,-0.08936288207769394,0.6969279050827026,12.587,27.5,93,GUIDED,True,ACTIVE,10,6
2026-09-29T18:29:14.525492,-35.3627688,149.1657416,29.272,3.79,3.15,-0.93,4.931766510009766,5.020309925079346,39,0.001982585759833455,-0.041158828884363174,0.6886447668075562,12.587,27.25,92,GUIDED,True,ACTIVE,10,6
2026-09-29T18:29:15.026396,-35.362753,149.1657577,29.689,3.19,2.65,-0.66,4.1533002853393555,4.206386089324951,39,0.0010636342922225595,0.005721248220652342,0.6899919509887695,12.587,27.0,92,GUIDED,True,ACTIVE,10,6
2026-09-29T18:29:15.527304,-35.36274,149.165771,29.961,2.58,2.14,-0.37,3.3530921936035156,3.3738884925842285,39,0.0014560942072421312,0.053654108196496964,0.6960464119911194,12.587,26.67,92,GUIDED,True,ACTIVE,10,6
2026-09-29T18:29:16.027841,-35.3627298,149.1657814,30.071,1.93,1.6,-0.04,2.517944097518921,2.518378734588623,40,0.001883786404505372,0.10558878630399704,0.6983486413955688,12.587,26.58,92,GUIDED,True,ACTIVE,10,6
2026-09-29T18:29:16.528017,-35.3627226,149.1657887,30.054,1.21,0.97,0.07,1.556339144706726,1.5579935312271118,39,-0.030369499698281288,0.1789877563714981,0.6940668821334839,12.587,28.41,92,GUIDED,True,ACTIVE,10,6
2026-09-29T18:29:17.028831,-35.3627185,149.1657911,30.023,0.64,-0.19,0.02,0.6757996678352356,0.6762062311172485,27,-0.19176244735717773,0.18265803158283234,0.4803257882595062,12.587,29.41,92,GUIDED,True,ACTIVE,10,6
2026-09-29T18:29:17.529648,-35.3627164,149.1657868,30.014,0.3,-1.44,-0.01,1.473188877105713,1.4732528924942017,351,-0.28703778982162476,0.007679412607103586,-0.14457544684410095,12.587,29.33,92,GUIDED,True,ACTIVE,10,6
2026-09-29T18:29:18.030826,-35.3627155,149.1657757,30.017,0.07,-2.65,-0.01,2.660017967224121,2.660092353820801,307,-0.21742133796215057,-0.2363409548997879,-0.9207672476768494,12.587,29.49,92,GUIDED,True,ACTIVE,10,6
2026-09-29T18:29:18.531485,-35.3627155,149.1657579,30.021,-0.08,-3.83,-0.01,3.8406543731689453,3.84069561958313,270,-0.020546505227684975,-0.36239683628082275,-1.5663306713104248,12.587,29.66,91,GUIDED,True,ACTIVE,10,6
2026-09-29T18:29:19.032077,-35.3627159,149.1657336,30.023,-0.13,-5.02,-0.01,5.023441314697266,5.023456573486328,250,0.11421974748373032,-0.40099459886550903,-1.9128094911575317,12.587,30.16,91,GUIDED,True,ACTIVE,10,6
2026-09-29T18:29:19.532751,-35.3627164,149.1657028,30.023,-0.17,-6.2,-0.01,6.2120890617370605,6.212098121643066,255,0.08409883081912994,-0.4507865905761719,-1.8252443075180054,12.587,30.74,91,GUIDED,True,ACTIVE,10,6
2026-09-29T18:29:20.033257,-35.3627172,149.1656668,30.029,-0.23,-6.69,-0.02,6.700327396392822,6.700376510620117,271,-0.029698709025979042,-0.28864115476608276,-1.538783311843872,12.587,28.58,91,GUIDED,True,ACTIVE,10,6
2026-09-29T18:29:20.533918,-35.3627183,149.1656304,30.028,-0.3,-6.46,0.0,6.4752912521362305,6.4752912521362305,278,-0.02822215110063553,-0.21776804327964783,-1.4260284900665283,12.587,28.08,91,GUIDED,True,ACTIVE,10,6
2026-09-29T18:29:21.034517,-35.3627194,149.1655957,30.019,-0.27,-6.06,0.0,6.072348117828369,6.072348117828369,271,0.004504490178078413,-0.17231573164463043,-1.5386595726013184,12.587,28.08,91,GUIDED,True,ACTIVE,10,6
2026-09-29T18:29:21.535244,-35.3627203,149.1655634,30.013,-0.19,-5.55,0.0,5.563094139099121,5.563097953796387,264,0.01299881748855114,-0.12144201993942261,-1.670074701309204,12.587,28.08,91,GUIDED,True,ACTIVE,10,6
2026-09-29T18:29:22.036119,-35.3627208,149.1655342,30.011,-0.14,-4.95,-0.01,4.958399295806885,4.95841121673584,264,-0.000671891204547137,-0.0661262646317482,-1.6632646322250366,12.587,28.08,91,GUIDED,True,ACTIVE,10,6
2026-09-29T18:29:22.536916,-35.3627213,149.1655087,30.011,-0.13,-4.25,-0.01,4.254495620727539,4.254511833190918,269,-0.0054805525578558445,-0.009517312049865723,-1.5770219564437866,12.587,28.08,91,GUIDED,True,ACTIVE,10,6
2026-09-29T18:29:23.037597,-35.3627217,149.1654873,30.013,-0.13,-3.46,-0.01,3.464850425720215,3.464871406555176,271,2.6871948648476973e-05,0.046723052859306335,-1.5393702983856201,12.587,28.16,90,GUIDED,True,ACTIVE,10,6
2026-09-29T18:29:23.538020,-35.3627221,149.1654706,30.016,-0.11,-2.58,-0.01,2.5869593620300293,2.586988687515259,269,0.00010448566172271967,0.10641986131668091,-1.5764156579971313,12.587,28.25,90,GUIDED,True,ACTIVE,10,6
2026-09-29T18:29:24.038858,-35.3627224,149.1654591,30.019,-0.08,-1.59,-0.01,1.5968910455703735,1.596934199333191,267,-0.005280559882521629,0.15642520785331726,-1.6184920072555542,12.587,28.49,90,GUIDED,True,ACTIVE,10,6
2026-09-29T18:29:24.539458,-35.362723,149.1654528,30.023,-0.39,-0.74,0.0,0.840066134929657,0.8401002883911133,263,-0.2001619189977646,0.09068294614553452,-1.6832704544067383,12.587,28.58,90,GUIDED,True,ACTIVE,10,6
2026-09-29T18:29:25.039873,-35.3627274,149.1654499,30.024,-1.62,-0.34,0.0,1.6617995500564575,1.661815881729126,238,-0.2779979407787323,-0.12069810926914215,-2.1283555030822754,12.587,29.41,90,GUIDED,True,ACTIVE,10,6
2026-09-29T18:29:25.540835,-35.3627373,149.1654488,30.024,-2.85,-0.09,0.0,2.8532886505126953,2.8532979488372803,193,-0.10531516373157501,-0.30945852398872375,-2.9082324504852295,12.587,29.57,90,GUIDED,True,ACTIVE,10,6
2026-09-29T18:29:26.041262,-35.3627527,149.1654489,30.024,-4.02,0.03,0.0,4.026897430419922,4.0269036293029785,154,0.12894681096076965,-0.3463202714920044,2.7041964530944824,12.587,29.82,90,GUIDED,True,ACTIVE,10,6
2026-09-29T18:29:26.541923,-35.3627734,149.1654494,30.023,-5.21,0.11,0.0,5.214660167694092,5.214663028717041,152,0.1646341234445572,-0.3831197917461395,2.662515878677368,12.587,30.32,90,GUIDED,True,ACTIVE,10,6
2026-09-29T18:29:27.042556,-35.3627995,149.1654502,30.023,-6.32,0.16,-0.01,6.331662178039551,6.331683158874512,173,0.018879247829318047,-0.4258038103580475,3.035055637359619,12.587,30.57,89,GUIDED,True,ACTIVE,10,6
2026-09-29T18:29:27.542965,-35.362829,149.1654515,30.032,-6.58,0.25,-0.01,6.594789505004883,6.594812393188477,191,-0.048399947583675385,-0.2570215165615082,-2.9496850967407227,12.587,28.33,89,GUIDED,True,ACTIVE,10,6
2026-09-29T18:29:28.043598,-35.3628581,149.1654531,30.032,-6.31,0.26,0.0,6.323503017425537,6.3235039710998535,188,-0.012293721549212933,-0.20398026704788208,-2.988154649734497,12.587,28.08,89,GUIDED,True,ACTIVE,10,6
2026-09-29T18:29:28.544146,-35.3628857,149.1654543,30.028,-5.89,0.17,0.0,5.901869297027588,5.901871204376221,177,0.02184249460697174,-0.16315363347530365,3.0921103954315186,12.587,28.08,89,GUIDED,True,ACTIVE,10,6
2026-09-29T18:29:29.044838,-35.3629113,149.165455,30.026,-5.39,0.09,0.0,5.400211334228516,5.400213241577148,171,0.013479362241923809,-0.11281177401542664,2.9986886978149414,12.587,28.0,89,GUIDED,True,ACTIVE,10,6
2026-09-29T18:29:29.545067,-35.3629343,149.1654554,30.025,-4.8,0.07,0.0,4.801032543182373,4.801032543182373,176,-0.004629233386367559,-0.060780301690101624,3.081479787826538,12.587,28.0,89,GUIDED,True,ACTIVE,10,6
2026-09-29T18:29:30.045473,-35.3629544,149.1654558,30.026,-4.1,0.09,0.0,4.103122234344482,4.103122711181641,182,-0.003961190115660429,-0.001977939158678055,-3.1022303104400635,12.587,28.08,89,GUIDED,True,ACTIVE,10,6
2026-09-29T18:29:30.545875,-35.3629712,149.1654563,30.026,-3.3,0.1,0.0,3.3105273246765137,3.3105275630950928,182,0.001994533697143197,0.05653778836131096,-3.1066734790802,12.587,28.25,89,GUIDED,True,ACTIVE,10,6
2026-09-29T18:29:31.046177,-35.3629843,149.1654567,30.028,-2.4,0.08,0.0,2.4114606380462646,2.4114603996276855,178,-0.0025848003569990396,0.11996772140264511,3.110368490219116,12.587,28.33,88,GUIDED,True,ACTIVE,10,6
2026-09-29T18:29:31.546822,-35.362993,149.1654571,30.031,-1.4,0.06,0.0,1.4062576293945312,1.4062578678131104,176,-0.0077205137349665165,0.1591995507478714,3.081364631652832,12.587,28.49,88,GUIDED,True,ACTIVE,10,6
2026-09-29T18:29:32.047463,-35.3629975,149.1654573,30.034,-0.56,0.04,0.0,0.5708584189414978,0.5708585381507874,178,-0.002466521691530943,0.1263614445924759,3.1100971698760986,12.587,28.33,88,GUIDED,True,ACTIVE,10,6
2026-09-29T18:29:32.547824,-35.3629989,149.1654574,30.035,-0.05,0.02,0.0,0.05861155688762665,0.058761533349752426,180,0.0010303392773494124,0.07674500346183777,-3.1411337852478027,12.587,28.16,88,GUIDED,True,ACTIVE,10,6
2026-09-29T18:29:33.048161,-35.3629986,149.1654575,30.035,0.19,0.01,0.0,0.1978728324174881,0.19795729219913483,179,0.0007575495983473957,0.035760264843702316,3.1391313076019287,12.587,28.08,88,GUIDED,True,ACTIVE,10,6
2026-09-29T18:29:33.548812,-35.3629976,149.1654577,30.034,0.26,0.01,0.0,0.26698943972587585,0.2670390009880066,178,0.0010195960057899356,0.011676228605210781,3.1173572540283203,12.587,28.08,88,GUIDED,True,ACTIVE,10,6
2026-09-29T18:29:34.049465,-35.3629964,149.1654578,30.034,0.25,0.0,0.0,0.2502864599227905,0.2503190338611603,178,0.0022157838102430105,0.0002683750062715262,3.108975410461426,12.587,28.08,88,GUIDED,True,ACTIVE,10,6
2026-09-29T18:29:34.549838,-35.3629954,149.165458,30.034,0.2,0.0,0.0,0.2036718875169754,0.20371928811073303,178,0.0027775969356298447,-0.0036060919519513845,3.11871600151062,12.587,28.08,88,GUIDED,True,ACTIVE,10,6
2026-09-29T18:29:35.050776,-35.3629947,149.165458,30.033,0.15,-0.01,0.0,0.1544225513935089,0.15446192026138306,179,0.003373627318069339,-0.004215709865093231,3.1284594535827637,12.587,28.08,88,GUIDED,True,ACTIVE,10,6
2026-09-29T18:29:35.551449,-35.3629941,149.1654582,30.033,0.11,-0.02,0.0,0.1145346462726593,0.11459823697805405,179,0.004193431697785854,-0.0032877663616091013,3.126959800720215,12.587,28.16,87,GUIDED,True,ACTIVE,10,6
2026-09-29T18:29:36.052240,-35.3629937,149.1654582,30.032,0.07,-0.03,0.0,0.08674453943967819,0.08678990602493286,178,0.004163810051977634,-0.0019752064254134893,3.1199591159820557,12.587,28.08,87,GUIDED,True,ACTIVE,10,6
2026-09-29T18:29:36.552985,-35.3629935,149.1654583,30.032,0.05,-0.04,0.0,0.07122603803873062,0.07129229605197906,178,0.004089388996362686,-9.77254967438057e-05,3.11734676361084,12.587,28.08,87,GUIDED,True,ACTIVE,10,6
2026-09-29T18:29:37.053396,-35.3629933,149.1654583,30.031,0.04,-0.04,0.0,0.06557038426399231,0.06560544669628143,178,0.0036206133663654327,0.0011826232075691223,3.1201717853546143,12.587,28.08,87,GUIDED,True,ACTIVE,10,6
2026-09-29T18:29:37.553986,-35.3629932,149.1654583,30.031,0.03,-0.04,0.0,0.06101870536804199,0.061035748571157455,178,0.002884513232856989,0.0013168946607038379,3.123582124710083,12.587,28.08,87,GUIDED,True,ACTIVE,10,6
2026-09-29T18:29:38.054630,-35.3629931,149.1654583,30.031,0.03,-0.04,0.0,0.05782540887594223,0.05785030126571655,178,0.0026250737719237804,0.002409248147159815,3.1235711574554443,12.587,28.08,87,GUIDED,True,ACTIVE,10,6
2026-09-29T18:29:38.555392,-35.3629931,149.1654583,30.03,0.03,-0.04,0.0,0.05618448555469513,0.056204114109277725,178,0.002681801561266184,0.0024206936359405518,3.121521234512329,12.587,28.08,87,GUIDED,True,ACTIVE,10,6
2026-09-29T18:29:39.055823,-35.3629931,149.1654582,30.03,0.02,-0.04,0.0,0.054860636591911316,0.05487753078341484,178,0.002730364678427577,0.002788244979456067,3.1210334300994873,12.587,28.08,87,GUIDED,True,ACTIVE,10,6
2026-09-29T18:29:39.556416,-35.362993,149.1654582,30.03,0.02,-0.04,0.0,0.053317151963710785,0.05332469567656517,178,0.002303550485521555,0.0029258092399686575,3.1220600605010986,12.587,28.08,86,GUIDED,True,ACTIVE,10,6
2026-09-29T18:29:40.057207,-35.362993,149.1654582,30.03,0.03,-0.04,0.0,0.051846932619810104,0.05186023563146591,178,0.0023592470679432154,0.002725141355767846,3.122098207473755,12.587,28.08,86,GUIDED,True,ACTIVE,10,6
2026-09-29T18:29:40.558618,-35.362993,149.1654582,30.03,0.02,-0.04,0.0,0.050086840987205505,0.05009791627526283,178,0.0021342046093195677,0.0024141171015799046,3.1215810775756836,12.587,28.08,86,GUIDED,True,ACTIVE,10,6
2026-09-29T18:29:41.059072,-35.3629929,149.1654582,30.03,0.02,-0.03,0.0,0.047593988478183746,0.04760163277387619,178,0.0019195692148059607,0.0026523724664002657,3.121732473373413,12.587,28.08,86,GUIDED,True,ACTIVE,10,6
2026-09-29T18:29:41.559888,-35.3629929,149.1654581,30.03,0.02,-0.03,0.0,0.04520688205957413,0.045213233679533005,178,0.0014333014842122793,0.0024604189675301313,3.1219642162323,12.587,28.08,86,GUIDED,True,ACTIVE,10,6
2026-09-29T18:29:42.060241,-35.3629929,149.1654581,30.03,0.02,-0.03,0.0,0.04194668307900429,0.04195309057831764,178,0.0013705180026590824,0.0017266713548451662,3.1217780113220215,12.587,28.08,86,GUIDED,True,ACTIVE,10,6
2026-09-29T18:29:42.561132,-35.3629928,149.165458,30.03,0.02,-0.02,0.0,0.03700430691242218,0.03701316565275192,178,0.001006094622425735,0.0017218688735738397,3.1217503547668457,12.587,28.08,86,GUIDED,True,ACTIVE,10,6
2026-09-29T18:29:43.061989,-35.3629928,149.165458,30.03,0.02,-0.02,0.0,0.03309309110045433,0.033102214336395264,178,0.0012000559363514185,0.002075986471027136,3.121835947036743,12.587,28.08,86,GUIDED,True,ACTIVE,10,6
2026-09-29T18:29:43.562741,-35.3629928,149.165458,30.03,0.01,-0.02,0.0,0.031212173402309418,0.031222110614180565,178,0.0014819045318290591,0.002146263374015689,3.12176513671875,12.587,28.08,85,GUIDED,True,ACTIVE,10,6
2026-09-29T18:29:44.063564,-35.3629928,149.165458,30.03,0.01,-0.02,0.0,0.03052460215985775,0.030530275776982307,178,0.001687409239821136,0.0023360485211014748,3.1217668056488037,12.587,28.08,85,GUIDED,True,ACTIVE,10,6
2026-09-29T18:29:44.564444,-35.3629928,149.165458,30.03,0.01,-0.02,0.0,0.030922817066311836,0.030933933332562447,178,0.001655329717323184,0.002323838649317622,3.121950149536133,12.587,28.08,85,GUIDED,True,ACTIVE,10,6
2026-09-29T18:29:45.065422,-35.3629928,149.165458,30.03,0.01,-0.02,0.0,0.03098108619451523,0.030983852222561836,178,0.0018272867891937494,0.0023505326826125383,3.121816396713257,12.587,28.08,85,GUIDED,True,ACTIVE,10,6
2026-09-29T18:29:45.565928,-35.3629928,149.165458,30.029,0.01,-0.02,0.0,0.03135710582137108,0.031357184052467346,178,0.0017456432105973363,0.002238847780972719,3.121760845184326,12.587,28.08,85,GUIDED,True,ACTIVE,10,6
2026-09-29T18:29:46.066849,-35.3629928,149.165458,30.029,0.01,-0.02,0.0,0.03148778900504112,0.03148786351084709,178,0.001703452318906784,0.0022650149185210466,3.1217429637908936,12.587,28.08,85,GUIDED,True,ACTIVE,10,6
2026-09-29T18:29:46.568041,-35.3629928,149.165458,30.029,0.01,-0.02,0.0,0.031518638134002686,0.03152185305953026,178,0.0016941808862611651,0.002182629192247987,3.121821403503418,12.587,28.08,85,GUIDED,True,ACTIVE,10,6
2026-09-29T18:29:47.068534,-35.3629928,149.165458,30.029,0.01,-0.02,0.0,0.03149595856666565,0.0314972847700119,178,0.0017973283538594842,0.0021089825313538313,3.1218760013580322,12.587,28.08,85,GUIDED,True,ACTIVE,10,6
2026-09-29T18:29:47.568914,-35.3629928,149.165458,30.029,0.01,-0.02,0.0,0.031237563118338585,0.031242188066244125,178,0.0016440702602267265,0.00213529821485281,3.121828079223633,12.587,28.08,85,GUIDED,True,ACTIVE,10,6
2026-09-29T18:29:48.069213,-35.3629928,149.165458,30.029,0.01,-0.02,0.0,0.031207093968987465,0.03121294640004635,178,0.0017284115310758352,0.002214329317212105,3.1217756271362305,12.587,28.08,84,GUIDED,True,ACTIVE,10,6
2026-09-29T18:29:48.569815,-35.3629928,149.165458,30.029,0.01,-0.02,0.0,0.03107488341629505,0.031082753092050552,178,0.0016113396268337965,0.002174441469833255,3.1217856407165527,12.587,28.08,84,GUIDED,True,ACTIVE,10,6
2026-09-29T18:29:49.070545,-35.3629928,149.165458,30.029,0.01,-0.02,0.0,0.030624184757471085,0.030624790117144585,178,0.0016925191739574075,0.0021378854289650917,3.1218221187591553,12.587,28.08,84,GUIDED,True,ACTIVE,10,6
2026-09-29T18:29:49.570947,-35.3629928,149.165458,30.03,0.01,-0.02,0.0,0.030463721603155136,0.030465107411146164,178,0.001794252428226173,0.002052740892395377,3.1218690872192383,12.587,28.08,84,GUIDED,True,ACTIVE,10,6
2026-09-29T18:29:50.071260,-35.3629928,149.165458,30.03,0.01,-0.02,0.0,0.030428845435380936,0.030438274145126343,178,0.0017780611524358392,0.0020760642364621162,3.1218926906585693,12.587,28.08,84,GUIDED,True,ACTIVE,10,6
2026-09-29T18:29:50.571826,-35.3629928,149.165458,30.03,0.01,-0.02,0.0,0.030184822157025337,0.03019377775490284,178,0.0017535154474899173,0.0021234818268567324,3.121779680252075,12.587,28.08,84,GUIDED,True,ACTIVE,10,6
2026-09-29T18:29:51.072563,-35.3629928,149.165458,30.031,0.01,-0.02,0.0,0.030219553038477898,0.03024071268737316,178,0.0017109233886003494,0.0021751036401838064,3.1217057704925537,12.587,28.08,84,GUIDED,True,ACTIVE,10,6
2026-09-29T18:29:51.572814,-35.3629928,149.165458,30.031,0.01,-0.02,0.0,0.030035624280571938,0.030061189085245132,178,0.001711605815216899,0.0021179611794650555,3.1218101978302,12.587,28.08,84,GUIDED,True,ACTIVE,10,6
2026-09-29T18:29:52.073426,-35.3629928,149.165458,30.03,0.01,-0.02,0.0,0.030126512050628662,0.030141543596982956,178,0.0017779908375814557,0.002054190495982766,3.121805429458618,12.587,28.08,83,GUIDED,True,ACTIVE,10,6
2026-09-29T18:29:52.574070,-35.3629928,149.165458,30.03,0.01,-0.02,0.0,0.030089786276221275,0.03009367734193802,178,0.0017198921414092183,0.0020417997147887945,3.1216671466827393,12.587,28.08,83,GUIDED,True,ACTIVE,10,6
2026-09-29T18:29:53.074788,-35.3629928,149.165458,30.029,0.01,-0.02,0.0,0.02986895479261875,0.029871048405766487,178,0.0017907648580148816,0.002071196446195245,3.1216979026794434,12.587,28.08,83,GUIDED,True,ACTIVE,10,6
2026-09-29T18:29:53.575555,-35.3629928,149.165458,30.029,0.01,-0.02,0.0,0.029692567884922028,0.02969282492995262,178,0.0017592094372957945,0.0020310746040195227,3.121976375579834,12.587,28.08,83,GUIDED,True,ACTIVE,10,6
2026-09-29T18:29:54.076255,-35.3629928,149.165458,30.029,0.01,-0.02,0.0,0.02971639856696129,0.029717501252889633,178,0.0018082652240991592,0.002031269483268261,3.121793031692505,12.587,28.08,83,GUIDED,True,ACTIVE,10,6
2026-09-29T18:29:54.576833,-35.3629928,149.165458,30.029,0.01,-0.02,0.0,0.029859939590096474,0.02986210025846958,178,0.0017515512881800532,0.001977319363504648,3.121603488922119,12.587,28.08,83,GUIDED,True,ACTIVE,10,6
2026-09-29T18:29:55.077404,-35.3629928,149.165458,30.029,0.01,-0.02,0.0,0.029385430738329887,0.029388926923274994,178,0.0017310205148532987,0.0020626848563551903,3.121635675430298,12.587,28.08,83,GUIDED,True,ACTIVE,10,6
2026-09-29T18:29:55.578011,-35.3629928,149.165458,30.029,0.01,-0.02,0.0,0.02910490334033966,0.029110480099916458,178,0.0016938847256824374,0.0020683754701167345,3.12186861038208,12.587,28.08,83,GUIDED,True,ACTIVE,10,6
2026-09-29T18:29:56.078831,-35.3629928,149.165458,30.029,0.01,-0.02,0.0,0.02912360616028309,0.029124939814209938,178,0.0017812756123021245,0.0020634473767131567,3.121683120727539,12.587,28.08,83,GUIDED,True,ACTIVE,10,6
2026-09-29T18:29:56.579368,-35.3629928,149.165458,30.03,0.01,-0.02,0.0,0.029048703610897064,0.029048895463347435,178,0.001816609175875783,0.0020441978704184294,3.1217005252838135,12.587,28.08,82,GUIDED,True,ACTIVE,10,6
2026-09-29T18:29:57.079832,-35.3629928,149.165458,30.03,0.01,-0.02,0.0,0.029174035415053368,0.02917940355837345,178,0.0018078701104968786,0.00200401502661407,3.121882438659668,12.587,28.08,82,GUIDED,True,ACTIVE,10,6
2026-09-29T18:29:57.580546,-35.3629928,149.165458,30.03,0.01,-0.02,0.0,0.028947532176971436,0.028958439826965332,178,0.0017257437575608492,0.0020749166142195463,3.121577024459839,12.587,28.08,82,GUIDED,True,ACTIVE,10,6
2026-09-29T18:29:58.081355,-35.3629928,149.165458,30.03,0.01,-0.02,0.0,0.029123110696673393,0.02913985401391983,178,0.001814108225516975,0.0020841616205871105,3.121591091156006,12.587,28.08,82,GUIDED,True,ACTIVE,10,6
2026-09-29T18:29:58.581889,-35.3629928,149.165458,30.03,0.01,-0.02,0.0,0.029170215129852295,0.029191600158810616,178,0.0017784757073968649,0.002012112643569708,3.121945858001709,12.587,28.08,82,GUIDED,True,ACTIVE,10,6
2026-09-29T18:29:59.082178,-35.3629928,149.165458,30.03,0.01,-0.02,0.0,0.029296549037098885,0.02930753119289875,178,0.0017578568076714873,0.0019296965328976512,3.121823787689209,12.587,28.08,82,GUIDED,True,ACTIVE,10,6
2026-09-29T18:29:59.583172,-35.3629928,149.165458,30.03,0.01,-0.02,0.0,0.029031969606876373,0.029033305123448372,178,0.0017530559562146664,0.0020571723580360413,3.1216135025024414,12.587,28.08,82,GUIDED,True,ACTIVE,10,6
2026-09-29T18:30:00.083867,-35.3629928,149.165458,30.029,0.01,-0.02,0.0,0.028894636780023575,0.028894681483507156,178,0.0018417912069708109,0.0021001738496124744,3.1216118335723877,12.587,28.08,82,GUIDED,True,ACTIVE,10,6
2026-09-29T18:30:00.584404,-35.3629928,149.165458,30.029,0.01,-0.02,0.0,0.029099605977535248,0.029099835082888603,178,0.0018109154189005494,0.0021292937453836203,3.121725559234619,12.587,28.08,81,GUIDED,True,ACTIVE,10,6
2026-09-29T18:30:01.084753,-35.3629928,149.165458,30.029,0.01,-0.02,0.0,0.029334623366594315,0.029335159808397293,178,0.001855790033005178,0.0020243776962161064,3.1217617988586426,12.587,28.08,81,GUIDED,True,ACTIVE,10,6
2026-09-29T18:30:01.585640,-35.3629928,149.165458,30.029,0.01,-0.02,0.0,0.02916286140680313,0.02916393242776394,178,0.0017394637688994408,0.0020025866106152534,3.121701240539551,12.587,28.08,81,GUIDED,True,ACTIVE,10,6
2026-09-29T18:30:02.085962,-35.3629928,149.165458,30.029,0.01,-0.02,0.0,0.028806481510400772,0.028809713199734688,178,0.0017428305000066757,0.0020207727793604136,3.1216461658477783,12.587,28.08,81,GUIDED,True,ACTIVE,10,6
2026-09-29T18:30:02.586793,-35.3629928,149.165458,30.029,0.01,-0.02,0.0,0.02876948192715645,0.028771283105015755,178,0.0018154486315324903,0.002011331496760249,3.1216981410980225,12.587,28.08,81,GUIDED,True,ACTIVE,10,6
2026-09-29T18:30:03.087933,-35.3629928,149.165458,30.029,0.01,-0.02,0.0,0.028947746381163597,0.02895362488925457,178,0.001951754093170166,0.0020449506118893623,3.121793270111084,12.587,28.08,81,GUIDED,True,ACTIVE,10,6
2026-09-29T18:30:03.589172,-35.3629928,149.165458,30.029,0.01,-0.02,0.0,0.028845205903053284,0.028845788910984993,178,0.0018376397201791406,0.002017265884205699,3.1217093467712402,12.587,28.08,81,GUIDED,True,ACTIVE,10,6
2026-09-29T18:30:04.090072,-35.3629928,149.165458,30.03,0.01,-0.02,0.0,0.029018357396125793,0.029024140909314156,178,0.0018321624957025051,0.0020667733624577522,3.121589183807373,12.587,28.08,81,GUIDED,True,ACTIVE,10,6
2026-09-29T18:30:04.590844,-35.3629928,149.165458,30.03,0.01,-0.02,0.0,0.02922341413795948,0.02922877110540867,178,0.0017209325451403856,0.0019341160077601671,3.121727466583252,12.587,28.08,81,GUIDED,True,ACTIVE,10,6
2026-09-29T18:30:05.091251,-35.3629928,149.165458,30.03,0.01,-0.02,0.0,0.028730303049087524,0.028746064752340317,178,0.0019045654917135835,0.002074984833598137,3.1216371059417725,12.587,28.08,80,GUIDED,True,ACTIVE,10,6
2026-09-29T18:30:05.591889,-35.3629928,149.165458,30.031,0.01,-0.02,0.0,0.028958773240447044,0.028988756239414215,178,0.0019343220628798008,0.002066593850031495,3.1216177940368652,12.587,28.08,80,GUIDED,True,ACTIVE,10,6
2026-09-29T18:30:06.093390,-35.3629928,149.165458,30.03,0.01,-0.02,0.0,0.029041780158877373,0.029070498421788216,178,0.0018688046839088202,0.001997922547161579,3.1217660903930664,12.587,28.08,80,GUIDED,True,ACTIVE,10,6
2026-09-29T18:30:06.593874,-35.3629928,149.165458,30.03,0.01,-0.02,0.0,0.028904104605317116,0.02891109511256218,178,0.0016626082360744476,0.0019012371776625514,3.1218643188476562,12.587,28.08,80,GUIDED,True,ACTIVE,10,6
2026-09-29T18:30:07.094143,-35.3629928,149.165458,30.03,0.01,-0.02,0.0,0.0281828660517931,0.02818424440920353,178,0.0014342493377625942,0.0021123159676790237,3.121694803237915,12.587,28.08,80,GUIDED,True,ACTIVE,10,6
2026-09-29T18:30:07.595265,-35.3629928,149.165458,30.029,0.01,-0.02,0.0,0.027210785076022148,0.027210891246795654,178,0.0014766583917662501,0.0021104649640619755,3.1215898990631104,12.587,28.08,80,GUIDED,True,ACTIVE,10,6
2026-09-29T18:30:08.095940,-35.3629928,149.165458,30.029,0.01,-0.01,0.0,0.026821140199899673,0.026821190491318703,178,0.001616807421669364,0.00205361470580101,3.121784210205078,12.587,28.08,80,GUIDED,True,ACTIVE,10,6
2026-09-29T18:30:08.596633,-35.3629928,149.165458,30.029,0.01,-0.01,0.0,0.026658836752176285,0.026662513613700867,178,0.0016244463622570038,0.0019567441195249557,3.12162184715271,12.587,28.08,80,GUIDED,True,ACTIVE,10,6
2026-09-29T18:30:09.096825,-35.3629928,149.165458,30.029,0.01,-0.01,0.0,0.026479465886950493,0.026481814682483673,178,0.0017155909445136786,0.00198930106125772,3.1215896606445312,12.587,28.08,79,GUIDED,True,ACTIVE,10,6
2026-09-29T18:30:09.597645,-35.3629928,149.165458,30.029,0.01,-0.01,0.0,0.026520030573010445,0.026523921638727188,178,0.001739299506880343,0.0020591288339346647,3.121687173843384,12.587,28.08,79,GUIDED,True,ACTIVE,10,6
2026-09-29T18:30:10.098154,-35.3629928,149.165458,30.029,0.01,-0.01,0.0,0.026643306016921997,0.02664717473089695,178,0.001886105863377452,0.0020652818493545055,3.1217336654663086,12.587,28.08,79,GUIDED,True,ACTIVE,10,6
2026-09-29T18:30:10.598842,-35.3629928,149.165458,30.029,0.01,-0.02,0.0,0.027085956186056137,0.027088528499007225,178,0.001808871515095234,0.0019211441976949573,3.1217496395111084,12.587,28.08,79,GUIDED,True,ACTIVE,10,6
2026-09-29T18:30:11.099362,-35.3629928,149.165458,30.029,0.01,-0.02,0.0,0.026954498142004013,0.026963073760271072,178,0.0019198007648810744,0.0019714355003088713,3.121652841567993,12.587,28.08,79,GUIDED,True,ACTIVE,10,6
2026-09-29T18:30:11.600034,-35.3629928,149.165458,30.029,0.01,-0.02,0.0,0.027446473017334938,0.027446767315268517,178,0.00210019969381392,0.0020086891017854214,3.1215431690216064,12.587,28.08,79,GUIDED,True,ACTIVE,10,6
2026-09-29T18:30:12.100734,-35.3629928,149.165458,30.03,0.01,-0.02,0.0,0.02854415774345398,0.028545061126351357,178,0.0022169407457113266,0.002012724056839943,3.1217031478881836,12.587,28.08,79,GUIDED,True,ACTIVE,10,6
2026-09-29T18:30:12.601345,-35.3629928,149.165458,30.03,0.01,-0.02,0.0,0.029287492856383324,0.029292965307831764,178,0.0020092371851205826,0.0019284117734059691,3.121569871902466,12.587,28.08,79,GUIDED,True,ACTIVE,10,6
2026-09-29T18:30:13.102065,-35.3629928,149.165458,30.03,0.01,-0.02,0.0,0.029473330825567245,0.02948419377207756,178,0.002007962204515934,0.0020782097708433867,3.1217808723449707,12.587,28.08,79,GUIDED,True,ACTIVE,10,6
2026-09-29T18:30:13.602865,-35.3629928,149.165458,30.031,0.01,-0.02,0.0,0.02940148115158081,0.029422789812088013,178,0.0018135058926418424,0.002002584282308817,3.121731758117676,12.587,28.08,78,GUIDED,True,ACTIVE,10,6
2026-09-29T18:30:14.103279,-35.3629928,149.165458,30.03,0.01,-0.02,0.0,0.029273726046085358,0.029300624504685402,178,0.0019010098185390234,0.002029096707701683,3.121752977371216,12.587,28.08,78,GUIDED,True,ACTIVE,10,6
2026-09-29T18:30:14.603841,-35.3629928,149.165458,30.03,0.01,-0.02,0.0,0.029124705120921135,0.029128555208444595,178,0.001842284807935357,0.0019713493529707193,3.1216626167297363,12.587,28.08,78,GUIDED,True,ACTIVE,10,6
2026-09-29T18:30:15.104648,-35.3629928,149.165458,30.03,0.01,-0.02,0.0,0.02895987406373024,0.02896188572049141,178,0.0019152238965034485,0.0019748692866414785,3.1215903759002686,12.587,28.08,78,GUIDED,True,ACTIVE,10,6
2026-09-29T18:30:15.605381,-35.3629928,149.165458,30.029,0.01,-0.02,0.0,0.02862226590514183,0.028623146936297417,178,0.0017917129443958402,0.0019435472786426544,3.1218185424804688,12.587,28.08,78,GUIDED,True,ACTIVE,10,6
2026-09-29T18:30:16.106054,-35.3629928,149.165458,30.029,0.01,-0.02,0.0,0.02820475399494171,0.028205422684550285,178,0.0019094556337222457,0.0016061776550486684,3.121790885925293,12.587,28.08,78,GUIDED,True,ACTIVE,10,6
2026-09-29T18:30:16.606639,-35.3629928,149.165458,30.029,0.01,-0.02,0.0,0.027192413806915283,0.0271937046200037,178,0.0019192467443645,0.0014632452512159944,3.121690511703491,12.587,28.08,78,GUIDED,True,ACTIVE,10,6
2026-09-29T18:30:17.107401,-35.3629928,149.165458,30.029,0.01,-0.02,0.0,0.02670605294406414,0.026708215475082397,178,0.002055528573691845,0.0014322670176625252,3.1216177940368652,12.587,28.08,78,GUIDED,True,ACTIVE,10,6
2026-09-29T18:30:17.608016,-35.3629928,149.165458,30.029,0.01,-0.02,0.0,0.02630138397216797,0.02630394697189331,178,0.0018970001256093383,0.0016673917416483164,3.1215672492980957,12.587,28.08,77,GUIDED,True,ACTIVE,10,6
2026-09-29T18:30:18.108635,-35.3629928,149.165458,30.029,0.01,-0.02,0.0,0.026132239028811455,0.02613661251962185,178,0.0015701886732131243,0.0018264208920300007,3.1216869354248047,12.587,28.08,77,GUIDED,True,ACTIVE,10,6
2026-09-29T18:30:18.609047,-35.3629928,149.165458,30.029,0.01,-0.02,0.0,0.025134418159723282,0.02514123171567917,178,0.0014206470223143697,0.0018783928826451302,3.1217408180236816,12.587,28.08,77,GUIDED,True,ACTIVE,10,6
2026-09-29T18:30:19.109682,-35.3629928,149.165458,30.029,0.01,-0.01,0.0,0.024216914549469948,0.024217091500759125,178,0.0015266345581039786,0.0018915468826889992,3.1217188835144043,12.587,28.08,77,GUIDED,True,ACTIVE,10,6
2026-09-29T18:30:19.610253,-35.3629928,149.165458,30.03,0.01,-0.01,0.0,0.023973247036337852,0.02397383749485016,178,0.0016486950917169452,0.0020733827259391546,3.121609687805176,12.587,28.08,77,GUIDED,True,ACTIVE,10,6
2026-09-29T18:30:20.110832,-35.3629928,149.165458,30.03,0.01,-0.01,0.0,0.02494061179459095,0.024947315454483032,178,0.0016895042499527335,0.0023177945986390114,3.1217637062072754,12.587,28.08,77,GUIDED,True,ACTIVE,10,6
2026-09-29T18:30:20.611399,-35.3629928,149.165458,30.03,0.01,-0.01,0.0,0.02608581818640232,0.026106199249625206,178,0.0017348011024296284,0.002288510324433446,3.1217494010925293,12.587,28.08,77,GUIDED,True,ACTIVE,10,6
2026-09-29T18:30:21.111827,-35.3629928,149.165458,30.03,0.01,-0.01,0.0,0.02672639675438404,0.026760948821902275,178,0.001776997814886272,0.002171587198972702,3.121486186981201,12.587,28.08,77,GUIDED,True,ACTIVE,10,6
2026-09-29T18:30:21.612466,-35.3629928,149.165458,30.03,0.01,-0.01,0.0,0.026998108252882957,0.02700822800397873,178,0.001788514549843967,0.0019803575705736876,3.121758222579956,12.587,28.08,77,GUIDED,True,ACTIVE,10,6
2026-09-29T18:30:22.112894,-35.3629928,149.165458,30.03,0.01,-0.01,0.0,0.026964886114001274,0.02696552500128746,178,0.0018481247825548053,0.0020094704814255238,3.1217000484466553,12.587,28.08,76,GUIDED,True,ACTIVE,10,6
2026-09-29T18:30:22.613752,-35.3629928,149.165458,30.029,0.01,-0.01,0.0,0.026959899812936783,0.02696019783616066,178,0.0017726998776197433,0.0019855783320963383,3.1216578483581543,12.587,28.08,76,GUIDED,True,ACTIVE,10,6
2026-09-29T18:30:23.114582,-35.3629928,149.165458,30.029,0.01,-0.02,0.0,0.027037009596824646,0.027037035673856735,178,0.0019361820304766297,0.0019479620968922973,3.121591329574585,12.587,28.08,76,GUIDED,True,ACTIVE,10,6
2026-09-29T18:30:23.614860,-35.3629928,149.165458,30.029,0.01,-0.02,0.0,0.026959560811519623,0.026961136609315872,178,0.0017764091026037931,0.0019578267820179462,3.1217827796936035,12.587,28.08,76,GUIDED,True,ACTIVE,10,6
2026-09-29T18:30:24.115528,-35.3629928,149.165458,30.029,0.01,-0.02,0.0,0.026891784742474556,0.02689356915652752,178,0.0019148184219375253,0.0020790465641766787,3.1218652725219727,12.587,28.08,76,GUIDED,True,ACTIVE,10,6
2026-09-29T18:30:24.616384,-35.3629928,149.165458,30.029,0.01,-0.02,0.0,0.027422962710261345,0.02742602676153183,178,0.0023395647294819355,0.0011132302461192012,3.121640920639038,12.587,28.08,76,RTL,True,ACTIVE,10,6
2026-09-29T18:30:25.117178,-35.3629928,149.165458,30.024,0.0,-0.02,0.01,0.027332041412591934,0.03180435299873352,178,0.00262005184777081,0.000685063365381211,3.1215062141418457,12.587,28.08,76,RTL,True,ACTIVE,10,6
2026-09-29T18:30:25.618146,-35.3629928,149.165458,30.018,-0.01,-0.04,0.0,0.04738987982273102,0.04751410707831383,178,0.016076190397143364,-0.014899213798344135,3.121586561203003,12.587,28.25,76,RTL,True,ACTIVE,10,6
2026-09-29T18:30:26.118827,-35.3629933,149.1654576,30.018,-0.21,-0.17,0.0,0.2781849801540375,0.27818527817726135,178,0.045836906880140305,-0.06221780180931091,3.1204898357391357,12.587,28.16,75,RTL,True,ACTIVE,10,6
2026-09-29T18:30:26.619700,-35.3629951,149.1654561,30.018,-0.57,-0.41,0.0,0.7153525948524475,0.7153552770614624,178,0.07439534366130829,-0.10188756883144379,3.117835521697998,12.587,28.25,75,RTL,True,ACTIVE,10,6
2026-09-29T18:30:27.120709,-35.3629988,149.1654531,30.018,-1.09,-0.76,0.0,1.3397682905197144,1.3397685289382935,178,0.10708923637866974,-0.1474890410900116,3.112776517868042,12.587,28.49,75,RTL,True,ACTIVE,10,6
2026-09-29T18:30:27.621374,-35.3630053,149.1654478,30.018,-1.78,-1.22,0.0,2.1604413986206055,2.1604416370391846,177,0.1456347554922104,-0.20030508935451508,3.1056857109069824,12.587,28.83,75,RTL,True,ACTIVE,10,6
2026-09-29T18:30:28.121997,-35.3630153,149.1654398,30.019,-2.62,-1.79,0.0,3.1794471740722656,3.1794474124908447,177,0.18443945050239563,-0.25220808386802673,3.0971479415893555,12.587,29.41,75,RTL,True,ACTIVE,10,6
2026-09-29T18:30:28.622424,-35.3630291,149.1654285,30.02,-3.46,-2.36,0.0,4.1956048011779785,4.195606708526611,177,0.1886754333972931,-0.25985974073410034,3.0960326194763184,12.587,29.41,75,RTL,True,ACTIVE,10,6
2026-09-29T18:30:29.123177,-35.3630463,149.1654144,30.021,-4.12,-2.81,0.0,4.994231700897217,4.994232177734375,177,0.18358708918094635,-0.25747883319854736,3.0963146686553955,12.587,29.24,75,RTL,True,ACTIVE,10,6
2026-09-29T18:30:29.623827,-35.3630662,149.1653981,30.021,-4.62,-3.15,0.0,5.602199077606201,5.602199077606201,177,0.17722712457180023,-0.25381091237068176,3.0968735218048096,12.587,29.16,75,RTL,True,ACTIVE,10,6
2026-09-29T18:30:30.124022,-35.3630881,149.1653801,30.021,-4.98,-3.39,0.0,6.032947540283203,6.032947540283203,177,0.16625149548053741,-0.2449088841676712,3.098917007446289,12.587,28.99,74,RTL,True,ACTIVE,10,6
2026-09-29T18:30:30.624892,-35.3631111,149.1653611,30.021,-5.19,-3.51,0.0,6.2710957527160645,6.2710957527160645,177,0.14883701503276825,-0.2264452427625656,3.102412462234497,12.587,28.74,74,RTL,True,ACTIVE,10,6
2026-09-29T18:30:31.125469,-35.3631347,149.1653417,30.02,-5.25,-3.54,0.0,6.343137741088867,6.343137741088867,177,0.1398804783821106,-0.2167138308286667,3.1039164066314697,12.587,28.58,74,RTL,True,ACTIVE,10,6
2026-09-29T18:30:31.626442,-35.3631584,149.1653222,30.02,-5.23,-3.52,0.0,6.312962532043457,6.312963008880615,178,0.11663752794265747,-0.18624620139598846,3.1076154708862305,12.587,28.41,74,RTL,True,ACTIVE,10,6
2026-09-29T18:30:32.127360,-35.3631816,149.1653032,30.02,-5.03,-3.36,0.0,6.054315567016602,6.05431604385376,178,0.08233921229839325,-0.13821612298488617,3.1124484539031982,12.587,28.16,74,RTL,True,ACTIVE,10,6
2026-09-29T18:30:32.628424,-35.3632034,149.1652854,30.019,-4.62,-3.08,0.0,5.5549726486206055,5.554973602294922,178,0.03895154967904091,-0.07460946589708328,3.1164298057556152,12.587,28.08,74,RTL,True,ACTIVE,10,6
2026-09-29T18:30:33.129108,-35.3632229,149.1652696,30.016,-3.99,-2.65,0.0,4.801150798797607,4.801156520843506,178,-0.011116616427898407,0.0007324275793507695,3.117523193359375,12.587,28.08,74,RTL,True,ACTIVE,10,6
2026-09-29T18:30:33.630209,-35.3632391,149.1652564,30.013,-3.15,-2.08,0.0,3.7812139987945557,3.7812180519104004,178,-0.06634336709976196,0.08504865318536758,3.1142518520355225,12.587,28.33,74,RTL,True,ACTIVE,10,6
2026-09-29T18:30:34.130834,-35.3632512,149.1652466,30.013,-2.17,-1.42,0.0,2.601968765258789,2.6019701957702637,178,-0.08881313353776932,0.12262924015522003,3.111346960067749,12.587,28.49,74,RTL,True,ACTIVE,10,6
2026-09-29T18:30:34.631287,-35.3632591,149.1652403,30.017,-1.33,-0.87,0.0,1.5923601388931274,1.592370867729187,178,-0.07917186617851257,0.11372160911560059,3.11194109916687,12.587,28.41,73,RTL,True,ACTIVE,10,6
2026-09-29T18:30:35.131866,-35.3632636,149.1652367,30.019,-0.67,-0.44,0.0,0.8096605539321899,0.8096646666526794,178,-0.06573282182216644,0.09650642424821854,3.1129720211029053,12.587,28.25,73,RTL,True,ACTIVE,10,6
2026-09-29T18:30:35.632370,-35.3632656,149.1652351,30.02,-0.21,-0.14,0.0,0.25628024339675903,0.25628161430358887,178,-0.04546218365430832,0.06848382949829102,3.1147727966308594,12.587,28.16,73,RTL,True,ACTIVE,10,6
2026-09-29T18:30:36.133078,-35.3632659,149.1652349,30.018,0.04,0.02,0.0,0.046987853944301605,0.04706839472055435,178,-0.018979735672473907,0.03160665184259415,3.116260290145874,12.587,28.08,73,RTL,True,ACTIVE,10,6
2026-09-29T18:30:36.633925,-35.3632656,149.165235,30.017,0.09,0.05,0.0,0.10832888633012772,0.10835973918437958,178,-0.00053738325368613,0.004890058655291796,3.116326332092285,12.587,28.08,73,RTL,True,ACTIVE,10,6
2026-09-29T18:30:37.134707,-35.3632652,149.1652354,30.016,0.1,0.05,0.0,0.11804436892271042,0.11804843693971634,178,-0.0009795912774279714,0.0055574956350028515,3.116079092025757,12.587,28.08,73,RTL,True,ACTIVE,10,6
2026-09-29T18:30:37.635366,-35.3632647,149.1652359,30.015,0.11,0.05,0.0,0.12441977113485336,0.12441978603601456,178,0.0007684766314923763,0.004091151058673859,3.1160342693328857,12.587,28.08,73,RTL,True,ACTIVE,10,6
2026-09-29T18:30:38.135950,-35.3632642,149.1652363,30.016,0.1,0.04,0.0,0.1184912919998169,0.1184915080666542,178,0.002821519738063216,0.0022534476593136787,3.1160876750946045,12.587,28.08,73,RTL,True,ACTIVE,10,6
2026-09-29T18:30:38.636733,-35.3632638,149.1652367,30.016,0.09,0.03,0.0,0.10296265035867691,0.1029626652598381,178,0.0038261841982603073,0.0002897049707826227,3.116130828857422,12.587,28.08,72,RTL,True,ACTIVE,10,6
2026-09-29T18:30:39.137120,-35.3632634,149.165237,30.016,0.08,0.01,0.0,0.08241193741559982,0.08241216838359833,178,0.004602189641445875,-0.00015336478827521205,3.115934133529663,12.587,28.08,72,RTL,True,ACTIVE,10,6
2026-09-29T18:30:39.637960,-35.3632632,149.1652372,30.016,0.06,0.0,0.0,0.06429436802864075,0.06429450213909149,178,0.004579044878482819,-0.0003003674792125821,3.1158499717712402,12.587,28.08,72,RTL,True,ACTIVE,10,6
2026-09-29T18:30:40.138942,-35.363263,149.1652374,30.016,0.04,0.0,0.0,0.05082416534423828,0.05082422122359276,178,0.004529866389930248,0.00042668997775763273,3.11594820022583,12.587,28.08,72,RTL,True,ACTIVE,10,6
2026-09-29T18:30:40.641436,-35.3632628,149.1652375,30.016,0.04,-0.01,0.0,0.04454208165407181,0.0445421040058136,178,0.0039072660729289055,0.0008272440754808486,3.11606764793396,12.587,28.08,72,RTL,True,ACTIVE,10,6
2026-09-29T18:30:41.141986,-35.3632627,149.1652376,30.015,0.03,-0.02,0.0,0.041776929050683975,0.04178228601813316,178,0.0034171026200056076,0.0013243958819657564,3.1160836219787598,12.587,28.08,72,RTL,True,ACTIVE,10,6
2026-09-29T18:30:41.642649,-35.3632627,149.1652376,30.007,0.03,-0.02,0.1,0.0404466912150383,0.10804422199726105,178,0.0025809723883867264,0.0019444491481408477,3.116075038909912,12.587,26.25,72,RTL,True,ACTIVE,10,6
2026-09-29T18:30:42.143039,-35.3632627,149.1652377,29.832,0.02,-0.02,0.61,0.03825610131025314,0.6206331849098206,178,0.0022576150950044394,0.002541488269343972,3.1160595417022705,12.587,24.51,72,RTL,True,ACTIVE,10,6
2026-09-29T18:30:42.643690,-35.3632626,149.1652377,29.382,0.02,-0.02,1.17,0.03728601336479187,1.173824429512024,178,0.002046116627752781,0.0030364871490746737,3.116058111190796,12.587,24.17,72,RTL,True,ACTIVE,10,6
2026-09-29T18:30:43.144279,-35.3632626,149.1652377,28.676,0.02,-0.02,1.54,0.03796982392668724,1.5411429405212402,178,0.001888464787043631,0.003023333614692092,3.1161439418792725,12.587,25.92,71,RTL,True,ACTIVE,10,6
2026-09-29T18:30:43.644821,-35.3632626,149.1652377,27.886,0.03,-0.02,1.53,0.03784721717238426,1.5385724306106567,178,0.0016714590601623058,0.0021943156607449055,3.116180896759033,12.587,27.17,71,RTL,True,ACTIVE,10,6
2026-09-29T18:30:44.145509,-35.3632625,149.1652377,27.111,0.02,-0.02,1.47,0.03548584505915642,1.477765679359436,178,0.001696447841823101,0.0014575694222003222,3.1161601543426514,12.587,27.25,71,RTL,True,ACTIVE,10,6
2026-09-29T18:30:44.645942,-35.3632625,149.1652377,26.357,0.02,-0.01,1.44,0.03211667761206627,1.4499377012252808,178,0.0018120277673006058,0.0017854860052466393,3.116137742996216,12.587,27.0,71,RTL,True,ACTIVE,10,6
2026-09-29T18:30:45.146200,-35.3632625,149.1652377,25.61,0.02,-0.01,1.44,0.02994302473962307,1.4462898969650269,178,0.0017853131284937263,0.0018854914233088493,3.116004228591919,12.587,26.92,71,RTL,True,ACTIVE,10,6
2026-09-29T18:30:45.646897,-35.3632625,149.1652377,24.863,0.02,-0.01,1.44,0.028798604384064674,1.4489542245864868,178,0.001814473420381546,0.002254293067380786,3.116093397140503,12.587,27.0,71,RTL,True,ACTIVE,10,6
2026-09-29T18:30:46.147541,-35.3632624,149.1652377,24.114,0.02,-0.01,1.44,0.02843458205461502,1.4501084089279175,178,0.0018235690658912063,0.001749032293446362,3.1163785457611084,12.587,27.0,71,RTL,True,ACTIVE,10,6
2026-09-29T18:30:46.647837,-35.3632624,149.1652377,23.369,0.01,-0.01,1.45,0.027113590389490128,1.4533342123031616,178,0.0017048359150066972,0.0018643378280103207,3.116361618041992,12.587,26.92,71,RTL,True,ACTIVE,10,6
2026-09-29T18:30:47.148410,-35.3632624,149.1652377,22.624,0.01,-0.01,1.45,0.027693549171090126,1.458060383796692,178,0.0022847531363368034,0.0019269970944151282,3.116212844848633,12.587,26.92,71,RTL,True,ACTIVE,10,6
2026-09-29T18:30:47.649096,-35.3632624,149.1652377,21.879,0.01,-0.02,1.46,0.027241196483373642,1.462380290031433,178,0.0015732282772660255,0.0018250367138534784,3.1159722805023193,12.587,26.92,70,RTL,True,ACTIVE,10,6
2026-09-29T18:30:48.149561,-35.3632624,149.1652377,21.129,0.01,-0.01,1.46,0.026212401688098907,1.465029239654541,178,0.0017138923285529017,0.001964025665074587,3.1160945892333984,12.587,26.92,70,RTL,True,ACTIVE,10,6
2026-09-29T18:30:48.650434,-35.3632624,149.1652377,20.379,0.01,-0.01,1.46,0.02571890689432621,1.4660274982452393,178,0.0018689961871132255,0.00231952010653913,3.1162242889404297,12.587,26.92,70,RTL,True,ACTIVE,10,6
2026-09-29T18:30:49.151052,-35.3632624,149.1652377,19.628,0.01,-0.01,1.46,0.02681919001042843,1.4656097888946533,178,0.0019996550399810076,0.0020446297712624073,3.1161749362945557,12.587,27.0,70,RTL,True,ACTIVE,10,6
2026-09-29T18:30:49.651769,-35.3632624,149.1652377,18.876,0.01,-0.02,1.46,0.027053289115428925,1.4633708000183105,178,0.0016935908934101462,0.0019269579788669944,3.1160781383514404,12.587,26.92,70,RTL,True,ACTIVE,10,6
2026-09-29T18:30:50.152572,-35.3632624,149.1652377,18.126,0.01,-0.01,1.46,0.026924826204776764,1.4627984762191772,178,0.0016456469893455505,0.0019975865725427866,3.1163032054901123,12.587,27.0,70,RTL,True,ACTIVE,10,6
2026-09-29T18:30:50.653182,-35.3632624,149.1652377,17.377,0.01,-0.01,1.46,0.02630148082971573,1.462552785873413,178,0.001738017424941063,0.0019237040542066097,3.1161041259765625,12.587,27.0,70,RTL,True,ACTIVE,10,6
2026-09-29T18:30:51.153829,-35.3632624,149.1652377,16.628,0.01,-0.01,1.46,0.025818046182394028,1.4633339643478394,178,0.0016499742632731795,0.0018653636798262596,3.1161253452301025,12.587,27.0,70,RTL,True,ACTIVE,10,6
2026-09-29T18:30:51.654912,-35.3632624,149.1652377,15.881,0.01,-0.01,1.46,0.026181332767009735,1.4646273851394653,178,0.0019867317751049995,0.002204644028097391,3.116166114807129,12.587,26.92,69,RTL,True,ACTIVE,10,6
2026-09-29T18:30:52.156061,-35.3632624,149.1652377,15.135,0.01,-0.01,1.46,0.02696034498512745,1.468227744102478,178,0.0015494273975491524,0.0022166313137859106,3.116023302078247,12.587,26.92,69,RTL,True,ACTIVE,10,6
2026-09-29T18:30:52.656935,-35.3632624,149.1652377,14.387,0.01,-0.01,1.47,0.027216162532567978,1.4704792499542236,178,0.0017015975899994373,0.0019057468743994832,3.1163246631622314,12.587,26.92,69,RTL,True,ACTIVE,10,6
2026-09-29T18:30:53.157430,-35.3632624,149.1652377,13.641,0.01,-0.01,1.47,0.026467256247997284,1.475266695022583,178,0.0018543730257079005,0.001082667033188045,3.1160526275634766,12.587,26.92,69,RTL,True,ACTIVE,10,6
2026-09-29T18:30:53.658032,-35.3632623,149.1652377,12.893,0.01,-0.01,1.47,0.02430615946650505,1.4782531261444092,178,0.0018028768245130777,0.0008651372045278549,3.115964651107788,12.587,26.92,69,RTL,True,ACTIVE,10,6
2026-09-29T18:30:54.158489,-35.3632623,149.1652377,12.145,0.01,-0.01,1.47,0.022749897092580795,1.4799124002456665,178,0.001939441659487784,0.000898808881174773,3.1161394119262695,12.587,26.92,69,RTL,True,ACTIVE,10,6
2026-09-29T18:30:54.658824,-35.3632623,149.1652377,11.394,0.0,-0.02,1.45,0.022078201174736023,1.4559171199798584,178,0.0018413321813568473,0.0012741140089929104,3.1160836219787598,12.587,27.41,69,RTL,True,ACTIVE,10,6
2026-09-29T18:30:55.159490,-35.3632623,149.1652377,10.744,0.0,-0.02,1.03,0.02280716970562935,1.0317418575286865,178,0.0017020036466419697,0.0014951167395338416,3.1160035133361816,12.587,30.32,69,RTL,True,ACTIVE,10,6
2026-09-29T18:30:55.659910,-35.3632623,149.1652377,10.363,0.01,-0.02,0.52,0.02342424914240837,0.5215675234794617,178,0.0016893320716917515,0.002208841498941183,3.1161282062530518,12.587,29.99,69,RTL,True,ACTIVE,10,6
2026-09-29T18:30:56.160156,-35.3632623,149.1652377,10.145,0.01,-0.02,0.42,0.02484837733209133,0.4226011335849762,178,0.0017525891307741404,0.0028406966011971235,3.1161515712738037,12.587,27.75,68,RTL,True,ACTIVE,10,6
2026-09-29T18:30:56.660832,-35.3632624,149.1652377,9.928,0.01,-0.02,0.47,0.027300352230668068,0.47899216413497925,178,0.001840615295805037,0.0029028821736574173,3.116116523742676,12.587,27.41,68,RTL,True,ACTIVE,10,6
2026-09-29T18:30:57.161074,-35.3632624,149.1652377,9.685,0.02,-0.02,0.51,0.029393820092082024,0.5189018845558167,178,0.0018211416900157928,0.0027020794805139303,3.1160080432891846,12.587,27.58,68,RTL,True,ACTIVE,10,6
2026-09-29T18:30:57.661694,-35.3632624,149.1652377,9.431,0.02,-0.02,0.52,0.029847491532564163,0.5260127782821655,178,0.001921971095725894,0.0023649383801966906,3.116154909133911,12.587,27.75,68,RTL,True,ACTIVE,10,6
2026-09-29T18:30:58.162130,-35.3632624,149.1652377,9.177,0.02,-0.01,0.52,0.029881851747632027,0.5224493145942688,178,0.0014497947413474321,0.0025440433528274298,3.11645245552063,12.587,27.75,68,RTL,True,ACTIVE,10,6
2026-09-29T18:30:58.662827,-35.3632624,149.1652377,8.923,0.02,-0.01,0.51,0.030443577095866203,0.5174318552017212,178,0.001922870404087007,0.0021648784168064594,3.116119861602783,12.587,27.75,68,RTL,True,ACTIVE,10,6
2026-09-29T18:30:59.163444,-35.3632624,149.1652377,8.67,0.02,-0.01,0.51,0.030070213600993156,0.5138453245162964,178,0.0017477523069828749,0.001802997081540525,3.115738868713379,12.587,27.75,68,RTL,True,ACTIVE,10,6
2026-09-29T18:30:59.664168,-35.3632624,149.1652377,8.418,0.02,-0.02,0.51,0.028979748487472534,0.5111867189407349,178,0.0020512002520263195,0.0013975790934637189,3.1157584190368652,12.587,27.75,68,RTL,True,ACTIVE,10,6
2026-09-29T18:31:00.164915,-35.3632624,149.1652377,8.167,0.01,-0.01,0.5,0.025504687801003456,0.5089754462242126,178,0.0015536040300503373,0.0012793706264346838,3.115882396697998,12.587,27.75,68,RTL,True,ACTIVE,10,6
2026-09-29T18:31:00.665826,-35.3632624,149.1652377,7.915,0.01,-0.02,0.5,0.02621479332447052,0.5077651739120483,178,0.0019769060891121626,0.001971377059817314,3.116022825241089,12.587,27.75,67,RTL,True,ACTIVE,10,6
2026-09-29T18:31:01.166470,-35.3632624,149.1652377,7.663,0.01,-0.02,0.5,0.026798374950885773,0.5061390399932861,178,0.0016882086638361216,0.0016872541746124625,3.116018772125244,12.587,27.75,67,RTL,True,ACTIVE,10,6
2026-09-29T18:31:01.666847,-35.3632624,149.1652377,7.41,0.01,-0.02,0.5,0.026000937446951866,0.5044332146644592,178,0.002016051672399044,0.0012962027685716748,3.115935802459717,12.587,27.75,67,RTL,True,ACTIVE,10,6
2026-09-29T18:31:02.167655,-35.3632623,149.1652377,7.159,0.01,-0.02,0.5,0.02464873343706131,0.5023722052574158,178,0.0013741451548412442,0.0008973961230367422,3.1158688068389893,12.587,27.75,67,RTL,True,ACTIVE,10,6
2026-09-29T18:31:02.667979,-35.3632623,149.1652377,6.908,0.0,-0.01,0.5,0.02163040265440941,0.50103759765625,178,0.002333570271730423,0.0009024302707985044,3.1158223152160645,12.587,27.75,67,RTL,True,ACTIVE,10,6
2026-09-29T18:31:03.168754,-35.3632623,149.1652377,6.658,0.0,-0.02,0.49,0.02231544815003872,0.5003550052642822,178,0.0022649376187473536,0.0016391475219279528,3.116210699081421,12.587,27.75,67,RTL,True,ACTIVE,10,6
2026-09-29T18:31:03.669623,-35.3632623,149.1652377,6.406,0.0,-0.02,0.49,0.023966265842318535,0.49938544631004333,178,0.002188881393522024,0.0016865405486896634,3.116515874862671,12.587,27.75,67,RTL,True,ACTIVE,10,6
2026-09-29T18:31:04.170901,-35.3632623,149.1652377,6.155,0.0,-0.02,0.49,0.025134650990366936,0.49827808141708374,178,0.002159800613299012,0.002635576296597719,3.1164233684539795,12.587,27.75,67,RTL,True,ACTIVE,10,6
2026-09-29T18:31:04.672447,-35.3632623,149.1652377,5.904,0.01,-0.02,0.49,0.027111543342471123,0.49759113788604736,178,0.0016499911434948444,0.0029431204311549664,3.1161587238311768,12.587,27.75,66,RTL,True,ACTIVE,10,6
2026-09-29T18:31:05.173902,-35.3632623,149.1652377,5.653,0.01,-0.02,0.49,0.02906172350049019,0.4963489770889282,178,0.002369027119129896,0.0026329457759857178,3.1157965660095215,12.587,27.75,66,RTL,True,ACTIVE,10,6
2026-09-29T18:31:05.677332,-35.3632623,149.1652377,5.401,0.01,-0.02,0.49,0.03015155903995037,0.49532321095466614,178,0.0014205623883754015,0.002605186775326729,3.115756034851074,12.587,27.75,66,RTL,True,ACTIVE,10,6
2026-09-29T18:31:06.179955,-35.3632623,149.1652377,5.15,0.02,-0.02,0.49,0.030847838148474693,0.49349725246429443,178,0.0022110831923782825,0.0019489777041599154,3.1159398555755615,12.587,27.75,66,RTL,True,ACTIVE,10,6
2026-09-29T18:31:06.687890,-35.3632624,149.1652377,4.774,0.01,-0.02,0.49,0.02766423299908638,0.49210211634635925,178,0.0013717550318688154,0.0019347751513123512,3.116368293762207,12.587,27.75,66,RTL,True,ACTIVE,10,6
2026-09-29T18:31:07.191839,-35.3632624,149.1652377,4.524,0.01,-0.01,0.49,0.026878759264945984,0.491365522146225,178,0.00169462023768574,0.0016745440661907196,3.1163947582244873,12.587,27.75,66,RTL,True,ACTIVE,10,6
2026-09-29T18:31:07.693829,-35.3632624,149.1652377,4.274,0.01,-0.01,0.49,0.025577744469046593,0.49167415499687195,178,0.0017394872847944498,0.0018718602368608117,3.1159815788269043,12.587,27.75,66,RTL,True,ACTIVE,10,6
2026-09-29T18:31:08.194471,-35.3632624,149.1652377,4.023,0.01,-0.01,0.49,0.025720816105604172,0.49133041501045227,178,0.0019422920886427164,0.0019043838838115335,3.1161293983459473,12.587,27.75,66,RTL,True,ACTIVE,10,6
2026-09-29T18:31:08.695038,-35.3632624,149.1652377,3.773,0.01,-0.01,0.49,0.02547534555196762,0.4911331236362457,178,0.001677154446952045,0.002155008725821972,3.116373300552368,12.587,27.75,65,RTL,True,ACTIVE,10,6
2026-09-29T18:31:09.195821,-35.3632624,149.1652377,3.523,0.01,-0.01,0.49,0.026139987632632256,0.490708589553833,178,0.0019812723621726036,0.0020178942941129208,3.11612606048584,12.587,27.75,65,RTL,True,ACTIVE,10,6
2026-09-29T18:31:09.696336,-35.3632624,149.1652377,3.272,0.01,-0.01,0.48,0.026257000863552094,0.4901772439479828,178,0.0017314320430159569,0.0021260289940983057,3.1161611080169678,12.587,27.75,65,RTL,True,ACTIVE,10,6
2026-09-29T18:31:10.197608,-35.3632624,149.1652377,3.021,0.01,-0.01,0.48,0.0266265906393528,0.4888949990272522,178,0.0018070463556796312,0.0018318656366318464,3.1160213947296143,12.587,27.75,65,RTL,True,ACTIVE,10,6
2026-09-29T18:31:10.699538,-35.3632624,149.1652377,2.771,0.01,-0.01,0.48,0.02578875422477722,0.48856493830680847,178,0.0018445001915097237,0.0017705585341900587,3.116206407546997,12.587,27.75,65,RTL,True,ACTIVE,10,6
2026-09-29T18:31:11.200237,-35.3632624,149.1652377,2.52,0.01,-0.02,0.48,0.026089198887348175,0.4875752627849579,178,0.0019440149189904332,0.0018402037676423788,3.116175651550293,12.587,27.75,65,RTL,True,ACTIVE,10,6
2026-09-29T18:31:11.700834,-35.3632624,149.1652377,2.269,0.01,-0.02,0.48,0.0261763297021389,0.48737189173698425,178,0.0018873040098696947,0.001958973705768585,3.116133689880371,12.587,27.75,65,RTL,True,ACTIVE,10,6
2026-09-29T18:31:12.201483,-35.3632624,149.1652377,2.019,0.01,-0.02,0.48,0.02654801309108734,0.4872645437717438,178,0.0017933571944013238,0.00198878045193851,3.116191864013672,12.587,27.75,65,RTL,True,ACTIVE,10,6
2026-09-29T18:31:12.702033,-35.3632624,149.1652377,1.769,0.01,-0.01,0.48,0.02613529935479164,0.48732316493988037,178,0.0017034861957654357,0.0020833094604313374,3.1160051822662354,12.587,27.75,65,RTL,True,ACTIVE,10,6
2026-09-29T18:31:13.202552,-35.3632624,149.1652377,1.519,0.01,-0.02,0.48,0.026921767741441727,0.4866896867752075,178,0.0018577418522909284,0.0019595487974584103,3.116161346435547,12.587,27.75,64,RTL,True,ACTIVE,10,6
2026-09-29T18:31:13.702850,-35.3632624,149.1652377,1.27,0.01,-0.01,0.48,0.026374343782663345,0.487872838973999,178,0.0018175484146922827,0.001902593532577157,3.1162149906158447,12.587,27.75,64,RTL,True,ACTIVE,10,6
2026-09-29T18:31:14.203589,-35.3632624,149.1652377,1.02,0.01,-0.02,0.48,0.02645435743033886,0.48803502321243286,178,0.001735971192829311,0.0019558866042643785,3.1160173416137695,12.587,27.75,64,RTL,True,ACTIVE,10,6
2026-09-29T18:31:14.704253,-35.3632624,149.1652377,0.77,0.01,-0.02,0.48,0.026372050866484642,0.48801204562187195,178,0.0018190514529123902,0.0014343360671773553,3.116478204727173,12.587,27.75,64,LAND,True,ACTIVE,10,6
2026-09-29T18:31:15.204874,-35.3632623,149.1652377,0.519,0.01,-0.02,0.48,0.025087056681513786,0.4876921474933624,178,0.0016712506767362356,0.0008866308489814401,3.116056442260742,12.587,27.75,64,LAND,True,ACTIVE,10,6
2026-09-29T18:31:15.705650,-35.3632623,149.1652377,0.265,0.01,-0.01,0.54,0.022937633097171783,0.5409549474716187,178,0.0021067161578685045,0.001103948918171227,3.1162164211273193,12.587,26.33,64,LAND,True,ACTIVE,10,6
2026-09-29T18:31:16.206250,-35.3632623,149.1652377,0.083,0.02,-0.02,-0.19,0.03331220895051956,0.2005949467420578,178,0.001902744872495532,0.0019173223990947008,3.1162655353546143,12.587,0.16,64,LAND,True,ACTIVE,10,6
2026-09-29T18:31:16.706837,-35.3632623,149.1652377,0.081,0.02,-0.02,0.02,0.029970485717058182,0.03823399171233177,178,0.0018514532130211592,0.0019523281371220946,3.1162545680999756,12.587,0.24,64,LAND,True,ACTIVE,10,6
2026-09-29T18:31:17.208948,-35.3632623,149.1652377,0.072,0.02,-0.02,0.0,0.030140331014990807,0.03129497915506363,178,0.0018456203397363424,0.0019384504994377494,3.116250514984131,12.587,0.33,64,LAND,True,ACTIVE,10,6
2026-09-29T18:31:17.711089,-35.3632622,149.1652377,0.065,0.01,-0.02,0.0,0.029146943241357803,0.030060067772865295,178,0.0018298315117135644,0.0019246898591518402,3.116236686706543,12.587,0.0,64,LAND,True,STANDBY,10,6
2026-09-29T18:31:18.211745,-35.3632622,149.1652377,0.055,0.01,-0.02,0.0,0.028744498267769814,0.02970835566520691,178,0.0018074953695759177,0.0019087273394688964,3.1162872314453125,12.587,0.0,64,LAND,True,STANDBY,10,6
2026-09-29T18:31:18.712505,-35.3632622,149.1652377,0.04,0.01,-0.01,0.0,0.02728576399385929,0.028409449383616447,178,0.0017520766705274582,0.0018752949545159936,3.116406202316284,12.587,0.0,64,LAND,False,STANDBY,10,6
2026-09-29T18:31:19.213638,-35.3632622,149.1652377,0.028,0.01,-0.01,0.0,0.026176609098911285,0.027396785095334053,178,0.0016968250274658203,0.0018424891168251634,3.116529703140259,12.587,0.0,64,LAND,False,STANDBY,10,6
2026-09-29T18:31:19.716368,-35.3632622,149.1652377,0.02,0.01,-0.01,0.0,0.0240809116512537,0.02534780465066433,178,0.0016305394237861037,0.0017868166323751211,3.1166388988494873,12.587,0.0,64,LAND,False,STANDBY,10,6
2026-09-29T18:31:20.217060,-35.3632622,149.1652377,0.015,0.01,-0.01,0.0,0.022777408361434937,0.023957151919603348,178,0.0016095885075628757,0.0017705460777506232,3.1167795658111572,12.587,0.0,64,LAND,False,STANDBY,10,6
2026-09-29T18:31:20.717684,-35.3632622,149.1652377,0.01,0.01,-0.01,0.0,0.021075429394841194,0.02211696095764637,178,0.0015794927021488547,0.0017456106143072248,3.1169211864471436,12.587,0.0,64,LAND,False,STANDBY,10,6
2026-09-29T18:31:21.219466,-35.3632622,149.1652377,0.007,0.01,-0.01,0.0,0.020218314602971077,0.02103801816701889,178,0.001576908747665584,0.0017425467958673835,3.1170849800109863,12.587,0.0,64,LAND,False,STANDBY,10,6
2026-09-29T18:31:21.720824,-35.3632622,149.1652377,0.005,0.01,-0.01,0.0,0.019316749647259712,0.019958842545747757,178,0.0015637804754078388,0.0017429377185180783,3.117252826690674,12.587,0.0,64,LAND,False,STANDBY,10,6
2026-09-29T18:31:22.221574,-35.3632622,149.1652377,0.003,0.01,-0.01,0.0,0.019177909940481186,0.019666651263833046,178,0.0015686218393966556,0.0017538535175845027,3.11743426322937,12.587,0.0,64,LAND,False,STANDBY,10,6
2026-09-29T18:31:22.721833,-35.3632622,149.1652377,0.002,0.01,-0.01,0.0,0.019290084019303322,0.019614944234490395,178,0.0015838372055441141,0.0017694906564429402,3.117626905441284,12.587,0.0,64,LAND,False,STANDBY,10,6
2026-09-29T18:31:23.223496,-35.3632622,149.1652377,0.001,0.01,-0.01,0.0,0.019900010898709297,0.020102648064494133,178,0.0016190664609894156,0.0017967921448871493,3.117833137512207,12.587,0.0,64,LAND,False,STANDBY,10,6
2026-09-29T18:31:23.727216,-35.3632622,149.1652377,0.001,0.01,-0.01,0.0,0.0200511422008276,0.020168980583548546,178,0.0016397919971495867,0.001815979485400021,3.118034601211548,12.587,0.0,64,LAND,False,STANDBY,10,6
2026-09-29T18:31:24.227849,-35.3632622,149.1652377,0.001,0.01,-0.01,0.0,0.021078750491142273,0.02113349922001362,178,0.0016683477442711592,0.0018512166570872068,3.1182518005371094,12.587,0.0,64,LAND,False,STANDBY,10,6
2026-09-29T18:31:24.728992,-35.3632622,149.1652377,0.001,0.01,-0.01,0.0,0.021463822573423386,0.021484652534127235,178,0.0016940004425123334,0.0018751887837424874,3.118478775024414,12.587,0.0,64,LAND,False,STANDBY,10,6
2026-09-29T18:31:25.229920,-35.3632622,149.1652377,0.001,0.01,-0.01,0.0,0.022527111694216728,0.02253119647502899,178,0.0017211639788001776,0.001902009709738195,3.118706464767456,12.587,0.0,64,LAND,False,STANDBY,10,6
2026-09-29T18:31:25.730586,-35.3632622,149.1652377,0.001,0.01,-0.01,0.0,0.02314424328505993,0.02314486727118492,178,0.0017384133534505963,0.0019149010768160224,3.118936777114868,12.587,0.0,64,LAND,False,STANDBY,10,6
2026-09-29T18:31:26.231326,-35.3632622,149.1652377,0.002,0.01,-0.01,0.0,0.024170298129320145,0.024177785962820053,178,0.0017566323513165116,0.0019304213346913457,3.119170904159546,12.587,0.0,64,LAND,False,STANDBY,10,6
2026-09-29T18:31:26.732041,-35.3632622,149.1652377,0.002,0.01,-0.01,0.0,0.02444438263773918,0.02446318231523037,178,0.0017554626101627946,0.001930298749357462,3.119405508041382,12.587,0.0,64,LAND,False,STANDBY,10,6
2026-09-29T18:31:27.232662,-35.3632622,149.1652377,0.003,0.01,-0.01,0.0,0.025198817253112793,0.02523832768201828,178,0.0017744776559993625,0.001937001128681004,3.1196415424346924,12.587,0.0,64,LAND,False,STANDBY,10,6
2026-09-29T18:31:27.733391,-35.3632622,149.1652377,0.003,0.01,-0.01,0.0,0.025317776948213577,0.025375111028552055,178,0.001782126841135323,0.0019346971530467272,3.119887351989746,12.587,0.0,64,LAND,False,STANDBY,10,6
2026-09-29T18:31:28.234005,-35.3632622,149.1652377,0.004,0.01,-0.01,0.0,0.02585083805024624,0.025921473279595375,178,0.001796286553144455,0.0019417074508965015,3.120131731033325,12.587,0.0,64,LAND,False,STANDBY,10,6
2026-09-29T18:31:28.734691,-35.3632622,149.1652377,0.004,0.01,-0.01,0.0,0.025624645873904228,0.02571692131459713,178,0.0017949306638911366,0.0019409804372116923,3.1203861236572266,12.587,0.0,64,LAND,False,STANDBY,10,6
2026-09-29T18:31:29.235165,-35.3632622,149.1652377,0.005,0.01,-0.01,0.0,0.025945995002985,0.0260457880795002,178,0.001795756397768855,0.0019479815382510424,3.1206247806549072,12.587,0.0,64,LAND,False,STANDBY,10,6
2026-09-29T18:31:29.736078,-35.3632622,149.1652377,0.005,0.01,-0.01,0.0,0.02549012377858162,0.025604335591197014,178,0.001786341774277389,0.0019494082080200315,3.120866060256958,12.587,0.0,64,LAND,False,STANDBY,10,6
2026-09-29T18:31:30.236701,-35.3632622,149.1652377,0.005,0.01,-0.01,0.0,0.025852805003523827,0.025978846475481987,178,0.0017879800871014595,0.0019508622353896499,3.1211025714874268,12.587,0.0,64,LAND,False,STANDBY,10,6
2026-09-29T18:31:30.737377,-35.3632622,149.1652377,0.006,0.01,-0.01,0.0,0.025439321994781494,0.02557113766670227,178,0.0017773249419406056,0.001936524175107479,3.121338367462158,12.587,0.0,64,LAND,False,STANDBY,10,6
2026-09-29T18:31:31.237825,-35.3632622,149.1652377,0.006,0.01,-0.01,0.0,0.02571440488100052,0.025844737887382507,178,0.0017778726760298014,0.0019354043761268258,3.1215665340423584,12.587,0.0,64,LAND,False,STANDBY,10,6
2026-09-29T18:31:31.738470,-35.3632622,149.1652377,0.006,0.01,-0.01,0.0,0.025396237149834633,0.025536751374602318,178,0.0017723102355375886,0.0019264568109065294,3.1218059062957764,12.587,0.0,64,LAND,False,STANDBY,10,6
2026-09-29T18:31:32.238827,-35.3632622,149.1652377,0.007,0.01,-0.01,0.0,0.025539400056004524,0.025677209720015526,178,0.0017668866785243154,0.0019235690124332905,3.1220366954803467,12.587,0.0,64,LAND,False,STANDBY,10,6
2026-09-29T18:31:32.739457,-35.3632622,149.1652377,0.007,0.01,-0.01,0.0,0.024974174797534943,0.025116952136158943,178,0.0017646127380430698,0.001922143273986876,3.1222686767578125,12.587,0.0,64,LAND,False,STANDBY,10,6
2026-09-29T18:31:33.239978,-35.3632622,149.1652377,0.007,0.01,-0.01,0.0,0.025304172188043594,0.025449184700846672,178,0.001773836906068027,0.0019209369784221053,3.1224911212921143,12.587,0.0,64,LAND,False,STANDBY,10,6
2026-09-29T18:31:33.740828,-35.3632622,149.1652377,0.007,0.01,-0.01,0.0,0.02495056577026844,0.025096913799643517,178,0.0017615770921111107,0.0019079435151070356,3.1227145195007324,12.587,0.0,64,LAND,False,STANDBY,10,6
2026-09-29T18:31:34.242012,-35.3632622,149.1652377,0.007,0.01,-0.01,0.0,0.025264034047722816,0.02541055716574192,178,0.0017542653949931264,0.0019134886097162962,3.122941255569458,12.587,0.0,64,LAND,False,STANDBY,10,6
2026-09-29T18:31:34.745121,-35.3632622,149.1652377,0.008,0.01,-0.01,0.0,0.024616235867142677,0.02476593106985092,178,0.0017286695074290037,0.001901756040751934,3.1231608390808105,12.587,0.0,64,LAND,False,STANDBY,10,6
2026-09-29T18:31:35.245906,-35.3632622,149.1652377,0.008,0.01,-0.01,0.0,0.024644343182444572,0.02478450909256935,178,0.001728418399579823,0.0019085524836555123,3.1233720779418945,12.587,0.0,64,LAND,False,STANDBY,10,6
2026-09-29T18:31:35.746559,-35.3632622,149.1652377,0.008,0.01,-0.01,0.0,0.02419959008693695,0.02435586228966713,178,0.0017215418629348278,0.0019050949485972524,3.123582363128662,12.587,0.0,64,LAND,False,STANDBY,10,6
2026-09-29T18:31:36.246878,-35.3632622,149.1652377,0.008,0.01,-0.01,0.0,0.024416599422693253,0.024560295045375824,178,0.001722173998132348,0.0019058225443586707,3.1237926483154297,12.587,0.0,64,LAND,False,STANDBY,10,6
2026-09-29T18:31:36.747479,-35.3632622,149.1652377,0.008,0.01,-0.01,0.0,0.024133922532200813,0.024277392774820328,178,0.0017191222868859768,0.0019044845830649137,3.123997688293457,12.587,0.0,64,LAND,False,STANDBY,10,6
2026-09-29T18:31:37.247831,-35.3632622,149.1652377,0.008,0.01,-0.01,0.0,0.024386215955018997,0.024504413828253746,179,0.0017251911340281367,0.0019131215522065759,3.124202251434326,12.587,0.0,64,LAND,False,STANDBY,10,6
2026-09-29T18:31:37.748507,-35.3632622,149.1652377,0.008,0.01,-0.01,0.0,0.02407691441476345,0.024186665192246437,179,0.0017286916263401508,0.001915236935019493,3.1244044303894043,12.587,0.0,64,LAND,False,STANDBY,10,6
2026-09-29T18:31:38.248924,-35.3632622,149.1652377,0.008,0.01,-0.01,0.0,0.024427372962236404,0.024525802582502365,179,0.0017327697714790702,0.001915793982334435,3.1245994567871094,12.587,0.0,64,LAND,False,STANDBY,10,6
2026-09-29T18:31:38.749648,-35.3632622,149.1652377,0.008,0.01,-0.01,0.0,0.024117598310112953,0.024213865399360657,179,0.001725811860524118,0.0019123171223327518,3.1247823238372803,12.587,0.0,64,LAND,False,STANDBY,10,6
2026-09-29T18:31:39.250566,-35.3632622,149.1652377,0.008,0.01,-0.01,0.0,0.024529824033379555,0.024620050564408302,179,0.0017114926595240831,0.0019107696134597063,3.1249706745147705,12.587,0.0,64,LAND,False,STANDBY,10,6
2026-09-29T18:31:39.751169,-35.3632622,149.1652377,0.008,0.01,-0.01,0.0,0.023958776146173477,0.024058859795331955,179,0.0016995761543512344,0.0019152900204062462,3.1251635551452637,12.587,0.0,64,LAND,False,STANDBY,10,6
2026-09-29T18:31:40.251832,-35.3632622,149.1652377,0.008,0.01,-0.01,0.0,0.02426019310951233,0.02436044253408909,179,0.0017018914222717285,0.0019210410537198186,3.1253457069396973,12.587,0.0,64,LAND,False,STANDBY,10,6
2026-09-29T18:31:40.752236,-35.3632622,149.1652377,0.008,0.01,-0.01,0.0,0.023881005123257637,0.02396845445036888,179,0.0017014838522300124,0.0019169609295204282,3.1255316734313965,12.587,0.0,64,LAND,False,STANDBY,10,6
2026-09-29T18:31:41.252825,-35.3632622,149.1652377,0.007,0.01,-0.01,0.0,0.02420426532626152,0.02428588457405567,179,0.0017088253516703844,0.0019352766685187817,3.125709056854248,12.587,0.0,64,LAND,False,STANDBY,10,6
2026-09-29T18:31:41.753048,-35.3632622,149.1652377,0.007,0.01,-0.01,0.0,0.02410675212740898,0.024173129349946976,179,0.0017009028233587742,0.001933261868543923,3.125882625579834,12.587,0.0,64,LAND,False,STANDBY,10,6
2026-09-29T18:31:42.253884,-35.3632622,149.1652377,0.007,0.01,-0.01,0.0,0.02437710575759411,0.024447213858366013,179,0.001701482106000185,0.0019307149341329932,3.1260592937469482,12.587,0.0,64,LAND,False,STANDBY,10,6
2026-09-29T18:31:42.755600,-35.3632622,149.1652377,0.007,0.01,-0.01,0.0,0.024102285504341125,0.02417261153459549,179,0.001690789358690381,0.0019211434992030263,3.126229763031006,12.587,0.0,64,LAND,False,STANDBY,10,6
2026-09-29T18:31:43.255853,-35.3632622,149.1652377,0.007,0.01,-0.01,0.0,0.024440301582217216,0.024501416832208633,179,0.0017004978144541383,0.001913787447847426,3.126397132873535,12.587,0.0,64,LAND,False,STANDBY,10,6
2026-09-29T18:31:43.756184,-35.3632622,149.1652377,0.007,0.01,-0.01,0.0,0.02395717427134514,0.02401696890592575,179,0.0016876133158802986,0.0019047108944505453,3.1265554428100586,12.587,0.0,64,LAND,False,STANDBY,10,6
2026-09-29T18:31:44.256939,-35.3632622,149.1652377,0.007,0.01,-0.01,0.0,0.024060705676674843,0.024121718481183052,179,0.0016908305697143078,0.0019037722377106547,3.126715660095215,12.587,0.0,64,LAND,False,STANDBY,10,6
2026-09-29T18:31:44.757640,-35.3632622,149.1652377,0.007,0.01,-0.01,0.0,0.02376723289489746,0.023828886449337006,179,0.0016903345240280032,0.0019034540746361017,3.1268677711486816,12.587,0.0,64,LAND,False,STANDBY,10,6
2026-09-29T18:31:45.258329,-35.3632622,149.1652377,0.007,0.01,-0.01,0.0,0.024176903069019318,0.02422875165939331,179,0.0017017703503370285,0.0019112132722511888,3.1270253658294678,12.587,0.0,64,LAND,False,STANDBY,10,6
2026-09-29T18:31:45.758879,-35.3632622,149.1652377,0.007,0.01,-0.01,0.0,0.02391822263598442,0.02397984266281128,179,0.0017019620863720775,0.0019091108115389943,3.1271724700927734,12.587,0.0,64,LAND,False,STANDBY,10,6
2026-09-29T18:31:46.259708,-35.3632622,149.1652377,0.007,0.01,-0.01,0.0,0.02433031238615513,0.02438204176723957,179,0.0017068699235096574,0.001920886803418398,3.1273112297058105,12.587,0.0,64,LAND,False,STANDBY,10,6
2026-09-29T18:31:46.760612,-35.3632622,149.1652377,0.006,0.01,-0.01,0.0,0.02393953688442707,0.023984326049685478,179,0.0016897424357011914,0.001914691412821412,3.1274518966674805,12.587,0.0,64,LAND,False,STANDBY,10,6
2026-09-29T18:31:47.261474,-35.3632622,149.1652377,0.006,0.01,-0.01,0.0,0.024286974221467972,0.02433217316865921,179,0.0016829243395477533,0.0019051326671615243,3.1275885105133057,12.587,0.0,64,LAND,False,STANDBY,10,6
2026-09-29T18:31:47.762424,-35.3632622,149.1652377,0.006,0.01,-0.01,0.0,0.02384772151708603,0.023890217766165733,179,0.0016771433874964714,0.0018926499178633094,3.12773060798645,12.587,0.0,64,LAND,False,STANDBY,10,6
2026-09-29T18:31:48.262952,-35.3632622,149.1652377,0.006,0.01,-0.01,0.0,0.023965856060385704,0.024008553475141525,179,0.0016814067494124174,0.0018896663095802069,3.1278607845306396,12.587,0.0,64,LAND,False,STANDBY,10,6
2026-09-29T18:31:48.763308,-35.3632622,149.1652377,0.006,0.01,-0.01,0.0,0.023771366104483604,0.02381465956568718,179,0.0016835009446367621,0.0018787954468280077,3.127981424331665,12.587,0.0,64,LAND,False,STANDBY,10,6
2026-09-29T18:31:49.263824,-35.3632622,149.1652377,0.006,0.01,-0.01,0.0,0.023893697187304497,0.023930877447128296,179,0.0016986195696517825,0.0018813528586179018,3.1281118392944336,12.587,0.0,64,LAND,False,STANDBY,10,6
2026-09-29T18:31:49.764561,-35.3632622,149.1652377,0.006,0.01,-0.01,0.0,0.02370527759194374,0.02373913675546646,179,0.0017018652288243175,0.0018825629958882928,3.1282355785369873,12.587,0.0,64,LAND,False,STANDBY,10,6
2026-09-29T18:31:50.264940,-35.3632622,149.1652377,0.006,0.01,-0.01,0.0,0.024016231298446655,0.024054747074842453,179,0.0017107732128351927,0.0018908805213868618,3.1283555030822754,12.587,0.0,64,LAND,False,STANDBY,10,6
2026-09-29T18:31:50.765465,-35.3632622,149.1652377,0.006,0.01,-0.01,0.0,0.023794151842594147,0.02382819913327694,179,0.0017039566300809383,0.0018883537268266082,3.128467559814453,12.587,0.0,64,LAND,False,STANDBY,10,6
2026-09-29T18:31:51.266162,-35.3632622,149.1652377,0.006,0.01,-0.01,0.0,0.024181846529245377,0.024213727563619614,179,0.0016966896364465356,0.001889326493255794,3.128580331802368,12.587,0.0,64,LAND,False,STANDBY,10,6
2026-09-29T18:31:51.766814,-35.3632622,149.1652377,0.006,0.01,-0.01,0.0,0.023841481655836105,0.023860149085521698,179,0.001682516885921359,0.0018818335374817252,3.1286978721618652,12.587,0.0,64,LAND,False,STANDBY,10,6
2026-09-29T18:31:52.267464,-35.3632622,149.1652377,0.006,0.01,-0.01,0.0,0.024004165083169937,0.02402789518237114,179,0.0016935126623138785,0.0018917144043371081,3.128810405731201,12.587,0.0,64,LAND,False,STANDBY,10,6
2026-09-29T18:31:52.767828,-35.3632622,149.1652377,0.005,0.01,-0.01,0.0,0.023531585931777954,0.023553188890218735,179,0.0016883789794519544,0.0018771624891087413,3.128916025161743,12.587,0.0,64,LAND,False,STANDBY,10,6
2026-09-29T18:31:53.268505,-35.3632622,149.1652377,0.005,0.01,-0.01,0.0,0.02384207583963871,0.023859601467847824,179,0.0017023043474182487,0.0018841101555153728,3.1290183067321777,12.587,0.0,64,LAND,False,STANDBY,10,6
2026-09-29T18:31:53.769064,-35.3632622,149.1652377,0.005,0.01,-0.01,0.0,0.023589197546243668,0.023603787645697594,179,0.0016989742871373892,0.001877758651971817,3.1291260719299316,12.587,0.0,64,LAND,False,STANDBY,10,6
2026-09-29T18:31:54.269822,-35.3632622,149.1652377,0.005,0.01,-0.01,0.0,0.023943336680531502,0.023959532380104065,179,0.0017118769465014338,0.0018835096852853894,3.1292340755462646,12.587,0.0,64,LAND,False,STANDBY,10,6
2026-09-29T18:31:54.770507,-35.3632622,149.1652377,0.005,0.01,-0.01,0.0,0.02395503968000412,0.02397214248776436,179,0.0017058682860806584,0.001879884279333055,3.1293270587921143,12.587,0.0,64,LAND,False,STANDBY,10,6
2026-09-29T18:31:55.270830,-35.3632622,149.1652377,0.005,0.01,-0.01,0.0,0.024083660915493965,0.02409828081727028,179,0.00171140325255692,0.0018836555536836386,3.12941837310791,12.587,0.0,64,LAND,False,STANDBY,10,6
2026-09-29T18:31:55.771294,-35.3632622,149.1652377,0.005,0.01,-0.01,0.0,0.02370605245232582,0.023720432072877884,179,0.0016971087316051126,0.001879932708106935,3.1294994354248047,12.587,0.0,64,LAND,False,STANDBY,10,6
2026-09-29T18:31:56.271830,-35.3632622,149.1652377,0.005,0.01,-0.01,0.0,0.02404547482728958,0.024058872833848,179,0.0017006248235702515,0.0018913012463599443,3.1295888423919678,12.587,0.0,64,LAND,False,STANDBY,10,6
2026-09-29T18:31:56.772420,-35.3632622,149.1652377,0.005,0.01,-0.01,0.0,0.023795554414391518,0.023809771984815598,179,0.0016970119904726744,0.0018826078157871962,3.129676103591919,12.587,0.0,64,LAND,False,STANDBY,10,6
2026-09-29T18:31:57.272831,-35.3632622,149.1652377,0.005,0.01,-0.01,0.0,0.0241576936095953,0.024168221279978752,179,0.0017063079867511988,0.001893768785521388,3.1297595500946045,12.587,0.0,64,LAND,False,STANDBY,10,6
2026-09-29T18:31:57.773397,-35.3632622,149.1652377,0.005,0.01,-0.01,0.0,0.023917265236377716,0.023924684152007103,179,0.001695266691967845,0.0018992619588971138,3.1298420429229736,12.587,0.0,64,LAND,False,STANDBY,10,6
2026-09-29T18:31:58.273828,-35.3632622,149.1652377,0.005,0.01,-0.01,0.0,0.0242671649903059,0.024272914975881577,179,0.0017118367832154036,0.0018993646372109652,3.129922389984131,12.587,0.0,64,LAND,False,STANDBY,10,6
2026-09-29T18:31:58.774539,-35.3632622,149.1652377,0.004,0.01,-0.01,0.0,0.023878363892436028,0.02388523705303669,179,0.0017057241639122367,0.0018997455481439829,3.1299986839294434,12.587,0.0,64,LAND,False,STANDBY,10,6
2026-09-29T18:31:59.275242,-35.3632622,149.1652377,0.004,0.01,-0.01,0.0,0.024275943636894226,0.02428470179438591,179,0.0017123748548328876,0.0019040160113945603,3.1300735473632812,12.587,0.0,64,LAND,False,STANDBY,10,6
2026-09-29T18:31:59.775830,-35.3632622,149.1652377,0.004,0.01,-0.01,0.0,0.024059602990746498,0.024068031460046768,179,0.0017074978677555919,0.001891432679258287,3.130138874053955,12.587,0.0,64,LAND,False,STANDBY,10,6
2026-09-29T18:32:00.276184,-35.3632622,149.1652377,0.004,0.01,-0.01,0.0,0.024239473044872284,0.024246692657470703,179,0.0017009280854836106,0.0018855318194255233,3.130223274230957,12.587,0.0,64,LAND,False,STANDBY,10,6
2026-09-29T18:32:00.776834,-35.3632622,149.1652377,0.004,0.01,-0.01,0.0,0.023785123601555824,0.023794203996658325,179,0.0017045694403350353,0.001883641118183732,3.1302924156188965,12.587,0.0,64,LAND,False,STANDBY,10,6
2026-09-29T18:32:01.277401,-35.3632622,149.1652377,0.004,0.01,-0.01,0.0,0.024051448330283165,0.024061141535639763,179,0.0017059631645679474,0.0018912272062152624,3.1303529739379883,12.587,0.0,64,LAND,False,STANDBY,10,6
2026-09-29T18:32:01.777818,-35.3632622,149.1652377,0.004,0.01,-0.01,0.0,0.023772913962602615,0.02378184162080288,179,0.0017068295273929834,0.00188841437920928,3.1304280757904053,12.587,0.0,64,LAND,False,STANDBY,10,6
2026-09-29T18:32:02.278119,-35.3632622,149.1652377,0.004,0.01,-0.01,0.0,0.024124102666974068,0.024133574217557907,179,0.0017154350643977523,0.0018926055636256933,3.130495309829712,12.587,0.0,64,LAND,False,STANDBY,10,6
2026-09-29T18:32:02.778828,-35.3632622,149.1652377,0.004,0.01,-0.01,0.0,0.024000808596611023,0.02400798350572586,179,0.0017134753288701177,0.001888987491838634,3.13055157661438,12.587,0.0,64,LAND,False,STANDBY,10,6
2026-09-29T18:32:03.279430,-35.3632622,149.1652377,0.004,0.01,-0.01,0.0,0.024362783879041672,0.024370497092604637,179,0.0017095039365813136,0.0018788843881338835,3.13061261177063,12.587,0.0,64,LAND,False,STANDBY,10,6
2026-09-29T18:32:03.780254,-35.3632622,149.1652377,0.004,0.01,-0.01,0.0,0.02397664450109005,0.023982329294085503,179,0.0016804501647129655,0.001849868567660451,3.1306509971618652,12.587,0.0,64,LAND,False,STANDBY,10,6
2026-09-29T18:32:04.280831,-35.3632622,149.1652377,0.004,0.01,-0.01,0.0,0.024028368294239044,0.02403302490711212,179,0.001655160216614604,0.0018220008350908756,3.130685567855835,12.587,0.0,64,LAND,False,STANDBY,10,6
2026-09-29T18:32:04.781150,-35.3632622,149.1652377,0.004,0.01,-0.01,0.0,0.023163996636867523,0.023169267922639847,179,0.001624568598344922,0.0017851919401437044,3.1307079792022705,12.587,0.0,64,LAND,False,STANDBY,10,6
2026-09-29T18:32:05.281829,-35.3632622,149.1652377,0.004,0.01,-0.01,0.0,0.022664032876491547,0.022668033838272095,179,0.001598929986357689,0.0017592271324247122,3.1307201385498047,12.587,0.0,64,LAND,False,STANDBY,10,6
2026-09-29T18:32:05.782606,-35.3632622,149.1652377,0.004,0.01,-0.01,0.0,0.0216758381575346,0.02167849987745285,179,0.001556440838612616,0.0017180568538606167,3.130720615386963,12.587,0.0,64,LAND,False,STANDBY,10,6
2026-09-29T18:32:06.283424,-35.3632622,149.1652377,0.004,0.01,-0.01,0.0,0.021367494016885757,0.021368974819779396,179,0.0015294062905013561,0.001688568852841854,3.130720853805542,12.587,0.0,64,LAND,False,STANDBY,10,6
2026-09-29T18:32:06.783834,-35.3632622,149.1652377,0.004,0.01,-0.01,0.0,0.020214706659317017,0.02021641470491886,179,0.001475018449127674,0.001639768248423934,3.130709409713745,12.587,0.0,64,LAND,False,STANDBY,10,6
2026-09-29T18:32:07.284562,-35.3632622,149.1652377,0.004,0.01,-0.01,0.0,0.019802331924438477,0.019803982228040695,179,0.0014235888374969363,0.0016007060185074806,3.1306769847869873,12.587,0.0,64,LAND,False,STANDBY,10,6
2026-09-29T18:32:07.785349,-35.3632622,149.1652377,0.004,0.01,-0.01,0.0,0.018602285534143448,0.018603432923555374,179,0.0013747485354542732,0.0015528748044744134,3.1306371688842773,12.587,0.0,64,LAND,False,STANDBY,10,6
2026-09-29T18:32:08.286106,-35.3632622,149.1652377,0.004,0.01,-0.01,0.0,0.017799444496631622,0.01780202053487301,179,0.0013148272410035133,0.0015006469329819083,3.1305947303771973,12.587,0.0,64,LAND,False,STANDBY,10,6
2026-09-29T18:32:08.786854,-35.3632622,149.1652377,0.004,0.01,-0.01,0.0,0.016375277191400528,0.01637836918234825,179,0.0012576309964060783,0.0014477845979854465,3.1305367946624756,12.587,0.0,64,LAND,False,STANDBY,10,6
2026-09-29T18:32:09.287605,-35.3632622,149.1652377,0.004,0.01,-0.01,0.0,0.015445619821548462,0.015448570251464844,179,0.0012097416911274195,0.0014046637807041407,3.130462884902954,12.587,0.0,64,LAND,False,STANDBY,10,6
2026-09-29T18:32:09.788337,-35.3632622,149.1652377,0.004,0.0,-0.01,0.0,0.014253544621169567,0.01426142081618309,179,0.0011559081031009555,0.0013510319404304028,3.1303863525390625,12.587,0.0,64,LAND,False,STANDBY,10,6
2026-09-29T18:32:10.288834,-35.3632622,149.1652377,0.004,0.0,0.0,0.0,0.013231477700173855,0.013239366002380848,179,0.001110400422476232,0.001311453408561647,3.1303019523620605,12.587,0.0,64,LAND,False,STANDBY,10,6
2026-09-29T18:32:10.789339,-35.3632622,149.1652378,0.004,0.0,0.0,0.0,0.01207377202808857,0.012082300148904324,179,0.0010554828913882375,0.0012632592115551233,3.130216121673584,12.587,0.0,64,LAND,False,STANDBY,10,6
2026-09-29T18:32:11.289821,-35.3632622,149.1652378,0.004,0.0,0.0,0.0,0.010977763682603836,0.010983108542859554,179,0.0010021316120401025,0.0012178109027445316,3.1301205158233643,12.587,0.0,64,LAND,False,STANDBY,10,6
2026-09-29T18:32:11.790137,-35.3632622,149.1652378,0.004,0.0,0.0,0.0,0.009583729319274426,0.009592629969120026,179,0.0009431462967768312,0.0011610075598582625,3.130014657974243,12.587,0.0,64,LAND,False,STANDBY,10,6
2026-09-29T18:32:12.290826,-35.3632622,149.1652378,0.004,0.0,0.0,0.0,0.008402690291404724,0.008408579975366592,179,0.0008877647924236953,0.001103412825614214,3.1298916339874268,12.587,0.0,64,LAND,False,STANDBY,10,6
2026-09-29T18:32:12.791363,-35.3632622,149.1652378,0.003,0.0,0.0,0.0,0.007095925975590944,0.007100704126060009,179,0.0008333637961186469,0.00105752341914922,3.1297736167907715,12.587,0.0,64,LAND,False,STANDBY,10,6
2026-09-29T18:32:13.291850,-35.3632622,149.1652378,0.003,0.0,0.0,0.0,0.00613699434325099,0.006141684018075466,179,0.0007876483723521233,0.001014875597320497,3.1296396255493164,12.587,0.0,64,LAND,False,STANDBY,10,6
2026-09-29T18:32:13.792157,-35.3632622,149.1652378,0.003,0.0,0.0,0.0,0.004958548583090305,0.00495942635461688,179,0.0007389847305603325,0.0009642270160838962,3.1294920444488525,12.587,0.0,64,LAND,False,STANDBY,10,6
2026-09-29T18:32:14.292827,-35.3632622,149.1652378,0.003,0.0,0.0,0.0,0.004078339785337448,0.004085980821400881,179,0.0006990502588450909,0.0009282827959395945,3.1293551921844482,12.587,0.0,64,LAND,False,STANDBY,10,6
2026-09-29T18:32:14.793608,-35.3632622,149.1652378,0.003,0.0,0.0,0.0,0.0029654735699295998,0.0029790804255753756,179,0.0006599175976589322,0.0008857381180860102,3.1292011737823486,12.587,0.0,64,LAND,False,STANDBY,10,6
2026-09-29T18:32:15.294239,-35.3632622,149.1652378,0.003,0.0,0.0,0.0,0.002081329235807061,0.002101220190525055,179,0.0006219862261787057,0.0008438437362201512,3.1290488243103027,12.587,0.0,64,LAND,False,STANDBY,10,6
2026-09-29T18:32:15.794896,-35.3632622,149.1652378,0.003,0.0,0.0,0.0,0.0012188159162178636,0.0012429635971784592,179,0.0005828276625834405,0.0008064737776294351,3.128868818283081,12.587,0.0,64,LAND,False,STANDBY,10,6
2026-09-29T18:32:16.295616,-35.3632622,149.1652378,0.003,0.0,0.0,0.0,0.00037208315916359425,0.00047396685113199055,179,0.0005377650959417224,0.0007684678421355784,3.1286845207214355,12.587,0.0,64,LAND,False,STANDBY,10,6
2026-09-29T18:32:16.796295,-35.3632622,149.1652378,0.003,0.0,0.0,0.0,0.0005681259208358824,0.0006197579787112772,179,0.0005006612045690417,0.0007292636437341571,3.1285006999969482,12.587,0.0,64,LAND,False,STANDBY,10,6
2026-09-29T18:32:17.296825,-35.3632622,149.1652378,0.003,0.0,0.0,0.0,0.0013634017668664455,0.0014025610871613026,179,0.0004697609692811966,0.0006885204347781837,3.128309726715088,12.587,0.0,64,LAND,False,STANDBY,10,6
2026-09-29T18:32:17.797467,-35.3632622,149.1652379,0.003,0.0,0.0,0.0,0.0020537422969937325,0.0020844123791903257,179,0.0004393828858155757,0.0006507187499664724,3.1281161308288574,12.587,0.0,64,LAND,False,STANDBY,10,6
2026-09-29T18:32:18.298010,-35.3632623,149.1652379,0.003,0.0,0.0,0.0,0.002741535659879446,0.002752716187387705,179,0.000405604369007051,0.0006230997387319803,3.1279220581054688,12.587,0.0,64,LAND,False,STANDBY,10,6
2026-09-29T18:32:18.798549,-35.3632623,149.1652379,0.003,0.0,0.0,0.0,0.00352557934820652,0.0035339260939508677,179,0.0003802224819082767,0.0006029665237292647,3.1277217864990234,12.587,0.0,64,LAND,False,STANDBY,10,6
2026-09-29T18:32:19.298827,-35.3632623,149.1652379,0.003,0.0,0.0,0.0,0.004185271915048361,0.004190343432128429,179,0.0003514114359859377,0.0005714762373827398,3.127514123916626,12.587,0.0,64,LAND,False,STANDBY,10,6
2026-09-29T18:32:19.799358,-35.3632623,149.1652379,0.003,0.0,0.0,0.0,0.004701560363173485,0.004708724096417427,179,0.0003252998576499522,0.000538200547453016,3.1272988319396973,12.587,0.0,64,LAND,False,STANDBY,10,6
2026-09-29T18:32:20.299823,-35.3632623,149.1652379,0.003,0.0,0.0,0.0,0.005354505032300949,0.0053561292588710785,179,0.000295062578516081,0.0005077483365312219,3.1270785331726074,12.587,0.0,64,LAND,False,STANDBY,10,6
2026-09-29T18:32:20.800439,-35.3632623,149.1652379,0.003,0.0,0.0,0.0,0.00597728043794632,0.005977951921522617,179,0.00025885237846523523,0.0004729153588414192,3.1268470287323,12.587,0.0,64,LAND,False,STANDBY,10,6
2026-09-29T18:32:21.300862,-35.3632623,149.1652379,0.003,0.0,0.0,0.0,0.006633291952311993,0.006634135730564594,179,0.00023808654805179685,0.00044291879748925567,3.126616954803467,12.587,0.0,64,LAND,False,STANDBY,10,6
2026-09-29T18:32:21.801620,-35.3632623,149.1652379,0.003,0.0,0.0,0.0,0.007052204106003046,0.007052876986563206,179,0.00020968516764696687,0.00041430784040130675,3.1263771057128906,12.587,0.0,64,LAND,False,STANDBY,10,6
2026-09-29T18:32:22.302182,-35.3632623,149.1652379,0.003,0.0,0.0,0.0,0.007866200990974903,0.00786625687032938,179,0.00018264527898281813,0.0003885624755639583,3.126134157180786,12.587,0.0,64,LAND,False,STANDBY,10,6
2026-09-29T18:32:22.802829,-35.3632623,149.1652379,0.003,0.0,0.0,0.0,0.008351626805961132,0.008352159522473812,179,0.0001613627973711118,0.0003717894433066249,3.125898838043213,12.587,0.0,64,LAND,False,STANDBY,10,6
2026-09-29T18:32:23.303488,-35.3632623,149.1652379,0.003,0.0,0.0,0.0,0.008942194283008575,0.008943777531385422,179,0.00014856875350233167,0.0003573989379219711,3.125659465789795,12.587,0.0,64,LAND,False,STANDBY,10,6
2026-09-29T18:32:23.804667,-35.3632623,149.1652379,0.003,0.0,0.0,0.0,0.009256476536393166,0.009256696328520775,179,0.00012900485307909548,0.0003445285838097334,3.125415802001953,12.587,0.0,64,LAND,False,STANDBY,10,6
2026-09-29T18:32:24.305389,-35.3632623,149.1652379,0.003,0.0,0.0,0.0,0.009845963679254055,0.009846038185060024,179,0.00010390906390966848,0.0003224882239010185,3.1251676082611084,12.587,0.0,64,LAND,False,STANDBY,10,6
2026-09-29T18:32:24.805831,-35.3632623,149.1652379,0.003,0.0,0.0,0.0,0.010135392658412457,0.010135415010154247,179,7.609937165398151e-05,0.00028849326190538704,3.1249098777770996,12.587,0.0,64,LAND,False,STANDBY,10,6
2026-09-29T18:32:25.306471,-35.3632623,149.1652379,0.003,0.0,0.0,0.0,0.010697904974222183,0.010698623955249786,179,4.280400389689021e-05,0.00026109159807674587,3.1246488094329834,12.587,0.0,64,LAND,False,STANDBY,10,6
2026-09-29T18:32:25.807284,-35.3632623,149.1652379,0.003,0.0,0.0,0.0,0.011003980413079262,0.011004062369465828,179,2.6589081244310364e-05,0.00024140547611750662,3.1243836879730225,12.587,0.0,64,LAND,False,STANDBY,10,6
2026-09-29T18:32:26.308094,-35.3632623,149.1652379,0.003,0.0,0.0,0.0,0.011525281704962254,0.01152537576854229,178,7.929186836008739e-07,0.00021624732471536845,3.1241142749786377,12.587,0.0,64,LAND,False,STANDBY,10,6
2026-09-29T18:32:26.808333,-35.3632623,149.1652379,0.003,0.0,0.0,0.0,0.011876435950398445,0.011876730248332024,178,-1.9574017642298713e-05,0.00020400674839038402,3.1238460540771484,12.587,0.0,64,LAND,False,STANDBY,10,6
2026-09-29T18:32:27.308966,-35.3632623,149.1652379,0.003,0.0,0.0,0.0,0.012443738989531994,0.012443830259144306,178,-3.77135984308552e-05,0.00018217404431197792,3.123573064804077,12.587,0.0,64,LAND,False,STANDBY,10,6
2026-09-29T18:32:27.810307,-35.3632623,149.1652379,0.003,0.0,0.0,0.0,0.012769891880452633,0.012769951485097408,178,-5.718659667763859e-05,0.00017714558634907007,3.1232974529266357,12.587,0.0,64,LAND,False,STANDBY,10,6
2026-09-29T18:32:28.311099,-35.3632623,149.1652379,0.003,0.0,0.0,0.0,0.01343457493931055,0.013434583321213722,178,-6.890291115269065e-05,0.00016031881386879832,3.1230061054229736,12.587,0.0,64,LAND,False,STANDBY,10,6
2026-09-29T18:32:28.811730,-35.3632623,149.1652379,0.003,0.0,0.01,0.0,0.013644162565469742,0.013644172810018063,178,-9.496760321781039e-05,0.00014486070722341537,3.1227304935455322,12.587,0.0,64,LAND,False,STANDBY,10,6
2026-09-29T18:32:29.312245,-35.3632623,149.1652379,0.003,0.0,0.01,0.0,0.014214079827070236,0.014214086346328259,178,-0.00011218753934372216,0.0001249891211045906,3.122445821762085,12.587,0.0,64,LAND,False,STANDBY,10,6
2026-09-29T18:32:29.812821,-35.3632623,149.1652379,0.003,0.0,0.01,0.0,0.014451706781983376,0.014451907016336918,178,-0.00012015800894005224,0.00011829227150883526,3.1221673488616943,12.587,0.0,64,LAND,False,STANDBY,10,6
2026-09-29T18:32:30.313215,-35.3632623,149.1652379,0.003,0.0,0.01,0.0,0.014976046979427338,0.014976178295910358,178,-0.00014514064241666347,9.593212598701939e-05,3.1218814849853516,12.587,0.0,64,LAND,False,STANDBY,10,6
2026-09-29T18:32:30.813849,-35.3632623,149.1652379,0.003,-0.01,0.01,0.0,0.015166210941970348,0.015166318975389004,178,-0.00014749265392310917,8.570169302402064e-05,3.1215977668762207,12.587,0.0,64,LAND,False,STANDBY,10,6
2026-09-29T18:32:31.314607,-35.3632623,149.1652379,0.003,-0.01,0.01,0.0,0.015433170832693577,0.01543367188423872,178,-0.00014360915520228446,6.450706132454798e-05,3.121311902999878,12.587,0.0,64,LAND,False,STANDBY,10,6
2026-09-29T18:32:31.815122,-35.3632623,149.1652379,0.003,-0.01,0.01,0.0,0.01550269965082407,0.015502904541790485,178,-0.00014454053598456085,5.924813012825325e-05,3.1210267543792725,12.587,0.0,64,LAND,False,STANDBY,10,6
2026-09-29T18:32:32.315608,-35.3632623,149.1652379,0.003,-0.01,0.01,0.0,0.015704745426774025,0.01570669561624527,178,-0.00014670139353256673,4.581805842462927e-05,3.120738983154297,12.587,0.0,64,LAND,False,STANDBY,10,6
2026-09-29T18:32:32.816582,-35.3632623,149.1652379,0.003,-0.01,0.01,0.0,0.015694960951805115,0.015697255730628967,178,-0.00014869663573335856,3.48204375768546e-05,3.1204488277435303,12.587,0.0,64,LAND,False,STANDBY,10,6
2026-09-29T18:32:33.316887,-35.3632623,149.165238,0.003,-0.01,0.01,0.0,0.01622719131410122,0.016228048130869865,178,-0.00017577737162355334,2.1081947124912404e-05,3.1201541423797607,12.587,0.0,64,LAND,False,STANDBY,10,6
2026-09-29T18:32:33.817832,-35.3632623,149.1652379,0.003,-0.01,0.01,0.0,0.01630699820816517,0.016308661550283432,178,-0.00018401343550067395,9.488129762758035e-06,3.1198647022247314,12.587,0.0,64,LAND,False,STANDBY,10,6
2026-09-29T18:32:34.318993,-35.3632623,149.165238,0.003,-0.01,0.01,0.0,0.016797736287117004,0.016799643635749817,178,-0.00020546176529023796,-8.190198059310205e-06,3.1195662021636963,12.587,0.0,64,LAND,False,STANDBY,10,6
2026-09-29T18:32:34.820040,-35.3632623,149.165238,0.003,-0.01,0.01,0.0,0.01691657118499279,0.016919029876589775,178,-0.00021655239106621593,-2.100360688928049e-05,3.1192662715911865,12.587,0.0,64,LAND,False,STANDBY,10,6
2026-09-29T18:32:35.320259,-35.3632623,149.165238,0.003,-0.01,0.01,0.0,0.017428457736968994,0.017431039363145828,178,-0.00023189917556010187,-3.597084287321195e-05,3.1189627647399902,12.587,0.0,64,LAND,False,STANDBY,10,6
2026-09-29T18:32:35.820877,-35.3632623,149.165238,0.003,-0.01,0.01,0.0,0.01759009249508381,0.017591455951333046,178,-0.00023170818167272955,-4.146671199123375e-05,3.1186747550964355,12.587,0.0,64,LAND,False,STANDBY,10,6
2026-09-29T18:32:36.321617,-35.3632623,149.165238,0.003,-0.01,0.01,0.0,0.01798444613814354,0.017985781654715538,178,-0.0002456092624925077,-5.3729450883110985e-05,3.118377447128296,12.587,0.0,64,LAND,False,STANDBY,10,6
2026-09-29T18:32:36.822091,-35.3632623,149.165238,0.003,-0.01,0.01,0.0,0.01782807894051075,0.017829114571213722,178,-0.0002568043128121644,-6.586869858438149e-05,3.118077278137207,12.587,0.0,64,LAND,False,STANDBY,10,6
2026-09-29T18:32:37.322883,-35.3632623,149.165238,0.003,-0.01,0.01,0.0,0.018116038292646408,0.01811639405786991,178,-0.00027255655732005835,-8.484252612106502e-05,3.1177666187286377,12.587,0.0,64,LAND,False,STANDBY,10,6
2026-09-29T18:32:37.823535,-35.3632623,149.165238,0.003,-0.01,0.01,0.0,0.01809840090572834,0.018098823726177216,178,-0.0002738715265877545,-8.739714394323528e-05,3.1174681186676025,12.587,0.0,64,LAND,False,STANDBY,10,6
2026-09-29T18:32:38.324151,-35.3632623,149.165238,0.003,-0.01,0.01,0.0,0.018563905730843544,0.018564168363809586,178,-0.0002915704098995775,-0.00010480607306817546,3.1171603202819824,12.587,0.0,64,LAND,False,STANDBY,10,6
2026-09-29T18:32:38.824818,-35.3632623,149.165238,0.003,-0.01,0.01,0.0,0.018589073792099953,0.018589075654745102,178,-0.0002912803029175848,-0.0001061772127286531,3.1168549060821533,12.587,0.0,64,LAND,False,STANDBY,10,6
2026-09-29T18:32:39.325390,-35.3632623,149.165238,0.003,-0.01,0.01,0.0,0.019103245809674263,0.019103288650512695,178,-0.00029863460804335773,-0.0001173569617094472,3.1165614128112793,12.587,0.0,64,LAND,False,STANDBY,10,6
2026-09-29T18:32:39.826144,-35.3632623,149.165238,0.003,-0.01,0.01,0.0,0.019017715007066727,0.01901777647435665,178,-0.0002926391316577792,-0.00012041955778840929,3.116269111633301,12.587,0.0,64,LAND,False,STANDBY,10,6
2026-09-29T18:32:40.326896,-35.3632623,149.165238,0.003,-0.01,0.01,0.0,0.019245438277721405,0.01924561709165573,178,-0.0003055006091017276,-0.00012467482883948833,3.1159679889678955,12.587,0.0,64,LAND,False,STANDBY,10,6
2026-09-29T18:32:40.827919,-35.3632623,149.165238,0.003,-0.01,0.01,0.0,0.0192688200622797,0.01926930993795395,178,-0.0003080999886151403,-0.00012502020399551839,3.115665912628174,12.587,0.0,64,LAND,False,STANDBY,10,6
2026-09-29T18:32:41.328944,-35.3632623,149.165238,0.003,-0.01,0.01,0.0,0.01964394561946392,0.01964404433965683,178,-0.00032792254933156073,-0.00014191432273946702,3.1153571605682373,12.587,0.0,64,LAND,False,STANDBY,10,6
2026-09-29T18:32:41.829967,-35.3632623,149.165238,0.003,-0.01,0.01,0.0,0.01952912099659443,0.019529499113559723,178,-0.00032932558679021895,-0.00014613328676205128,3.1150448322296143,12.587,0.0,64,LAND,False,STANDBY,10,6
2026-09-29T18:32:42.330907,-35.3632623,149.165238,0.003,-0.01,0.01,0.0,0.01980026438832283,0.019800417125225067,178,-0.0003402333823032677,-0.00015021988656371832,3.1147470474243164,12.587,0.0,64,LAND,False,STANDBY,10,6
2026-09-29T18:32:42.831590,-35.3632623,149.165238,0.003,-0.01,0.01,0.0,0.019720399752259254,0.0197204127907753,178,-0.00034524689544923604,-0.00015959140728227794,3.1144514083862305,12.587,0.0,64,LAND,False,STANDBY,10,6
2026-09-29T18:32:43.332533,-35.3632624,149.165238,0.003,-0.01,0.01,0.0,0.020187238231301308,0.020188026130199432,178,-0.0003509149537421763,-0.00015975694986991584,3.1141481399536133,12.587,0.0,64,LAND,False,STANDBY,10,6
2026-09-29T18:32:43.833048,-35.3632623,149.165238,0.003,-0.01,0.01,0.0,0.019932538270950317,0.01993281953036785,178,-0.00035308246151544154,-0.0001512448361609131,3.113858699798584,12.587,0.0,64,LAND,False,STANDBY,10,6
2026-09-29T18:32:44.334026,-35.3632624,149.165238,0.003,-0.01,0.01,0.0,0.020207399502396584,0.020207632333040237,178,-0.00036282988730818033,-0.00016134725592564791,3.1135520935058594,12.587,0.0,64,LAND,False,STANDBY,10,6
2026-09-29T18:32:44.834877,-35.3632623,149.165238,0.003,-0.01,0.01,0.0,0.020088421180844307,0.020090235397219658,178,-0.0003667773853521794,-0.00016402083565481007,3.113252878189087,12.587,0.0,64,LAND,False,STANDBY,10,6
2026-09-29T18:32:45.335876,-35.3632624,149.165238,0.003,-0.01,0.01,0.0,0.02050105296075344,0.020501678809523582,178,-0.000374630035366863,-0.00018455293320585042,3.112952709197998,12.587,0.0,64,LAND,False,STANDBY,10,6
2026-09-29T18:32:45.836736,-35.3632624,149.165238,0.003,-0.01,0.01,0.0,0.020668666809797287,0.02066938392817974,178,-0.0003807580505963415,-0.00019003638590220362,3.112647771835327,12.587,0.0,64,LAND,False,STANDBY,10,6
2026-09-29T18:32:46.337843,-35.3632624,149.165238,0.003,-0.01,0.01,0.0,0.02103729359805584,0.021037310361862183,178,-0.00039252423448488116,-0.00019916203746106476,3.1123554706573486,12.587,0.0,64,LAND,False,STANDBY,10,6
2026-09-29T18:32:46.838657,-35.3632624,149.165238,0.003,-0.01,0.01,0.0,0.020750345662236214,0.02075040526688099,178,-0.0003901063173543662,-0.00020210859656799585,3.112058401107788,12.587,0.0,64,LAND,False,STANDBY,10,6
2026-09-29T18:32:47.339704,-35.3632624,149.165238,0.003,-0.01,0.01,0.0,0.02120361290872097,0.02120397798717022,178,-0.0004024392692372203,-0.00021417434618342668,3.111762523651123,12.587,0.0,64,LAND,False,STANDBY,10,6
2026-09-29T18:32:47.840155,-35.3632624,149.165238,0.003,-0.01,0.01,0.0,0.0210866741836071,0.02108725719153881,178,-0.0003953713458031416,-0.00021084072068333626,3.1114649772644043,12.587,0.0,64,LAND,False,STANDBY,10,6
2026-09-29T18:32:48.340833,-35.3632624,149.165238,0.003,-0.01,0.01,0.0,0.02134632132947445,0.021346502006053925,178,-0.0003935947024729103,-0.00020250659144949168,3.1111786365509033,12.587,0.0,64,LAND,False,STANDBY,10,6
2026-09-29T18:32:48.841710,-35.3632624,149.165238,0.003,-0.01,0.01,0.0,0.021003009751439095,0.021003181114792824,178,-0.00039466709131374955,-0.00019897150923497975,3.1108920574188232,12.587,0.0,64,LAND,False,STANDBY,10,6
2026-09-29T18:32:49.342719,-35.3632624,149.165238,0.003,-0.01,0.01,0.0,0.021309614181518555,0.02130967192351818,178,-0.0004073607560712844,-0.00021563799236901104,3.110593795776367,12.587,0.0,64,LAND,False,STANDBY,10,6
2026-09-29T18:32:49.843698,-35.3632624,149.165238,0.003,-0.01,0.01,0.0,0.02119932323694229,0.021199584007263184,178,-0.00041121183312498033,-0.00022326527687255293,3.1103017330169678,12.587,0.0,64,LAND,False,STANDBY,10,6
2026-09-29T18:32:50.344318,-35.3632624,149.165238,0.003,-0.01,0.01,0.0,0.021652666851878166,0.021652966737747192,178,-0.0004270174540579319,-0.00023360441264230758,3.110011577606201,12.587,0.0,64,LAND,False,STANDBY,10,6
2026-09-29T18:32:50.845407,-35.3632624,149.165238,0.003,-0.01,0.01,0.0,0.02163041941821575,0.021630551666021347,178,-0.0004256169486325234,-0.00023505174613092095,3.1097211837768555,12.587,0.0,64,LAND,False,STANDBY,10,6
2026-09-29T18:32:51.346104,-35.3632624,149.165238,0.003,-0.01,0.01,0.0,0.022134894505143166,0.02213500440120697,178,-0.00043585916864685714,-0.00024794330238364637,3.109426259994507,12.587,0.0,64,LAND,False,STANDBY,10,6
2026-09-29T18:32:51.846831,-35.3632624,149.165238,0.003,-0.01,0.01,0.0,0.0220518559217453,0.0220530666410923,178,-0.00043173247831873596,-0.0002406018174951896,3.109152317047119,12.587,0.0,64,LAND,False,STANDBY,10,6
2026-09-29T18:32:52.347469,-35.3632624,149.165238,0.003,-0.01,0.01,0.0,0.022215362638235092,0.02221599593758583,178,-0.00042704088264144957,-0.00024396696244366467,3.1088626384735107,12.587,0.0,64,LAND,False,STANDBY,10,6
2026-09-29T18:32:52.847957,-35.3632624,149.165238,0.003,-0.01,0.01,0.0,0.021885132417082787,0.021885324269533157,178,-0.00042188295628875494,-0.00024247790861409158,3.108588933944702,12.587,0.0,64,LAND,False,STANDBY,10,6
2026-09-29T18:32:53.348675,-35.3632624,149.165238,0.003,-0.01,0.01,0.0,0.022045249119400978,0.02204534411430359,178,-0.0004323676985222846,-0.00024103261239361018,3.108299732208252,12.587,0.0,64,LAND,False,STANDBY,10,6
2026-09-29T18:32:53.849415,-35.3632624,149.165238,0.003,-0.01,0.01,0.0,0.02185961790382862,0.021859629079699516,178,-0.0004238598048686981,-0.00024304022372234613,3.108003854751587,12.587,0.0,64,LAND,False,STANDBY,10,6
2026-09-29T18:32:54.349965,-35.3632624,149.165238,0.003,-0.01,0.01,0.0,0.022232644259929657,0.022232690826058388,178,-0.0004392792470753193,-0.00024712050799280405,3.1077158451080322,12.587,0.0,64,LAND,False,STANDBY,10,6
2026-09-29T18:32:54.850523,-35.3632624,149.165238,0.003,-0.01,0.01,0.0,0.021901153028011322,0.021901698783040047,178,-0.0004355142009444535,-0.00023967410379555076,3.1074275970458984,12.587,0.0,64,LAND,False,STANDBY,10,6
2026-09-29T18:32:55.351194,-35.3632624,149.165238,0.003,-0.01,0.01,0.0,0.022225048393011093,0.022226663306355476,178,-0.0004491106956265867,-0.0002452344342600554,3.1071486473083496,12.587,0.0,64,LAND,False,STANDBY,10,6
2026-09-29T18:32:55.851924,-35.3632624,149.165238,0.003,-0.01,0.01,0.0,0.021943891420960426,0.021945079788565636,178,-0.0004491478612180799,-0.00023935623175930232,3.1068689823150635,12.587,0.0,64,LAND,False,STANDBY,10,6
2026-09-29T18:32:56.352606,-35.3632624,149.165238,0.003,-0.01,0.01,0.0,0.022186273708939552,0.02218831144273281,177,-0.00046048720832914114,-0.00024555527488701046,3.106590747833252,12.587,0.0,64,LAND,False,STANDBY,10,6
2026-09-29T18:32:56.853655,-35.3632624,149.165238,0.002,-0.01,0.01,0.0,0.02189764566719532,0.021899979561567307,177,-0.00044500076910480857,-0.0002390662848483771,3.106318235397339,12.587,0.0,64,LAND,False,STANDBY,10,6
2026-09-29T18:32:57.354375,-35.3632624,149.165238,0.002,-0.01,0.01,0.0,0.022275064140558243,0.0222769808024168,177,-0.0004536421038210392,-0.00024521976592950523,3.1060433387756348,12.587,0.0,64,LAND,False,STANDBY,10,6
2026-09-29T18:32:57.855053,-35.3632624,149.165238,0.002,-0.01,0.01,0.0,0.02192891202867031,0.021930048242211342,177,-0.0004567496944218874,-0.00023479340597987175,3.1057677268981934,12.587,0.0,64,LAND,False,STANDBY,10,6
2026-09-29T18:32:58.355465,-35.3632624,149.165238,0.002,-0.01,0.01,0.0,0.022245420143008232,0.02224688231945038,177,-0.00047118825023062527,-0.00025171347078867257,3.10549259185791,12.587,0.0,64,LAND,False,STANDBY,10,6
2026-09-29T18:32:58.856002,-35.3632624,149.165238,0.002,-0.01,0.01,0.0,0.02201722003519535,0.022017862647771835,177,-0.00046554749133065343,-0.0002538513799663633,3.105220079421997,12.587,0.0,64,LAND,False,STANDBY,10,6
2026-09-29T18:32:59.356447,-35.3632624,149.165238,0.002,-0.01,0.01,0.0,0.022486597299575806,0.022486921399831772,177,-0.0004780041635967791,-0.0002573336532805115,3.104945421218872,12.587,0.0,64,LAND,False,STANDBY,10,6
2026-09-29T18:32:59.857084,-35.3632624,149.165238,0.002,-0.01,0.01,0.0,0.022270135581493378,0.02227022498846054,177,-0.00047403955250047147,-0.00025684290449135005,3.104675054550171,12.587,0.0,64,LAND,False,STANDBY,10,6
2026-09-29T18:33:00.357881,-35.3632624,149.165238,0.003,-0.01,0.01,0.0,0.022595228627324104,0.022596264258027077,177,-0.00046827131882309914,-0.00025729704066179693,3.104412794113159,12.587,0.0,64,LAND,False,STANDBY,10,6
2026-09-29T18:33:00.858673,-35.3632624,149.165238,0.003,-0.01,0.01,0.0,0.02224711887538433,0.022248050197958946,177,-0.00045832202886231244,-0.0002501007984392345,3.1041481494903564,12.587,0.0,64,LAND,False,STANDBY,10,6
2026-09-29T18:33:01.359518,-35.3632624,149.165238,0.003,-0.01,0.01,0.0,0.0226682648062706,0.02266979217529297,177,-0.0004668680776376277,-0.00025811122031882405,3.1038875579833984,12.587,0.0,64,LAND,False,STANDBY,10,6
2026-09-29T18:33:01.860118,-35.3632624,149.165238,0.003,-0.01,0.01,0.0,0.022380385547876358,0.02238120697438717,177,-0.00046148421824909747,-0.0002563214802648872,3.103626012802124,12.587,0.0,64,LAND,False,STANDBY,10,6
2026-09-29T18:33:02.361163,-35.3632624,149.165238,0.003,-0.01,0.01,0.0,0.022608615458011627,0.022609062492847443,177,-0.00048346049152314663,-0.00027234750450588763,3.1033639907836914,12.587,0.0,64,LAND,False,STANDBY,10,6
2026-09-29T18:33:02.861893,-35.3632624,149.165238,0.003,-0.01,0.01,0.0,0.02238052897155285,0.022380836308002472,177,-0.00048603478353470564,-0.00026208721101284027,3.1031014919281006,12.587,0.0,64,LAND,False,STANDBY,10,6
2026-09-29T18:33:03.362924,-35.3632624,149.165238,0.003,-0.01,0.01,0.0,0.022714218124747276,0.022715061902999878,177,-0.0004885782254859805,-0.0002605757908895612,3.10284423828125,12.587,0.0,64,LAND,False,STANDBY,10,6
2026-09-29T18:33:03.864000,-35.3632624,149.165238,0.003,-0.01,0.01,0.0,0.02247965894639492,0.02248002029955387,177,-0.00048243385390378535,-0.00026472413446754217,3.102579116821289,12.587,0.0,64,LAND,False,STANDBY,10,6
2026-09-29T18:33:04.364650,-35.3632624,149.165238,0.003,-0.01,0.01,0.0,0.022768234834074974,0.022768603637814522,177,-0.0004807740624528378,-0.00027276951004751027,3.102330446243286,12.587,0.0,64,LAND,False,STANDBY,10,6
2026-09-29T18:33:04.865544,-35.3632624,149.165238,0.003,-0.01,0.01,0.0,0.022392574697732925,0.022392816841602325,177,-0.00047227961476892233,-0.00027108503854833543,3.102095365524292,12.587,0.0,64,LAND,False,STANDBY,10,6
2026-09-29T18:33:05.365827,-35.3632624,149.165238,0.003,-0.01,0.01,0.0,0.02265762910246849,0.02265763096511364,177,-0.0004722815938293934,-0.0002764289965853095,3.1018528938293457,12.587,0.0,64,LAND,False,STANDBY,10,6
2026-09-29T18:33:05.866318,-35.3632624,149.165238,0.003,-0.01,0.01,0.0,0.02238311804831028,0.022383445873856544,177,-0.0004652601492125541,-0.0002731311251409352,3.1015961170196533,12.587,0.0,64,LAND,False,STANDBY,10,6
2026-09-29T18:33:06.366892,-35.3632624,149.165238,0.003,-0.01,0.01,0.0,0.022734040394425392,0.022734256461262703,177,-0.000471058941911906,-0.00028637927607633173,3.1013457775115967,12.587,0.0,64,LAND,False,STANDBY,10,6
2026-09-29T18:33:06.867816,-35.3632624,149.165238,0.003,-0.01,0.01,0.0,0.022832436487078667,0.022832732647657394,177,-0.0004696096293628216,-0.0002916526864282787,3.101090908050537,12.587,0.0,64,LAND,False,STANDBY,10,6
2026-09-29T18:33:07.368534,-35.3632624,149.165238,0.003,-0.01,0.01,0.0,0.023171721026301384,0.023171741515398026,177,-0.0004739685682579875,-0.0003014917310792953,3.1008472442626953,12.587,0.0,64,LAND,False,STANDBY,10,6
2026-09-29T18:33:07.869120,-35.3632624,149.165238,0.003,-0.01,0.01,0.0,0.02272251807153225,0.022722618654370308,177,-0.0004787507641594857,-0.0003012003726325929,3.1006011962890625,12.587,0.0,64,LAND,False,STANDBY,10,6
2026-09-29T18:33:08.369541,-35.3632624,149.165238,0.003,-0.01,0.01,0.0,0.02302415482699871,0.023024652153253555,177,-0.0004885802045464516,-0.00031255497015081346,3.1003670692443848,12.587,0.0,64,LAND,False,STANDBY,10,6
2026-09-29T18:33:08.870403,-35.3632624,149.165238,0.003,-0.01,0.01,0.0,0.02281196601688862,0.02281259559094906,177,-0.00048089734627865255,-0.00030514877289533615,3.100127935409546,12.587,0.0,64,LAND,False,STANDBY,10,6
2026-09-29T18:33:09.371031,-35.3632624,149.165238,0.003,-0.01,0.01,0.0,0.023144932463765144,0.02314556948840618,177,-0.0004747209313791245,-0.00030565346241928637,3.0999016761779785,12.587,0.0,64,LAND,False,STANDBY,10,6
2026-09-29T18:33:09.871337,-35.3632624,149.165238,0.003,-0.01,0.01,0.0,0.022890176624059677,0.022890521213412285,177,-0.00047271352377720177,-0.00030029009212739766,3.0996670722961426,12.587,0.0,64,LAND,False,STANDBY,10,6
2026-09-29T18:33:10.371957,-35.3632624,149.165238,0.003,-0.01,0.01,0.0,0.02336561307311058,0.023365873843431473,177,-0.0004770586092490703,-0.00030635003349743783,3.099435567855835,12.587,0.0,64,LAND,False,STANDBY,10,6
2026-09-29T18:33:10.872296,-35.3632624,149.165238,0.003,-0.01,0.01,0.0,0.023172525689005852,0.023172525689005852,177,-0.0004844942595809698,-0.0003070807724725455,3.099198341369629,12.587,0.0,64,LAND,False,STANDBY,10,6
2026-09-29T18:33:11.373019,-35.3632624,149.165238,0.003,-0.01,0.01,0.0,0.023407788947224617,0.023407818749547005,177,-0.00049874052638188,-0.0003041088639292866,3.0989725589752197,12.587,0.0,64,LAND,False,STANDBY,10,6
2026-09-29T18:33:11.873771,-35.3632624,149.165238,0.003,-0.01,0.01,0.0,0.023366762325167656,0.023367274552583694,177,-0.0005048164748586714,-0.0003022249147761613,3.0987515449523926,12.587,0.0,64,LAND,False,STANDBY,10,6
2026-09-29T18:33:12.374581,-35.3632624,149.165238,0.003,-0.01,0.01,0.0,0.023521557450294495,0.023521918803453445,177,-0.0005180022562853992,-0.0003023359749931842,3.0985302925109863,12.587,0.0,64,LAND,False,STANDBY,10,6
2026-09-29T18:33:12.875224,-35.3632624,149.165238,0.003,-0.01,0.01,0.0,0.023342451080679893,0.023342609405517578,177,-0.0005098097026348114,-0.00028612808091565967,3.0983095169067383,12.587,0.0,64,LAND,False,STANDBY,10,6
2026-09-29T18:33:13.375879,-35.3632624,149.165238,0.003,-0.01,0.01,0.0,0.023533238098025322,0.023533249273896217,177,-0.0005126490723341703,-0.00029557920061051846,3.0980961322784424,12.587,0.0,64,LAND,False,STANDBY,10,6
2026-09-29T18:33:13.876931,-35.3632624,149.165238,0.003,-0.01,0.01,0.0,0.023150471970438957,0.023150475695729256,177,-0.0005064673605374992,-0.0002978511620312929,3.0978689193725586,12.587,0.0,64,LAND,False,STANDBY,10,6
2026-09-29T18:33:14.377953,-35.3632624,149.165238,0.003,-0.01,0.01,0.0,0.02359190583229065,0.023592054843902588,177,-0.0005170372314751148,-0.0003108441596850753,3.0976526737213135,12.587,0.0,64,LAND,False,STANDBY,10,6
2026-09-29T18:33:14.878898,-35.3632624,149.165238,0.003,-0.01,0.01,0.0,0.023468684405088425,0.02346869371831417,177,-0.0005157945561222732,-0.0003121932386420667,3.0974233150482178,12.587,0.0,64,LAND,False,STANDBY,10,6
2026-09-29T18:33:15.380001,-35.3632624,149.165238,0.003,-0.01,0.01,0.0,0.023973219096660614,0.023973222821950912,177,-0.0005225674249231815,-0.00031993567245081067,3.0972015857696533,12.587,0.0,64,LAND,False,STANDBY,10,6
2026-09-29T18:33:15.880555,-35.3632624,149.165238,0.003,-0.01,0.01,0.0,0.023733405396342278,0.023733941838145256,177,-0.000509055273141712,-0.00030777754727751017,3.0969908237457275,12.587,0.0,64,LAND,False,STANDBY,10,6
2026-09-29T18:33:16.381261,-35.3632624,149.165238,0.003,-0.01,0.01,0.0,0.023989317938685417,0.023990176618099213,177,-0.0005151181831024587,-0.0003136612649541348,3.0967824459075928,12.587,0.0,64,LAND,False,STANDBY,10,6
2026-09-29T18:33:16.882017,-35.3632624,149.165238,0.003,-0.01,0.01,0.0,0.023656344041228294,0.02365698292851448,177,-0.0005049944738857448,-0.0003043870092369616,3.096571683883667,12.587,0.0,64,LAND,False,STANDBY,10,6
2026-09-29T18:33:17.382671,-35.3632624,149.165238,0.002,-0.01,0.01,0.0,0.02387574315071106,0.023876352235674858,177,-0.000509454112034291,-0.0003008604107890278,3.0963664054870605,12.587,0.0,64,LAND,False,STANDBY,10,6
2026-09-29T18:33:17.883108,-35.3632624,149.165238,0.002,-0.01,0.01,0.0,0.02349936030805111,0.023499539121985435,177,-0.0004884545924142003,-0.00029857479967176914,3.0961618423461914,12.587,0.0,64,LAND,False,STANDBY,10,6
2026-09-29T18:33:18.383754,-35.3632624,149.165238,0.002,-0.01,0.01,0.0,0.02373449318110943,0.023735035210847855,177,-0.0004987538559362292,-0.0003009294450748712,3.095950126647949,12.587,0.0,64,LAND,False,STANDBY,10,6
2026-09-29T18:33:18.883950,-35.3632624,149.165238,0.002,-0.01,0.01,0.0,0.02327767014503479,0.02327784150838852,177,-0.0004912358126603067,-0.00029954721685498953,3.0957462787628174,12.587,0.0,64,LAND,False,STANDBY,10,6
2026-09-29T18:33:19.384833,-35.3632624,149.165238,0.002,-0.01,0.01,0.0,0.023572539910674095,0.023572763428092003,177,-0.000503219140227884,-0.00029971677577123046,3.0955348014831543,12.587,0.0,64,LAND,False,STANDBY,10,6
2026-09-29T18:33:19.885920,-35.3632624,149.165238,0.003,-0.01,0.01,0.0,0.023091567680239677,0.023091575130820274,177,-0.0005003067781217396,-0.00029689844814129174,3.0953478813171387,12.587,0.0,64,LAND,False,STANDBY,10,6
2026-09-29T18:33:20.386845,-35.3632624,149.165238,0.003,-0.01,0.01,0.0,0.023449981585144997,0.023449987173080444,177,-0.0005060705007053912,-0.00030484743183478713,3.095151662826538,12.587,0.0,64,LAND,False,STANDBY,10,6
2026-09-29T18:33:20.887624,-35.3632624,149.165238,0.003,-0.01,0.01,0.0,0.02314174175262451,0.02314184047281742,177,-0.0004971078014932573,-0.0003031707019545138,3.094956874847412,12.587,0.0,64,LAND,False,STANDBY,10,6
2026-09-29T18:33:21.388827,-35.3632624,149.165238,0.003,-0.01,0.01,0.0,0.023332402110099792,0.023332636803388596,177,-0.0004987985012121499,-0.0003003402380272746,3.094769239425659,12.587,0.0,64,LAND,False,STANDBY,10,6
2026-09-29T18:33:21.890374,-35.3632624,149.165238,0.003,-0.01,0.01,0.0,0.023005906492471695,0.023006323724985123,177,-0.0004939287318848073,-0.0002959186676889658,3.094585418701172,12.587,0.0,64,LAND,False,STANDBY,10,6
2026-09-29T18:33:22.391098,-35.3632624,149.165238,0.003,-0.01,0.01,0.0,0.02319750003516674,0.023198088631033897,177,-0.0004955612239427865,-0.00029900489607825875,3.09440016746521,12.587,0.0,64,LAND,False,STANDBY,10,6
2026-09-29T18:33:22.891828,-35.3632624,149.165238,0.003,-0.01,0.01,0.0,0.023125866428017616,0.02312590181827545,177,-0.0005027560400776565,-0.0002905532601289451,3.0942084789276123,12.587,0.0,64,LAND,False,STANDBY,10,6
2026-09-29T18:33:23.392483,-35.3632624,149.165238,0.003,-0.01,0.01,0.0,0.023441845551133156,0.023442620411515236,177,-0.0005148380878381431,-0.00029968138551339507,3.0940277576446533,12.587,0.0,64,LAND,False,STANDBY,10,6
2026-09-29T18:33:23.892985,-35.3632624,149.165238,0.003,-0.01,0.01,0.0,0.02320551499724388,0.02320662885904312,177,-0.0005157054984010756,-0.00028936858871020377,3.093837261199951,12.587,0.0,64,LAND,False,STANDBY,10,6
2026-09-29T18:33:24.393655,-35.3632624,149.165238,0.003,-0.01,0.01,0.0,0.023578952997922897,0.023579314351081848,177,-0.0005178122664801776,-0.0002986653707921505,3.093655824661255,12.587,0.0,64,LAND,False,STANDBY,10,6
2026-09-29T18:33:24.894377,-35.3632624,149.165238,0.003,-0.01,0.01,0.0,0.023335492238402367,0.02333706244826317,177,-0.0005151716177351773,-0.0003042731259483844,3.093480348587036,12.587,0.0,64,LAND,False,STANDBY,10,6
2026-09-29T18:33:25.394825,-35.3632624,149.165238,0.003,-0.01,0.01,0.0,0.023626886308193207,0.0236290842294693,177,-0.0005229555536061525,-0.0003030147054232657,3.0932998657226562,12.587,0.0,64,LAND,False,STANDBY,10,6
2026-09-29T18:33:25.895321,-35.3632624,149.165238,0.003,-0.01,0.01,0.0,0.023418821394443512,0.02342137321829796,177,-0.0005150354118086398,-0.00029865297256037593,3.0931236743927,12.587,0.0,64,LAND,False,STANDBY,10,6
2026-09-29T18:33:26.395952,-35.3632624,149.165238,0.003,-0.01,0.01,0.0,0.023809827864170074,0.023811956867575645,177,-0.0005245594657026231,-0.0003038258582819253,3.0929477214813232,12.587,0.0,64,LAND,False,STANDBY,10,6
2026-09-29T18:33:26.896830,-35.3632624,149.165238,0.003,-0.01,0.01,0.0,0.023436425253748894,0.023438332602381706,177,-0.0005176007398404181,-0.00030625483486801386,3.0927767753601074,12.587,0.0,64,LAND,False,STANDBY,10,6
2026-09-29T18:33:27.397160,-35.3632624,149.165238,0.003,-0.01,0.01,0.0,0.023889249190688133,0.023890534415841103,177,-0.000526882940903306,-0.00031462323386222124,3.0926032066345215,12.587,0.0,64,LAND,False,STANDBY,10,6
2026-09-29T18:33:27.897771,-35.3632624,149.165238,0.003,-0.01,0.01,0.0,0.023669559508562088,0.023670276626944542,177,-0.0005206484929658473,-0.0003088403900619596,3.092437982559204,12.587,0.0,64,LAND,False,STANDBY,10,6
2026-09-29T18:33:28.398368,-35.3632624,149.165238,0.003,-0.01,0.01,0.0,0.02383686974644661,0.023838341236114502,177,-0.0005230509559623897,-0.00032232969533652067,3.092273473739624,12.587,0.0,64,LAND,False,STANDBY,10,6
2026-09-29T18:33:28.898822,-35.3632624,149.165238,0.003,-0.01,0.01,0.0,0.023503262549638748,0.02350423112511635,177,-0.0005275119910947978,-0.00031986835529096425,3.09210205078125,12.587,0.0,64,LAND,False,STANDBY,10,6
2026-09-29T18:33:29.400056,-35.3632624,149.165238,0.003,-0.01,0.01,0.0,0.023843470960855484,0.023844338953495026,177,-0.000525247654877603,-0.00031657307408750057,3.091935157775879,12.587,0.0,64,LAND,False,STANDBY,10,6
2026-09-29T18:33:29.900641,-35.3632624,149.165238,0.003,-0.01,0.01,0.0,0.023594440892338753,0.02359546534717083,177,-0.0005156343104317784,-0.0003078535373788327,3.0917766094207764,12.587,0.0,64,LAND,False,STANDBY,10,6
2026-09-29T18:33:30.401341,-35.3632624,149.165238,0.003,-0.01,0.01,0.0,0.02385430783033371,0.02385454997420311,177,-0.0005248707602731884,-0.0003151943674311042,3.091614007949829,12.587,0.0,64,LAND,False,STANDBY,10,6
2026-09-29T18:33:30.901826,-35.3632624,149.165238,0.003,-0.01,0.01,0.0,0.023549962788820267,0.023550188168883324,177,-0.0005176302511245012,-0.0003110086254309863,3.091447353363037,12.587,0.0,64,LAND,False,STANDBY,10,6
2026-09-29T18:33:31.402578,-35.3632624,149.165238,0.003,-0.01,0.01,0.0,0.0238746739923954,0.02387472800910473,177,-0.0005285782972350717,-0.00031632179161533713,3.091278314590454,12.587,0.0,64,LAND,False,STANDBY,10,6
2026-09-29T18:33:31.902895,-35.3632624,149.165238,0.003,-0.01,0.01,0.0,0.02357623353600502,0.023576246574521065,177,-0.0005248745437711477,-0.000317676633130759,3.0911223888397217,12.587,0.0,64,LAND,False,STANDBY,10,6
2026-09-29T18:33:32.403173,-35.3632624,149.165238,0.003,-0.01,0.01,0.0,0.023785144090652466,0.023785319179296494,177,-0.0005271720001474023,-0.00032057572389021516,3.090970277786255,12.587,0.0,64,LAND,False,STANDBY,10,6
2026-09-29T18:33:32.903881,-35.3632624,149.165238,0.003,-0.01,0.01,0.0,0.023687582463026047,0.023687947541475296,177,-0.0005219128797762096,-0.00032574046053923666,3.0908119678497314,12.587,0.0,64,LAND,False,STANDBY,10,6
2026-09-29T18:33:33.404585,-35.3632624,149.165238,0.003,-0.01,0.01,0.0,0.02392968162894249,0.02392994798719883,177,-0.0005207121721468866,-0.00032010642462410033,3.090669870376587,12.587,0.0,64,LAND,False,STANDBY,10,6
2026-09-29T18:33:33.905490,-35.3632624,149.165238,0.003,-0.01,0.01,0.0,0.02352227084338665,0.023522332310676575,177,-0.0005148283671587706,-0.0003168992407154292,3.090533494949341,12.587,0.0,64,LAND,False,STANDBY,10,6
2026-09-29T18:33:34.406014,-35.3632624,149.165238,0.003,-0.01,0.01,0.0,0.02368060313165188,0.023680604994297028,177,-0.0005125626339577138,-0.0003172151045873761,3.090394973754883,12.587,0.0,64,LAND,False,STANDBY,10,6
2026-09-29T18:33:34.906483,-35.3632624,149.165238,0.003,-0.01,0.01,0.0,0.02325289510190487,0.023253167048096657,177,-0.0005066498415544629,-0.00030879053520038724,3.0902445316314697,12.587,0.0,64,LAND,False,STANDBY,10,6
2026-09-29T18:33:35.406915,-35.3632624,149.165238,0.003,-0.01,0.01,0.0,0.023570654913783073,0.02357088215649128,177,-0.0005114350933581591,-0.00031219745869748294,3.0901060104370117,12.587,0.0,64,LAND,False,STANDBY,10,6
2026-09-29T18:33:35.907680,-35.3632624,149.165238,0.003,-0.01,0.01,0.0,0.023361606523394585,0.023361681029200554,177,-0.0005219702143222094,-0.00030439323745667934,3.0899577140808105,12.587,0.0,64,LAND,False,STANDBY,10,6
2026-09-29T18:33:36.408465,-35.3632624,149.165238,0.003,-0.01,0.01,0.0,0.02367561124265194,0.02367563545703888,177,-0.0005362541414797306,-0.00030913992668502033,3.0898168087005615,12.587,0.0,64,LAND,False,STANDBY,10,6
2026-09-29T18:33:36.908832,-35.3632624,149.165238,0.003,-0.01,0.01,0.0,0.023505812510848045,0.02350597456097603,177,-0.0005313105648383498,-0.00030349078588187695,3.089674711227417,12.587,0.0,64,LAND,False,STANDBY,10,6
2026-09-29T18:33:37.409587,-35.3632624,149.165238,0.003,-0.01,0.01,0.0,0.02399056777358055,0.02399083599448204,177,-0.0005427738651633263,-0.00030753822647966444,3.089541435241699,12.587,0.0,64,LAND,False,STANDBY,10,6
2026-09-29T18:33:37.910205,-35.3632624,149.165238,0.003,-0.01,0.01,0.0,0.02364610880613327,0.023646125569939613,177,-0.0005332333967089653,-0.0003003770543728024,3.0894112586975098,12.587,0.0,64,LAND,False,STANDBY,10,6
2026-09-29T18:33:38.410907,-35.3632624,149.165238,0.003,-0.01,0.01,0.0,0.024010689929127693,0.024010853841900826,177,-0.0005356189794838428,-0.00030038668774068356,3.089284896850586,12.587,0.0,64,LAND,False,STANDBY,10,6
2026-09-29T18:33:38.911816,-35.3632624,149.165238,0.003,-0.01,0.01,0.0,0.02370009943842888,0.02370031550526619,176,-0.0005321020144037902,-0.000298062339425087,3.0891597270965576,12.587,0.0,64,LAND,False,STANDBY,10,6
2026-09-29T18:33:39.412989,-35.3632624,149.165238,0.003,-0.01,0.01,0.0,0.023930707946419716,0.023931097239255905,176,-0.0005304614314809442,-0.00030600655009038746,3.08902645111084,12.587,0.0,64,LAND,False,STANDBY,10,6
2026-09-29T18:33:39.914157,-35.3632624,149.165238,0.003,-0.01,0.01,0.0,0.023561878129839897,0.023562531918287277,176,-0.0005294849979691207,-0.00030368787702172995,3.088883876800537,12.587,0.0,64,LAND,False,STANDBY,10,6
2026-09-29T18:33:40.414972,-35.3632624,149.165238,0.003,-0.01,0.01,0.0,0.02395065687596798,0.02395099587738514,176,-0.0005383673124015331,-0.0003187328402418643,3.088757038116455,12.587,0.0,64,LAND,False,STANDBY,10,6
2026-09-29T18:33:40.915750,-35.3632624,149.165238,0.003,-0.01,0.01,0.0,0.023765888065099716,0.02376638911664486,176,-0.0005296612507663667,-0.00031178240897133946,3.088632345199585,12.587,0.0,64,LAND,False,STANDBY,10,6
2026-09-29T18:33:41.416268,-35.3632624,149.165238,0.002,-0.01,0.01,0.0,0.024024035781621933,0.024025022983551025,176,-0.0005308622494339943,-0.00031761694117449224,3.088494062423706,12.587,0.0,64,LAND,False,STANDBY,10,6
2026-09-29T18:33:41.916833,-35.3632624,149.165238,0.002,-0.01,0.01,0.0,0.023579683154821396,0.023580284789204597,176,-0.0005121274152770638,-0.0003145791415590793,3.088379383087158,12.587,0.0,64,LAND,False,STANDBY,10,6
2026-09-29T18:33:42.417469,-35.3632624,149.165238,0.002,-0.01,0.01,0.0,0.023816591128706932,0.023817121982574463,176,-0.0005119784036651254,-0.0003159355837851763,3.0882723331451416,12.587,0.0,64,LAND,False,STANDBY,10,6
2026-09-29T18:33:42.918297,-35.3632624,149.165238,0.002,-0.01,0.01,0.0,0.02344617247581482,0.023446224629878998,176,-0.0005132548976689577,-0.0003131738631054759,3.0881640911102295,12.587,0.0,64,LAND,False,STANDBY,10,6
2026-09-29T18:33:43.418881,-35.3632624,149.165238,0.002,-0.01,0.01,0.0,0.02375146932899952,0.023751575499773026,176,-0.0005194126279093325,-0.0003154864243697375,3.08804988861084,12.587,0.0,64,LAND,False,STANDBY,10,6
2026-09-29T18:33:43.919567,-35.3632624,149.165238,0.002,-0.01,0.01,0.0,0.023385168984532356,0.023385437205433846,176,-0.000525865179952234,-0.00030826590955257416,3.087937831878662,12.587,0.0,64,LAND,False,STANDBY,10,6
2026-09-29T18:33:44.420461,-35.3632624,149.165238,0.002,-0.01,0.01,0.0,0.023821044713258743,0.023821674287319183,176,-0.000538124586455524,-0.0003133039572276175,3.087822675704956,12.587,0.0,64,LAND,False,STANDBY,10,6
2026-09-29T18:33:44.921153,-35.3632624,149.165238,0.002,-0.01,0.01,0.0,0.023594195023179054,0.023595480248332024,176,-0.0005329384584911168,-0.0003092921106144786,3.0877106189727783,12.587,0.0,64,LAND,False,STANDBY,10,6
2026-09-29T18:33:45.421791,-35.3632624,149.165238,0.002,-0.01,0.01,0.0,0.02395220473408699,0.0239538736641407,176,-0.000540911452844739,-0.00031528761610388756,3.087597131729126,12.587,0.0,64,LAND,False,STANDBY,10,6
2026-09-29T18:33:45.922461,-35.3632624,149.165238,0.002,-0.01,0.01,0.0,0.023609289899468422,0.02361171320080757,176,-0.0005446310970000923,-0.0003076540888287127,3.0874884128570557,12.587,0.0,64,LAND,False,STANDBY,10,6
2026-09-29T18:33:46.423089,-35.3632624,149.165238,0.002,-0.01,0.01,0.0,0.023903831839561462,0.02390642836689949,176,-0.0005407921271398664,-0.0003089048550464213,3.0873818397521973,12.587,0.0,64,LAND,False,STANDBY,10,6
2026-09-29T18:33:46.923613,-35.3632624,149.165238,0.002,-0.01,0.01,0.0,0.023734891787171364,0.023736605420708656,176,-0.0005302939680404961,-0.00031008620862849057,3.08727765083313,12.587,0.0,64,LAND,False,STANDBY,10,6
2026-09-29T18:33:47.424392,-35.3632624,149.165238,0.002,-0.01,0.01,0.0,0.024076266214251518,0.024078572168946266,176,-0.0005338224000297487,-0.00031717433012090623,3.087167978286743,12.587,0.0,64,LAND,False,STANDBY,10,6
2026-09-29T18:33:47.925160,-35.3632624,149.165238,0.002,-0.01,0.01,0.0,0.023869572207331657,0.023870714008808136,176,-0.0005251092370599508,-0.0003211016010027379,3.0870628356933594,12.587,0.0,64,LAND,False,STANDBY,10,6
2026-09-29T18:33:48.425845,-35.3632624,149.165238,0.002,-0.01,0.01,0.0,0.024450208991765976,0.024450723081827164,176,-0.0005445181159302592,-0.00033302465453743935,3.086956262588501,12.587,0.0,64,LAND,False,STANDBY,10,6
2026-09-29T18:33:48.926497,-35.3632624,149.165238,0.002,-0.01,0.01,0.0,0.024121331050992012,0.024121617898344994,176,-0.000538115855306387,-0.0003257070202380419,3.086855888366699,12.587,0.0,64,LAND,False,STANDBY,10,6
2026-09-29T18:33:49.426858,-35.3632624,149.165238,0.002,-0.01,0.01,0.0,0.024233071133494377,0.02423325926065445,176,-0.0005323304212652147,-0.00032834577723406255,3.08675479888916,12.587,0.0,64,LAND,False,STANDBY,10,6
2026-09-29T18:33:49.927903,-35.3632624,149.165238,0.002,-0.01,0.01,0.0,0.023902909830212593,0.02390301413834095,176,-0.0005234905984252691,-0.0003252653987146914,3.086660146713257,12.587,0.0,64,LAND,False,STANDBY,10,6
2026-09-29T18:33:50.428641,-35.3632624,149.165238,0.002,-0.01,0.01,0.0,0.024062203243374825,0.024062395095825195,176,-0.0005248175002634525,-0.00032819024636410177,3.0865581035614014,12.587,0.0,64,LAND,False,STANDBY,10,6
2026-09-29T18:33:50.929211,-35.3632624,149.165238,0.002,-0.01,0.01,0.0,0.023626355454325676,0.023626891896128654,176,-0.0005201321328058839,-0.00031416688580065966,3.0864670276641846,12.587,0.0,64,LAND,False,STANDBY,10,6
2026-09-29T18:33:51.430016,-35.3632624,149.165238,0.002,-0.01,0.01,0.0,0.024005932733416557,0.024005934596061707,176,-0.0005314473528414965,-0.00031868985388427973,3.0863780975341797,12.587,0.0,64,LAND,False,STANDBY,10,6
2026-09-29T18:33:51.930819,-35.3632624,149.165238,0.002,-0.01,0.01,0.0,0.023729251697659492,0.02372925728559494,176,-0.0005213154363445938,-0.0003127415257040411,3.086289882659912,12.587,0.0,64,LAND,False,STANDBY,10,6
2026-09-29T18:33:52.431453,-35.3632624,149.165238,0.002,-0.01,0.01,0.0,0.024108529090881348,0.024108562618494034,176,-0.0005237103905528784,-0.0003201556683052331,3.086189031600952,12.587,0.0,64,LAND,False,STANDBY,10,6
2026-09-29T18:33:52.931825,-35.3632624,149.165238,0.002,-0.01,0.01,0.0,0.023746414110064507,0.023746447637677193,176,-0.0005270204273983836,-0.00031042020418681204,3.0861077308654785,12.587,0.0,64,LAND,False,STANDBY,10,6
2026-09-29T18:33:53.432712,-35.3632624,149.165238,0.003,-0.01,0.01,0.0,0.023982875049114227,0.02398291602730751,176,-0.0005327256512828171,-0.00031113167642615736,3.086026906967163,12.587,0.0,64,LAND,False,STANDBY,10,6
2026-09-29T18:33:53.934670,-35.3632624,149.165238,0.003,-0.01,0.01,0.0,0.02380882389843464,0.02380899339914322,176,-0.0005248381639830768,-0.00030536993290297687,3.0859405994415283,12.587,0.0,64,LAND,False,STANDBY,10,6
2026-09-29T18:33:54.436465,-35.3632624,149.165238,0.003,-0.01,0.01,0.0,0.02395702712237835,0.023957284167408943,176,-0.0005210383096709847,-0.00030374416382983327,3.085860252380371,12.587,0.0,64,LAND,False,STANDBY,10,6
2026-09-29T18:33:54.942845,-35.3632624,149.165238,0.003,-0.01,0.01,0.0,0.02363247610628605,0.023632604628801346,176,-0.0005074040964245796,-0.0003000602300744504,3.085777997970581,12.587,0.0,64,LAND,False,STANDBY,10,6
2026-09-29T18:33:55.445043,-35.3632624,149.165238,0.003,-0.01,0.01,0.0,0.023862699046730995,0.02386278472840786,176,-0.0005082643474452198,-0.0003055285196751356,3.0856971740722656,12.587,0.0,64,LAND,False,STANDBY,10,6
2026-09-29T18:33:55.949070,-35.3632624,149.165238,0.003,-0.01,0.01,0.0,0.023529207333922386,0.02352921850979328,176,-0.0005081538110971451,-0.00029290435486473143,3.085578203201294,12.587,0.0,64,LAND,False,STANDBY,10,6
2026-09-29T18:33:56.459854,-35.3632624,149.165238,0.003,-0.01,0.01,0.0,0.023445703089237213,0.023446042090654373,176,-0.0005123503506183624,-0.0002938832330983132,3.085491895675659,12.587,0.0,64,LAND,False,STANDBY,10,6
2026-09-29T18:33:56.960505,-35.3632624,149.165238,0.003,-0.01,0.01,0.0,0.023340949788689613,0.02334100566804409,176,-0.0005077114910818636,-0.000291135860607028,3.085428237915039,12.587,0.0,64,LAND,False,STANDBY,10,6
2026-09-29T18:33:57.460932,-35.3632624,149.165238,0.003,-0.01,0.01,0.0,0.023316215723752975,0.023316826671361923,176,-0.0005077534588053823,-0.0002965478925034404,3.085361957550049,12.587,0.0,64,LAND,False,STANDBY,10,6
2026-09-29T18:33:57.963039,-35.3632624,149.165238,0.003,-0.01,0.01,0.0,0.023382583633065224,0.023382997140288353,176,-0.0005088811158202589,-0.0002954948868136853,3.0852885246276855,12.587,0.0,64,LAND,False,STANDBY,10,6
2026-09-29T18:33:58.463606,-35.3632624,149.165238,0.003,-0.01,0.01,0.0,0.023427892476320267,0.023428192362189293,176,-0.0005182497552596033,-0.00029151231865398586,3.085226535797119,12.587,0.0,64,LAND,False,STANDBY,10,6
2026-09-29T18:33:58.963827,-35.3632624,149.165238,0.003,-0.01,0.01,0.0,0.023496033623814583,0.023496637120842934,176,-0.0005202828906476498,-0.0002915270160883665,3.085155725479126,12.587,0.0,64,LAND,False,STANDBY,10,6
2026-09-29T18:33:59.464475,-35.3632624,149.165238,0.003,-0.01,0.01,0.0,0.023412957787513733,0.02341347001492977,176,-0.0005230795359238982,-0.0002904100401792675,3.085090398788452,12.587,0.0,64,LAND,False,STANDBY,10,6
2026-09-29T18:33:59.964946,-35.3632624,149.165238,0.003,-0.01,0.01,0.0,0.02360670082271099,0.023607037961483,176,-0.0005296761519275606,-0.0002909555332735181,3.0850179195404053,12.587,0.0,64,LAND,False,STANDBY,10,6
2026-09-29T18:34:00.465328,-35.3632624,149.165238,0.003,-0.01,0.01,0.0,0.023554062470793724,0.02355416864156723,176,-0.0005300952470861375,-0.0003050331142731011,3.0849452018737793,12.587,0.0,64,LAND,False,STANDBY,10,6
2026-09-29T18:34:00.965844,-35.3632624,149.165238,0.003,-0.01,0.01,0.0,0.02370571158826351,0.023705778643488884,176,-0.0005255605792626739,-0.00031383297755382955,3.08487606048584,12.587,0.0,64,LAND,False,STANDBY,10,6
2026-09-29T18:34:01.466147,-35.3632624,149.165238,0.003,-0.01,0.01,0.0,0.023765048012137413,0.023765068501234055,176,-0.0005311471759341657,-0.0003196369216311723,3.0848119258880615,12.587,0.0,64,LAND,False,STANDBY,10,6
2026-09-29T18:34:01.967916,-35.3632624,149.165238,0.003,-0.01,0.01,0.0,0.023863568902015686,0.023863568902015686,176,-0.0005282391211949289,-0.0003205508110113442,3.084733009338379,12.587,0.0,64,LAND,False,STANDBY,10,6
2026-09-29T18:34:02.468903,-35.3632624,149.165238,0.003,-0.01,0.01,0.0,0.02375277876853943,0.023752788081765175,176,-0.0005298655014485121,-0.00032366355299018323,3.084674596786499,12.587,0.0,64,LAND,False,STANDBY,10,6
2026-09-29T18:34:02.969366,-35.3632624,149.165238,0.003,-0.01,0.01,0.0,0.023866616189479828,0.023866981267929077,176,-0.0005183708271943033,-0.00031715011573396623,3.0846164226531982,12.587,0.0,64,LAND,False,STANDBY,10,6
2026-09-29T18:34:03.469831,-35.3632624,149.165238,0.003,-0.01,0.01,0.0,0.023835191503167152,0.02383548393845558,176,-0.0005207994254305959,-0.00031308684265241027,3.084557294845581,12.587,0.0,64,LAND,False,STANDBY,10,6
2026-09-29T18:34:03.970973,-35.3632624,149.165238,0.003,-0.01,0.01,0.0,0.023853959515690804,0.0238540917634964,176,-0.0005128828343003988,-0.00031391705852001905,3.084500789642334,12.587,0.0,64,LAND,False,STANDBY,10,6
2026-09-29T18:34:04.475547,-35.3632624,149.165238,0.003,-0.01,0.01,0.0,0.023719027638435364,0.023719031363725662,176,-0.0005161851295270026,-0.00031330977799370885,3.0844454765319824,12.587,0.0,64,LAND,False,STANDBY,10,6
2026-09-29T18:34:04.976095,-35.3632624,149.165238,0.003,-0.01,0.01,0.0,0.023979969322681427,0.023979995399713516,176,-0.0005193682736717165,-0.0003169713309034705,3.084385633468628,12.587,0.0,64,LAND,False,STANDBY,10,6
2026-09-29T18:34:05.476688,-35.3632624,149.165238,0.003,-0.01,0.01,0.0,0.0239200871437788,0.023920094594359398,176,-0.0005286286468617618,-0.0003181312931701541,3.084336280822754,12.587,0.0,64,LAND,False,STANDBY,10,6
2026-09-29T18:34:05.977276,-35.3632624,149.165238,0.003,-0.01,0.01,0.0,0.023954538628458977,0.023954546079039574,176,-0.0005222184699960053,-0.00031924041104502976,3.084282159805298,12.587,0.0,64,LAND,False,STANDBY,10,6
2026-09-29T18:34:06.477839,-35.3632624,149.165238,0.003,-0.01,0.01,0.0,0.023803802207112312,0.023803813382983208,176,-0.0005269065732136369,-0.00032899476354941726,3.084230661392212,12.587,0.0,64,LAND,False,STANDBY,10,6
2026-09-29T18:34:06.978152,-35.3632624,149.165238,0.003,-0.01,0.01,0.0,0.02390879951417446,0.02390880137681961,176,-0.0005314971785992384,-0.0003190816205460578,3.0841774940490723,12.587,0.0,64,LAND,False,STANDBY,10,6
2026-09-29T18:34:07.478428,-35.3632624,149.165238,0.003,-0.01,0.01,0.0,0.0237202700227499,0.02372027188539505,176,-0.0005261438200250268,-0.00031707112793810666,3.0841336250305176,12.587,0.0,64,LAND,False,STANDBY,10,6
2026-09-29T18:34:07.979038,-35.3632624,149.165238,0.003,-0.01,0.01,0.0,0.023742908611893654,0.023742930963635445,176,-0.0005203640321269631,-0.0003176176396664232,3.084068536758423,12.587,0.0,64,LAND,False,STANDBY,10,6
2026-09-29T18:34:08.479673,-35.3632624,149.165238,0.003,-0.01,0.01,0.0,0.023871738463640213,0.023871740326285362,176,-0.0005265186773613095,-0.000321257917676121,3.084012031555176,12.587,0.0,64,LAND,False,STANDBY,10,6
2026-09-29T18:34:08.980130,-35.3632624,149.165238,0.003,-0.01,0.01,0.0,0.024091914296150208,0.024092093110084534,176,-0.0005336771719157696,-0.00032338875462301075,3.083954095840454,12.587,0.0,64,LAND,False,STANDBY,10,6
2026-09-29T18:34:09.480868,-35.3632624,149.165238,0.003,-0.01,0.01,0.0,0.024140892550349236,0.02414090372622013,176,-0.0005330814747139812,-0.00033790370798669755,3.083915948867798,12.587,0.0,64,LAND,False,STANDBY,10,6
2026-09-29T18:34:09.981182,-35.3632624,149.165238,0.003,-0.01,0.01,0.0,0.023966185748577118,0.023966236039996147,176,-0.0005194481345824897,-0.0003337837115395814,3.0838663578033447,12.587,0.0,64,LAND,False,STANDBY,10,6
2026-09-29T18:34:10.481817,-35.3632624,149.165238,0.003,-0.01,0.01,0.0,0.023935465142130852,0.023935532197356224,176,-0.0005275806179270148,-0.0003313531924504787,3.0838115215301514,12.587,0.0,64,LAND,False,STANDBY,10,6
2026-09-29T18:34:10.982473,-35.3632624,149.165238,0.003,-0.01,0.01,0.0,0.023974508047103882,0.02397468127310276,176,-0.0005243875202722847,-0.00032138905953615904,3.0837719440460205,12.587,0.0,64,LAND,False,STANDBY,10,6
2026-09-29T18:34:11.482824,-35.3632624,149.165238,0.003,-0.01,0.01,0.0,0.023831600323319435,0.023831864818930626,176,-0.0005221802857704461,-0.00032139813993126154,3.0837271213531494,12.587,0.0,64,LAND,False,STANDBY,10,6
2026-09-29T18:34:11.983081,-35.3632624,149.165238,0.003,-0.01,0.01,0.0,0.023803219199180603,0.023803645744919777,176,-0.0005256853182800114,-0.0003205451648682356,3.0836875438690186,12.587,0.0,64,LAND,False,STANDBY,10,6
2026-09-29T18:34:12.484059,-35.3632624,149.165238,0.003,-0.01,0.01,0.0,0.023774519562721252,0.023774730041623116,176,-0.0005268917302601039,-0.00032036443008109927,3.083641290664673,12.587,0.0,64,LAND,False,STANDBY,10,6
2026-09-29T18:34:12.984510,-35.3632624,149.165238,0.003,-0.01,0.01,0.0,0.023804837837815285,0.023805031552910805,176,-0.0005330948624759912,-0.00031764229061082006,3.083594560623169,12.587,0.0,64,LAND,False,STANDBY,10,6
2026-09-29T18:34:13.485074,-35.3632624,149.165238,0.003,-0.01,0.01,0.0,0.023779472336173058,0.023779522627592087,176,-0.0005353884189389646,-0.00031805873732082546,3.0835559368133545,12.587,0.0,64,LAND,False,STANDBY,10,6
2026-09-29T18:34:13.985543,-35.3632624,149.165238,0.003,-0.01,0.01,0.0,0.023895492777228355,0.023895520716905594,176,-0.0005382874514907598,-0.0003152631688863039,3.083512544631958,12.587,0.0,64,LAND,False,STANDBY,10,6
2026-09-29T18:34:14.486048,-35.3632624,149.165238,0.003,-0.01,0.01,0.0,0.024171270430088043,0.02417149394750595,176,-0.000539825763553381,-0.00032346497755497694,3.08347749710083,12.587,0.0,64,LAND,False,STANDBY,10,6
2026-09-29T18:34:14.986291,-35.3632624,149.165238,0.003,-0.01,0.01,0.0,0.024048974737524986,0.024049265310168266,176,-0.0005371881416067481,-0.00031016053981147707,3.0834381580352783,12.587,0.0,64,LAND,False,STANDBY,10,6
2026-09-29T18:34:15.486992,-35.3632624,149.165238,0.003,-0.01,0.01,0.0,0.023998258635401726,0.023999903351068497,176,-0.000539243221282959,-0.00030800874810665846,3.083401679992676,12.587,0.0,64,LAND,False,STANDBY,10,6
2026-09-29T18:34:15.987358,-35.3632624,149.165238,0.003,-0.01,0.01,0.0,0.023873696103692055,0.02387457899749279,176,-0.000531152356415987,-0.00030100520234555006,3.0833656787872314,12.587,0.0,64,LAND,False,STANDBY,10,6
2026-09-29T18:34:16.488002,-35.3632624,149.165238,0.003,-0.01,0.01,0.0,0.02386345900595188,0.023863930255174637,176,-0.0005308543331921101,-0.0003121337213087827,3.083333730697632,12.587,0.0,64,LAND,False,STANDBY,10,6
2026-09-29T18:34:16.988394,-35.3632624,149.165238,0.003,-0.01,0.01,0.0,0.023957544937729836,0.023957761004567146,176,-0.0005232658586464822,-0.00031237772782333195,3.0832972526550293,12.587,0.0,64,LAND,False,STANDBY,10,6
2026-09-29T18:34:17.488827,-35.3632624,149.165238,0.003,-0.01,0.01,0.0,0.02396901696920395,0.023969478905200958,176,-0.0005311947898007929,-0.0003156185557600111,3.083245277404785,12.587,0.0,64,LAND,False,STANDBY,10,6
2026-09-29T18:34:17.989493,-35.3632624,149.165238,0.002,-0.01,0.01,0.0,0.023997008800506592,0.02399764023721218,176,-0.0005194765981286764,-0.00032387569081038237,3.083216905593872,12.587,0.0,64,LAND,False,STANDBY,10,6
2026-09-29T18:34:18.490306,-35.3632624,149.165238,0.002,-0.01,0.01,0.0,0.024041786789894104,0.02404237724840641,176,-0.0005227706278674304,-0.00032403311342932284,3.0831873416900635,12.587,0.0,64,LAND,False,STANDBY,10,6
2026-09-29T18:34:18.990975,-35.3632624,149.165238,0.002,-0.01,0.01,0.0,0.024015529081225395,0.024016093462705612,176,-0.0005194097175262868,-0.0003243563405703753,3.0831611156463623,12.587,0.0,64,LAND,False,STANDBY,10,6
2026-09-29T18:34:19.491638,-35.3632624,149.165238,0.002,-0.01,0.01,0.0,0.024088207632303238,0.024088354781270027,176,-0.0005167056806385517,-0.0003234059549868107,3.0831358432769775,12.587,0.0,64,LAND,False,STANDBY,10,6
2026-09-29T18:34:19.992294,-35.3632624,149.165238,0.002,-0.01,0.01,0.0,0.023970885202288628,0.023971255868673325,176,-0.0005085550947114825,-0.0003237758355680853,3.083113193511963,12.587,0.0,64,LAND,False,STANDBY,10,6
2026-09-29T18:34:20.492821,-35.3632624,149.165238,0.002,-0.01,0.01,0.0,0.024012893438339233,0.02401319146156311,176,-0.0005017659277655184,-0.0003210378927178681,3.0830867290496826,12.587,0.0,64,LAND,False,STANDBY,10,6
2026-09-29T18:34:20.993420,-35.3632624,149.165238,0.002,-0.01,0.01,0.0,0.02375972457230091,0.02376006543636322,176,-0.000495287065859884,-0.0003129868709947914,3.0830585956573486,12.587,0.0,64,LAND,False,STANDBY,10,6
2026-09-29T18:34:21.494018,-35.3632624,149.165238,0.002,-0.01,0.01,0.0,0.02363411895930767,0.023635035380721092,176,-0.0004932875744998455,-0.0003190168645232916,3.083037853240967,12.587,0.0,64,LAND,False,STANDBY,10,6
2026-09-29T18:34:21.994659,-35.3632624,149.165238,0.002,-0.01,0.01,0.0,0.023561259731650352,0.02356286533176899,176,-0.0004943175008520484,-0.00032363529317080975,3.083014726638794,12.587,0.0,64,LAND,False,STANDBY,10,6
2026-09-29T18:34:22.494814,-35.3632624,149.165238,0.002,-0.01,0.01,0.0,0.02346540242433548,0.023467829450964928,176,-0.0004966058186255395,-0.00031775946263223886,3.082991361618042,12.587,0.0,64,LAND,False,STANDBY,10,6
2026-09-29T18:34:22.995254,-35.3632624,149.165238,0.002,-0.01,0.01,0.0,0.023486951366066933,0.023488003760576248,176,-0.0005055509973317385,-0.0003168809344060719,3.0829596519470215,12.587,0.0,64,LAND,False,STANDBY,10,6
2026-09-29T18:34:23.495827,-35.3632624,149.165238,0.002,-0.01,0.01,0.0,0.023429615423083305,0.023430032655596733,176,-0.000503923452924937,-0.00031580208451487124,3.0829360485076904,12.587,0.0,64,LAND,False,STANDBY,10,6
2026-09-29T18:34:23.996456,-35.3632624,149.165238,0.002,-0.01,0.01,0.0,0.02359810657799244,0.02359924279153347,176,-0.0004981867386959493,-0.0003127960371784866,3.082916259765625,12.587,0.0,64,LAND,False,STANDBY,10,6
2026-09-29T18:34:24.497052,-35.3632624,149.165238,0.002,-0.01,0.01,0.0,0.0234241783618927,0.0234247837215662,176,-0.0004951459122821689,-0.00030820793472230434,3.0828919410705566,12.587,0.0,64,LAND,False,STANDBY,10,6
2026-09-29T18:34:24.997476,-35.3632624,149.165238,0.002,-0.01,0.01,0.0,0.023328742012381554,0.023329317569732666,176,-0.0005065245786681771,-0.00030270195566117764,3.0828733444213867,12.587,0.0,64,LAND,False,STANDBY,10,6
2026-09-29T18:34:25.497878,-35.3632624,149.165238,0.002,-0.01,0.01,0.0,0.023461949080228806,0.02346344105899334,176,-0.000521086563821882,-0.00030394294299185276,3.082852363586426,12.587,0.0,64,LAND,False,STANDBY,10,6
2026-09-29T18:34:25.998279,-35.3632624,149.165238,0.002,-0.01,0.01,0.0,0.023612692952156067,0.023614926263689995,176,-0.0005224051419645548,-0.00029438448837026954,3.0828325748443604,12.587,0.0,64,LAND,False,STANDBY,10,6
2026-09-29T18:34:26.498848,-35.3632624,149.165238,0.002,-0.01,0.01,0.0,0.023489749059081078,0.02349095232784748,176,-0.0005263434140942991,-0.0002986440958920866,3.082808494567871,12.587,0.0,64,LAND,False,STANDBY,10,6
2026-09-29T18:34:26.999240,-35.3632624,149.165238,0.002,-0.01,0.01,0.0,0.023643484339118004,0.023645127192139626,176,-0.000531128840520978,-0.00029145076405256987,3.0827932357788086,12.587,0.0,64,LAND,False,STANDBY,10,6
2026-09-29T18:34:27.499826,-35.3632624,149.165238,0.002,-0.01,0.01,0.0,0.02354789897799492,0.023549281060695648,176,-0.0005271909176371992,-0.00028495732112787664,3.0827813148498535,12.587,0.0,64,LAND,False,STANDBY,10,6
2026-09-29T18:34:28.000124,-35.3632624,149.165238,0.002,-0.01,0.01,0.0,0.02362642250955105,0.02362712286412716,176,-0.0005199229344725609,-0.0002794313768390566,3.082764148712158,12.587,0.0,64,LAND,False,STANDBY,10,6
2026-09-29T18:34:28.500727,-35.3632624,149.165238,0.002,-0.01,0.01,0.0,0.023380251601338387,0.023380575701594353,176,-0.00052090227836743,-0.0002789322752505541,3.082754135131836,12.587,0.0,64,LAND,False,STANDBY,10,6
2026-09-29T18:34:29.001278,-35.3632624,149.165238,0.002,-0.01,0.01,0.0,0.023425672203302383,0.0234259944409132,176,-0.0005165078327991068,-0.00027417350793257356,3.0827248096466064,12.587,0.0,64,LAND,False,STANDBY,10,6
2026-09-29T18:34:29.501831,-35.3632624,149.165238,0.002,-0.01,0.01,0.0,0.023496035486459732,0.023496108129620552,176,-0.000519830035045743,-0.00028249446768313646,3.08271861076355,12.587,0.0,64,LAND,False,STANDBY,10,6
2026-09-29T18:34:30.002275,-35.3632624,149.165238,0.002,-0.01,0.01,0.0,0.02353799343109131,0.023538468405604362,176,-0.0005224128253757954,-0.00028902071062475443,3.0826942920684814,12.587,0.0,64,LAND,False,STANDBY,10,6
2026-09-29T18:34:30.502940,-35.3632624,149.165238,0.002,-0.01,0.01,0.0,0.02347475104033947,0.02347492426633835,176,-0.0005291131674312055,-0.000290507945464924,3.0826830863952637,12.587,0.0,64,LAND,False,STANDBY,10,6
2026-09-29T18:34:31.003290,-35.3632624,149.165238,0.002,-0.01,0.01,0.0,0.023398850113153458,0.023398909717798233,176,-0.000527802505530417,-0.00029022316448390484,3.082671880722046,12.587,0.0,64,LAND,False,STANDBY,10,6
2026-09-29T18:34:31.503825,-35.3632624,149.165238,0.002,-0.01,0.01,0.0,0.023287994787096977,0.023288147523999214,176,-0.0005252950941212475,-0.00029099753010086715,3.082653284072876,12.587,0.0,64,LAND,False,STANDBY,10,6
2026-09-29T18:34:32.004410,-35.3632624,149.165238,0.002,-0.01,0.01,0.0,0.023364147171378136,0.023364147171378136,176,-0.0005210453527979553,-0.000301555817713961,3.0826401710510254,12.587,0.0,64,LAND,False,STANDBY,10,6
2026-09-29T18:34:32.504849,-35.3632624,149.165238,0.002,-0.01,0.01,0.0,0.023430202156305313,0.02343028038740158,176,-0.0005183042376302183,-0.0003087865770794451,3.0826315879821777,12.587,0.0,64,LAND,False,STANDBY,10,6
2026-09-29T18:34:33.005587,-35.3632624,149.165238,0.003,-0.01,0.01,0.0,0.023560596629977226,0.023561576381325722,176,-0.0005169185460545123,-0.00030659924959763885,3.0826187133789062,12.587,0.0,64,LAND,False,STANDBY,10,6
2026-09-29T18:34:33.506294,-35.3632624,149.165238,0.003,-0.01,0.01,0.0,0.023628300055861473,0.023628853261470795,176,-0.0005191689706407487,-0.0003176051832269877,3.0826053619384766,12.587,0.0,64,LAND,False,STANDBY,10,6
2026-09-29T18:34:34.007142,-35.3632624,149.165238,0.003,-0.01,0.01,0.0,0.023939820006489754,0.02394033409655094,176,-0.0005185368936508894,-0.0003236674820072949,3.082583427429199,12.587,0.0,64,LAND,False,STANDBY,10,6
2026-09-29T18:34:34.507711,-35.3632624,149.165238,0.003,-0.01,0.01,0.0,0.024052754044532776,0.02405364438891411,176,-0.0005228371592238545,-0.00031939405016601086,3.082573890686035,12.587,0.0,64,LAND,False,STANDBY,10,6
2026-09-29T18:34:35.008357,-35.3632624,149.165238,0.003,-0.01,0.01,0.0,0.024029983207583427,0.024030543863773346,176,-0.0005254466086626053,-0.0003170390846207738,3.0825655460357666,12.587,0.0,64,LAND,False,STANDBY,10,6
2026-09-29T18:34:35.509087,-35.3632624,149.165238,0.003,-0.01,0.01,0.0,0.024075571447610855,0.02407669834792614,176,-0.0005287681706249714,-0.00031839459552429616,3.082547187805176,12.587,0.0,64,LAND,False,STANDBY,10,6
2026-09-29T18:34:36.009729,-35.3632624,149.165238,0.003,-0.01,0.01,0.0,0.023938361555337906,0.02393907867372036,176,-0.000520053319633007,-0.00032161836861632764,3.082540273666382,12.587,0.0,64,LAND,False,STANDBY,10,6
2026-09-29T18:34:36.510396,-35.3632624,149.165238,0.003,-0.01,0.01,0.0,0.023888343945145607,0.023888366296887398,176,-0.0005242483457550406,-0.0003192993754055351,3.0825276374816895,12.587,0.0,64,LAND,False,STANDBY,10,6
2026-09-29T18:34:37.010857,-35.3632624,149.165238,0.003,-0.01,0.01,0.0,0.02366667240858078,0.023666750639677048,176,-0.000523306371178478,-0.00030052533838897943,3.082523822784424,12.587,0.0,64,LAND,False,STANDBY,10,6
2026-09-29T18:34:37.511544,-35.3632624,149.165238,0.003,-0.01,0.01,0.0,0.02364979311823845,0.023649826645851135,176,-0.0005327659309841692,-0.00030775702907703817,3.082514762878418,12.587,0.0,64,LAND,False,STANDBY,10,6
2026-09-29T18:34:38.012061,-35.3632624,149.165238,0.003,-0.01,0.01,0.0,0.02380327135324478,0.02380329743027687,176,-0.0005366185796447098,-0.00031532187131233513,3.0824925899505615,12.587,0.0,64,LAND,False,STANDBY,10,6
2026-09-29T18:34:38.512606,-35.3632624,149.165238,0.003,-0.01,0.01,0.0,0.02388582192361355,0.02388584427535534,176,-0.0005395805346779525,-0.00031632266473025084,3.0824880599975586,12.587,0.0,64,LAND,False,STANDBY,10,6
2026-09-29T18:34:39.013156,-35.3632624,149.165238,0.003,-0.01,0.01,0.0,0.023932935670018196,0.023932937532663345,176,-0.0005323013756424189,-0.0003144723305013031,3.082481861114502,12.587,0.0,64,LAND,False,STANDBY,10,6
2026-09-29T18:34:39.513789,-35.3632624,149.165238,0.003,-0.01,0.01,0.0,0.023912489414215088,0.023912547156214714,176,-0.0005314546870067716,-0.0003136295999865979,3.082468271255493,12.587,0.0,64,LAND,False,STANDBY,10,6
2026-09-29T18:34:40.014474,-35.3632624,149.165238,0.003,-0.01,0.01,0.0,0.023885486647486687,0.023885508999228477,176,-0.0005308580584824085,-0.00030663111829198897,3.0824620723724365,12.587,0.0,64,LAND,False,STANDBY,10,6
2026-09-29T18:34:40.514823,-35.3632624,149.165238,0.003,-0.01,0.01,0.0,0.023872941732406616,0.02387363836169243,176,-0.0005337652401067317,-0.00030591365066356957,3.0824553966522217,12.587,0.0,64,LAND,False,STANDBY,10,6
2026-09-29T18:34:41.015385,-35.3632624,149.165238,0.003,-0.01,0.01,0.0,0.02387990429997444,0.023880356922745705,176,-0.0005255320575088263,-0.00029792936402373016,3.0824546813964844,12.587,0.0,64,LAND,False,STANDBY,10,6
2026-09-29T18:34:41.515823,-35.3632624,149.165238,0.003,-0.01,0.01,0.0,0.024026846513152122,0.024026846513152122,176,-0.0005251665716059506,-0.00030447845347225666,3.0824451446533203,12.587,0.0,64,LAND,False,STANDBY,10,6
2026-09-29T18:34:42.016439,-35.3632624,149.165238,0.003,-0.01,0.01,0.0,0.02383114956319332,0.02383122593164444,176,-0.0005255462601780891,-0.00029708122019656,3.082449197769165,12.587,0.0,64,LAND,False,STANDBY,10,6
2026-09-29T18:34:42.516830,-35.3632624,149.165238,0.003,-0.01,0.01,0.0,0.02376387268304825,0.023764535784721375,176,-0.0005229454836808145,-0.0003073589759878814,3.08244252204895,12.587,0.0,64,LAND,False,STANDBY,10,6
2026-09-29T18:34:43.017433,-35.3632624,149.165238,0.003,-0.01,0.01,0.0,0.02376517653465271,0.0237655658274889,176,-0.0005154077662155032,-0.00030719206552021205,3.0824432373046875,12.587,0.0,64,LAND,False,STANDBY,10,6
2026-09-29T18:34:43.517817,-35.3632624,149.165238,0.003,-0.01,0.01,0.0,0.02384953200817108,0.023849546909332275,176,-0.0005139161949045956,-0.0003087481309194118,3.082427501678467,12.587,0.0,64,LAND,False,STANDBY,10,6
2026-09-29T18:34:44.018143,-35.3632624,149.165238,0.003,-0.01,0.01,0.0,0.023880962282419205,0.02388099953532219,176,-0.0005129798664711416,-0.0003072980616707355,3.082422971725464,12.587,0.0,64,LAND,False,STANDBY,10,6
2026-09-29T18:34:44.518825,-35.3632624,149.165238,0.003,-0.01,0.01,0.0,0.023683225736021996,0.023683832958340645,176,-0.0005103930598124862,-0.0003062155738007277,3.0824272632598877,12.587,0.0,64,LAND,False,STANDBY,10,6
2026-09-29T18:34:45.019211,-35.3632624,149.165238,0.003,-0.01,0.01,0.0,0.0237016249448061,0.023702524602413177,176,-0.0005074400687590241,-0.00030137403518892825,3.0824265480041504,12.587,0.0,64,LAND,False,STANDBY,10,6
2026-09-29T18:34:45.519825,-35.3632624,149.165238,0.003,-0.01,0.01,0.0,0.023739758878946304,0.023740245029330254,176,-0.0005124451708979905,-0.000301183172268793,3.0824270248413086,12.587,0.0,64,LAND,False,STANDBY,10,6
2026-09-29T18:34:46.020471,-35.3632624,149.165238,0.003,-0.01,0.01,0.0,0.02376638911664486,0.023766690865159035,176,-0.0005098809488117695,-0.000298066035611555,3.082430362701416,12.587,0.0,64,LAND,False,STANDBY,10,6
2026-09-29T18:34:46.521150,-35.3632624,149.165238,0.003,-0.01,0.01,0.0,0.023637035861611366,0.023637108504772186,176,-0.0005202757893130183,-0.0003091252874583006,3.082425594329834,12.587,0.0,64,LAND,False,STANDBY,10,6
2026-09-29T18:34:47.021868,-35.3632624,149.165238,0.003,-0.01,0.01,0.0,0.023579658940434456,0.023579729720950127,176,-0.0005177212879061699,-0.00030602203332819045,3.0824220180511475,12.587,0.0,64,LAND,False,STANDBY,10,6
2026-09-29T18:34:47.522671,-35.3632624,149.165238,0.003,-0.01,0.01,0.0,0.023685893043875694,0.023685958236455917,176,-0.0005200267769396305,-0.0003135242441203445,3.0824224948883057,12.587,0.0,64,LAND,False,STANDBY,10,6
2026-09-29T18:34:48.023343,-35.3632624,149.165238,0.003,-0.01,0.01,0.0,0.02372002974152565,0.023720059543848038,176,-0.0005160761065781116,-0.00031293294159695506,3.082427740097046,12.587,0.0,64,LAND,False,STANDBY,10,6
2026-09-29T18:34:48.523579,-35.3632624,149.165238,0.003,-0.01,0.01,0.0,0.023764299228787422,0.023764317855238914,176,-0.0005209503578953445,-0.00031330075580626726,3.082427501678467,12.587,0.0,64,LAND,False,STANDBY,10,6
2026-09-29T18:34:49.024420,-35.3632624,149.165238,0.003,-0.01,0.01,0.0,0.02376313880085945,0.02376313880085945,176,-0.0005089387414045632,-0.0003079832822550088,3.0824224948883057,12.587,0.0,64,LAND,False,STANDBY,10,6
2026-09-29T18:34:49.525084,-35.3632624,149.165238,0.003,-0.01,0.01,0.0,0.02363571710884571,0.02363574504852295,176,-0.0005127752083353698,-0.0003037142159882933,3.0824310779571533,12.587,0.0,64,LAND,False,STANDBY,10,6
2026-09-29T18:34:50.025754,-35.3632624,149.165238,0.003,-0.01,0.01,0.0,0.023692205548286438,0.023692281916737556,176,-0.0005202835309319198,-0.0003017136186826974,3.0824244022369385,12.587,0.0,64,LAND,False,STANDBY,10,6
2026-09-29T18:34:50.526325,-35.3632624,149.165238,0.003,-0.01,0.01,0.0,0.02388763055205345,0.02388768270611763,176,-0.000527133175637573,-0.00030845290166325867,3.082427740097046,12.587,0.0,64,LAND,False,STANDBY,10,6
2026-09-29T18:34:51.026851,-35.3632624,149.165238,0.003,-0.01,0.01,0.0,0.023941120132803917,0.023941172286868095,176,-0.0005270508117973804,-0.000312822317937389,3.082427978515625,12.587,0.0,64,LAND,False,STANDBY,10,6
2026-09-29T18:34:51.527512,-35.3632624,149.165238,0.003,-0.01,0.01,0.0,0.024089040234684944,0.024089155718684196,176,-0.0005233932752162218,-0.00031755786039866507,3.0824310779571533,12.587,0.0,64,LAND,False,STANDBY,10,6
2026-09-29T18:34:52.028093,-35.3632624,149.165238,0.003,-0.01,0.01,0.0,0.023966368287801743,0.02396652102470398,176,-0.0005211110692471266,-0.00031557140755467117,3.082429885864258,12.587,0.0,64,LAND,False,STANDBY,10,6
2026-09-29T18:34:52.528568,-35.3632624,149.165238,0.003,-0.01,0.01,0.0,0.023873014375567436,0.02387305162847042,176,-0.0005214732955209911,-0.0003175132442265749,3.0824356079101562,12.587,0.0,64,LAND,False,STANDBY,10,6
2026-09-29T18:34:53.029004,-35.3632624,149.165238,0.003,-0.01,0.01,0.0,0.023859741166234016,0.023859847337007523,176,-0.0005136418621987104,-0.00031986128306016326,3.082437753677368,12.587,0.0,64,LAND,False,STANDBY,10,6
2026-09-29T18:34:53.529305,-35.3632624,149.165238,0.003,-0.01,0.01,0.0,0.023825544863939285,0.02382558397948742,176,-0.0005126480245962739,-0.00032905113766901195,3.0824432373046875,12.587,0.0,64,LAND,False,STANDBY,10,6
2026-09-29T18:34:54.030015,-35.3632624,149.165238,0.003,-0.01,0.01,0.0,0.023748524487018585,0.023748628795146942,176,-0.0005069489707238972,-0.00032786070369184017,3.0824532508850098,12.587,0.0,64,LAND,False,STANDBY,10,6
2026-09-29T18:34:54.530809,-35.3632624,149.165238,0.003,-0.01,0.01,0.0,0.023745864629745483,0.02374638430774212,176,-0.0005028630839660764,-0.0003397886757738888,3.082448959350586,12.587,0.0,64,LAND,False,STANDBY,10,6
2026-09-29T18:34:55.031564,-35.3632624,149.165238,0.003,-0.01,0.01,0.0,0.023956002667546272,0.02395676076412201,176,-0.0005019581876695156,-0.0003416822000872344,3.082443952560425,12.587,0.0,64,LAND,False,STANDBY,10,6
2026-09-29T18:34:55.531929,-35.3632624,149.165238,0.003,-0.01,0.01,0.0,0.024008071050047874,0.02400893159210682,176,-0.0005124358576722443,-0.00033707419061101973,3.0824484825134277,12.587,0.0,64,LAND,False,STANDBY,10,6
2026-09-29T18:34:56.032235,-35.3632624,149.165238,0.002,-0.01,0.01,0.0,0.02419244684278965,0.02419314906001091,176,-0.0005209597293287516,-0.00033579219598323107,3.082454204559326,12.587,0.0,64,LAND,False,STANDBY,10,6
2026-09-29T18:34:56.532970,-35.3632624,149.165238,0.002,-0.01,0.01,0.0,0.02415699139237404,0.024158746004104614,176,-0.0005224597989581525,-0.0003286363207735121,3.0824592113494873,12.587,0.0,64,LAND,False,STANDBY,10,6
2026-09-29T18:34:57.033766,-35.3632624,149.165238,0.002,-0.01,0.01,0.0,0.024042999371886253,0.02404496632516384,176,-0.0005100858979858458,-0.00031807637424208224,3.082465410232544,12.587,0.0,64,LAND,False,STANDBY,10,6
2026-09-29T18:34:57.534484,-35.3632624,149.165238,0.002,-0.01,0.01,0.0,0.024015212431550026,0.02401718497276306,176,-0.0005128718330524862,-0.0003168328257743269,3.0824778079986572,12.587,0.0,64,LAND,False,STANDBY,10,6
2026-09-29T18:34:58.035072,-35.3632624,149.165238,0.002,-0.01,0.01,0.0,0.023683462291955948,0.023684442043304443,176,-0.0005132310325279832,-0.0003048148355446756,3.082486391067505,12.587,0.0,64,LAND,False,STANDBY,10,6
2026-09-29T18:34:58.535527,-35.3632624,149.165238,0.002,-0.01,0.01,0.0,0.02363053523004055,0.023632127791643143,176,-0.0005071964696981013,-0.00030724730459041893,3.0824966430664062,12.587,0.0,64,LAND,False,STANDBY,10,6
2026-09-29T18:34:59.035815,-35.3632624,149.165238,0.002,-0.01,0.01,0.0,0.02367229573428631,0.02367383800446987,176,-0.0005125872557982802,-0.00030246589449234307,3.0824873447418213,12.587,0.0,64,LAND,False,STANDBY,10,6
2026-09-29T18:34:59.536460,-35.3632624,149.165238,0.002,-0.01,0.01,0.0,0.023630810901522636,0.023632826283574104,176,-0.0005168594652786851,-0.00029910934972576797,3.082500696182251,12.587,0.0,64,LAND,False,STANDBY,10,6
2026-09-29T18:35:00.036900,-35.3632624,149.165238,0.002,-0.01,0.01,0.0,0.02368542179465294,0.023686246946454048,176,-0.0005195668200030923,-0.00029756882577203214,3.082512855529785,12.587,0.0,64,LAND,False,STANDBY,10,6
2026-09-29T18:35:00.537650,-35.3632624,149.165238,0.002,-0.01,0.01,0.0,0.023748455569148064,0.02374884858727455,176,-0.0005254459101706743,-0.00030183378839865327,3.0825209617614746,12.587,0.0,64,LAND,False,STANDBY,10,6
2026-09-29T18:35:01.038391,-35.3632624,149.165238,0.002,-0.01,0.01,0.0,0.023811182007193565,0.02381134033203125,176,-0.000518650864250958,-0.00029543531127274036,3.0825271606445312,12.587,0.0,64,LAND,False,STANDBY,10,6
2026-09-29T18:35:01.538917,-35.3632624,149.165238,0.002,-0.01,0.01,0.0,0.023722723126411438,0.023722723126411438,176,-0.000513085222337395,-0.0002947223838418722,3.082534074783325,12.587,0.0,64,LAND,False,STANDBY,10,6
2026-09-29T18:35:02.039971,-35.3632624,149.165238,0.002,-0.01,0.01,0.0,0.023599402979016304,0.02359944023191929,176,-0.0005121136200614274,-0.00029227949562482536,3.0825555324554443,12.587,0.0,64,LAND,False,STANDBY,10,6
2026-09-29T18:35:02.540482,-35.3632624,149.165238,0.002,-0.01,0.01,0.0,0.02385331131517887,0.02385338768362999,176,-0.0005196498241275549,-0.00029641989385709167,3.0825631618499756,12.587,0.0,64,LAND,False,STANDBY,10,6
2026-09-29T18:35:03.041368,-35.3632624,149.165238,0.003,-0.01,0.01,0.0,0.023578202351927757,0.023578714579343796,176,-0.0005154929240234196,-0.00030135034467093647,3.0825788974761963,12.587,0.0,64,LAND,False,STANDBY,10,6
2026-09-29T18:35:03.542196,-35.3632624,149.165238,0.003,-0.01,0.01,0.0,0.023687513545155525,0.023687781766057014,176,-0.000522189773619175,-0.0003115038271062076,3.0825793743133545,12.587,0.0,64,LAND,False,STANDBY,10,6
2026-09-29T18:35:04.042826,-35.3632624,149.165238,0.003,-0.01,0.01,0.0,0.023748883977532387,0.023749465122818947,176,-0.0005109664052724838,-0.00030671502463519573,3.0825905799865723,12.587,0.0,64,LAND,False,STANDBY,10,6
2026-09-29T18:35:04.543246,-35.3632624,149.165238,0.003,-0.01,0.01,0.0,0.02369512990117073,0.023695465177297592,176,-0.0005136395338922739,-0.0003032235545106232,3.0825865268707275,12.587,0.0,64,LAND,False,STANDBY,10,6
2026-09-29T18:35:05.043833,-35.3632624,149.165238,0.003,-0.01,0.01,0.0,0.0236721970140934,0.02367304638028145,176,-0.0005165613838471472,-0.00029816688038408756,3.0826001167297363,12.587,0.0,64,LAND,False,STANDBY,10,6
2026-09-29T18:35:05.544731,-35.3632624,149.165238,0.003,-0.01,0.01,0.0,0.023590758442878723,0.02359098568558693,176,-0.000518379791174084,-0.0002939606783911586,3.082603931427002,12.587,0.0,64,LAND,False,STANDBY,10,6
2026-09-29T18:35:06.045245,-35.3632624,149.165238,0.003,-0.01,0.01,0.0,0.023590929806232452,0.02359107695519924,176,-0.0005244853091426194,-0.00028650983585976064,3.0826218128204346,12.587,0.0,64,LAND,False,STANDBY,10,6
2026-09-29T18:35:06.545948,-35.3632624,149.165238,0.003,-0.01,0.01,0.0,0.02362947352230549,0.02362959459424019,176,-0.0005305642844177783,-0.00029611901845782995,3.0826332569122314,12.587,0.0,64,LAND,False,STANDBY,10,6
2026-09-29T18:35:07.046483,-35.3632624,149.165238,0.003,-0.01,0.01,0.0,0.023752368986606598,0.023752471432089806,176,-0.0005373335443437099,-0.0003038612485397607,3.082648277282715,12.587,0.0,64,LAND,False,STANDBY,10,6
2026-09-29T18:35:07.547076,-35.3632624,149.165238,0.003,-0.01,0.01,0.0,0.0237567201256752,0.023756755515933037,176,-0.0005373061285354197,-0.00031027200748212636,3.0826573371887207,12.587,0.0,64,LAND,False,STANDBY,10,6
2026-09-29T18:35:08.047363,-35.3632624,149.165238,0.003,-0.01,0.01,0.0,0.02374093420803547,0.023741088807582855,176,-0.0005421398673206568,-0.00030538198188878596,3.0826618671417236,12.587,0.0,64,LAND,False,STANDBY,10,6
2026-09-29T18:35:08.547937,-35.3632624,149.165238,0.003,-0.01,0.01,0.0,0.023784292861819267,0.02378438413143158,176,-0.0005511574563570321,-0.0003010578511748463,3.082671642303467,12.587,0.0,64,LAND,False,STANDBY,10,6
2026-09-29T18:35:09.048535,-35.3632624,149.165238,0.003,-0.01,0.01,0.0,0.023823436349630356,0.023823469877243042,176,-0.0005431831814348698,-0.0002941275597549975,3.0826780796051025,12.587,0.0,64,LAND,False,STANDBY,10,6
2026-09-29T18:35:09.548832,-35.3632624,149.165238,0.003,-0.01,0.01,0.0,0.02391592599451542,0.023915963247418404,176,-0.000542858149856329,-0.00029918752261437476,3.0826845169067383,12.587,0.0,64,LAND,False,STANDBY,10,6
2026-09-29T18:35:10.049533,-35.3632624,149.165238,0.003,-0.01,0.01,0.0,0.023931825533509254,0.02393188141286373,176,-0.0005304383812472224,-0.0002936229284387082,3.082695722579956,12.587,0.0,64,LAND,False,STANDBY,10,6
2026-09-29T18:35:10.550233,-35.3632624,149.165238,0.003,-0.01,0.01,0.0,0.023736439645290375,0.02373645268380642,176,-0.0005221197498030961,-0.0002920344995800406,3.0826900005340576,12.587,0.0,64,LAND,False,STANDBY,10,6
2026-09-29T18:35:11.050837,-35.3632624,149.165238,0.003,-0.01,0.01,0.0,0.023805728182196617,0.023805735632777214,176,-0.0005168869975022972,-0.0002926373272202909,3.082695960998535,12.587,0.0,64,LAND,False,STANDBY,10,6
2026-09-29T18:35:11.551591,-35.3632624,149.165238,0.003,-0.01,0.01,0.0,0.023949891328811646,0.02394990250468254,176,-0.0005170868244022131,-0.00029592608916573226,3.08271861076355,12.587,0.0,64,LAND,False,STANDBY,10,6
2026-09-29T18:35:12.052068,-35.3632624,149.165238,0.003,-0.01,0.01,0.0,0.023835396394133568,0.02383575215935707,176,-0.0005166463670320809,-0.0002980923745781183,3.0827183723449707,12.587,0.0,64,LAND,False,STANDBY,10,6
2026-09-29T18:35:12.552824,-35.3632624,149.165238,0.003,-0.01,0.01,0.0,0.023729925975203514,0.02373027801513672,176,-0.0005180917214602232,-0.00029976890073157847,3.0827431678771973,12.587,0.0,64,LAND,False,STANDBY,10,6
2026-09-29T18:35:13.053508,-35.3632624,149.165238,0.003,-0.01,0.01,0.0,0.023684481158852577,0.023684969171881676,176,-0.0005117501714266837,-0.00028982743970118463,3.082756996154785,12.587,0.0,64,LAND,False,STANDBY,10,6
2026-09-29T18:35:13.554041,-35.3632624,149.165238,0.003,-0.01,0.01,0.0,0.02357359230518341,0.02357451803982258,176,-0.0005172741366550326,-0.00029063347028568387,3.082766532897949,12.587,0.0,64,LAND,False,STANDBY,10,6
2026-09-29T18:35:14.054515,-35.3632624,149.165238,0.003,-0.01,0.01,0.0,0.02355329319834709,0.023553721606731415,176,-0.0005165872862562537,-0.00028367427876219153,3.0827815532684326,12.587,0.0,64,LAND,False,STANDBY,10,6
2026-09-29T18:35:14.554905,-35.3632624,149.165238,0.003,-0.01,0.01,0.0,0.023496447131037712,0.023496519774198532,176,-0.0005218519363552332,-0.00028484658105298877,3.082799196243286,12.587,0.0,64,LAND,False,STANDBY,10,6
2026-09-29T18:35:15.055392,-35.3632624,149.165238,0.003,-0.01,0.01,0.0,0.02350010722875595,0.02350066974759102,176,-0.0005223909975029528,-0.00028166166157461703,3.0828120708465576,12.587,0.0,64,LAND,False,STANDBY,10,6
2026-09-29T18:35:15.555864,-35.3632624,149.165238,0.003,-0.01,0.01,0.0,0.02347540482878685,0.023476535454392433,176,-0.000522900081705302,-0.00028777835541404784,3.0828194618225098,12.587,0.0,64,LAND,False,STANDBY,10,6
2026-09-29T18:35:16.056147,-35.3632624,149.165238,0.003,-0.01,0.01,0.0,0.023482324555516243,0.02348383143544197,176,-0.0005247963708825409,-0.0002883623237721622,3.082834243774414,12.587,0.0,64,LAND,False,STANDBY,10,6
2026-09-29T18:35:16.556827,-35.3632624,149.165238,0.003,-0.01,0.01,0.0,0.023413239046931267,0.02341371402144432,176,-0.0005169223877601326,-0.0002892063930630684,3.0828516483306885,12.587,0.0,64,LAND,False,STANDBY,10,6
2026-09-29T18:35:17.057061,-35.3632624,149.165238,0.003,-0.01,0.01,0.0,0.023618899285793304,0.023619553074240685,176,-0.0005200617015361786,-0.00029418442863970995,3.0828633308410645,12.587,0.0,64,LAND,False,STANDBY,10,6
2026-09-29T18:35:17.557663,-35.3632624,149.165238,0.003,-0.01,0.01,0.0,0.02363184653222561,0.023631896823644638,176,-0.0005264458013698459,-0.0002999090647790581,3.0828661918640137,12.587,0.0,64,LAND,False,STANDBY,10,6
2026-09-29T18:35:18.058415,-35.3632624,149.165238,0.003,-0.01,0.01,0.0,0.02366935834288597,0.02366940677165985,176,-0.000524742528796196,-0.00029794545844197273,3.082880735397339,12.587,0.0,64,LAND,False,STANDBY,10,6
2026-09-29T18:35:18.558827,-35.3632624,149.165238,0.003,-0.01,0.01,0.0,0.023676294833421707,0.023676572367548943,176,-0.0005274013383314013,-0.0002982250589411706,3.082892656326294,12.587,0.0,64,LAND,False,STANDBY,10,6
2026-09-29T18:35:19.059525,-35.3632624,149.165238,0.003,-0.01,0.01,0.0,0.023681113496422768,0.0236813947558403,176,-0.000524739152751863,-0.0003059891168959439,3.082899808883667,12.587,0.0,64,LAND,False,STANDBY,10,6
2026-09-29T18:35:19.560178,-35.3632624,149.165238,0.003,-0.01,0.01,0.0,0.023789124563336372,0.023789234459400177,176,-0.0005284720100462437,-0.00030162965413182974,3.0829052925109863,12.587,0.0,64,LAND,False,STANDBY,10,6
2026-09-29T18:35:20.060880,-35.3632624,149.165238,0.003,-0.01,0.01,0.0,0.023944953456521034,0.02394496090710163,176,-0.000540578446816653,-0.00030188565142452717,3.0829057693481445,12.587,0.0,64,LAND,False,STANDBY,10,6
2026-09-29T18:35:20.561637,-35.3632624,149.165238,0.003,-0.01,0.01,0.0,0.023913543671369553,0.023913584649562836,176,-0.0005395670305006206,-0.0003048822400160134,3.0829193592071533,12.587,0.0,64,LAND,False,STANDBY,10,6
2026-09-29T18:35:21.062440,-35.3632624,149.165238,0.003,-0.01,0.01,0.0,0.024089334532618523,0.024089466780424118,176,-0.0005405878182500601,-0.0003062539908569306,3.0829379558563232,12.587,0.0,64,LAND,False,STANDBY,10,6
2026-09-29T18:35:21.563669,-35.3632624,149.165238,0.003,-0.01,0.01,0.0,0.02408207394182682,0.024082256481051445,176,-0.0005409768200479448,-0.00031132722506299615,3.082948923110962,12.587,0.0,64,LAND,False,STANDBY,10,6
2026-09-29T18:35:22.064705,-35.3632624,149.165238,0.003,-0.01,0.01,0.0,0.024177415296435356,0.02417769841849804,176,-0.0005386481061577797,-0.0003034478868357837,3.0829622745513916,12.587,0.0,64,LAND,False,STANDBY,10,6
2026-09-29T18:35:22.565506,-35.3632624,149.165238,0.003,-0.01,0.01,0.0,0.02409559115767479,0.024096302688121796,176,-0.0005381978116929531,-0.00030315585900098085,3.082974910736084,12.587,0.0,64,LAND,False,STANDBY,10,6
2026-09-29T18:35:23.066434,-35.3632624,149.165238,0.003,-0.01,0.01,0.0,0.024246130138635635,0.02424653433263302,176,-0.0005387785495258868,-0.00030336694908328354,3.0829834938049316,12.587,0.0,64,LAND,False,STANDBY,10,6
2026-09-29T18:35:23.567589,-35.3632624,149.165238,0.003,-0.01,0.01,0.0,0.024060292169451714,0.024060741066932678,176,-0.000530318939127028,-0.00030511265504173934,3.0829930305480957,12.587,0.0,64,LAND,False,STANDBY,10,6
2026-09-29T18:35:24.067929,-35.3632624,149.165238,0.003,-0.01,0.01,0.0,0.023968273773789406,0.02397017739713192,176,-0.0005319272167980671,-0.0003017558774445206,3.0830037593841553,12.587,0.0,64,LAND,False,STANDBY,10,6
2026-09-29T18:35:24.568821,-35.3632624,149.165238,0.003,-0.01,0.01,0.0,0.023885641247034073,0.023886485025286674,176,-0.000538462249096483,-0.0002991915971506387,3.083017587661743,12.587,0.0,64,LAND,False,STANDBY,10,6
2026-09-29T18:35:25.069905,-35.3632624,149.165238,0.002,-0.01,0.01,0.0,0.024032851681113243,0.024034403264522552,176,-0.0005364223034121096,-0.0002979888522531837,3.0830228328704834,12.587,0.0,64,LAND,False,STANDBY,10,6
2026-09-29T18:35:25.570828,-35.3632624,149.165238,0.002,-0.01,0.01,0.0,0.02410265989601612,0.024103639647364616,176,-0.0005364367971196771,-0.0003053813416045159,3.083028554916382,12.587,0.0,64,LAND,False,STANDBY,10,6
2026-09-29T18:35:26.071817,-35.3632624,149.165238,0.002,-0.01,0.01,0.0,0.024141261354088783,0.024143707007169724,176,-0.000531916506588459,-0.00030661432538181543,3.0830442905426025,12.587,0.0,64,LAND,False,STANDBY,10,6
2026-09-29T18:35:26.573445,-35.3632624,149.165238,0.002,-0.01,0.01,0.0,0.024060025811195374,0.02406366355717182,176,-0.0005305989179760218,-0.00030886437161825597,3.0830564498901367,12.587,0.0,64,LAND,False,STANDBY,10,6
2026-09-29T18:35:27.073832,-35.3632624,149.165238,0.002,-0.01,0.01,0.0,0.02414674498140812,0.024151626974344254,176,-0.0005236928700469434,-0.00030085453181527555,3.083070993423462,12.587,0.0,64,LAND,False,STANDBY,10,6
2026-09-29T18:35:27.574830,-35.3632624,149.165238,0.002,-0.01,0.01,0.0,0.023973096162080765,0.02397625520825386,176,-0.0005212107789702713,-0.0003041714080609381,3.0830793380737305,12.587,0.0,64,LAND,False,STANDBY,10,6
2026-09-29T18:35:28.075341,-35.3632624,149.165238,0.002,-0.01,0.01,0.0,0.02392936684191227,0.023932810872793198,176,-0.0005273300921544433,-0.0003095718566328287,3.0830862522125244,12.587,0.0,64,LAND,False,STANDBY,10,6
2026-09-29T18:35:28.575916,-35.3632624,149.165238,0.002,-0.01,0.01,0.0,0.023967934772372246,0.02396976388990879,176,-0.0005266452208161354,-0.00031296006636694074,3.0830917358398438,12.587,0.0,64,LAND,False,STANDBY,10,6
2026-09-29T18:35:29.076539,-35.3632624,149.165238,0.002,-0.01,0.01,0.0,0.024056214839220047,0.024057209491729736,176,-0.0005295273731462657,-0.0003143675276078284,3.0831105709075928,12.587,0.0,64,LAND,False,STANDBY,10,6
2026-09-29T18:35:29.577089,-35.3632624,149.165238,0.002,-0.01,0.01,0.0,0.02409554086625576,0.024095755070447922,176,-0.0005371648003347218,-0.000308074988424778,3.083116292953491,12.587,0.0,64,LAND,False,STANDBY,10,6
2026-09-29T18:35:30.077648,-35.3632624,149.165238,0.002,-0.01,0.01,0.0,0.024013694375753403,0.024013778194785118,176,-0.0005275565781630576,-0.0003003216697834432,3.083132028579712,12.587,0.0,64,LAND,False,STANDBY,10,6
2026-09-29T18:35:30.578196,-35.3632624,149.165238,0.002,-0.01,0.01,0.0,0.02385674975812435,0.023856792598962784,176,-0.0005280430195853114,-0.0003063468320760876,3.083143711090088,12.587,0.0,64,LAND,False,STANDBY,10,6
2026-09-29T18:35:31.078825,-35.3632624,149.165238,0.002,-0.01,0.01,0.0,0.023882167413830757,0.023882366716861725,176,-0.0005221698665991426,-0.0002948832116089761,3.0831565856933594,12.587,0.0,64,LAND,False,STANDBY,10,6
2026-09-29T18:35:31.579587,-35.3632624,149.165238,0.002,-0.01,0.01,0.0,0.023818982765078545,0.02381947450339794,176,-0.0005195966805331409,-0.0002980913268402219,3.0831539630889893,12.587,0.0,64,LAND,False,STANDBY,10,6
2026-09-29T18:35:32.080249,-35.3632624,149.165238,0.003,-0.01,0.01,0.0,0.023785918951034546,0.023787107318639755,176,-0.000516063068062067,-0.00029729417292401195,3.0831727981567383,12.587,0.0,64,LAND,False,STANDBY,10,6
2026-09-29T18:35:32.580850,-35.3632624,149.165238,0.003,-0.01,0.01,0.0,0.023777298629283905,0.02377862110733986,176,-0.0005173887475393713,-0.000302233878755942,3.083176851272583,12.587,0.0,64,LAND,False,STANDBY,10,6
2026-09-29T18:35:33.081669,-35.3632624,149.165238,0.003,-0.01,0.01,0.0,0.023662403225898743,0.02366344816982746,176,-0.0005114913219586015,-0.00030367367435246706,3.083186626434326,12.587,0.0,64,LAND,False,STANDBY,10,6
2026-09-29T18:35:33.582574,-35.3632624,149.165238,0.003,-0.01,0.01,0.0,0.023541849106550217,0.0235431045293808,176,-0.0005148262134753168,-0.0003137276798952371,3.0832016468048096,12.587,0.0,64,LAND,False,STANDBY,10,6
2026-09-29T18:35:34.082911,-35.3632624,149.165238,0.003,-0.01,0.01,0.0,0.02360457554459572,0.02360590174794197,176,-0.0005082306452095509,-0.0003141922934446484,3.08321213722229,12.587,0.0,64,LAND,False,STANDBY,10,6
2026-09-29T18:35:34.583532,-35.3632624,149.165238,0.003,-0.01,0.01,0.0,0.023634839802980423,0.02363593503832817,176,-0.0005074852961115539,-0.0003143837384413928,3.083221673965454,12.587,0.0,64,LAND,False,STANDBY,10,6
2026-09-29T18:35:35.084173,-35.3632624,149.165238,0.003,-0.01,0.01,0.0,0.02364400215446949,0.023645324632525444,176,-0.0005094906082376838,-0.00031384718022309244,3.0832326412200928,12.587,0.0,64,LAND,False,STANDBY,10,6
2026-09-29T18:35:35.585065,-35.3632624,149.165238,0.003,-0.01,0.01,0.0,0.02372908778488636,0.02373003214597702,176,-0.0005072532221674919,-0.0003163286892231554,3.0832431316375732,12.587,0.0,64,LAND,False,STANDBY,10,6
2026-09-29T18:35:36.085943,-35.3632624,149.165238,0.003,-0.01,0.01,0.0,0.023810438811779022,0.023811209946870804,176,-0.0005064699216745794,-0.0003097370208706707,3.0832407474517822,12.587,0.0,64,LAND,False,STANDBY,10,6
2026-09-29T18:35:36.586961,-35.3632624,149.165238,0.003,-0.01,0.01,0.0,0.023758145049214363,0.023758308961987495,176,-0.0005092514329589903,-0.00030603454797528684,3.08324933052063,12.587,0.0,64,LAND,False,STANDBY,10,6
2026-09-29T18:35:37.087841,-35.3632624,149.165238,0.003,-0.01,0.01,0.0,0.0237351655960083,0.023735269904136658,176,-0.0005056821973994374,-0.0002968476037494838,3.08327054977417,12.587,0.0,64,LAND,False,STANDBY,10,6
2026-09-29T18:35:37.588929,-35.3632624,149.165238,0.003,-0.01,0.01,0.0,0.023840848356485367,0.023840876296162605,176,-0.0005028185551054776,-0.0003019146097358316,3.083285331726074,12.587,0.0,64,LAND,False,STANDBY,10,6
2026-09-29T18:35:38.089701,-35.3632624,149.165238,0.003,-0.01,0.01,0.0,0.023785430938005447,0.023785708472132683,176,-0.0005046591977588832,-0.00030748939025215805,3.0832996368408203,12.587,0.0,64,LAND,False,STANDBY,10,6
2026-09-29T18:35:38.590354,-35.3632624,149.165238,0.003,-0.01,0.01,0.0,0.02379891276359558,0.023798992857336998,176,-0.00050835293950513,-0.00030797297949902713,3.0833120346069336,12.587,0.0,64,LAND,False,STANDBY,10,6
2026-09-29T18:35:39.090871,-35.3632624,149.165238,0.003,-0.01,0.01,0.0,0.02369704097509384,0.023697173222899437,176,-0.0005043729324825108,-0.0002973168157041073,3.0833210945129395,12.587,0.0,64,LAND,False,STANDBY,10,6
2026-09-29T18:35:39.591026,-35.3632624,149.165238,0.003,-0.01,0.01,0.0,0.023300103843212128,0.02330150082707405,176,-0.0005011970060877502,-0.0002977366966661066,3.08333683013916,12.587,0.0,64,LAND,False,STANDBY,10,6
2026-09-29T18:35:40.091685,-35.3632624,149.165238,0.003,-0.01,0.01,0.0,0.023372508585453033,0.023373538628220558,176,-0.0005027216393500566,-0.0002941149577964097,3.0833475589752197,12.587,0.0,64,LAND,False,STANDBY,10,6
2026-09-29T18:35:40.592327,-35.3632624,149.165238,0.003,-0.01,0.01,0.0,0.02345123700797558,0.023452242836356163,176,-0.0005076763336546719,-0.00030620070174336433,3.083345651626587,12.587,0.0,64,LAND,False,STANDBY,10,6
2026-09-29T18:35:41.092900,-35.3632624,149.165238,0.003,-0.01,0.01,0.0,0.02358005754649639,0.02358074299991131,176,-0.0005123522132635117,-0.00031215170747600496,3.083350419998169,12.587,0.0,64,LAND,False,STANDBY,10,6
2026-09-29T18:35:41.593566,-35.3632624,149.165238,0.003,-0.01,0.01,0.0,0.023680131882429123,0.02368122711777687,176,-0.0005263095954433084,-0.0003121694317087531,3.083362340927124,12.587,0.0,64,LAND,False,STANDBY,10,6
2026-09-29T18:35:42.093840,-35.3632624,149.165238,0.002,-0.01,0.01,0.0,0.02380567602813244,0.023806298151612282,176,-0.0005284948856569827,-0.00031789924832992256,3.0833683013916016,12.587,0.0,64,LAND,False,STANDBY,10,6
2026-09-29T18:35:42.594748,-35.3632624,149.165238,0.002,-0.01,0.01,0.0,0.02395343966782093,0.023953689262270927,176,-0.0005276180454529822,-0.0003202793886885047,3.083381175994873,12.587,0.0,64,LAND,False,STANDBY,10,6
2026-09-29T18:35:43.095270,-35.3632624,149.165238,0.002,-0.01,0.01,0.0,0.024119844660162926,0.024119853973388672,176,-0.0005225207423791289,-0.00032143943826667964,3.083388328552246,12.587,0.0,64,LAND,False,STANDBY,10,6
2026-09-29T18:35:43.596347,-35.3632624,149.165238,0.003,-0.01,0.01,0.0,0.024100754410028458,0.024100882932543755,176,-0.0005215046112425625,-0.0003158955951221287,3.0834009647369385,12.587,0.0,64,LAND,False,STANDBY,10,6
2026-09-29T18:35:44.097071,-35.3632624,149.165238,0.003,-0.01,0.01,0.0,0.024238346144557,0.0242385882884264,176,-0.0005156623083166778,-0.0003251507587265223,3.0834085941314697,12.587,0.0,64,LAND,False,STANDBY,10,6
2026-09-29T18:35:44.597699,-35.3632624,149.165238,0.002,-0.01,0.01,0.0,0.024109141901135445,0.024110356345772743,176,-0.0005182895692996681,-0.00032248743809759617,3.083416700363159,12.587,0.0,64,LAND,False,STANDBY,10,6
2026-09-29T18:35:45.098330,-35.3632624,149.165238,0.002,-0.01,0.01,0.0,0.02426151931285858,0.02426288090646267,176,-0.0005309433327056468,-0.00032203891896642745,3.083437919616699,12.587,0.0,64,LAND,False,STANDBY,10,6
2026-09-29T18:35:45.598832,-35.3632624,149.165238,0.002,-0.01,0.01,0.0,0.024176515638828278,0.024177873507142067,176,-0.0005326640675775707,-0.00031689892057329416,3.08345103263855,12.587,0.0,64,LAND,False,STANDBY,10,6
2026-09-29T18:35:46.099088,-35.3632624,149.165238,0.002,-0.01,0.01,0.0,0.024304553866386414,0.0243059229105711,176,-0.0005275761359371245,-0.00031199672957882285,3.083456039428711,12.587,0.0,64,LAND,False,STANDBY,10,6
2026-09-29T18:35:46.599588,-35.3632624,149.165238,0.002,-0.01,0.01,0.0,0.02426612377166748,0.024266880005598068,176,-0.0005197131540626287,-0.00030611376860179007,3.083466053009033,12.587,0.0,64,LAND,False,STANDBY,10,6
2026-09-29T18:35:47.100141,-35.3632624,149.165238,0.002,-0.01,0.01,0.0,0.02404605783522129,0.024047158658504486,176,-0.0005107076722197235,-0.00030081317527219653,3.0834717750549316,12.587,0.0,64,LAND,False,STANDBY,10,6
2026-09-29T18:35:47.600832,-35.3632624,149.165238,0.002,-0.01,0.01,0.0,0.023794444277882576,0.02379472926259041,176,-0.0005067896563559771,-0.0003017711278516799,3.083488702774048,12.587,0.0,64,LAND,False,STANDBY,10,6
2026-09-29T18:35:48.101548,-35.3632624,149.165238,0.002,-0.01,0.01,0.0,0.023708416149020195,0.023708844557404518,176,-0.0005046874866820872,-0.0002931697526946664,3.083505153656006,12.587,0.0,64,LAND,False,STANDBY,10,6
2026-09-29T18:35:48.602331,-35.3632624,149.165238,0.002,-0.01,0.01,0.0,0.02376253716647625,0.023763000965118408,176,-0.000505023286677897,-0.00029134334181435406,3.0835137367248535,12.587,0.0,64,LAND,False,STANDBY,10,6
2026-09-29T18:35:49.102871,-35.3632624,149.165238,0.002,-0.01,0.01,0.0,0.023656275123357773,0.023657554760575294,176,-0.0005148162017576396,-0.00028593908064067364,3.0835280418395996,12.587,0.0,64,LAND,False,STANDBY,10,6
2026-09-29T18:35:49.603631,-35.3632624,149.165238,0.002,-0.01,0.01,0.0,0.023515736684203148,0.023515891283750534,176,-0.0005166257033124566,-0.00027644512010738254,3.0835444927215576,12.587,0.0,64,LAND,False,STANDBY,10,6
2026-09-29T18:35:50.104038,-35.3632624,149.165238,0.002,-0.01,0.01,0.0,0.02354132942855358,0.023541340604424477,176,-0.0005170979420654476,-0.00027219628100283444,3.0835561752319336,12.587,0.0,64,LAND,False,STANDBY,10,6
2026-09-29T18:35:50.604561,-35.3632624,149.165238,0.002,-0.01,0.01,0.0,0.023378025740385056,0.023378025740385056,176,-0.0005240306491032243,-0.00027296721236780286,3.083556652069092,12.587,0.0,64,LAND,False,STANDBY,10,6
2026-09-29T18:35:51.104823,-35.3632624,149.165238,0.002,-0.01,0.01,0.0,0.023278869688510895,0.023278873413801193,176,-0.0005140597932040691,-0.00026577242533676326,3.0835723876953125,12.587,0.0,64,LAND,False,STANDBY,10,6
2026-09-29T18:35:51.605481,-35.3632624,149.165238,0.002,-0.01,0.01,0.0,0.023241132497787476,0.023241179063916206,176,-0.000517836248036474,-0.00026859412901103497,3.0835793018341064,12.587,0.0,64,LAND,False,STANDBY,10,6
2026-09-29T18:35:52.106136,-35.3632624,149.165238,0.002,-0.01,0.01,0.0,0.023184634745121002,0.023184802383184433,176,-0.0005111747304908931,-0.0002727816463448107,3.0835862159729004,12.587,0.0,64,LAND,False,STANDBY,10,6
2026-09-29T18:35:52.606824,-35.3632624,149.165238,0.003,-0.01,0.01,0.0,0.023378733545541763,0.02337878756225109,176,-0.0005056402296759188,-0.0002745010133367032,3.083585262298584,12.587,0.0,64,LAND,False,STANDBY,10,6
2026-09-29T18:35:53.107386,-35.3632624,149.165238,0.002,-0.01,0.01,0.0,0.023579513654112816,0.023580022156238556,176,-0.0005071267951279879,-0.00028409966034814715,3.0835988521575928,12.587,0.0,64,LAND,False,STANDBY,10,6
2026-09-29T18:35:53.607945,-35.3632624,149.165238,0.002,-0.01,0.01,0.0,0.023614954203367233,0.023615416139364243,176,-0.0005118828266859055,-0.0002949420886579901,3.0836024284362793,12.587,0.0,64,LAND,False,STANDBY,10,6
2026-09-29T18:35:54.108888,-35.3632624,149.165238,0.002,-0.01,0.01,0.0,0.023434465751051903,0.023434627801179886,176,-0.0005004003178328276,-0.0002902713604271412,3.083616018295288,12.587,0.0,64,LAND,False,STANDBY,10,6
2026-09-29T18:35:54.609772,-35.3632624,149.165238,0.002,-0.01,0.01,0.0,0.023461611941456795,0.02346176840364933,176,-0.0005072705680504441,-0.00028765242313966155,3.083627462387085,12.587,0.0,64,LAND,False,STANDBY,10,6
2026-09-29T18:35:55.110835,-35.3632624,149.165238,0.002,-0.01,0.01,0.0,0.023530513048171997,0.023530596867203712,176,-0.000509273842908442,-0.00028870749520137906,3.083637237548828,12.587,0.0,64,LAND,False,STANDBY,10,6
2026-09-29T18:35:55.611956,-35.3632624,149.165238,0.003,-0.01,0.01,0.0,0.02352132275700569,0.02352132648229599,176,-0.0005131770158186555,-0.00029558941605500877,3.0836434364318848,12.587,0.0,64,LAND,False,STANDBY,10,6
2026-09-29T18:35:56.114088,-35.3632624,149.165238,0.003,-0.01,0.01,0.0,0.023566337302327156,0.023566342890262604,176,-0.0005086474120616913,-0.00030768525903113186,3.0836520195007324,12.587,0.0,64,LAND,False,STANDBY,10,6
2026-09-29T18:35:56.614707,-35.3632624,149.165238,0.003,-0.01,0.01,0.0,0.023624451830983162,0.023624520748853683,176,-0.0005002525285817683,-0.00031304286676459014,3.083667755126953,12.587,0.0,64,LAND,False,STANDBY,10,6
2026-09-29T18:35:57.115366,-35.3632624,149.165238,0.003,-0.01,0.01,0.0,0.0236621405929327,0.023662149906158447,176,-0.0004991026944480836,-0.00031393562676385045,3.083667278289795,12.587,0.0,64,LAND,False,STANDBY,10,6
2026-09-29T18:35:57.615946,-35.3632624,149.165238,0.003,-0.01,0.01,0.0,0.023648999631404877,0.023649010807275772,176,-0.0005002894322387874,-0.0003143143840134144,3.0836684703826904,12.587,0.0,64,LAND,False,STANDBY,10,6
2026-09-29T18:35:58.116203,-35.3632624,149.165238,0.003,-0.01,0.01,0.0,0.02380574867129326,0.023805750533938408,176,-0.0004972711321897805,-0.00030427108868025243,3.0836799144744873,12.587,0.0,64,LAND,False,STANDBY,10,6
2026-09-29T18:35:58.617408,-35.3632624,149.165238,0.003,-0.01,0.01,0.0,0.023987824097275734,0.02398785948753357,176,-0.000503146497067064,-0.00030558809521608055,3.083686351776123,12.587,0.0,64,LAND,False,STANDBY,10,6
2026-09-29T18:35:59.118037,-35.3632624,149.165238,0.003,-0.01,0.01,0.0,0.023827431723475456,0.023827943950891495,176,-0.0004966077394783497,-0.0003033492830581963,3.0836925506591797,12.587,0.0,64,LAND,False,STANDBY,10,6
2026-09-29T18:35:59.618275,-35.3632624,149.165238,0.003,-0.01,0.01,0.0,0.023792704567313194,0.02379302866756916,176,-0.0004962669918313622,-0.0002990564680658281,3.083702325820923,12.587,0.0,64,LAND,False,STANDBY,10,6
2026-09-29T18:36:00.118907,-35.3632624,149.165238,0.003,-0.01,0.01,0.0,0.023630188778042793,0.023630233481526375,176,-0.0004872195713687688,-0.000291647418634966,3.083719491958618,12.587,0.0,64,LAND,False,STANDBY,10,6
2026-09-29T18:36:00.619506,-35.3632624,149.165238,0.003,-0.01,0.01,0.0,0.023342978209257126,0.023343123495578766,176,-0.0004927553818561137,-0.000290702999336645,3.0837299823760986,12.587,0.0,64,LAND,False,STANDBY,10,6
2026-09-29T18:36:01.119937,-35.3632624,149.165238,0.003,-0.01,0.01,0.0,0.023397257551550865,0.023397296667099,176,-0.0004912317963317037,-0.00029246503254398704,3.0837323665618896,12.587,0.0,64,LAND,False,STANDBY,10,6
2026-09-29T18:36:01.620307,-35.3632624,149.165238,0.003,-0.01,0.01,0.0,0.023340966552495956,0.023340970277786255,176,-0.0004998549120500684,-0.0003000495780725032,3.083732843399048,12.587,0.0,64,LAND,False,STANDBY,10,6
2026-09-29T18:36:02.121061,-35.3632624,149.165238,0.003,-0.01,0.01,0.0,0.023488402366638184,0.023488404229283333,176,-0.0004997921641916037,-0.00030008237808942795,3.083744525909424,12.587,0.0,64,LAND,False,STANDBY,10,6
2026-09-29T18:36:02.621845,-35.3632624,149.165238,0.003,-0.01,0.01,0.0,0.023524872958660126,0.023525258526206017,176,-0.0005015797214582562,-0.00030479131964966655,3.083753824234009,12.587,0.0,64,LAND,False,STANDBY,10,6
2026-09-29T18:36:03.122478,-35.3632624,149.165238,0.003,-0.01,0.01,0.0,0.023655705153942108,0.023657292127609253,176,-0.0004917681799270213,-0.00030095805414021015,3.0837604999542236,12.587,0.0,64,LAND,False,STANDBY,10,6
2026-09-29T18:36:03.622851,-35.3632624,149.165238,0.002,-0.01,0.01,0.0,0.023570287972688675,0.023571373894810677,176,-0.0004933614400215447,-0.0003083267074543983,3.083770751953125,12.587,0.0,64,LAND,False,STANDBY,10,6
2026-09-29T18:36:04.123572,-35.3632624,149.165238,0.002,-0.01,0.01,0.0,0.023560117930173874,0.023561354726552963,176,-0.0004902464570477605,-0.00030644633807241917,3.0837786197662354,12.587,0.0,64,LAND,False,STANDBY,10,6
2026-09-29T18:36:04.623931,-35.3632624,149.165238,0.002,-0.01,0.01,0.0,0.023745039477944374,0.02374662086367607,176,-0.0004960016231052577,-0.0002987542829941958,3.083794116973877,12.587,0.0,64,LAND,False,STANDBY,10,6
2026-09-29T18:36:05.124662,-35.3632624,149.165238,0.002,-0.01,0.01,0.0,0.02365124225616455,0.023652514442801476,176,-0.0004922927473671734,-0.00029352595447562635,3.0838000774383545,12.587,0.0,64,LAND,False,STANDBY,10,6
2026-09-29T18:36:05.625324,-35.3632624,149.165238,0.002,-0.01,0.01,0.0,0.02343806065618992,0.023440586403012276,176,-0.0004991674795746803,-0.0002976640535052866,3.0838117599487305,12.587,0.0,64,LAND,False,STANDBY,10,6
2026-09-29T18:36:06.125941,-35.3632624,149.165238,0.002,-0.01,0.01,0.0,0.023552104830741882,0.023554423823952675,176,-0.0004999965894967318,-0.00029412523144856095,3.0838167667388916,12.587,0.0,64,LAND,False,STANDBY,10,6
2026-09-29T18:36:06.626506,-35.3632624,149.165238,0.002,-0.01,0.01,0.0,0.023687390610575676,0.02368946559727192,176,-0.0005048220627941191,-0.00029837791225872934,3.0838241577148438,12.587,0.0,64,LAND,False,STANDBY,10,6
2026-09-29T18:36:07.126835,-35.3632624,149.165238,0.002,-0.01,0.01,0.0,0.02370534837245941,0.023707415908575058,176,-0.000504941854160279,-0.00029755770810879767,3.0838193893432617,12.587,0.0,64,LAND,False,STANDBY,10,6
2026-09-29T18:36:07.627580,-35.3632624,149.165238,0.002,-0.01,0.01,0.0,0.023623816668987274,0.023626025766134262,176,-0.0005075469380244613,-0.00030743199749849737,3.083836793899536,12.587,0.0,64,LAND,False,STANDBY,10,6
2026-09-29T18:36:08.128094,-35.3632624,149.165238,0.002,-0.01,0.01,0.0,0.023647107183933258,0.023649442940950394,176,-0.0005152334924787283,-0.00030648085521534085,3.083843469619751,12.587,0.0,64,LAND,False,STANDBY,10,6
2026-09-29T18:36:08.628791,-35.3632624,149.165238,0.002,-0.01,0.01,0.0,0.0236408282071352,0.023642435669898987,176,-0.0005224168999120593,-0.0003055176930502057,3.0838537216186523,12.587,0.0,64,LAND,False,STANDBY,10,6
2026-09-29T18:36:09.129546,-35.3632624,149.165238,0.002,-0.01,0.01,0.0,0.02378522977232933,0.023786233738064766,176,-0.0005178824067115784,-0.0003041040035896003,3.0838608741760254,12.587,0.0,64,LAND,False,STANDBY,10,6
2026-09-29T18:36:09.630198,-35.3632624,149.165238,0.002,-0.01,0.01,0.0,0.023716308176517487,0.023717526346445084,176,-0.0005222221370786428,-0.0003068362711928785,3.083875894546509,12.587,0.0,64,LAND,False,STANDBY,10,6
2026-09-29T18:36:10.130763,-35.3632624,149.165238,0.002,-0.01,0.01,0.0,0.02364489436149597,0.023645974695682526,176,-0.0005136524559929967,-0.00029970865580253303,3.0838873386383057,12.587,0.0,64,LAND,False,STANDBY,10,6
2026-09-29T18:36:10.631555,-35.3632624,149.165238,0.002,-0.01,0.01,0.0,0.023647679015994072,0.023648634552955627,176,-0.0005102340364828706,-0.0003047464124392718,3.083906888961792,12.587,0.0,64,LAND,False,STANDBY,10,6
2026-09-29T18:36:11.132316,-35.3632624,149.165238,0.002,-0.01,0.01,0.0,0.023767860606312752,0.023768668994307518,176,-0.0005123285809531808,-0.0003029187791980803,3.083918571472168,12.587,0.0,64,LAND,False,STANDBY,10,6
2026-09-29T18:36:11.632938,-35.3632624,149.165238,0.002,-0.01,0.01,0.0,0.023832904174923897,0.023834019899368286,176,-0.0005111258360557258,-0.0003052281681448221,3.0839309692382812,12.587,0.0,64,LAND,False,STANDBY,10,6
2026-09-29T18:36:12.133725,-35.3632624,149.165238,0.002,-0.01,0.01,0.0,0.023865146562457085,0.023866478353738785,176,-0.0005030421307310462,-0.0003034913388546556,3.08394455909729,12.587,0.0,64,LAND,False,STANDBY,10,6
2026-09-29T18:36:12.634564,-35.3632624,149.165238,0.002,-0.01,0.01,0.0,0.02375977672636509,0.02376178465783596,176,-0.0005071318591944873,-0.00029641028959304094,3.0839548110961914,12.587,0.0,64,LAND,False,STANDBY,10,6
2026-09-29T18:36:13.135149,-35.3632624,149.165238,0.002,-0.01,0.01,0.0,0.023746132850646973,0.02374774031341076,176,-0.000513040111400187,-0.0002944527368526906,3.083946466445923,12.587,0.0,64,LAND,False,STANDBY,10,6
2026-09-29T18:36:13.635894,-35.3632624,149.165238,0.002,-0.01,0.01,0.0,0.02378484606742859,0.023785535246133804,176,-0.0005129894125275314,-0.0002884519926737994,3.0839507579803467,12.587,0.0,64,LAND,False,STANDBY,10,6
2026-09-29T18:36:14.136628,-35.3632624,149.165238,0.002,-0.01,0.01,0.0,0.023877158761024475,0.02387753687798977,176,-0.0005114796804264188,-0.00028791429940611124,3.0839622020721436,12.587,0.0,64,LAND,False,STANDBY,10,6
2026-09-29T18:36:14.637250,-35.3632624,149.165238,0.002,-0.01,0.01,0.0,0.023812899366021156,0.023813320323824883,176,-0.000508747121784836,-0.00029303712653927505,3.083972454071045,12.587,0.0,64,LAND,False,STANDBY,10,6
2026-09-29T18:36:15.137819,-35.3632624,149.165238,0.002,-0.01,0.01,0.0,0.02359442599117756,0.023595476523041725,176,-0.0005056936061009765,-0.00029395526507869363,3.0839855670928955,12.587,0.0,64,LAND,False,STANDBY,10,6
2026-09-29T18:36:15.638479,-35.3632624,149.165238,0.002,-0.01,0.01,0.0,0.023414164781570435,0.023415688425302505,176,-0.0005063939024694264,-0.0002887860464397818,3.083986520767212,12.587,0.0,64,LAND,False,STANDBY,10,6
2026-09-29T18:36:16.139040,-35.3632624,149.165238,0.002,-0.01,0.01,0.0,0.02342373877763748,0.023425554856657982,176,-0.0005042320117354393,-0.0002862401306629181,3.084003448486328,12.587,0.0,64,LAND,False,STANDBY,10,6
2026-09-29T18:36:16.639857,-35.3632624,149.165238,0.002,-0.01,0.01,0.0,0.023366883397102356,0.023368805646896362,176,-0.0005116318934597075,-0.0002874883357435465,3.084012031555176,12.587,0.0,64,LAND,False,STANDBY,10,6
2026-09-29T18:36:17.140832,-35.3632624,149.165238,0.002,-0.01,0.01,0.0,0.023339444771409035,0.02334040030837059,176,-0.0005095001542940736,-0.0002832243044395,3.084022045135498,12.587,0.0,64,LAND,False,STANDBY,10,6
2026-09-29T18:36:17.641832,-35.3632624,149.165238,0.002,-0.01,0.01,0.0,0.02338722161948681,0.023387352004647255,176,-0.0005156354745849967,-0.0002875495993066579,3.084028482437134,12.587,0.0,64,LAND,False,STANDBY,10,6
2026-09-29T18:36:18.142836,-35.3632624,149.165238,0.002,-0.01,0.01,0.0,0.023511704057455063,0.023511895909905434,176,-0.0005081689450889826,-0.0002878016675822437,3.0840296745300293,12.587,0.0,64,LAND,False,STANDBY,10,6
2026-09-29T18:36:18.643833,-35.3632624,149.165238,0.002,-0.01,0.01,0.0,0.02356458269059658,0.023564815521240234,176,-0.0005043401615694165,-0.00029817631002515554,3.0840399265289307,12.587,0.0,64,LAND,False,STANDBY,10,6
2026-09-29T18:36:19.144674,-35.3632624,149.165238,0.002,-0.01,0.01,0.0,0.023726582527160645,0.0237274169921875,176,-0.0005007379222661257,-0.0002941694692708552,3.0840535163879395,12.587,0.0,64,LAND,False,STANDBY,10,6
2026-09-29T18:36:19.645272,-35.3632624,149.165238,0.003,-0.01,0.01,0.0,0.02383902482688427,0.023840198293328285,176,-0.0005032587796449661,-0.00029447462293319404,3.0840508937835693,12.587,0.0,64,LAND,False,STANDBY,10,6
2026-09-29T18:36:20.145829,-35.3632624,149.165238,0.003,-0.01,0.01,0.0,0.023703530430793762,0.023704949766397476,176,-0.0004939067293889821,-0.0002891778713092208,3.084054708480835,12.587,0.0,64,LAND,False,STANDBY,10,6
2026-09-29T18:36:20.646650,-35.3632624,149.165238,0.003,-0.01,0.01,0.0,0.023678582161664963,0.023679297417402267,176,-0.0004955799086019397,-0.0002901851257774979,3.084064483642578,12.587,0.0,64,LAND,False,STANDBY,10,6
2026-09-29T18:36:21.147419,-35.3632624,149.165238,0.003,-0.01,0.01,0.0,0.02358640730381012,0.023587720468640327,176,-0.0004935548058710992,-0.00028164059040136635,3.0840742588043213,12.587,0.0,64,LAND,False,STANDBY,10,6
2026-09-29T18:36:21.648122,-35.3632624,149.165238,0.003,-0.01,0.01,0.0,0.023378528654575348,0.023379113525152206,176,-0.0004942944506183267,-0.00028464721981436014,3.0840816497802734,12.587,0.0,64,LAND,False,STANDBY,10,6
2026-09-29T18:36:22.148400,-35.3632624,149.165238,0.003,-0.01,0.01,0.0,0.02337009459733963,0.02337035723030567,176,-0.0004922474035993218,-0.00028845647466368973,3.0840845108032227,12.587,0.0,64,LAND,False,STANDBY,10,6
2026-09-29T18:36:22.648938,-35.3632624,149.165238,0.003,-0.01,0.01,0.0,0.023360447958111763,0.023360511288046837,176,-0.0005037632654421031,-0.00029936034115962684,3.084085702896118,12.587,0.0,64,LAND,False,STANDBY,10,6
2026-09-29T18:36:23.149374,-35.3632624,149.165238,0.003,-0.01,0.01,0.0,0.02354596182703972,0.0235460102558136,176,-0.0005089652258902788,-0.0002935439406428486,3.0840859413146973,12.587,0.0,64,LAND,False,STANDBY,10,6
2026-09-29T18:36:23.650044,-35.3632624,149.165238,0.003,-0.01,0.01,0.0,0.02351750060915947,0.02351764217019081,176,-0.000504840980283916,-0.00030463747680187225,3.0840911865234375,12.587,0.0,64,LAND,False,STANDBY,10,6
2026-09-29T18:36:24.150832,-35.3632624,149.165238,0.003,-0.01,0.01,0.0,0.02365521341562271,0.023656010627746582,176,-0.0005053081549704075,-0.0003033887187484652,3.084096670150757,12.587,0.0,64,LAND,False,STANDBY,10,6
2026-09-29T18:36:24.652043,-35.3632624,149.165238,0.003,-0.01,0.01,0.0,0.023793932050466537,0.02379458397626877,176,-0.0005117345135658979,-0.00029891979647800326,3.084097146987915,12.587,0.0,64,LAND,False,STANDBY,10,6
2026-09-29T18:36:25.152715,-35.3632624,149.165238,0.003,-0.01,0.01,0.0,0.023731661960482597,0.023732304573059082,176,-0.0005067532765679061,-0.0002993975067511201,3.08410906791687,12.587,0.0,64,LAND,False,STANDBY,10,6
2026-09-29T18:36:25.653723,-35.3632624,149.165238,0.003,-0.01,0.01,0.0,0.02383938431739807,0.023839900270104408,176,-0.0005116098327562213,-0.0003017049457412213,3.0841166973114014,12.587,0.0,64,LAND,False,STANDBY,10,6
2026-09-29T18:36:26.154721,-35.3632624,149.165238,0.003,-0.01,0.01,0.0,0.023625973612070084,0.023626085370779037,176,-0.0005127123440615833,-0.000300718704238534,3.0841221809387207,12.587,0.0,64,LAND,False,STANDBY,10,6
2026-09-29T18:36:26.655869,-35.3632624,149.165238,0.003,-0.01,0.01,0.0,0.02365952543914318,0.02365981973707676,176,-0.0005188750801607966,-0.00030386957223527133,3.0841329097747803,12.587,0.0,64,LAND,False,STANDBY,10,6
2026-09-29T18:36:27.156466,-35.3632624,149.165238,0.003,-0.01,0.01,0.0,0.02375393733382225,0.02375425398349762,176,-0.0005174348480068147,-0.0003094426356256008,3.0841405391693115,12.587,0.0,64,LAND,False,STANDBY,10,6
2026-09-29T18:36:27.657278,-35.3632624,149.165238,0.002,-0.01,0.01,0.0,0.02365834452211857,0.023659098893404007,176,-0.000514915504027158,-0.000311275536660105,3.084137201309204,12.587,0.0,64,LAND,False,STANDBY,10,6
2026-09-29T18:36:28.158075,-35.3632624,149.165238,0.002,-0.01,0.01,0.0,0.023871470242738724,0.023871954530477524,176,-0.0005061159608885646,-0.0003162012144457549,3.0841331481933594,12.587,0.0,64,LAND,False,STANDBY,10,6
2026-09-29T18:36:28.658899,-35.3632624,149.165238,0.002,-0.01,0.01,0.0,0.023798726499080658,0.023799000307917595,176,-0.0005074897198937833,-0.00031680052052251995,3.084141969680786,12.587,0.0,64,LAND,False,STANDBY,10,6
2026-09-29T18:36:29.159825,-35.3632624,149.165238,0.002,-0.01,0.01,0.0,0.023838143795728683,0.02383817359805107,176,-0.0005028261803090572,-0.00032001553336158395,3.0841546058654785,12.587,0.0,64,LAND,False,STANDBY,10,6
2026-09-29T18:36:29.661002,-35.3632624,149.165238,0.003,-0.01,0.01,0.0,0.023811986669898033,0.02381208725273609,176,-0.0004977226490154862,-0.00032889621797949076,3.084158420562744,12.587,0.0,64,LAND,False,STANDBY,10,6
2026-09-29T18:36:30.162045,-35.3632624,149.165238,0.003,-0.01,0.01,0.0,0.023818781599402428,0.023818934336304665,176,-0.0004992306930944324,-0.00032628109329380095,3.084160327911377,12.587,0.0,64,LAND,False,STANDBY,10,6
2026-09-29T18:36:30.662912,-35.3632624,149.165238,0.003,-0.01,0.01,0.0,0.02382814697921276,0.023828158155083656,176,-0.0004960246151313186,-0.0003287942963652313,3.0841667652130127,12.587,0.0,64,LAND,False,STANDBY,10,6
2026-09-29T18:36:31.163988,-35.3632624,149.165238,0.003,-0.01,0.01,0.0,0.023907868191599846,0.023907886818051338,176,-0.0005001937970519066,-0.00032031210139393806,3.0841727256774902,12.587,0.0,64,LAND,False,STANDBY,10,6
2026-09-29T18:36:31.664952,-35.3632624,149.165238,0.003,-0.01,0.01,0.0,0.02385580539703369,0.02385602705180645,176,-0.0005028515006415546,-0.0003213322488591075,3.084174871444702,12.587,0.0,64,LAND,False,STANDBY,10,6
2026-09-29T18:36:32.165894,-35.3632624,149.165238,0.003,-0.01,0.01,0.0,0.023938871920108795,0.023938966915011406,176,-0.000506443262565881,-0.00031252054031938314,3.08418607711792,12.587,0.0,64,LAND,False,STANDBY,10,6
2026-09-29T18:36:32.666916,-35.3632624,149.165238,0.003,-0.01,0.01,0.0,0.02393433265388012,0.02393433079123497,176,-0.0005088032921776175,-0.0003113201237283647,3.0841896533966064,12.587,0.0,64,LAND,False,STANDBY,10,6
2026-09-29T18:36:33.167479,-35.3632624,149.165238,0.003,-0.01,0.01,0.0,0.02400047332048416,0.02400047704577446,176,-0.0005089387414045632,-0.00031218669028021395,3.084193468093872,12.587,0.0,64,LAND,False,STANDBY,10,6
2026-09-29T18:36:33.668033,-35.3632624,149.165238,0.003,-0.01,0.01,0.0,0.023884570226073265,0.023884786292910576,176,-0.0005156734841875732,-0.00030941131990402937,3.084195852279663,12.587,0.0,64,LAND,False,STANDBY,10,6
2026-09-29T18:36:34.168706,-35.3632624,149.165238,0.003,-0.01,0.01,0.0,0.02405405417084694,0.024054164066910744,176,-0.0005084380391053855,-0.0003074168344028294,3.084193468093872,12.587,0.0,64,LAND,False,STANDBY,10,6
2026-09-29T18:36:34.669518,-35.3632624,149.165238,0.003,-0.01,0.01,0.0,0.02412443980574608,0.024124549701809883,176,-0.0005056911613792181,-0.00030949211213737726,3.0842013359069824,12.587,0.0,64,LAND,False,STANDBY,10,6
2026-09-29T18:36:35.170081,-35.3632624,149.165238,0.003,-0.01,0.01,0.0,0.024081232026219368,0.024081503972411156,176,-0.0005029045860283077,-0.00030656668241135776,3.0842087268829346,12.587,0.0,64,LAND,False,STANDBY,10,6
2026-09-29T18:36:35.670732,-35.3632624,149.165238,0.003,-0.01,0.01,0.0,0.023963047191500664,0.02396373264491558,176,-0.000504115188959986,-0.00029763751081191003,3.084214448928833,12.587,0.0,64,LAND,False,STANDBY,10,6
2026-09-29T18:36:36.171323,-35.3632624,149.165238,0.003,-0.01,0.01,0.0,0.023823289200663567,0.02382359839975834,176,-0.0005014380440115929,-0.00029773556161671877,3.0842180252075195,12.587,0.0,64,LAND,False,STANDBY,10,6
2026-09-29T18:36:36.672054,-35.3632624,149.165238,0.003,-0.01,0.01,0.0,0.023719415068626404,0.02372102253139019,176,-0.0004977151984348893,-0.00028695008950307965,3.0842151641845703,12.587,0.0,64,LAND,False,STANDBY,10,6
2026-09-29T18:36:37.172698,-35.3632624,149.165238,0.003,-0.01,0.01,0.0,0.02362518385052681,0.02362653985619545,176,-0.0005017406074330211,-0.00027651878190226853,3.084214210510254,12.587,0.0,64,LAND,False,STANDBY,10,6
2026-09-29T18:36:37.673204,-35.3632624,149.165238,0.003,-0.01,0.01,0.0,0.023326756432652473,0.02332804910838604,176,-0.0005077127716504037,-0.0002747783437371254,3.084223747253418,12.587,0.0,64,LAND,False,STANDBY,10,6
2026-09-29T18:36:38.173834,-35.3632624,149.165238,0.003,-0.01,0.01,0.0,0.023358549922704697,0.02335951291024685,176,-0.0005108093027956784,-0.00026606733445078135,3.0842292308807373,12.587,0.0,64,LAND,False,STANDBY,10,6
2026-09-29T18:36:38.674079,-35.3632624,149.165238,0.003,-0.01,0.01,0.0,0.023363053798675537,0.023364895954728127,176,-0.0005063407006673515,-0.0002620154118631035,3.084221363067627,12.587,0.0,64,LAND,False,STANDBY,10,6
2026-09-29T18:36:39.174722,-35.3632624,149.165238,0.003,-0.01,0.01,0.0,0.02323611080646515,0.023236820474267006,176,-0.0005083252326585352,-0.0002587577619124204,3.0842247009277344,12.587,0.0,64,LAND,False,STANDBY,10,6
2026-09-29T18:36:39.675375,-35.3632624,149.165238,0.003,-0.01,0.01,0.0,0.02333034574985504,0.023330390453338623,176,-0.0005207355716265738,-0.00026205176254734397,3.0842268466949463,12.587,0.0,64,LAND,False,STANDBY,10,6
2026-09-29T18:36:40.176005,-35.3632624,149.165238,0.003,-0.01,0.01,0.0,0.023626703768968582,0.02362675592303276,176,-0.0005146618350408971,-0.0002633061958476901,3.0842363834381104,12.587,0.0,64,LAND,False,STANDBY,10,6
2026-09-29T18:36:40.676475,-35.3632624,149.165238,0.003,-0.01,0.01,0.0,0.023674707859754562,0.023674732074141502,176,-0.0005111622740514576,-0.0002646037610247731,3.0842339992523193,12.587,0.0,64,LAND,False,STANDBY,10,6
2026-09-29T18:36:41.177221,-35.3632624,149.165238,0.003,-0.01,0.01,0.0,0.023449301719665527,0.02344934083521366,176,-0.0005054806242696941,-0.00026230327785015106,3.084240198135376,12.587,0.0,64,LAND,False,STANDBY,10,6
2026-09-29T18:36:41.677900,-35.3632624,149.165238,0.003,-0.01,0.01,0.0,0.02350577525794506,0.023505909368395805,176,-0.0005010443856008351,-0.0002693743153940886,3.08424711227417,12.587,0.0,64,LAND,False,STANDBY,10,6
2026-09-29T18:36:42.178256,-35.3632624,149.165238,0.003,-0.01,0.01,0.0,0.023297883570194244,0.023298144340515137,176,-0.0004982578102499247,-0.0002701234770938754,3.084256410598755,12.587,0.0,64,LAND,False,STANDBY,10,6
2026-09-29T18:36:42.678828,-35.3632624,149.165238,0.003,-0.01,0.01,0.0,0.023334814235568047,0.02333495393395424,176,-0.0005072783096693456,-0.00027834848151542246,3.0842535495758057,12.587,0.0,64,LAND,False,STANDBY,10,6
2026-09-29T18:36:43.179720,-35.3632624,149.165238,0.003,-0.01,0.01,0.0,0.02357066608965397,0.02357088029384613,176,-0.000509890727698803,-0.00027715013129636645,3.0842435359954834,12.587,0.0,64,LAND,False,STANDBY,10,6
2026-09-29T18:36:43.679901,-35.3632624,149.165238,0.003,-0.01,0.01,0.0,0.023656794801354408,0.02365698292851448,176,-0.0005177076673135161,-0.00028013880364596844,3.084245204925537,12.587,0.0,64,LAND,False,STANDBY,10,6
2026-09-29T18:36:44.180716,-35.3632624,149.165238,0.003,-0.01,0.01,0.0,0.02362716756761074,0.023627467453479767,176,-0.0005135031533427536,-0.0002813951577991247,3.0842437744140625,12.587,0.0,64,LAND,False,STANDBY,10,6
2026-09-29T18:36:44.681362,-35.3632624,149.165238,0.003,-0.01,0.01,0.0,0.023647181689739227,0.023647477850317955,176,-0.0005104064475744963,-0.0002877088263630867,3.0842485427856445,12.587,0.0,64,LAND,False,STANDBY,10,6
2026-09-29T18:36:45.181827,-35.3632624,149.165238,0.003,-0.01,0.01,0.0,0.023694094270467758,0.023694176226854324,176,-0.0005057406378909945,-0.00028459113673307,3.084245443344116,12.587,0.0,64,LAND,False,STANDBY,10,6
2026-09-29T18:36:45.682510,-35.3632624,149.165238,0.003,-0.01,0.01,0.0,0.0236843079328537,0.02368457242846489,176,-0.0005096803070046008,-0.0002846156421583146,3.0842514038085938,12.587,0.0,64,LAND,False,STANDBY,10,6
2026-09-29T18:36:46.183248,-35.3632624,149.165238,0.003,-0.01,0.01,0.0,0.023659156635403633,0.02365945838391781,176,-0.0005074714426882565,-0.000281280284980312,3.0842432975769043,12.587,0.0,64,LAND,False,STANDBY,10,6
2026-09-29T18:36:46.683838,-35.3632624,149.165238,0.003,-0.01,0.01,0.0,0.023833248764276505,0.023833366110920906,176,-0.0005118385888636112,-0.00029191511566750705,3.0842432975769043,12.587,0.0,64,LAND,False,STANDBY,10,6
2026-09-29T18:36:47.184403,-35.3632624,149.165238,0.003,-0.01,0.01,0.0,0.023714708164334297,0.023714706301689148,176,-0.0004932880401611328,-0.00029042409732937813,3.0842549800872803,12.587,0.0,64,LAND,False,STANDBY,10,6
2026-09-29T18:36:47.685259,-35.3632624,149.165238,0.003,-0.01,0.01,0.0,0.023713015019893646,0.023713089525699615,176,-0.000494319130666554,-0.00029419423663057387,3.0842642784118652,12.587,0.0,64,LAND,False,STANDBY,10,6
2026-09-29T18:36:48.185878,-35.3632624,149.165238,0.003,-0.01,0.01,0.0,0.023682165890932083,0.02368270605802536,176,-0.0004912099684588611,-0.00029602457652799785,3.0842676162719727,12.587,0.0,64,LAND,False,STANDBY,10,6
2026-09-29T18:36:48.686330,-35.3632624,149.165238,0.003,-0.01,0.01,0.0,0.023623589426279068,0.02362447790801525,176,-0.0004941279185004532,-0.0002945048618130386,3.0842621326446533,12.587,0.0,64,LAND,False,STANDBY,10,6
2026-09-29T18:36:49.187155,-35.3632624,149.165238,0.003,-0.01,0.01,0.0,0.023724619299173355,0.023725857958197594,176,-0.0004901538486592472,-0.000295157078653574,3.0842697620391846,12.587,0.0,64,LAND,False,STANDBY,10,6
2026-09-29T18:36:49.687835,-35.3632624,149.165238,0.003,-0.01,0.01,0.0,0.023609742522239685,0.02361023798584938,176,-0.0004909698618575931,-0.00029473271570168436,3.0842771530151367,12.587,0.0,64,LAND,False,STANDBY,10,6
2026-09-29T18:36:50.188438,-35.3632624,149.165238,0.003,-0.01,0.01,0.0,0.023737655952572823,0.023738011717796326,176,-0.0004946193657815456,-0.0002919380785897374,3.084278106689453,12.587,0.0,64,LAND,False,STANDBY,10,6
2026-09-29T18:36:50.688967,-35.3632624,149.165238,0.003,-0.01,0.01,0.0,0.023616798222064972,0.023617133498191833,176,-0.0004942850209772587,-0.00029733413248322904,3.0842862129211426,12.587,0.0,64,LAND,False,STANDBY,10,6
2026-09-29T18:36:51.189647,-35.3632624,149.165238,0.003,-0.01,0.01,0.0,0.023543285205960274,0.023544123396277428,176,-0.00048715827870182693,-0.0002931981871370226,3.084285020828247,12.587,0.0,64,LAND,False,STANDBY,10,6
2026-09-29T18:36:51.690027,-35.3632624,149.165238,0.002,-0.01,0.01,0.0,0.02339594066143036,0.023398196324706078,176,-0.0004965419648215175,-0.00029206951148808,3.084284782409668,12.587,0.0,64,LAND,False,STANDBY,10,6
2026-09-29T18:36:52.190857,-35.3632624,149.165238,0.002,-0.01,0.01,0.0,0.023406142368912697,0.02340872213244438,176,-0.000495516462251544,-0.000284019362879917,3.08429217338562,12.587,0.0,64,LAND,False,STANDBY,10,6
2026-09-29T18:36:52.691390,-35.3632624,149.165238,0.002,-0.01,0.01,0.0,0.023368900641798973,0.023373864591121674,176,-0.0004944198881275952,-0.0002874402271118015,3.084294557571411,12.587,0.0,64,LAND,False,STANDBY,10,6
2026-09-29T18:36:53.192008,-35.3632624,149.165238,0.002,-0.01,0.01,0.0,0.023509766906499863,0.02351239137351513,176,-0.0004909067647531629,-0.0002970595087390393,3.0842974185943604,12.587,0.0,64,LAND,False,STANDBY,10,6
2026-09-29T18:36:53.692668,-35.3632624,149.165238,0.002,-0.01,0.01,0.0,0.023400738835334778,0.023401640355587006,176,-0.0004894682206213474,-0.00030765688279643655,3.0843071937561035,12.587,0.0,64,LAND,False,STANDBY,10,6
2026-09-29T18:36:54.193116,-35.3632624,149.165238,0.002,-0.01,0.01,0.0,0.02345845103263855,0.023458752781152725,176,-0.000490197038743645,-0.00031144634704105556,3.084306478500366,12.587,0.0,64,LAND,False,STANDBY,10,6
2026-09-29T18:36:54.693942,-35.3632624,149.165238,0.002,-0.01,0.01,0.0,0.023518284782767296,0.023518722504377365,176,-0.0004939650534652174,-0.00030654907459393144,3.0843007564544678,12.587,0.0,64,LAND,False,STANDBY,10,6
2026-09-29T18:36:55.194957,-35.3632624,149.165238,0.002,-0.01,0.01,0.0,0.02367900125682354,0.023679219186306,176,-0.0004951859591528773,-0.0003061531751882285,3.084306478500366,12.587,0.0,64,LAND,False,STANDBY,10,6
2026-09-29T18:36:55.696043,-35.3632624,149.165238,0.002,-0.01,0.01,0.0,0.024019179865717888,0.024019407108426094,176,-0.0005039885872974992,-0.00030008028261363506,3.084311008453369,12.587,0.0,64,LAND,False,STANDBY,10,6
2026-09-29T18:36:56.196708,-35.3632624,149.165238,0.002,-0.01,0.01,0.0,0.023951606824994087,0.023951610550284386,176,-0.000501064641866833,-0.0002986971230711788,3.084319591522217,12.587,0.0,64,LAND,False,STANDBY,10,6
2026-09-29T18:36:56.697571,-35.3632624,149.165238,0.002,-0.01,0.01,0.0,0.023674342781305313,0.023674432188272476,176,-0.000507072196342051,-0.00029558237292803824,3.084320306777954,12.587,0.0,64,LAND,False,STANDBY,10,6
2026-09-29T18:36:57.198123,-35.3632624,149.165238,0.002,-0.01,0.01,0.0,0.023741340264678,0.023741358891129494,176,-0.0005030400352552533,-0.0002995572576764971,3.084319591522217,12.587,0.0,64,LAND,False,STANDBY,10,6
2026-09-29T18:36:57.698829,-35.3632624,149.165238,0.002,-0.01,0.01,0.0,0.02369397133588791,0.023694103583693504,176,-0.000506246869917959,-0.0003007505147252232,3.0843212604522705,12.587,0.0,64,LAND,False,STANDBY,10,6
2026-09-29T18:36:58.199188,-35.3632624,149.165238,0.002,-0.01,0.01,0.0,0.023801952600479126,0.02380199171602726,176,-0.000507825636304915,-0.00030303740641102195,3.084319829940796,12.587,0.0,64,LAND,False,STANDBY,10,6
2026-09-29T18:36:58.700476,-35.3632624,149.165238,0.002,-0.01,0.01,0.0,0.023790977895259857,0.023791054263710976,176,-0.0005188754294067621,-0.00030766084091737866,3.084317445755005,12.587,0.0,64,LAND,False,STANDBY,10,6
2026-09-29T18:36:59.201961,-35.3632624,149.165238,0.002,-0.01,0.01,0.0,0.023845158517360687,0.023845335468649864,176,-0.0005179148865863681,-0.00030133905238471925,3.0843214988708496,12.587,0.0,64,LAND,False,STANDBY,10,6
2026-09-29T18:36:59.703096,-35.3632624,149.165238,0.002,-0.01,0.01,0.0,0.023835845291614532,0.023835914209485054,176,-0.0005268504610285163,-0.0003029468352906406,3.084315061569214,12.587,0.0,64,LAND,False,STANDBY,10,6
2026-09-29T18:37:00.203867,-35.3632624,149.165238,0.002,-0.01,0.01,0.0,0.02401416189968586,0.024014409631490707,176,-0.0005321986973285675,-0.0003096785512752831,3.0843119621276855,12.587,0.0,64,LAND,False,STANDBY,10,6
2026-09-29T18:37:00.707472,-35.3632624,149.165238,0.002,-0.01,0.01,0.0,0.02410675212740898,0.02410675212740898,176,-0.0005267786327749491,-0.00031189160654321313,3.084317445755005,12.587,0.0,64,LAND,False,STANDBY,10,6
2026-09-29T18:37:01.208348,-35.3632624,149.165238,0.002,-0.01,0.01,0.0,0.024361886084079742,0.024362165480852127,176,-0.000522380752954632,-0.0003165466187056154,3.0843148231506348,12.587,0.0,64,LAND,False,STANDBY,10,6
2026-09-29T18:37:01.708902,-35.3632624,149.165238,0.002,-0.01,0.01,0.0,0.024387791752815247,0.024387888610363007,176,-0.0005238699377514422,-0.0003159052866976708,3.0843141078948975,12.587,0.0,64,LAND,False,STANDBY,10,6
2026-09-29T18:37:02.209927,-35.3632624,149.165238,0.003,-0.01,0.01,0.0,0.024277539923787117,0.0242775846272707,176,-0.0005292960559017956,-0.0003228533314540982,3.0843238830566406,12.587,0.0,64,LAND,False,STANDBY,10,6
2026-09-29T18:37:02.711965,-35.3632624,149.165238,0.003,-0.01,0.01,0.0,0.024324096739292145,0.024324236437678337,176,-0.0005215963465161622,-0.00031772840884514153,3.0843276977539062,12.587,0.0,64,LAND,False,STANDBY,10,6
2026-09-29T18:37:03.213797,-35.3632624,149.165238,0.003,-0.01,0.01,0.0,0.024240776896476746,0.024240989238023758,176,-0.0005194979021325707,-0.0003079779853578657,3.0843381881713867,12.587,0.0,64,LAND,False,STANDBY,10,6
2026-09-29T18:37:03.714556,-35.3632624,149.165238,0.003,-0.01,0.01,0.0,0.02382219210267067,0.02382262609899044,176,-0.0004967259592376649,-0.0002848144213203341,3.0843496322631836,12.587,0.0,64,LAND,False,STANDBY,10,6
2026-09-29T18:37:04.215765,-35.3632624,149.165238,0.002,-0.01,0.01,0.0,0.023965325206518173,0.02396600879728794,176,-0.00048194979899562895,-0.00027026538737118244,3.084362268447876,12.587,0.0,64,LAND,False,STANDBY,10,6
2026-09-29T18:37:04.719833,-35.3632624,149.165238,0.002,-0.01,0.01,0.0,0.023308338597416878,0.023309720680117607,176,-0.0004428700776770711,-0.0002312717988388613,3.0843987464904785,12.587,0.0,64,LAND,False,STANDBY,10,6
2026-09-29T18:37:05.220762,-35.3632624,149.165238,0.002,-0.01,0.01,0.0,0.023123247548937798,0.02312459610402584,176,-0.00040742583223618567,-0.000202773924684152,3.084444761276245,12.587,0.0,64,LAND,False,STANDBY,10,6
2026-09-29T18:37:05.723510,-35.3632624,149.165238,0.002,-0.01,0.01,0.0,0.022289538756012917,0.02229015715420246,176,-0.00036779281799681485,-0.0001597724185558036,3.084498882293701,12.587,0.0,64,LAND,False,STANDBY,10,6
2026-09-29T18:37:06.226529,-35.3632624,149.165238,0.002,-0.01,0.01,0.0,0.02181873843073845,0.02181892842054367,176,-0.0003279372467659414,-0.00012260451330803335,3.0845491886138916,12.587,0.0,64,LAND,False,STANDBY,10,6
2026-09-29T18:37:06.726872,-35.3632624,149.165238,0.002,-0.01,0.01,0.0,0.020718824118375778,0.020719019696116447,176,-0.0002698396856430918,-6.563977512996644e-05,3.0846211910247803,12.587,0.0,64,LAND,False,STANDBY,10,6
2026-09-29T18:37:07.227681,-35.3632624,149.165238,0.002,-0.01,0.01,0.0,0.02007395401597023,0.020074011757969856,176,-0.00022148941934574395,-2.617123755044304e-05,3.0847015380859375,12.587,0.0,64,LAND,False,STANDBY,10,6
2026-09-29T18:37:07.730281,-35.3632624,149.165238,0.002,-0.01,0.01,0.0,0.018601510673761368,0.018601534888148308,176,-0.00016057713946793228,2.2626669306191616e-05,3.084792137145996,12.587,0.0,64,LAND,False,STANDBY,10,6
2026-09-29T18:37:08.231385,-35.3632624,149.165238,0.003,-0.01,0.01,0.0,0.017807962372899055,0.017807980999350548,176,-0.00011536634701769799,7.86315358709544e-05,3.0848820209503174,12.587,0.0,64,LAND,False,STANDBY,10,6
2026-09-29T18:37:08.732214,-35.3632624,149.165238,0.003,-0.01,0.01,0.0,0.016316454857587814,0.016316572204232216,176,-5.612675522570498e-05,0.0001311730593442917,3.084984064102173,12.587,0.0,64,LAND,False,STANDBY,10,6
2026-09-29T18:37:09.232830,-35.3632624,149.165238,0.003,-0.01,0.01,0.0,0.015313900075852871,0.015314212068915367,176,-2.4991049940581433e-06,0.000176866989932023,3.085087776184082,12.587,0.0,64,LAND,False,STANDBY,10,6
2026-09-29T18:37:09.734184,-35.3632624,149.165238,0.003,0.0,0.01,0.0,0.013865062035620213,0.01386599987745285,176,5.4644733609165996e-05,0.00023477432841900736,3.085202217102051,12.587,0.0,64,LAND,False,STANDBY,10,6
2026-09-29T18:37:10.237836,-35.3632624,149.165238,0.003,0.0,0.0,0.0,0.01290014199912548,0.01290077343583107,176,0.00010705347085604444,0.00027872371720150113,3.0853309631347656,12.587,0.0,64,LAND,False,STANDBY,10,6
2026-09-29T18:37:10.738875,-35.3632624,149.165238,0.003,0.0,0.0,0.0,0.011524613946676254,0.011525646783411503,176,0.00015794059436302632,0.0003353720239829272,3.0854523181915283,12.587,0.0,64,LAND,False,STANDBY,10,6
2026-09-29T18:37:11.239552,-35.3632624,149.165238,0.003,0.0,0.0,0.0,0.010590681806206703,0.010591086931526661,176,0.0002015649079112336,0.00037799071287736297,3.085592746734619,12.587,0.0,64,LAND,False,STANDBY,10,6
2026-09-29T18:37:11.739958,-35.3632624,149.165238,0.003,0.0,0.0,0.0,0.009345927275717258,0.00934593565762043,176,0.0002490195620339364,0.00043060543248429894,3.0857362747192383,12.587,0.0,64,LAND,False,STANDBY,10,6
2026-09-29T18:37:12.240674,-35.3632624,149.165238,0.003,0.0,0.0,0.0,0.008351474069058895,0.008351795375347137,176,0.00030124466866254807,0.00047698436537757516,3.085891008377075,12.587,0.0,64,LAND,False,STANDBY,10,6
2026-09-29T18:37:12.741112,-35.3632624,149.165238,0.003,0.0,0.0,0.0,0.00716486806049943,0.007165243849158287,176,0.00034709967439994216,0.0005305700469762087,3.086050033569336,12.587,0.0,64,LAND,False,STANDBY,10,6
2026-09-29T18:37:13.241829,-35.3632624,149.165238,0.003,0.0,0.0,0.0,0.0061441026628017426,0.006144287530332804,176,0.0003882293531205505,0.0005732768913730979,3.0862090587615967,12.587,0.0,64,LAND,False,STANDBY,10,6
2026-09-29T18:37:13.742671,-35.3632624,149.165238,0.003,0.0,0.0,0.0,0.005116061773151159,0.005116183776408434,176,0.00042324847890995443,0.0006147006060928106,3.0863845348358154,12.587,0.0,64,LAND,False,STANDBY,10,6
2026-09-29T18:37:14.243362,-35.3632624,149.165238,0.003,0.0,0.0,0.0,0.004207799676805735,0.004207947291433811,176,0.0004617234808392823,0.0006608375697396696,3.0865628719329834,12.587,0.0,64,LAND,False,STANDBY,10,6
2026-09-29T18:37:14.743870,-35.3632624,149.165238,0.003,0.0,0.0,0.0,0.0032372972927987576,0.0032374542206525803,176,0.000504732714034617,0.0007057013572193682,3.086742877960205,12.587,0.0,64,LAND,False,STANDBY,10,6
2026-09-29T18:37:15.244632,-35.3632624,149.165238,0.003,0.0,0.0,0.0,0.0024104989133775234,0.002410522662103176,176,0.0005457291263155639,0.000752760679461062,3.086935043334961,12.587,0.0,64,LAND,False,STANDBY,10,6
2026-09-29T18:37:15.745200,-35.3632624,149.165238,0.003,0.0,0.0,0.0,0.0014418100472539663,0.0014420603401958942,176,0.0005826135748066008,0.0007938392809592187,3.0871267318725586,12.587,0.0,64,LAND,False,STANDBY,10,6
2026-09-29T18:37:16.245827,-35.3632624,149.165238,0.003,0.0,0.0,0.0,0.0005106751341372728,0.0005125065799802542,176,0.0006190421991050243,0.0008323436486534774,3.08732533454895,12.587,0.0,64,LAND,False,STANDBY,10,6
2026-09-29T18:37:16.746399,-35.3632624,149.165238,0.003,0.0,0.0,0.0,0.00021248386474326253,0.0002126037288689986,176,0.0006507384241558611,0.0008672175463289022,3.0875301361083984,12.587,0.0,64,LAND,False,STANDBY,10,6
2026-09-29T18:37:17.247537,-35.3632624,149.165238,0.003,0.0,0.0,0.0,0.0010015531443059444,0.001002153498120606,176,0.0006921024760231376,0.0009065845515578985,3.087733268737793,12.587,0.0,64,LAND,False,STANDBY,10,6
2026-09-29T18:37:17.748623,-35.3632624,149.165238,0.003,0.0,0.0,0.0,0.0018478435231372714,0.0018479623831808567,176,0.0007243887521326542,0.0009471087832935154,3.087947368621826,12.587,0.0,64,LAND,False,STANDBY,10,6
2026-09-29T18:37:18.248958,-35.3632623,149.1652379,0.003,0.0,0.0,0.0,0.002769866492599249,0.002770279301330447,176,0.0007619937532581389,0.0009804500732570887,3.0881621837615967,12.587,0.0,64,LAND,False,STANDBY,10,6
2026-09-29T18:37:18.749707,-35.3632623,149.1652379,0.003,0.0,0.0,0.0,0.0035758186131715775,0.003576260758563876,176,0.0007911078864708543,0.0010160445235669613,3.0883824825286865,12.587,0.0,64,LAND,False,STANDBY,10,6
2026-09-29T18:37:19.250376,-35.3632623,149.1652379,0.003,0.0,0.0,0.0,0.004248288460075855,0.0042483070865273476,176,0.0008221509051509202,0.0010473544243723154,3.088611602783203,12.587,0.0,64,LAND,False,STANDBY,10,6
2026-09-29T18:37:19.750832,-35.3632623,149.1652379,0.003,0.0,0.0,0.0,0.0048582484014332294,0.0048583438619971275,176,0.0008515829686075449,0.0010669520124793053,3.0888452529907227,12.587,0.0,64,LAND,False,STANDBY,10,6
2026-09-29T18:37:20.251079,-35.3632623,149.1652379,0.003,0.0,0.0,0.0,0.005507455673068762,0.005507478956133127,176,0.0008814632892608643,0.0010907910764217377,3.0890822410583496,12.587,0.0,64,LAND,False,STANDBY,10,6
2026-09-29T18:37:20.751773,-35.3632623,149.1652379,0.003,0.0,0.0,0.0,0.006013990845531225,0.00601408863440156,177,0.0009044668404385448,0.0011132112704217434,3.0893187522888184,12.587,0.0,64,LAND,False,STANDBY,10,6
2026-09-29T18:37:21.252515,-35.3632623,149.1652379,0.003,0.0,0.0,0.0,0.006586816161870956,0.006587013602256775,177,0.0009298853110522032,0.0011439373483881354,3.0895636081695557,12.587,0.0,64,LAND,False,STANDBY,10,6
2026-09-29T18:37:21.753201,-35.3632623,149.1652379,0.003,0.0,0.0,0.0,0.007101645693182945,0.00710171926766634,177,0.000958152231760323,0.001173275290057063,3.0898170471191406,12.587,0.0,64,LAND,False,STANDBY,10,6
2026-09-29T18:37:22.253831,-35.3632623,149.1652379,0.003,0.0,0.0,0.0,0.007727240212261677,0.007727555464953184,177,0.000982999918051064,0.001204936532303691,3.0900652408599854,12.587,0.0,64,LAND,False,STANDBY,10,6
2026-09-29T18:37:22.754176,-35.3632623,149.1652379,0.003,0.0,0.0,0.0,0.008251836523413658,0.008251946419477463,177,0.0010098664788529277,0.0012208415428176522,3.0903170108795166,12.587,0.0,64,LAND,False,STANDBY,10,6
2026-09-29T18:37:23.254843,-35.3632623,149.1652379,0.003,0.0,0.0,0.0,0.008859483525156975,0.008859483525156975,177,0.0010296570835635066,0.0012462255544960499,3.0905814170837402,12.587,0.0,64,LAND,False,STANDBY,10,6
2026-09-29T18:37:23.755628,-35.3632623,149.1652379,0.003,0.0,0.0,0.0,0.009155631065368652,0.009155631996691227,177,0.0010524134850129485,0.0012553827837109566,3.0908403396606445,12.587,0.0,64,LAND,False,STANDBY,10,6
2026-09-29T18:37:24.255864,-35.3632623,149.1652379,0.003,0.0,0.0,0.0,0.009686470031738281,0.009686501696705818,177,0.0010698712430894375,0.0012802102137356997,3.0911061763763428,12.587,0.0,64,LAND,False,STANDBY,10,6
2026-09-29T18:37:24.756579,-35.3632623,149.1652379,0.003,0.0,0.0,0.0,0.009899520315229893,0.009900215081870556,177,0.0010873073479160666,0.0012981955660507083,3.091374397277832,12.587,0.0,64,LAND,False,STANDBY,10,6
2026-09-29T18:37:25.257255,-35.3632623,149.1652379,0.003,0.0,0.0,0.0,0.010361649096012115,0.01036209985613823,177,0.0010993632022291422,0.0013242020504549146,3.091646432876587,12.587,0.0,64,LAND,False,STANDBY,10,6
2026-09-29T18:37:25.757835,-35.3632623,149.1652379,0.003,0.0,0.0,0.0,0.010747252032160759,0.010749056935310364,177,0.0011170931393280625,0.0013337851269170642,3.0919241905212402,12.587,0.0,64,LAND,False,STANDBY,10,6
2026-09-29T18:37:26.258295,-35.3632623,149.1652379,0.003,0.0,0.0,0.0,0.011279502883553505,0.01128002442419529,177,0.0011336689349263906,0.0013568195281550288,3.092197895050049,12.587,0.0,64,LAND,False,STANDBY,10,6
2026-09-29T18:37:26.758834,-35.3632623,149.1652379,0.003,0.0,0.0,0.0,0.011521843262016773,0.011522158980369568,177,0.001155093894340098,0.0013730188366025686,3.092478036880493,12.587,0.0,64,LAND,False,STANDBY,10,6
2026-09-29T18:37:27.259828,-35.3632623,149.1652379,0.003,0.0,0.0,0.0,0.011927655898034573,0.011927933432161808,177,0.0011829320574179292,0.001394250662997365,3.092756509780884,12.587,0.0,64,LAND,False,STANDBY,10,6
2026-09-29T18:37:27.760551,-35.3632623,149.1652379,0.003,0.0,0.0,0.0,0.012217096984386444,0.012217126786708832,177,0.0012100955937057734,0.00140806520357728,3.0930397510528564,12.587,0.0,64,LAND,False,STANDBY,10,6
2026-09-29T18:37:28.260946,-35.3632623,149.1652379,0.003,0.0,0.0,0.0,0.013003233820199966,0.013004237785935402,177,0.0012322039110586047,0.0014258393784984946,3.093323230743408,12.587,0.0,64,LAND,False,STANDBY,10,6
2026-09-29T18:37:28.761674,-35.3632623,149.1652379,0.003,0.0,0.0,0.0,0.013207662850618362,0.013208700343966484,177,0.001250667148269713,0.0014455646742135286,3.0936031341552734,12.587,0.0,64,LAND,False,STANDBY,10,6
2026-09-29T18:37:29.262492,-35.3632623,149.1652379,0.003,0.0,-0.01,0.0,0.013828316703438759,0.013828737661242485,177,0.001270417356863618,0.0014640047447755933,3.093884229660034,12.587,0.0,64,LAND,False,STANDBY,10,6
2026-09-29T18:37:29.763086,-35.3632623,149.1652379,0.003,0.0,-0.01,0.0,0.014117495156824589,0.014117658138275146,177,0.0012875795364379883,0.0014769507106393576,3.0941686630249023,12.587,0.0,64,LAND,False,STANDBY,10,6
2026-09-29T18:37:30.264011,-35.3632623,149.1652379,0.003,0.0,-0.01,0.0,0.01454068347811699,0.014541495591402054,177,0.0012989981332793832,0.0014930329052731395,3.094452381134033,12.587,0.0,64,LAND,False,STANDBY,10,6
2026-09-29T18:37:30.764851,-35.3632623,149.1652379,0.003,0.0,-0.01,0.0,0.0145953968167305,0.014597703702747822,177,0.0013125744881108403,0.001496487995609641,3.0947492122650146,12.587,0.0,64,LAND,False,STANDBY,10,6
2026-09-29T18:37:31.265786,-35.3632623,149.1652379,0.002,0.0,-0.01,0.0,0.014983839355409145,0.014985811896622181,177,0.001337062451057136,0.0015106226783245802,3.0950381755828857,12.587,0.0,64,LAND,False,STANDBY,10,6
2026-09-29T18:37:31.766248,-35.3632623,149.1652379,0.002,0.01,-0.01,0.0,0.015118997544050217,0.01512156706303358,177,0.0013467245735228062,0.00152018538210541,3.095334053039551,12.587,0.0,64,LAND,False,STANDBY,10,6
2026-09-29T18:37:32.266821,-35.3632623,149.1652379,0.002,0.01,-0.01,0.0,0.015786288306117058,0.015789499506354332,177,0.001360671711154282,0.0015415775123983622,3.0956313610076904,12.587,0.0,64,LAND,False,STANDBY,10,6
2026-09-29T18:37:32.767653,-35.3632623,149.1652379,0.002,0.01,-0.01,0.0,0.015831368044018745,0.015833284705877304,177,0.0013737367698922753,0.0015606759116053581,3.095935821533203,12.587,0.0,64,LAND,False,STANDBY,10,6
2026-09-29T18:37:33.267871,-35.3632623,149.1652378,0.002,0.01,-0.01,0.0,0.01634259894490242,0.01634328067302704,177,0.0013834094861522317,0.00157391675747931,3.096230983734131,12.587,0.0,64,LAND,False,STANDBY,10,6
2026-09-29T18:37:33.768921,-35.3632623,149.1652378,0.002,0.01,-0.01,0.0,0.01639736443758011,0.016397826373577118,177,0.0013879985781386495,0.0015836278907954693,3.0965187549591064,12.587,0.0,64,LAND,False,STANDBY,10,6
2026-09-29T18:37:34.270596,-35.3632623,149.1652378,0.002,0.01,-0.01,0.0,0.016875341534614563,0.01687535271048546,177,0.001391264027915895,0.0015851283678784966,3.0968215465545654,12.587,0.0,64,LAND,False,STANDBY,10,6
2026-09-29T18:37:34.772823,-35.3632623,149.1652378,0.002,0.01,-0.01,0.0,0.01694958657026291,0.016949594020843506,177,0.0013970090076327324,0.001596012618392706,3.0971169471740723,12.587,0.0,64,LAND,False,STANDBY,10,6
2026-09-29T18:37:35.273573,-35.3632623,149.1652378,0.002,0.01,-0.01,0.0,0.017325058579444885,0.017325064167380333,177,0.0014059353852644563,0.001616391004063189,3.0974106788635254,12.587,0.0,64,LAND,False,STANDBY,10,6
2026-09-29T18:37:35.773874,-35.3632623,149.1652378,0.002,0.01,-0.01,0.0,0.017231956124305725,0.017232229933142662,177,0.0014024617848917842,0.0016194869531318545,3.097710609436035,12.587,0.0,64,LAND,False,STANDBY,10,6
2026-09-29T18:37:36.274651,-35.3632623,149.1652378,0.003,0.01,-0.01,0.0,0.01757224090397358,0.017572516575455666,177,0.0014139267150312662,0.0016311719082295895,3.0980005264282227,12.587,0.0,64,LAND,False,STANDBY,10,6
2026-09-29T18:37:36.775335,-35.3632623,149.1652378,0.003,0.01,-0.01,0.0,0.01754169724881649,0.017541978508234024,177,0.0014156328979879618,0.0016379704466089606,3.0983026027679443,12.587,0.0,64,LAND,False,STANDBY,10,6
2026-09-29T18:37:37.275829,-35.3632623,149.1652378,0.003,0.01,-0.01,0.0,0.01784542202949524,0.017845584079623222,177,0.001431969809345901,0.0016518631018698215,3.098595380783081,12.587,0.0,64,LAND,False,STANDBY,10,6
2026-09-29T18:37:37.776532,-35.3632623,149.1652378,0.003,0.01,-0.01,0.0,0.017865406349301338,0.017865465953946114,177,0.001433409284800291,0.0016487403772771358,3.0988919734954834,12.587,0.0,64,LAND,False,STANDBY,10,6
2026-09-29T18:37:38.277322,-35.3632623,149.1652378,0.003,0.01,-0.01,0.0,0.018121076747775078,0.018121210858225822,177,0.0014421851374208927,0.0016611948376521468,3.0992002487182617,12.587,0.0,64,LAND,False,STANDBY,10,6
2026-09-29T18:37:38.778265,-35.3632623,149.1652378,0.003,0.01,-0.01,0.0,0.017999758943915367,0.017999829724431038,177,0.001447484246455133,0.0016594582702964544,3.099503993988037,12.587,0.0,64,LAND,False,STANDBY,10,6
2026-09-29T18:37:39.278824,-35.3632623,149.1652378,0.003,0.01,-0.01,0.0,0.018375378102064133,0.018375413492321968,177,0.001457995385862887,0.001669340766966343,3.099801778793335,12.587,0.0,64,LAND,False,STANDBY,10,6
2026-09-29T18:37:39.779489,-35.3632623,149.1652378,0.003,0.01,-0.01,0.0,0.018262390047311783,0.018262458965182304,177,0.0014690086245536804,0.001674509490840137,3.1001031398773193,12.587,0.0,64,LAND,False,STANDBY,10,6
2026-09-29T18:37:40.280338,-35.3632623,149.1652378,0.003,0.01,-0.01,0.0,0.01858234591782093,0.01858237385749817,177,0.001479021506384015,0.0016956101171672344,3.100407600402832,12.587,0.0,64,LAND,False,STANDBY,10,6
2026-09-29T18:37:40.780910,-35.3632623,149.1652378,0.003,0.01,-0.01,0.0,0.018581263720989227,0.018581325188279152,177,0.0014787028776481748,0.0017086060252040625,3.100709915161133,12.587,0.0,64,LAND,False,STANDBY,10,6
2026-09-29T18:37:41.281718,-35.3632623,149.1652378,0.003,0.01,-0.01,0.0,0.019000910222530365,0.019000912085175514,177,0.0014890243764966726,0.0017157768597826362,3.1010031700134277,12.587,0.0,64,LAND,False,STANDBY,10,6
2026-09-29T18:37:41.782159,-35.3632623,149.1652378,0.003,0.01,-0.01,0.0,0.018903471529483795,0.018903790041804314,177,0.0014943289570510387,0.0017217712011188269,3.1013009548187256,12.587,0.0,64,LAND,False,STANDBY,10,6
2026-09-29T18:37:42.282823,-35.3632623,149.1652378,0.003,0.01,-0.01,0.0,0.019309084862470627,0.01930917799472809,177,0.0015123351477086544,0.0017252203542739153,3.1015994548797607,12.587,0.0,64,LAND,False,STANDBY,10,6
2026-09-29T18:37:42.783196,-35.3632623,149.1652378,0.003,0.01,-0.01,0.0,0.01935088261961937,0.019350934773683548,177,0.0015215803869068623,0.0017283031484112144,3.1019060611724854,12.587,0.0,64,LAND,False,STANDBY,10,6
2026-09-29T18:37:43.283937,-35.3632623,149.1652378,0.003,0.01,-0.01,0.0,0.019774803891777992,0.01977483369410038,177,0.0015353959752246737,0.0017428835853934288,3.102214813232422,12.587,0.0,64,LAND,False,STANDBY,10,6
2026-09-29T18:37:43.784531,-35.3632623,149.1652378,0.003,0.01,-0.01,0.0,0.019737644121050835,0.019737649708986282,177,0.001537683536298573,0.001742532942444086,3.1025140285491943,12.587,0.0,64,LAND,False,STANDBY,10,6
2026-09-29T18:37:44.285418,-35.3632623,149.1652378,0.003,0.01,-0.01,0.0,0.02004421316087246,0.02004493586719036,177,0.001549684558995068,0.0017482689581811428,3.1028084754943848,12.587,0.0,64,LAND,False,STANDBY,10,6
2026-09-29T18:37:44.786097,-35.3632623,149.1652378,0.003,0.01,-0.01,0.0,0.019821392372250557,0.019822122529149055,177,0.001554955029860139,0.0017529339529573917,3.103107452392578,12.587,0.0,64,LAND,False,STANDBY,10,6
2026-09-29T18:37:45.286899,-35.3632623,149.1652378,0.003,0.01,-0.01,0.0,0.02024535834789276,0.02024603635072708,177,0.0015675126342102885,0.0017670812085270882,3.1034088134765625,12.587,0.0,64,LAND,False,STANDBY,10,6
2026-09-29T18:37:45.787824,-35.3632623,149.1652378,0.003,0.01,-0.01,0.0,0.020298998802900314,0.0202990360558033,177,0.0015711612068116665,0.0017703654011711478,3.103708028793335,12.587,0.0,64,LAND,False,STANDBY,10,6
2026-09-29T18:37:46.288785,-35.3632622,149.1652378,0.003,0.01,-0.01,0.0,0.020837534219026566,0.020837565883994102,177,0.0015898928977549076,0.0017846779664978385,3.1040074825286865,12.587,0.0,64,LAND,False,STANDBY,10,6
2026-09-29T18:37:46.789498,-35.3632623,149.1652378,0.003,0.01,-0.01,0.0,0.020858464762568474,0.020858772099018097,177,0.0015989451203495264,0.001782663632184267,3.104302167892456,12.587,0.0,64,LAND,False,STANDBY,10,6
2026-09-29T18:37:47.289910,-35.3632622,149.1652378,0.003,0.01,-0.01,0.0,0.021261172369122505,0.021262696012854576,177,0.0016077433247119188,0.001794022973626852,3.1045961380004883,12.587,0.0,64,LAND,False,STANDBY,10,6
2026-09-29T18:37:47.791143,-35.3632622,149.1652378,0.003,0.01,-0.01,0.0,0.021056359633803368,0.02105754055082798,177,0.0016066994285210967,0.0017921295948326588,3.104891300201416,12.587,0.0,64,LAND,False,STANDBY,10,6
2026-09-29T18:37:48.291829,-35.3632622,149.1652378,0.003,0.01,-0.01,0.0,0.021510636433959007,0.021511586382985115,177,0.0016186193097382784,0.0018014409579336643,3.1051809787750244,12.587,0.0,64,LAND,False,STANDBY,10,6
2026-09-29T18:37:48.793180,-35.3632622,149.1652378,0.003,0.01,-0.01,0.0,0.021568140015006065,0.021568303927779198,177,0.0016206256113946438,0.0018038749694824219,3.1054773330688477,12.587,0.0,64,LAND,False,STANDBY,10,6
2026-09-29T18:37:49.293824,-35.3632622,149.1652378,0.003,0.01,-0.01,0.0,0.021755049005150795,0.02175537496805191,177,0.0016285778256133199,0.0018137273145839572,3.1057653427124023,12.587,0.0,64,LAND,False,STANDBY,10,6
2026-09-29T18:37:49.794449,-35.3632622,149.1652378,0.002,0.01,-0.01,0.0,0.021651776507496834,0.021652689203619957,177,0.0016295340610668063,0.0018145840149372816,3.1060612201690674,12.587,0.0,64,LAND,False,STANDBY,10,6
2026-09-29T18:37:50.295100,-35.3632622,149.1652378,0.002,0.01,-0.01,0.0,0.022005898877978325,0.022006342187523842,177,0.001635868800804019,0.0018291447777301073,3.1063480377197266,12.587,0.0,64,LAND,False,STANDBY,10,6
2026-09-29T18:37:50.795608,-35.3632622,149.1652378,0.002,0.01,-0.01,0.0,0.021799379959702492,0.021799415349960327,177,0.0016324471216648817,0.001823187223635614,3.1066322326660156,12.587,0.0,64,LAND,False,STANDBY,10,6
2026-09-29T18:37:51.296433,-35.3632622,149.1652378,0.003,0.01,-0.01,0.0,0.022234179079532623,0.022234179079532623,178,0.0016407064395025373,0.0018242902588099241,3.106921434402466,12.587,0.0,64,LAND,False,STANDBY,10,6
2026-09-29T18:37:51.796998,-35.3632622,149.1652378,0.003,0.01,-0.01,0.0,0.021979128941893578,0.021979156881570816,178,0.0016377512365579605,0.0018183380598202348,3.107208728790283,12.587,0.0,64,LAND,False,STANDBY,10,6
2026-09-29T18:37:52.297669,-35.3632622,149.1652378,0.003,0.01,-0.01,0.0,0.022248970344662666,0.022248975932598114,178,0.0016362990718334913,0.0018251356668770313,3.1074953079223633,12.587,0.0,64,LAND,False,STANDBY,10,6
2026-09-29T18:37:52.797902,-35.3632622,149.1652378,0.003,0.01,-0.01,0.0,0.02204526960849762,0.022045297548174858,178,0.001635372987948358,0.0018186429515480995,3.107783317565918,12.587,0.0,64,LAND,False,STANDBY,10,6
2026-09-29T18:37:53.298394,-35.3632622,149.1652378,0.003,0.01,-0.01,0.0,0.0223500095307827,0.02235005795955658,178,0.0016420891042798758,0.0018286780687049031,3.108070135116577,12.587,0.0,64,LAND,False,STANDBY,10,6
2026-09-29T18:37:53.798998,-35.3632622,149.1652378,0.003,0.01,-0.01,0.0,0.022083302959799767,0.022083403542637825,178,0.0016335698310285807,0.001822048332542181,3.1083555221557617,12.587,0.0,64,LAND,False,STANDBY,10,6
2026-09-29T18:37:54.299593,-35.3632622,149.1652378,0.003,0.01,-0.01,0.0,0.022302091121673584,0.022302228957414627,178,0.0016387326177209616,0.0018231594003736973,3.108637571334839,12.587,0.0,64,LAND,False,STANDBY,10,6
2026-09-29T18:37:54.800150,-35.3632622,149.1652378,0.003,0.01,-0.01,0.0,0.02189824916422367,0.021898256614804268,178,0.0016378969885408878,0.0018192046554759145,3.108910083770752,12.587,0.0,64,LAND,False,STANDBY,10,6
2026-09-29T18:37:55.300878,-35.3632622,149.1652378,0.003,0.01,-0.01,0.0,0.0221711378544569,0.02217116206884384,178,0.0016460084589198232,0.001837187446653843,3.109189510345459,12.587,0.0,64,LAND,False,STANDBY,10,6
2026-09-29T18:37:55.801676,-35.3632622,149.1652378,0.003,0.01,-0.01,0.0,0.02209187112748623,0.022091874852776527,178,0.00164814165327698,0.0018435425590723753,3.1094677448272705,12.587,0.0,64,LAND,False,STANDBY,10,6
2026-09-29T18:37:56.302350,-35.3632622,149.1652378,0.003,0.01,-0.01,0.0,0.02247803285717964,0.02247803471982479,178,0.0016553503228351474,0.0018565653590485454,3.109740972518921,12.587,0.0,64,LAND,False,STANDBY,10,6
2026-09-29T18:37:56.802830,-35.3632622,149.1652378,0.003,0.01,-0.01,0.0,0.022288115695118904,0.0222881268709898,178,0.0016500636702403426,0.0018464024178683758,3.110008478164673,12.587,0.0,64,LAND,False,STANDBY,10,6
2026-09-29T18:37:57.303454,-35.3632622,149.1652378,0.003,0.01,-0.01,0.0,0.022654980421066284,0.022654980421066284,178,0.0016606110148131847,0.0018510713707655668,3.110278606414795,12.587,0.0,64,LAND,False,STANDBY,10,6
2026-09-29T18:37:57.804104,-35.3632622,149.1652378,0.003,0.01,-0.01,0.0,0.022477366030216217,0.0224774107336998,178,0.0016527457628399134,0.001846509869210422,3.1105451583862305,12.587,0.0,64,LAND,False,STANDBY,10,6
2026-09-29T18:37:58.304888,-35.3632622,149.1652378,0.003,0.01,-0.01,0.0,0.022862905636429787,0.022863321006298065,178,0.00165163679048419,0.0018585579236969352,3.110811471939087,12.587,0.0,64,LAND,False,STANDBY,10,6
2026-09-29T18:37:58.805345,-35.3632622,149.1652378,0.003,0.01,-0.01,0.0,0.022497419267892838,0.022498568519949913,178,0.0016447044909000397,0.001861928729340434,3.1110751628875732,12.587,0.0,64,LAND,False,STANDBY,10,6
2026-09-29T18:37:59.305997,-35.3632622,149.1652378,0.003,0.01,-0.01,0.0,0.022517723962664604,0.02251851186156273,178,0.001657926943153143,0.0018587884260341525,3.111339569091797,12.587,0.0,64,LAND,False,STANDBY,10,6
2026-09-29T18:37:59.806740,-35.3632622,149.1652378,0.003,0.01,-0.01,0.0,0.022194044664502144,0.022194771096110344,178,0.0016507358523085713,0.0018555420683696866,3.111603021621704,12.587,0.0,64,LAND,False,STANDBY,10,6
2026-09-29T18:38:00.307069,-35.3632622,149.1652378,0.002,0.01,-0.01,0.0,0.02258327044546604,0.022583991289138794,178,0.0016547272680327296,0.001863719429820776,3.111868381500244,12.587,0.0,64,LAND,False,STANDBY,10,6
2026-09-29T18:38:00.807833,-35.3632622,149.1652378,0.002,0.01,-0.01,0.0,0.02223440445959568,0.022234773263335228,178,0.0016595032066106796,0.0018550548702478409,3.112128734588623,12.587,0.0,64,LAND,False,STANDBY,10,6
2026-09-29T18:38:01.308575,-35.3632622,149.1652378,0.002,0.01,-0.01,0.0,0.022472616285085678,0.022472716867923737,178,0.0016594640910625458,0.0018562593031674623,3.1123812198638916,12.587,0.0,64,LAND,False,STANDBY,10,6
2026-09-29T18:38:01.809350,-35.3632622,149.1652378,0.002,0.01,-0.01,0.0,0.022242149338126183,0.022242499515414238,178,0.0016626358265057206,0.001850730273872614,3.1126348972320557,12.587,0.0,64,LAND,False,STANDBY,10,6
2026-09-29T18:38:02.309868,-35.3632622,149.1652378,0.002,0.01,-0.01,0.0,0.02261788211762905,0.022618189454078674,178,0.0016599963419139385,0.0018497256096452475,3.1128950119018555,12.587,0.0,64,LAND,False,STANDBY,10,6
2026-09-29T18:38:02.810558,-35.3632622,149.1652378,0.002,0.01,-0.01,0.0,0.022252559661865234,0.022252565249800682,178,0.0016554960748180747,0.0018508746288716793,3.1131374835968018,12.587,0.0,64,LAND,False,STANDBY,10,6
2026-09-29T18:38:03.311327,-35.3632622,149.1652378,0.003,0.01,-0.01,0.0,0.022568637505173683,0.02256876602768898,178,0.001671812031418085,0.0018685999093577266,3.1133928298950195,12.587,0.0,64,LAND,False,STANDBY,10,6
2026-09-29T18:38:03.812349,-35.3632622,149.1652378,0.003,0.01,-0.01,0.0,0.0226031094789505,0.0226031094789505,178,0.0016767169581726193,0.0018737679347395897,3.113633394241333,12.587,0.0,64,LAND,False,STANDBY,10,6
2026-09-29T18:38:04.313015,-35.3632622,149.1652378,0.003,0.01,-0.01,0.0,0.022933553904294968,0.022933807224035263,178,0.001687346608377993,0.0018739013466984034,3.1138789653778076,12.587,0.0,64,LAND,False,STANDBY,10,6
2026-09-29T18:38:04.814287,-35.3632622,149.1652378,0.003,0.01,-0.01,0.0,0.02281010150909424,0.022810708731412888,178,0.0016836340073496103,0.001872508553788066,3.1141293048858643,12.587,0.0,64,LAND,False,STANDBY,10,6
2026-09-29T18:38:05.314912,-35.3632622,149.1652378,0.003,0.01,-0.01,0.0,0.02299346961081028,0.02299402840435505,178,0.001686451374553144,0.0018801147816702724,3.11437726020813,12.587,0.0,64,LAND,False,STANDBY,10,6
2026-09-29T18:38:05.815210,-35.3632622,149.1652378,0.003,0.01,-0.01,0.0,0.022798437625169754,0.02279924415051937,178,0.0016822764882817864,0.0018751011230051517,3.1146159172058105,12.587,0.0,64,LAND,False,STANDBY,10,6
2026-09-29T18:38:06.316022,-35.3632622,149.1652378,0.003,0.01,-0.01,0.0,0.023137694224715233,0.023138128221035004,178,0.001690251869149506,0.001881633885204792,3.1148600578308105,12.587,0.0,64,LAND,False,STANDBY,10,6
2026-09-29T18:38:06.816941,-35.3632622,149.1652378,0.003,0.01,-0.01,0.0,0.022933918982744217,0.022934526205062866,178,0.0016858566086739302,0.0018794178031384945,3.115098714828491,12.587,0.0,64,LAND,False,STANDBY,10,6
2026-09-29T18:38:07.317897,-35.3632622,149.1652378,0.003,0.01,-0.01,0.0,0.02317149192094803,0.023172440007328987,178,0.0016923006623983383,0.0018892051884904504,3.115335702896118,12.587,0.0,64,LAND,False,STANDBY,10,6
2026-09-29T18:38:07.818821,-35.3632622,149.1652378,0.003,0.01,-0.01,0.0,0.023153014481067657,0.02315337583422661,178,0.0016888261307030916,0.001886647311039269,3.1155776977539062,12.587,0.0,64,LAND,False,STANDBY,10,6
2026-09-29T18:38:08.320064,-35.3632622,149.1652378,0.003,0.01,-0.01,0.0,0.023463208228349686,0.023463403806090355,178,0.0016914968146011233,0.0019000164465978742,3.115814447402954,12.587,0.0,64,LAND,False,STANDBY,10,6
2026-09-29T18:38:08.821003,-35.3632622,149.1652378,0.003,0.01,-0.01,0.0,0.023273736238479614,0.023273738101124763,178,0.0016787373460829258,0.0018956070998683572,3.1160476207733154,12.587,0.0,64,LAND,False,STANDBY,10,6
2026-09-29T18:38:09.321537,-35.3632622,149.1652378,0.003,0.01,-0.01,0.0,0.02360643446445465,0.02360655553638935,178,0.0016843791818246245,0.0019051836570724845,3.116283655166626,12.587,0.0,64,LAND,False,STANDBY,10,6
2026-09-29T18:38:09.822214,-35.3632622,149.1652378,0.003,0.01,-0.01,0.0,0.023485032841563225,0.023485196754336357,178,0.001681123860180378,0.0018938768189400434,3.1165130138397217,12.587,0.0,64,LAND,False,STANDBY,10,6
2026-09-29T18:38:10.323286,-35.3632622,149.1652378,0.003,0.01,-0.01,0.0,0.023600809276103973,0.02360088936984539,178,0.0016811358509585261,0.0018974891863763332,3.1167383193969727,12.587,0.0,64,LAND,False,STANDBY,10,6
2026-09-29T18:38:10.823841,-35.3632622,149.1652378,0.003,0.01,-0.01,0.0,0.02324012480676174,0.023240145295858383,178,0.0016716269310563803,0.00189068668987602,3.1169633865356445,12.587,0.0,64,LAND,False,STANDBY,10,6
2026-09-29T18:38:11.324496,-35.3632622,149.1652378,0.003,0.01,-0.01,0.0,0.023620210587978363,0.023620422929525375,178,0.0016787709901109338,0.0018912110244855285,3.1171813011169434,12.587,0.0,64,LAND,False,STANDBY,10,6
2026-09-29T18:38:11.825067,-35.3632622,149.1652378,0.003,0.01,-0.01,0.0,0.023284344002604485,0.023284442722797394,178,0.0016777602722868323,0.0018808373715728521,3.117401123046875,12.587,0.0,64,LAND,False,STANDBY,10,6
2026-09-29T18:38:12.325989,-35.3632622,149.1652378,0.003,0.01,-0.01,0.0,0.023527629673480988,0.023527732118964195,178,0.0016970210708677769,0.0018897363916039467,3.117621421813965,12.587,0.0,64,LAND,False,STANDBY,10,6
2026-09-29T18:38:12.826650,-35.3632622,149.1652378,0.003,0.01,-0.01,0.0,0.02324928529560566,0.023249465972185135,178,0.0016888058744370937,0.0018765231361612678,3.117833137512207,12.587,0.0,64,LAND,False,STANDBY,10,6
2026-09-29T18:38:13.327291,-35.3632622,149.1652378,0.003,0.01,-0.01,0.0,0.023477891460061073,0.02347811684012413,178,0.0017016325145959854,0.0018765713321045041,3.1180508136749268,12.587,0.0,64,LAND,False,STANDBY,10,6
2026-09-29T18:38:13.827887,-35.3632622,149.1652378,0.003,0.01,-0.01,0.0,0.023161103948950768,0.023161791265010834,178,0.0016990986187011003,0.001877605332992971,3.1182644367218018,12.587,0.0,64,LAND,False,STANDBY,10,6
2026-09-29T18:38:14.328714,-35.3632622,149.1652378,0.003,0.01,-0.01,0.0,0.023550139740109444,0.023550573736429214,178,0.0017075020587071776,0.0018835255177691579,3.1184771060943604,12.587,0.0,64,LAND,False,STANDBY,10,6
2026-09-29T18:38:14.829494,-35.3632622,149.1652378,0.003,0.01,-0.01,0.0,0.023129791021347046,0.023129796609282494,178,0.0017022077227011323,0.0018699977081269026,3.1186890602111816,12.587,0.0,64,LAND,False,STANDBY,10,6
2026-09-29T18:38:15.329965,-35.3632622,149.1652378,0.003,0.01,-0.01,0.0,0.023325186222791672,0.023325195536017418,178,0.0017078252276405692,0.0018723990069702268,3.118891716003418,12.587,0.0,64,LAND,False,STANDBY,10,6
2026-09-29T18:38:15.830633,-35.3632622,149.1652378,0.003,0.01,-0.01,0.0,0.023072050884366035,0.02307235077023506,178,0.0017079503741115332,0.0018658218905329704,3.119101047515869,12.587,0.0,64,LAND,False,STANDBY,10,6
2026-09-29T18:38:16.331543,-35.3632622,149.1652378,0.003,0.01,-0.01,0.0,0.023316575214266777,0.02331686019897461,178,0.0017150163184851408,0.001873873989097774,3.11930513381958,12.587,0.0,64,LAND,False,STANDBY,10,6
2026-09-29T18:38:16.831866,-35.3632622,149.1652378,0.003,0.01,-0.01,0.0,0.023139912635087967,0.0231405608355999,178,0.0017075317446142435,0.001871531829237938,3.119509696960449,12.587,0.0,64,LAND,False,STANDBY,10,6
2026-09-29T18:38:17.332978,-35.3632622,149.1652378,0.003,0.01,-0.01,0.0,0.023397913202643394,0.023398352786898613,178,0.0017121994169428945,0.0018750329036265612,3.11971116065979,12.587,0.0,64,LAND,False,STANDBY,10,6
2026-09-29T18:38:17.833557,-35.3632622,149.1652378,0.003,0.01,-0.01,0.0,0.023233119398355484,0.02323342300951481,178,0.0016998263308778405,0.0018717345083132386,3.1199119091033936,12.587,0.0,64,LAND,False,STANDBY,10,6
2026-09-29T18:38:18.334680,-35.3632622,149.1652378,0.003,0.01,-0.01,0.0,0.0234913919121027,0.023492256179451942,178,0.0016997039783746004,0.0018865279853343964,3.12011981010437,12.587,0.0,64,LAND,False,STANDBY,10,6
2026-09-29T18:38:18.835358,-35.3632622,149.1652378,0.003,0.01,-0.01,0.0,0.02332882769405842,0.023329131305217743,178,0.0016930452547967434,0.0018848214531317353,3.1203091144561768,12.587,0.0,64,LAND,False,STANDBY,10,6
2026-09-29T18:38:19.335831,-35.3632622,149.1652378,0.003,0.01,-0.01,0.0,0.023493308573961258,0.02349386177957058,178,0.00168584194034338,0.001895652269013226,3.120500087738037,12.587,0.0,64,LAND,False,STANDBY,10,6
2026-09-29T18:38:19.836229,-35.3632622,149.1652378,0.003,0.01,-0.01,0.0,0.023295894265174866,0.02329595945775509,178,0.0016789400251582265,0.0018960762536153197,3.1206891536712646,12.587,0.0,64,LAND,False,STANDBY,10,6
2026-09-29T18:38:20.336951,-35.3632622,149.1652378,0.003,0.01,-0.01,0.0,0.023338085040450096,0.023338209837675095,178,0.0016807434149086475,0.0019023353233933449,3.120880126953125,12.587,0.0,64,LAND,False,STANDBY,10,6
2026-09-29T18:38:20.837907,-35.3632622,149.1652378,0.003,0.01,-0.01,0.0,0.023052480071783066,0.023052578791975975,178,0.001678658532910049,0.0018899835413321853,3.1210663318634033,12.587,0.0,64,LAND,False,STANDBY,10,6
2026-09-29T18:38:21.338741,-35.3632622,149.1652378,0.003,0.01,-0.01,0.0,0.02339247800409794,0.023392699658870697,178,0.0016819690354168415,0.0019047962268814445,3.1212592124938965,12.587,0.0,64,LAND,False,STANDBY,10,6
2026-09-29T18:38:21.839726,-35.3632622,149.1652378,0.003,0.01,-0.01,0.0,0.023117532953619957,0.023117566481232643,178,0.0016735283425077796,0.0018942711176350713,3.121448040008545,12.587,0.0,64,LAND,False,STANDBY,10,6
2026-09-29T18:38:22.340321,-35.3632622,149.1652378,0.003,0.01,-0.01,0.0,0.023457210510969162,0.023457353934645653,178,0.001675727660767734,0.001892062253318727,3.121626615524292,12.587,0.0,64,LAND,False,STANDBY,10,6
2026-09-29T18:38:22.840826,-35.3632622,149.1652378,0.003,0.01,-0.01,0.0,0.02314932830631733,0.023149844259023666,178,0.0016733575612306595,0.0018807861488312483,3.121816396713257,12.587,0.0,64,LAND,False,STANDBY,10,6
2026-09-29T18:38:23.341488,-35.3632622,149.1652378,0.003,0.01,-0.01,0.0,0.02339276671409607,0.023394133895635605,178,0.001683209091424942,0.001891427207738161,3.121992826461792,12.587,0.0,64,LAND,False,STANDBY,10,6
2026-09-29T18:38:23.841885,-35.3632622,149.1652378,0.003,0.01,-0.01,0.0,0.023143693804740906,0.023144736886024475,178,0.0016827089712023735,0.0018846109742298722,3.1221628189086914,12.587,0.0,64,LAND,False,STANDBY,10,6
2026-09-29T18:38:24.342357,-35.3632622,149.1652378,0.003,0.01,-0.01,0.0,0.023502536118030548,0.023503102362155914,178,0.0016945174429565668,0.0018900204449892044,3.1223413944244385,12.587,0.0,64,LAND,False,STANDBY,10,6
2026-09-29T18:38:24.843083,-35.3632622,149.1652378,0.003,0.01,-0.01,0.0,0.023360725492239,0.023360837250947952,178,0.0016908342950046062,0.0018898705020546913,3.122516632080078,12.587,0.0,64,LAND,False,STANDBY,10,6
2026-09-29T18:38:25.343881,-35.3632622,149.1652378,0.003,0.01,-0.01,0.0,0.023594919592142105,0.023594927042722702,178,0.0016985929105430841,0.0018987645162269473,3.1227011680603027,12.587,0.0,64,LAND,False,STANDBY,10,6
2026-09-29T18:38:25.844585,-35.3632622,149.1652378,0.003,0.01,-0.01,0.0,0.023366333916783333,0.023366425186395645,178,0.0016899134498089552,0.0018934631953015924,3.1228718757629395,12.587,0.0,64,LAND,False,STANDBY,10,6
2026-09-29T18:38:26.345571,-35.3632622,149.1652378,0.003,0.01,-0.01,0.0,0.023530494421720505,0.0235306266695261,178,0.0016891543054953218,0.0019077453762292862,3.123044729232788,12.587,0.0,64,LAND,False,STANDBY,10,6
2026-09-29T18:38:26.846407,-35.3632622,149.1652378,0.003,0.01,-0.01,0.0,0.023184845224022865,0.023184876888990402,178,0.0016917265020310879,0.001912797219119966,3.123215436935425,12.587,0.0,64,LAND,False,STANDBY,10,6
2026-09-29T18:38:27.346917,-35.3632622,149.1652378,0.003,0.01,-0.01,0.0,0.023652635514736176,0.023652659729123116,178,0.0016968087293207645,0.0019130063010379672,3.123387336730957,12.587,0.0,64,LAND,False,STANDBY,10,6
2026-09-29T18:38:27.847719,-35.3632622,149.1652378,0.003,0.01,-0.01,0.0,0.02346131205558777,0.023461392149329185,178,0.0017009326256811619,0.0019110421417281032,3.1235482692718506,12.587,0.0,64,LAND,False,STANDBY,10,6
2026-09-29T18:38:28.348016,-35.3632622,149.1652378,0.003,0.01,-0.01,0.0,0.023889945819973946,0.02389044687151909,178,0.001701272907666862,0.0019136579940095544,3.123706817626953,12.587,0.0,64,LAND,False,STANDBY,10,6
2026-09-29T18:38:28.848779,-35.3632622,149.1652378,0.003,0.01,-0.01,0.0,0.02359762042760849,0.02359813265502453,178,0.0016949927667155862,0.001901839510537684,3.1238694190979004,12.587,0.0,64,LAND,False,STANDBY,10,6
2026-09-29T18:38:29.349631,-35.3632622,149.1652378,0.002,0.01,-0.01,0.0,0.023981576785445213,0.023981977254152298,178,0.001699634362012148,0.0019121592631563544,3.1240222454071045,12.587,0.0,64,LAND,False,STANDBY,10,6
2026-09-29T18:38:29.849942,-35.3632622,149.1652378,0.002,0.01,-0.01,0.0,0.02369595691561699,0.023696014657616615,179,0.001694828039035201,0.0019055313896387815,3.124178886413574,12.587,0.0,64,LAND,False,STANDBY,10,6
2026-09-29T18:38:30.350489,-35.3632622,149.1652378,0.003,0.01,-0.01,0.0,0.023985445499420166,0.023985452950000763,179,0.0016962755471467972,0.001919094705954194,3.124328374862671,12.587,0.0,64,LAND,False,STANDBY,10,6
2026-09-29T18:38:30.850836,-35.3632622,149.1652378,0.003,0.01,-0.01,0.0,0.023640166968107224,0.023640185594558716,179,0.0016931459540501237,0.0019055950688198209,3.124476671218872,12.587,0.0,64,LAND,False,STANDBY,10,6
2026-09-29T18:38:31.351415,-35.3632622,149.1652378,0.003,0.01,-0.01,0.0,0.023675356060266495,0.0236754659563303,179,0.001687767799012363,0.0019014787394553423,3.124624490737915,12.587,0.0,64,LAND,False,STANDBY,10,6
2026-09-29T18:38:31.852128,-35.3632622,149.1652378,0.003,0.01,-0.01,0.0,0.02322842925786972,0.023228583857417107,179,0.001691360492259264,0.001903240685351193,3.1247684955596924,12.587,0.0,64,LAND,False,STANDBY,10,6
2026-09-29T18:38:32.352473,-35.3632622,149.1652378,0.003,0.01,-0.01,0.0,0.023547401651740074,0.023547405377030373,179,0.0017034135526046157,0.0019086308311671019,3.124915599822998,12.587,0.0,64,LAND,False,STANDBY,10,6
2026-09-29T18:38:32.853097,-35.3632622,149.1652378,0.003,0.01,-0.01,0.0,0.02330886200070381,0.023309022188186646,179,0.0017030441667884588,0.0019020743202418089,3.125068187713623,12.587,0.0,64,LAND,False,STANDBY,10,6
2026-09-29T18:38:33.353828,-35.3632622,149.1652378,0.003,0.01,-0.01,0.0,0.02377765066921711,0.02377765253186226,179,0.0017101374687626958,0.0019154723268002272,3.125211238861084,12.587,0.0,64,LAND,False,STANDBY,10,6
2026-09-29T18:38:33.854648,-35.3632622,149.1652378,0.003,0.01,-0.01,0.0,0.023542240262031555,0.023542245849967003,179,0.0017061126418411732,0.0019005866488441825,3.1253550052642822,12.587,0.0,64,LAND,False,STANDBY,10,6
2026-09-29T18:38:34.355092,-35.3632622,149.1652378,0.003,0.01,-0.01,0.0,0.02386198751628399,0.023862013593316078,179,0.0017088181339204311,0.0019108924316242337,3.1254913806915283,12.587,0.0,64,LAND,False,STANDBY,10,6
2026-09-29T18:38:34.855782,-35.3632622,149.1652378,0.003,0.01,-0.01,0.0,0.023673616349697113,0.02367377281188965,179,0.0016991471638903022,0.0019020912004634738,3.1256279945373535,12.587,0.0,64,LAND,False,STANDBY,10,6
2026-09-29T18:38:35.356661,-35.3632622,149.1652378,0.003,0.01,-0.01,0.0,0.023874085396528244,0.02387428656220436,179,0.0017080781981348991,0.0019174846820533276,3.125765085220337,12.587,0.0,64,LAND,False,STANDBY,10,6
2026-09-29T18:38:35.857052,-35.3632622,149.1652378,0.003,0.01,-0.01,0.0,0.02369374968111515,0.023694641888141632,179,0.00169731630012393,0.0019110430730506778,3.125899314880371,12.587,0.0,64,LAND,False,STANDBY,10,6
2026-09-29T18:38:36.357833,-35.3632622,149.1652378,0.003,0.01,-0.01,0.0,0.023855792358517647,0.02385643683373928,179,0.0016987576382234693,0.001906338962726295,3.1260299682617188,12.587,0.0,64,LAND,False,STANDBY,10,6
2026-09-29T18:38:36.858602,-35.3632622,149.1652378,0.002,0.01,-0.01,0.0,0.023403028026223183,0.023403741419315338,179,0.0016893886495381594,0.0018993476405739784,3.1261560916900635,12.587,0.0,64,LAND,False,STANDBY,10,6
2026-09-29T18:38:37.359470,-35.3632622,149.1652378,0.002,0.01,-0.01,0.0,0.023785734549164772,0.02378610149025917,179,0.001693930011242628,0.0019147666171193123,3.1262919902801514,12.587,0.0,64,LAND,False,STANDBY,10,6
2026-09-29T18:38:37.860478,-35.3632622,149.1652378,0.002,0.01,-0.01,0.0,0.023408683016896248,0.023408906534314156,179,0.0016890551196411252,0.001914341002702713,3.1264188289642334,12.587,0.0,64,LAND,False,STANDBY,10,6
2026-09-29T18:38:38.361304,-35.3632622,149.1652378,0.002,0.01,-0.01,0.0,0.023757638409733772,0.023758525028824806,179,0.0016959054628387094,0.0019255795050412416,3.126544952392578,12.587,0.0,64,LAND,False,STANDBY,10,6
2026-09-29T18:38:38.861975,-35.3632622,149.1652378,0.002,0.01,-0.01,0.0,0.023572616279125214,0.023572888225317,179,0.0016799442237243056,0.001922724419273436,3.126674175262451,12.587,0.0,64,LAND,False,STANDBY,10,6
2026-09-29T18:38:39.362735,-35.3632622,149.1652378,0.002,0.01,-0.01,0.0,0.023852113634347916,0.023852650076150894,179,0.0016869092360138893,0.0019279526313766837,3.126796007156372,12.587,0.0,64,LAND,False,STANDBY,10,6
2026-09-29T18:38:39.863438,-35.3632622,149.1652378,0.002,0.01,-0.01,0.0,0.023705845698714256,0.023706139996647835,179,0.0016832208493724465,0.0019205312710255384,3.1269173622131348,12.587,0.0,64,LAND,False,STANDBY,10,6
2026-09-29T18:38:40.363831,-35.3632622,149.1652378,0.002,0.01,-0.01,0.0,0.023764602839946747,0.02376476489007473,179,0.0016868821112439036,0.0019136560149490833,3.1270365715026855,12.587,0.0,64,LAND,False,STANDBY,10,6
2026-09-29T18:38:40.864498,-35.3632622,149.1652378,0.002,0.01,-0.01,0.0,0.02324366383254528,0.02324376069009304,179,0.00168254179880023,0.0019060577033087611,3.127150774002075,12.587,0.0,64,LAND,False,STANDBY,10,6
2026-09-29T18:38:41.364964,-35.3632622,149.1652378,0.002,0.01,-0.01,0.0,0.023542964830994606,0.023543117567896843,179,0.0016854758141562343,0.0019078387413173914,3.127263307571411,12.587,0.0,64,LAND,False,STANDBY,10,6
2026-09-29T18:38:41.865437,-35.3632622,149.1652378,0.002,0.01,-0.01,0.0,0.023149918764829636,0.023150291293859482,179,0.001674946048296988,0.0019055530428886414,3.1273791790008545,12.587,0.0,64,LAND,False,STANDBY,10,6
2026-09-29T18:38:42.365940,-35.3632622,149.1652378,0.002,0.01,-0.01,0.0,0.02348373457789421,0.023484187200665474,179,0.0016799593577161431,0.0019127108389511704,3.1274960041046143,12.587,0.0,64,LAND,False,STANDBY,10,6
2026-09-29T18:38:42.867060,-35.3632622,149.1652378,0.002,0.01,-0.01,0.0,0.023186031728982925,0.023186206817626953,179,0.0016771015943959355,0.001902399118989706,3.127603530883789,12.587,0.0,64,LAND,False,STANDBY,10,6
