timestamp,lat,lon,alt,velocity_x,velocity_y,velocity_z,ground_speed,air_speed,heading,roll,pitch,yaw,battery_voltage,battery_current,battery_level,mode,armed,system_status,satellites_visible,fix_type
2026-09-29T18:28:51.996618,-35.363262,149.1652372,9.596,-0.01,0.01,-0.71,0.02082720771431923,0.7164023518562317,352,0.0030833010096102953,0.0030275932513177395,-0.12870898842811584,12.587,27.08,98,GUIDED,True,ACTIVE,10,6
2026-09-29T18:28:52.497820,-35.3632618,149.1652374,9.874,0.2,0.15,-0.3,0.25472965836524963,0.39490941166877747,352,0.12460546940565109,-0.1357058882713318,-0.13783714175224304,12.587,25.67,98,GUIDED,True,ACTIVE,10,6
2026-09-29T18:28:52.998569,-35.3632587,149.16524,9.933,1.24,0.85,0.0,1.5088893175125122,1.5088895559310913,355,0.19525235891342163,-0.25010448694229126,-0.07237817347049713,12.587,28.74,98,GUIDED,True,ACTIVE,10,6
2026-09-29T18:28:53.499255,-35.3632506,149.1652466,9.927,2.32,1.57,0.0,2.80665922164917,2.8066656589508057,25,0.04881003871560097,-0.3263213336467743,0.4419526755809784,12.587,29.66,98,GUIDED,True,ACTIVE,10,6
2026-09-29T18:28:53.999905,-35.363238,149.165257,9.929,3.33,2.23,-0.02,4.01489782333374,4.015000820159912,52,-0.11411464959383011,-0.3509938716888428,0.9217349886894226,12.587,29.99,97,GUIDED,True,ACTIVE,10,6
2026-09-29T18:28:54.500161,-35.3632208,149.165271,9.942,4.33,2.87,-0.04,5.204185485839844,5.204351902008057,51,-0.11752763390541077,-0.40059521794319153,0.9057120680809021,12.587,30.32,97,GUIDED,True,ACTIVE,10,6
2026-09-29T18:28:55.000828,-35.3631992,149.1652885,9.958,5.3,3.52,-0.04,6.364437580108643,6.3645710945129395,34,0.00688714487478137,-0.4797564744949341,0.597911536693573,12.587,30.9,97,GUIDED,True,ACTIVE,10,6
2026-09-29T18:28:55.501543,-35.3631735,149.1653096,9.976,6.01,4.08,-0.05,7.275379180908203,7.275571823120117,23,0.0644834116101265,-0.38460734486579895,0.4049128592014313,12.587,29.99,97,GUIDED,True,ACTIVE,10,6
2026-09-29T18:28:56.002175,-35.3631466,149.1653321,9.995,5.95,4.06,-0.03,7.2128682136535645,7.2129411697387695,28,0.008319534361362457,-0.2843521237373352,0.4954451024532318,12.587,28.25,97,GUIDED,True,ACTIVE,10,6
2026-09-29T18:28:56.502875,-35.3631203,149.1653538,10.002,5.73,3.82,-0.01,6.8880085945129395,6.888026237487793,37,-0.022772833704948425,-0.24040073156356812,0.6545095443725586,12.587,28.08,97,GUIDED,True,ACTIVE,10,6
2026-09-29T18:28:57.003494,-35.3630951,149.1653741,10.005,5.4,3.54,-0.01,6.464284420013428,6.464297294616699,38,-0.008836982771754265,-0.1932210922241211,0.6787895560264587,12.587,28.08,97,GUIDED,True,ACTIVE,10,6
2026-09-29T18:28:57.503849,-35.3630718,149.1653928,10.01,4.95,3.26,-0.01,5.9345293045043945,5.934544563293457,33,0.011248567141592503,-0.14225336909294128,0.5897719860076904,12.587,28.0,97,GUIDED,True,ACTIVE,10,6
2026-09-29T18:28:58.004597,-35.3630506,149.1654098,10.015,4.4,2.95,-0.01,5.304135799407959,5.304147243499756,30,0.01147815864533186,-0.0832308679819107,0.5316644310951233,12.587,28.0,96,GUIDED,True,ACTIVE,10,6
2026-09-29T18:28:58.505070,-35.3630321,149.1654249,10.019,3.79,2.56,0.0,4.579009532928467,4.579014778137207,32,0.005315680988132954,-0.02326570451259613,0.5598384141921997,12.587,28.0,96,GUIDED,True,ACTIVE,10,6
2026-09-29T18:28:59.005606,-35.3630164,149.1654378,10.022,3.12,2.11,0.0,3.770554304122925,3.770556688308716,34,0.006141928490251303,0.03497087582945824,0.6103239059448242,12.587,28.16,96,GUIDED,True,ACTIVE,10,6
2026-09-29T18:28:59.505901,-35.3630038,149.1654481,10.023,2.38,1.62,0.0,2.8912718296051025,2.8912742137908936,35,0.007983014918863773,0.09084424376487732,0.6169858574867249,12.587,28.25,96,GUIDED,True,ACTIVE,10,6
2026-09-29T18:29:00.006684,-35.3629947,149.1654556,10.025,1.57,1.08,0.0,1.9144833087921143,1.9144892692565918,33,0.004401725716888905,0.1537010669708252,0.5878076553344727,12.587,28.41,96,GUIDED,True,ACTIVE,10,6
2026-09-29T18:29:00.507208,-35.3629894,149.1654603,10.029,0.76,0.75,0.0,1.073559045791626,1.0735712051391602,34,0.1268603801727295,0.0695117935538292,0.5978637933731079,12.587,28.33,96,GUIDED,True,ACTIVE,10,6
2026-09-29T18:29:01.007817,-35.3629871,149.1654664,10.03,0.26,1.6,0.0,1.6306215524673462,1.6306231021881104,55,0.21035365760326385,-0.2246372252702713,0.9647274017333984,12.587,29.33,96,GUIDED,True,ACTIVE,10,6
2026-09-29T18:29:01.508493,-35.3629863,149.1654786,10.031,0.06,2.86,0.0,2.8614773750305176,2.8614799976348877,95,0.0017947695450857282,-0.32966190576553345,1.6635063886642456,12.587,29.57,96,GUIDED,True,ACTIVE,10,6
2026-09-29T18:29:02.009003,-35.3629862,149.1654975,10.035,-0.04,4.04,0.0,4.048798084259033,4.048798084259033,113,-0.1169213280081749,-0.3511868119239807,1.9834281206130981,12.587,29.82,95,GUIDED,True,ACTIVE,10,6
2026-09-29T18:29:02.509731,-35.3629864,149.1655227,10.038,-0.11,5.22,0.0,5.22329044342041,5.223291873931885,104,-0.0710526779294014,-0.4174705743789673,1.820320963859558,12.587,30.24,95,GUIDED,True,ACTIVE,10,6
2026-09-29T18:29:03.010484,-35.362987,149.1655544,10.044,-0.2,6.33,0.0,6.336881160736084,6.336881637573242,85,0.05726742744445801,-0.4190598726272583,1.490031123161316,12.587,30.57,95,GUIDED,True,ACTIVE,10,6
2026-09-29T18:29:03.511025,-35.3629879,149.1655901,10.053,-0.27,6.56,0.0,6.571488857269287,6.571490287780762,80,0.04573950543999672,-0.2572965919971466,1.3990588188171387,12.587,28.25,95,GUIDED,True,ACTIVE,10,6
2026-09-29T18:29:04.011901,-35.362989,149.1656256,10.05,-0.25,6.29,0.02,6.29632043838501,6.296359539031982,88,0.0004986078711226583,-0.2087807059288025,1.5399196147918701,12.587,28.08,95,GUIDED,True,ACTIVE,10,6
2026-09-29T18:29:04.512788,-35.3629898,149.1656591,10.042,-0.16,5.88,0.02,5.88985538482666,5.889893531799316,96,-0.014598563313484192,-0.16438283026218414,1.678260087966919,12.587,28.08,95,GUIDED,True,ACTIVE,10,6
2026-09-29T18:29:05.013359,-35.3629904,149.1656903,10.035,-0.11,5.38,0.01,5.390406131744385,5.390426158905029,95,-0.0003471322706900537,-0.11406942456960678,1.6585242748260498,12.587,28.08,95,GUIDED,True,ACTIVE,10,6
2026-09-29T18:29:05.513938,-35.362991,149.1657184,10.031,-0.11,4.77,0.01,4.780466556549072,4.780477523803711,89,0.006330432370305061,-0.05742109939455986,1.5615921020507812,12.587,28.0,95,GUIDED,True,ACTIVE,10,6
2026-09-29T18:29:06.014317,-35.3629915,149.1657429,10.029,-0.1,4.06,0.0,4.069265365600586,4.069270610809326,87,-0.0006161883939057589,0.0019025985384359956,1.526991844177246,12.587,28.16,94,GUIDED,True,ACTIVE,10,6
2026-09-29T18:29:06.515014,-35.3629919,149.1657633,10.028,-0.07,3.26,0.0,3.2626640796661377,3.2626657485961914,90,-0.001670425059273839,0.05946881324052811,1.5719513893127441,12.587,28.25,94,GUIDED,True,ACTIVE,10,6
2026-09-29T18:29:07.015779,-35.3629923,149.1657789,10.031,-0.04,2.35,0.0,2.358729839324951,2.3587300777435303,92,0.003434153040871024,0.12222673743963242,1.616320252418518,12.587,28.33,94,GUIDED,True,ACTIVE,10,6
2026-09-29T18:29:07.516278,-35.3629925,149.1657892,10.034,-0.03,1.33,0.0,1.3398041725158691,1.3398061990737915,92,0.027795620262622833,0.1890060305595398,1.6105496883392334,12.587,28.49,94,GUIDED,True,ACTIVE,10,6
2026-09-29T18:29:08.016864,-35.3629934,149.1657931,10.034,-0.35,0.03,0.0,0.3545450270175934,0.3545498549938202,102,0.1428086757659912,0.2370937019586563,1.7924540042877197,12.587,29.16,94,GUIDED,True,ACTIVE,10,6
2026-09-29T18:29:08.517410,-35.3629959,149.16579,10.037,-0.77,-1.23,0.0,1.453234314918518,1.45323646068573,136,0.27786871790885925,0.11534003168344498,2.3861958980560303,12.587,29.33,94,GUIDED,True,ACTIVE,10,6
2026-09-29T18:29:09.018136,-35.3630005,149.1657801,10.04,-1.23,-2.41,0.0,2.71116042137146,2.711167335510254,179,0.308292418718338,-0.12779930233955383,3.131150007247925,12.587,29.49,94,GUIDED,True,ACTIVE,10,6
2026-09-29T18:29:09.518936,-35.3630071,149.1657638,10.041,-1.7,-3.56,0.0,3.94684100151062,3.9468517303466797,215,0.18515479564666748,-0.3210664987564087,-2.5192489624023438,12.587,29.91,94,GUIDED,True,ACTIVE,10,6
2026-09-29T18:29:10.019734,-35.3630157,149.1657414,10.043,-2.17,-4.65,0.0,5.132933616638184,5.132938385009766,241,0.02492935210466385,-0.4228442907333374,-2.07375168800354,12.587,30.24,93,GUIDED,True,ACTIVE,10,6
2026-09-29T18:29:10.520068,-35.3630262,149.165714,10.05,-2.5,-5.23,0.0,5.8072004318237305,5.807201385498047,257,-0.04622555524110794,-0.2565343677997589,-1.7964152097702026,12.587,28.66,93,GUIDED,True,ACTIVE,10,6
2026-09-29T18:29:11.020244,-35.3630372,149.1656857,10.051,-2.44,-5.06,0.02,5.619004726409912,5.619041919708252,253,-0.00892721302807331,-0.1700412929058075,-1.8534585237503052,12.587,28.0,93,GUIDED,True,ACTIVE,10,6
2026-09-29T18:29:11.520823,-35.3630476,149.1656588,10.043,-2.22,-4.7,0.02,5.200845718383789,5.200901508331299,241,0.014862217009067535,-0.11926008015871048,-2.061450481414795,12.587,28.0,93,GUIDED,True,ACTIVE,10,6
2026-09-29T18:29:12.021320,-35.3630568,149.165634,10.036,-1.97,-4.24,0.01,4.68532657623291,4.685355186462402,236,0.0032474559266120195,-0.06966257840394974,-2.147599458694458,12.587,28.08,93,GUIDED,True,ACTIVE,10,6
2026-09-29T18:29:12.521909,-35.3630649,149.1656121,10.032,-1.72,-3.67,0.0,4.060001850128174,4.060013294219971,242,-0.01029717456549406,-0.015308108180761337,-2.0583081245422363,12.587,28.08,93,GUIDED,True,ACTIVE,10,6
2026-09-29T18:29:13.023323,-35.3630718,149.1655936,10.031,-1.45,-2.99,0.0,3.3281915187835693,3.3281972408294678,247,-0.006129326764494181,0.04372851550579071,-1.959039330482483,12.587,28.16,93,GUIDED,True,ACTIVE,10,6
2026-09-29T18:29:13.524144,-35.3630774,149.1655791,10.03,-1.11,-2.2,0.0,2.47493314743042,2.4749350547790527,247,0.00021602775086648762,0.11046580225229263,-1.967651605606079,12.587,28.33,93,GUIDED,True,ACTIVE,10,6
2026-09-29T18:29:14.024926,-35.3630813,149.1655693,10.03,-0.7,-1.32,0.0,1.4962470531463623,1.4962471723556519,243,-0.006574127823114395,0.1500862091779709,-2.0353450775146484,12.587,28.49,93,GUIDED,True,ACTIVE,10,6
2026-09-29T18:29:14.525389,-35.3630834,149.1655641,10.03,-0.34,-0.58,0.0,0.6752693057060242,0.6752708554267883,241,-0.007341347634792328,0.12001045793294907,-2.061565399169922,12.587,28.33,92,GUIDED,True,ACTIVE,10,6
2026-09-29T18:29:15.026216,-35.3630842,149.1655623,10.03,-0.11,-0.11,0.0,0.16171760857105255,0.16171766817569733,243,-0.0019442270277068019,0.07350485026836395,-2.0307960510253906,12.587,28.16,92,GUIDED,True,ACTIVE,10,6
2026-09-29T18:29:15.526838,-35.3630843,149.1655623,10.03,0.0,0.11,0.0,0.11419873684644699,0.11420360952615738,245,0.0006351269548758864,0.03476200997829437,-1.9993606805801392,12.587,28.08,92,GUIDED,True,ACTIVE,10,6
2026-09-29T18:29:16.027498,-35.3630841,149.1655632,10.03,0.05,0.18,0.0,0.19486753642559052,0.194868803024292,245,0.0009599234908819199,0.010838018730282784,-2.003685474395752,12.587,28.08,92,GUIDED,True,ACTIVE,10,6
2026-09-29T18:29:16.528112,-35.3630838,149.1655644,10.03,0.06,0.18,0.0,0.19206157326698303,0.19206193089485168,243,0.002857876941561699,-0.000432756234658882,-2.0256824493408203,12.587,28.08,92,GUIDED,True,ACTIVE,10,6
2026-09-29T18:29:17.028886,-35.3630836,149.1655654,10.029,0.06,0.14,0.0,0.1557912677526474,0.15579193830490112,243,0.003968334756791592,-0.004777583293616772,-2.033304452896118,12.587,28.08,92,GUIDED,True,ACTIVE,10,6
2026-09-29T18:29:17.529899,-35.3630834,149.1655662,10.03,0.05,0.09,0.0,0.11527104675769806,0.11527109891176224,244,0.004466091748327017,-0.005182487424463034,-2.0231189727783203,12.587,28.08,92,GUIDED,True,ACTIVE,10,6
2026-09-29T18:29:18.030997,-35.3630833,149.1655668,10.03,0.05,0.06,0.0,0.08215326070785522,0.08215521275997162,244,0.00455537810921669,-0.004262264352291822,-2.013242483139038,12.587,28.08,92,GUIDED,True,ACTIVE,10,6
2026-09-29T18:29:18.531751,-35.3630832,149.1655672,10.03,0.05,0.03,0.0,0.06264109164476395,0.06264113634824753,244,0.00465899333357811,-0.002530805766582489,-2.014791250228882,12.587,28.08,91,GUIDED,True,ACTIVE,10,6
2026-09-29T18:29:19.032451,-35.3630832,149.1655674,10.03,0.05,0.01,0.0,0.05386347696185112,0.05387188866734505,244,0.00489763030782342,-0.0011111566564068198,-2.022164821624756,12.587,28.08,91,GUIDED,True,ACTIVE,10,6
2026-09-29T18:29:19.533118,-35.3630831,149.1655675,10.031,0.05,0.0,0.0,0.05291599780321121,0.05292084813117981,243,0.0043989685364067554,0.0006464992766268551,-2.0248963832855225,12.587,28.08,91,GUIDED,True,ACTIVE,10,6
2026-09-29T18:29:20.033819,-35.3630831,149.1655676,10.031,0.05,0.0,0.0,0.05402519181370735,0.05404007434844971,244,0.0038300820160657167,0.001158068422228098,-2.0216684341430664,12.587,28.08,91,GUIDED,True,ACTIVE,10,6
2026-09-29T18:29:20.534503,-35.363083,149.1655676,10.031,0.05,0.0,0.0,0.05234347656369209,0.05237695202231407,244,0.003115742700174451,0.001671635895036161,-2.0178921222686768,12.587,28.08,91,GUIDED,True,ACTIVE,10,6
2026-09-29T18:29:21.035153,-35.363083,149.1655676,10.031,0.05,0.0,0.0,0.05120782181620598,0.05122513324022293,244,0.002854813588783145,0.002537598367780447,-2.0180275440216064,12.587,28.08,91,GUIDED,True,ACTIVE,10,6
2026-09-29T18:29:21.535831,-35.363083,149.1655676,10.031,0.04,0.0,0.0,0.04979095980525017,0.04980135336518288,244,0.002456709975376725,0.0023260870948433876,-2.0204854011535645,12.587,28.08,91,GUIDED,True,ACTIVE,10,6
2026-09-29T18:29:22.036254,-35.3630829,149.1655676,10.031,0.04,0.0,0.0,0.047682978212833405,0.047700442373752594,244,0.0024722591042518616,0.0024246801622211933,-2.0212185382843018,12.587,28.08,91,GUIDED,True,ACTIVE,10,6
2026-09-29T18:29:22.536820,-35.3630829,149.1655676,10.031,0.04,0.0,0.0,0.0458531491458416,0.04586651921272278,244,0.002155724912881851,0.002258631866425276,-2.019850254058838,12.587,28.08,91,GUIDED,True,ACTIVE,10,6
2026-09-29T18:29:23.037149,-35.3630829,149.1655676,10.03,0.04,0.0,0.0,0.043562088161706924,0.04357007518410683,244,0.0020411249715834856,0.0024406055454164743,-2.019595146179199,12.587,28.08,90,GUIDED,True,ACTIVE,10,6
2026-09-29T18:29:23.537789,-35.3630828,149.1655676,10.03,0.04,0.01,0.0,0.04169774055480957,0.04170515388250351,244,0.0017475681379437447,0.002513379091396928,-2.0201146602630615,12.587,28.16,90,GUIDED,True,ACTIVE,10,6
2026-09-29T18:29:24.038483,-35.3630828,149.1655676,10.03,0.03,0.01,0.0,0.03928868845105171,0.0392976850271225,244,0.0011161649599671364,0.002225098665803671,-2.0197293758392334,12.587,28.08,90,GUIDED,True,ACTIVE,10,6
2026-09-29T18:29:24.539249,-35.3630828,149.1655676,10.03,0.03,0.01,0.0,0.035662900656461716,0.0356648750603199,244,0.001203213701955974,0.002286547562107444,-2.0196540355682373,12.587,28.16,90,GUIDED,True,ACTIVE,10,6
2026-09-29T18:29:25.039826,-35.3630827,149.1655676,10.03,0.03,0.01,0.0,0.03340723365545273,0.033412810415029526,244,0.0016521366778761148,0.002287668874487281,-2.0200886726379395,12.587,28.08,90,GUIDED,True,ACTIVE,10,6
2026-09-29T18:29:25.540526,-35.3630827,149.1655676,10.029,0.02,0.01,0.0,0.03227796405553818,0.03227872774004936,244,0.001737607060931623,0.0022840555757284164,-2.0198779106140137,12.587,28.08,90,GUIDED,True,ACTIVE,10,6
2026-09-29T18:29:26.040924,-35.3630827,149.1655677,10.029,0.02,0.01,0.0,0.03172636777162552,0.03172904998064041,244,0.0018979728920385242,0.0023291476536542177,-2.0195724964141846,12.587,28.08,90,GUIDED,True,ACTIVE,10,6
2026-09-29T18:29:26.541620,-35.3630827,149.1655677,10.028,0.02,0.01,0.0,0.0315527617931366,0.03157301992177963,244,0.0018546833889558911,0.002222111914306879,-2.01987886428833,12.587,28.08,90,GUIDED,True,ACTIVE,10,6
2026-09-29T18:29:27.041829,-35.3630827,149.1655677,10.028,0.02,0.01,0.0,0.03126664459705353,0.031287167221307755,244,0.0017989972839131951,0.0022415807470679283,-2.019690990447998,12.587,28.08,89,GUIDED,True,ACTIVE,10,6
2026-09-29T18:29:27.542304,-35.3630827,149.1655677,10.028,0.02,0.01,0.0,0.030820468440651894,0.030850375071167946,244,0.0013401611940935254,0.0020367105025798082,-2.019644021987915,12.587,28.08,89,GUIDED,True,ACTIVE,10,6
2026-09-29T18:29:28.042890,-35.3630827,149.1655677,10.028,0.02,0.01,0.0,0.028658071532845497,0.028704987838864326,244,0.0011843618704006076,0.001822537975385785,-2.0196402072906494,12.587,28.08,89,GUIDED,True,ACTIVE,10,6
2026-09-29T18:29:28.543694,-35.3630827,149.1655677,10.028,0.02,0.01,0.0,0.026392851024866104,0.026435285806655884,244,0.0014220214216038585,0.0015689750434830785,-2.019895553588867,12.587,28.08,89,GUIDED,True,ACTIVE,10,6
2026-09-29T18:29:29.044233,-35.3630827,149.1655677,10.028,0.02,0.0,0.0,0.024668680503964424,0.024728737771511078,244,0.0015492754755541682,0.001673965365625918,-2.019638776779175,12.587,28.08,89,GUIDED,True,ACTIVE,10,6
2026-09-29T18:29:29.544826,-35.3630827,149.1655678,10.028,0.02,0.0,0.0,0.02414185367524624,0.024205423891544342,244,0.0016897451132535934,0.0015735590131953359,-2.019580125808716,12.587,28.08,89,GUIDED,True,ACTIVE,10,6
2026-09-29T18:29:30.045527,-35.3630827,149.1655678,10.028,0.02,0.0,0.0,0.02347545512020588,0.02352803386747837,244,0.0017582076834514737,0.0014849076978862286,-2.019835948944092,12.587,28.08,89,GUIDED,True,ACTIVE,10,6
2026-09-29T18:29:30.546078,-35.3630827,149.1655678,10.028,0.02,0.0,0.0,0.023361237719655037,0.023450776934623718,244,0.001716382335871458,0.0015770815080031753,-2.0195789337158203,12.587,28.08,89,GUIDED,True,ACTIVE,10,6
2026-09-29T18:29:31.046721,-35.3630827,149.1655678,10.028,0.02,0.0,0.0,0.023435331881046295,0.02351255901157856,244,0.001630436978302896,0.0016721715219318867,-2.0197784900665283,12.587,28.08,89,GUIDED,True,ACTIVE,10,6
2026-09-29T18:29:31.547023,-35.3630827,149.1655678,10.028,0.02,0.0,0.0,0.023262284696102142,0.023325666785240173,244,0.001474576536566019,0.0018111701356247067,-2.0196821689605713,12.587,28.08,88,GUIDED,True,ACTIVE,10,6
2026-09-29T18:29:32.047644,-35.3630827,149.1655678,10.028,0.02,0.0,0.0,0.02323014847934246,0.02328784391283989,244,0.0015376200899481773,0.001800845260731876,-2.0196919441223145,12.587,28.08,88,GUIDED,True,ACTIVE,10,6
2026-09-29T18:29:32.548147,-35.3630827,149.1655678,10.029,0.02,0.0,0.0,0.023233717307448387,0.023247145116329193,244,0.0015670331194996834,0.0017736618174239993,-2.0197243690490723,12.587,28.08,88,GUIDED,True,ACTIVE,10,6
2026-09-29T18:29:33.048804,-35.3630827,149.1655678,10.029,0.02,0.0,0.0,0.023216605186462402,0.023221980780363083,244,0.0016033460851758718,0.0018204264342784882,-2.0196683406829834,12.587,28.08,88,GUIDED,True,ACTIVE,10,6
2026-09-29T18:29:33.549468,-35.3630827,149.1655678,10.03,0.02,0.0,0.0,0.02331607975065708,0.023316126316785812,244,0.0016186748398467898,0.0018533446127548814,-2.019601821899414,12.587,28.08,88,GUIDED,True,ACTIVE,10,6
2026-09-29T18:29:34.049827,-35.3630827,149.1655678,10.03,0.02,0.0,0.0,0.023389849811792374,0.02339216321706772,244,0.0015632770955562592,0.0017828329000622034,-2.019594192504883,12.587,28.08,88,GUIDED,True,ACTIVE,10,6
2026-09-29T18:29:34.550485,-35.3630827,149.1655678,10.03,0.02,0.0,0.0,0.023286201059818268,0.02329072169959545,244,0.0016306113684549928,0.0017079842509701848,-2.019625186920166,12.587,28.16,88,GUIDED,True,ACTIVE,10,6
2026-09-29T18:29:35.051159,-35.3630827,149.1655678,10.029,0.02,0.0,0.0,0.02349189482629299,0.023494383320212364,244,0.0016721714055165648,0.0018194053554907441,-2.0194785594940186,12.587,28.16,88,GUIDED,True,ACTIVE,10,6
2026-09-29T18:29:35.551854,-35.3630827,149.1655678,10.029,0.02,0.0,0.0,0.02351232059299946,0.023526297882199287,244,0.0015376837691292167,0.0017099098768085241,-2.0197861194610596,12.587,28.08,87,GUIDED,True,ACTIVE,10,6
2026-09-29T18:29:36.052602,-35.3630827,149.1655678,10.028,0.02,0.0,0.0,0.02330813743174076,0.023322567343711853,244,0.0015894797397777438,0.0016929232515394688,-2.0197784900665283,12.587,28.08,87,GUIDED,True,ACTIVE,10,6
2026-09-29T18:29:36.553381,-35.3630827,149.1655678,10.028,0.02,0.0,0.0,0.02312297374010086,0.023142356425523758,244,0.001508560380898416,0.001724152360111475,-2.0196008682250977,12.587,28.08,87,GUIDED,True,ACTIVE,10,6
2026-09-29T18:29:37.054227,-35.3630827,149.1655678,10.028,0.02,0.0,0.0,0.023169996216893196,0.023203006014227867,244,0.0014821270015090704,0.001681265071965754,-2.0197324752807617,12.587,28.08,87,GUIDED,True,ACTIVE,10,6
2026-09-29T18:29:37.554828,-35.3630827,149.1655678,10.028,0.02,0.0,0.0,0.02301040105521679,0.02305111289024353,244,0.0016282598953694105,0.0016093039885163307,-2.0195982456207275,12.587,28.08,87,GUIDED,True,ACTIVE,10,6
2026-09-29T18:29:38.055062,-35.3630827,149.1655678,10.029,0.02,0.0,0.0,0.02315503917634487,0.023164669051766396,244,0.0015269157011061907,0.001737775863148272,-2.0196328163146973,12.587,28.08,87,GUIDED,True,ACTIVE,10,6
2026-09-29T18:29:38.555837,-35.3630827,149.1655678,10.029,0.02,0.0,0.0,0.023454764857888222,0.023455537855625153,244,0.0015229950658977032,0.0017606007168069482,-2.0196847915649414,12.587,28.08,87,GUIDED,True,ACTIVE,10,6
2026-09-29T18:29:39.056501,-35.3630827,149.1655678,10.03,0.02,0.0,0.0,0.023015644401311874,0.02301732636988163,244,0.001488122041337192,0.0016609217273071408,-2.019660711288452,12.587,28.08,87,GUIDED,True,ACTIVE,10,6
2026-09-29T18:29:39.556892,-35.3630827,149.1655678,10.03,0.02,0.0,0.0,0.022838380187749863,0.022842084988951683,244,0.0018106478964909911,0.0019186370773240924,-2.019482135772705,12.587,28.08,87,GUIDED,True,ACTIVE,10,6
2026-09-29T18:29:40.057286,-35.3630827,149.1655678,10.03,0.02,0.0,0.0,0.024164024740457535,0.024169718846678734,244,0.002076347591355443,0.00200429605320096,-2.0196266174316406,12.587,28.08,86,GUIDED,True,ACTIVE,10,6
2026-09-29T18:29:40.558734,-35.3630827,149.1655678,10.03,0.02,0.0,0.0,0.025680258870124817,0.025689948350191116,244,0.0020094080828130245,0.0019843357149511576,-2.0196728706359863,12.587,28.08,86,GUIDED,True,ACTIVE,10,6
2026-09-29T18:29:41.059536,-35.3630827,149.1655678,10.029,0.02,0.0,0.0,0.026935359463095665,0.026935940608382225,244,0.001874991925433278,0.0019389716908335686,-2.0197911262512207,12.587,28.08,86,GUIDED,True,ACTIVE,10,6
2026-09-29T18:29:41.560233,-35.3630827,149.1655678,10.029,0.02,0.0,0.0,0.027247492223978043,0.027252627536654472,244,0.001762614119797945,0.0017592401709407568,-2.0194485187530518,12.587,28.08,86,GUIDED,True,ACTIVE,10,6
2026-09-29T18:29:42.060964,-35.3630827,149.1655678,10.028,0.02,0.0,0.0,0.026721583679318428,0.026734840124845505,244,0.0017306589288637042,0.0016800023149698973,-2.019683837890625,12.587,28.16,86,GUIDED,True,ACTIVE,10,6
2026-09-29T18:29:42.561345,-35.3630827,149.1655678,10.028,0.02,0.0,0.0,0.02621455304324627,0.026235446333885193,244,0.0017076933290809393,0.001641354989260435,-2.0196382999420166,12.587,28.08,86,GUIDED,True,ACTIVE,10,6
2026-09-29T18:29:43.062024,-35.3630827,149.1655678,10.028,0.02,0.0,0.0,0.025843828916549683,0.025883710011839867,244,0.001521819387562573,0.001631191000342369,-2.019528865814209,12.587,28.08,86,GUIDED,True,ACTIVE,10,6
2026-09-29T18:29:43.562669,-35.3630827,149.1655678,10.029,0.02,0.0,0.0,0.02416025660932064,0.02417835034430027,244,0.0011283605126664042,0.001511777052655816,-2.0195553302764893,12.587,28.08,86,GUIDED,True,ACTIVE,10,6
2026-09-29T18:29:44.063670,-35.3630827,149.1655678,10.029,0.02,0.0,0.0,0.022355828434228897,0.02235971763730049,244,0.0012668075505644083,0.0017128143226727843,-2.0196003913879395,12.587,28.08,85,GUIDED,True,ACTIVE,10,6
2026-09-29T18:29:44.564634,-35.3630827,149.1655678,10.03,0.02,0.0,0.0,0.021705737337470055,0.021705802530050278,244,0.0015279622748494148,0.001653453684411943,-2.019597291946411,12.587,28.08,85,GUIDED,True,ACTIVE,10,6
2026-09-29T18:29:45.065265,-35.3630827,149.1655678,10.03,0.02,0.0,0.0,0.02159123495221138,0.021593870595097542,244,0.0017077680677175522,0.0016517223557457328,-2.0193965435028076,12.587,28.08,85,GUIDED,True,ACTIVE,10,6
2026-09-29T18:29:45.565842,-35.3630827,149.1655678,10.03,0.02,0.0,0.0,0.021794773638248444,0.021800268441438675,244,0.00167390878777951,0.0015673964517191052,-2.019587278366089,12.587,28.08,85,GUIDED,True,ACTIVE,10,6
2026-09-29T18:29:46.067147,-35.3630827,149.1655678,10.03,0.02,0.0,0.0,0.022030876949429512,0.022040169686079025,244,0.001665108953602612,0.0015487073687836528,-2.019681930541992,12.587,28.08,85,GUIDED,True,ACTIVE,10,6
2026-09-29T18:29:46.567835,-35.3630827,149.1655678,10.03,0.02,0.0,0.0,0.02218497544527054,0.022195709869265556,244,0.0016074154991656542,0.0016058855690062046,-2.0197231769561768,12.587,28.08,85,GUIDED,True,ACTIVE,10,6
2026-09-29T18:29:47.068829,-35.3630827,149.1655678,10.03,0.02,0.0,0.0,0.022339731454849243,0.02235359698534012,244,0.0015852394280955195,0.0017679942538961768,-2.019563674926758,12.587,28.08,85,GUIDED,True,ACTIVE,10,6
2026-09-29T18:29:47.569489,-35.3630827,149.1655678,10.029,0.02,0.0,0.0,0.022607749328017235,0.02260775677859783,244,0.0015234245220199227,0.0018539268057793379,-2.019670009613037,12.587,28.08,85,GUIDED,True,ACTIVE,10,6
2026-09-29T18:29:48.070070,-35.3630827,149.1655678,10.029,0.02,0.0,0.0,0.022768430411815643,0.02277425117790699,244,0.0016439456958323717,0.0017422966193407774,-2.0196404457092285,12.587,28.08,85,GUIDED,True,ACTIVE,10,6
2026-09-29T18:29:48.570823,-35.3630827,149.1655678,10.028,0.02,0.0,0.0,0.022801578044891357,0.022816985845565796,244,0.0016324549214914441,0.001605542260222137,-2.0196261405944824,12.587,28.08,84,GUIDED,True,ACTIVE,10,6
2026-09-29T18:29:49.071624,-35.3630827,149.1655678,10.028,0.02,0.0,0.0,0.022870054468512535,0.022910846397280693,244,0.0016936586471274495,0.0015383121790364385,-2.0195183753967285,12.587,28.16,84,GUIDED,True,ACTIVE,10,6
2026-09-29T18:29:49.571945,-35.3630827,149.1655678,10.029,0.02,0.0,0.0,0.02267180010676384,0.022698983550071716,244,0.0016410030657425523,0.0015524053014814854,-2.0195491313934326,12.587,28.08,84,GUIDED,True,ACTIVE,10,6
2026-09-29T18:29:50.072226,-35.3630827,149.1655678,10.029,0.02,0.0,0.0,0.022696319967508316,0.022699570283293724,244,0.0016074165469035506,0.0016149608418345451,-2.0195860862731934,12.587,28.08,84,GUIDED,True,ACTIVE,10,6
2026-09-29T18:29:50.572865,-35.3630827,149.1655678,10.03,0.02,0.0,0.0,0.022639859467744827,0.022639965638518333,244,0.0015926200430840254,0.0016732582589611411,-2.0196268558502197,12.587,28.08,84,GUIDED,True,ACTIVE,10,6
2026-09-29T18:29:51.073615,-35.3630827,149.1655678,10.03,0.02,0.0,0.0,0.02273952215909958,0.022739898413419724,244,0.0015394454821944237,0.0016348561039194465,-2.0195767879486084,12.587,28.08,84,GUIDED,True,ACTIVE,10,6
2026-09-29T18:29:51.574393,-35.3630827,149.1655678,10.03,0.02,0.0,0.0,0.02293558605015278,0.02294161356985569,244,0.0017587190959602594,0.001433330005966127,-2.019615411758423,12.587,28.16,84,GUIDED,True,ACTIVE,10,6
2026-09-29T18:29:52.075073,-35.3630827,149.1655678,10.03,0.02,0.0,0.0,0.022855503484606743,0.02286829613149166,244,0.0018380555557087064,0.0012845537858083844,-2.019536018371582,12.587,28.08,84,GUIDED,True,ACTIVE,10,6
2026-09-29T18:29:52.575333,-35.3630827,149.1655678,10.03,0.02,0.0,0.0,0.022839929908514023,0.02284942753612995,244,0.001786360633559525,0.0011724253417924047,-2.0197558403015137,12.587,28.08,83,GUIDED,True,ACTIVE,10,6
2026-09-29T18:29:53.075823,-35.3630827,149.1655678,10.03,0.02,0.0,0.0,0.022631071507930756,0.022646406665444374,244,0.0018872354412451386,0.0012647801777347922,-2.0195343494415283,12.587,28.08,83,GUIDED,True,ACTIVE,10,6
2026-09-29T18:29:53.576471,-35.3630827,149.1655678,10.029,0.02,0.0,0.0,0.02286015823483467,0.022860562428832054,244,0.0018051140941679478,0.0015601040795445442,-2.019745111465454,12.587,28.08,83,GUIDED,True,ACTIVE,10,6
2026-09-29T18:29:54.076945,-35.3630827,149.1655678,10.029,0.02,0.0,0.0,0.022981589660048485,0.0229863990098238,244,0.0016221593832597136,0.0015838226536288857,-2.019397735595703,12.587,28.08,83,GUIDED,True,ACTIVE,10,6
2026-09-29T18:29:54.577590,-35.3630827,149.1655678,10.029,0.02,0.0,0.0,0.02268916554749012,0.022700127214193344,244,0.0015408977633342147,0.0016065005911514163,-2.0196189880371094,12.587,28.16,83,GUIDED,True,ACTIVE,10,6
2026-09-29T18:29:55.077829,-35.3630827,149.1655678,10.028,0.02,0.0,0.0,0.022466028109192848,0.022485138848423958,244,0.0016644821735098958,0.0017657747957855463,-2.0195863246917725,12.587,28.08,83,GUIDED,True,ACTIVE,10,6
2026-09-29T18:29:55.578241,-35.3630827,149.1655678,10.029,0.02,0.0,0.0,0.02283802069723606,0.022861357778310776,244,0.0015359361423179507,0.0018221574136987329,-2.0196094512939453,12.587,28.08,83,GUIDED,True,ACTIVE,10,6
2026-09-29T18:29:56.078895,-35.3630827,149.1655678,10.029,0.02,0.0,0.0,0.022976895794272423,0.022982493042945862,244,0.0015147970989346504,0.0019079220946878195,-2.0195112228393555,12.587,28.08,83,GUIDED,True,ACTIVE,10,6
2026-09-29T18:29:56.579680,-35.3630827,149.1655678,10.03,0.02,0.0,0.0,0.023114895448088646,0.023115117102861404,244,0.0015717466594651341,0.0018005750607699156,-2.019453525543213,12.587,28.08,82,GUIDED,True,ACTIVE,10,6
2026-09-29T18:29:57.080008,-35.3630827,149.1655678,10.03,0.02,0.0,0.0,0.023231634870171547,0.02323496900498867,244,0.0016417392762377858,0.001669506193138659,-2.019608736038208,12.587,28.08,82,GUIDED,True,ACTIVE,10,6
2026-09-29T18:29:57.580770,-35.3630827,149.1655678,10.03,0.02,0.0,0.0,0.022786905989050865,0.022792499512434006,244,0.0016335750697180629,0.0016702743014320731,-2.0196280479431152,12.587,28.08,82,GUIDED,True,ACTIVE,10,6
2026-09-29T18:29:58.081414,-35.3630827,149.1655678,10.03,0.02,0.0,0.0,0.02295219525694847,0.022966504096984863,244,0.0016754311509430408,0.0015843985602259636,-2.0195164680480957,12.587,28.08,82,GUIDED,True,ACTIVE,10,6
2026-09-29T18:29:58.581829,-35.3630827,149.1655678,10.03,0.02,0.0,0.0,0.02298104017972946,0.022993145510554314,244,0.001618690206669271,0.0016099442727863789,-2.019522190093994,12.587,28.08,82,GUIDED,True,ACTIVE,10,6
2026-09-29T18:29:59.082559,-35.3630827,149.1655678,10.029,0.02,0.0,0.0,0.022868702188134193,0.022868741303682327,244,0.0016078181797638535,0.0016136239282786846,-2.0195248126983643,12.587,28.16,82,GUIDED,True,ACTIVE,10,6
2026-09-29T18:29:59.582896,-35.3630827,149.1655678,10.029,0.02,0.0,0.0,0.022845687344670296,0.022853536531329155,244,0.0016347594792023301,0.0016273596556857228,-2.019516944885254,12.587,28.08,82,GUIDED,True,ACTIVE,10,6
2026-09-29T18:30:00.083525,-35.3630827,149.1655678,10.028,0.02,0.0,0.0,0.022743316367268562,0.022767093032598495,244,0.0016884435899555683,0.0015233518788591027,-2.0194849967956543,12.587,28.08,82,GUIDED,True,ACTIVE,10,6
2026-09-29T18:30:00.584220,-35.3630827,149.1655678,10.028,0.02,0.0,0.0,0.022595981135964394,0.022629812359809875,244,0.0015967268263921142,0.001548968255519867,-2.0197763442993164,12.587,28.08,82,GUIDED,True,ACTIVE,10,6
2026-09-29T18:30:01.084834,-35.3630827,149.1655678,10.028,0.02,0.0,0.0,0.022591449320316315,0.02263771742582321,244,0.001683306647464633,0.0014712782576680183,-2.019416332244873,12.587,28.08,81,GUIDED,True,ACTIVE,10,6
2026-09-29T18:30:01.585560,-35.3630827,149.1655678,10.029,0.02,0.0,0.0,0.02282356284558773,0.022844159975647926,244,0.0016740731662139297,0.0016843231860548258,-2.019569158554077,12.587,28.08,81,GUIDED,True,ACTIVE,10,6
2026-09-29T18:30:02.086415,-35.3630827,149.1655678,10.029,0.02,0.0,0.0,0.022742463275790215,0.022743336856365204,244,0.0015915437834337354,0.0015879001002758741,-2.019498825073242,12.587,28.08,81,GUIDED,True,ACTIVE,10,6
2026-09-29T18:30:02.587064,-35.3630827,149.1655678,10.03,0.02,0.0,0.0,0.022595446556806564,0.022595565766096115,244,0.0017030242597684264,0.0016320905415341258,-2.019512414932251,12.587,28.08,81,GUIDED,True,ACTIVE,10,6
2026-09-29T18:30:03.087838,-35.3630827,149.1655678,10.03,0.02,0.0,0.0,0.022706391289830208,0.022711321711540222,244,0.001632816274650395,0.0016368807991966605,-2.019632339477539,12.587,28.08,81,GUIDED,True,ACTIVE,10,6
2026-09-29T18:30:03.588834,-35.3630827,149.1655678,10.03,0.02,0.0,0.0,0.022653942927718163,0.022660069167613983,244,0.0016604484990239143,0.0016500097699463367,-2.019564390182495,12.587,28.08,81,GUIDED,True,ACTIVE,10,6
2026-09-29T18:30:04.089625,-35.3630827,149.1655678,10.03,0.02,0.0,0.0,0.022818829864263535,0.022836951538920403,244,0.0016851428663358092,0.0015441799769178033,-2.019421100616455,12.587,28.08,81,GUIDED,True,ACTIVE,10,6
2026-09-29T18:30:04.590436,-35.3630827,149.1655678,10.03,0.02,0.0,0.0,0.022723684087395668,0.022742195054888725,244,0.00169128377456218,0.0015210070414468646,-2.0196080207824707,12.587,28.08,81,GUIDED,True,ACTIVE,10,6
2026-09-29T18:30:05.091589,-35.3630827,149.1655678,10.029,0.02,0.0,0.0,0.022657109424471855,0.02265726588666439,244,0.0017528787720948458,0.0015493204118683934,-2.0196056365966797,12.587,28.08,80,GUIDED,True,ACTIVE,10,6
2026-09-29T18:30:05.592074,-35.3630827,149.1655678,10.029,0.02,0.0,0.0,0.02293268032371998,0.02293292246758938,244,0.0015899414429441094,0.001712109660729766,-2.0194804668426514,12.587,28.08,80,GUIDED,True,ACTIVE,10,6
2026-09-29T18:30:06.093024,-35.3630827,149.1655678,10.029,0.02,0.0,0.0,0.022729480639100075,0.022739941254258156,244,0.0017378688789904118,0.0015039807185530663,-2.0197370052337646,12.587,28.08,80,GUIDED,True,ACTIVE,10,6
2026-09-29T18:30:06.594148,-35.3630827,149.1655678,10.028,0.02,0.0,0.0,0.02262755110859871,0.022658057510852814,244,0.0016739757265895605,0.0015313290059566498,-2.0193583965301514,12.587,28.08,80,GUIDED,True,ACTIVE,10,6
2026-09-29T18:30:07.094818,-35.3630827,149.1655678,10.028,0.02,0.0,0.0,0.02252667210996151,0.022559748962521553,244,0.0016790449153631926,0.0015607110690325499,-2.019521951675415,12.587,28.16,80,GUIDED,True,ACTIVE,10,6
2026-09-29T18:30:07.595161,-35.3630827,149.1655678,10.029,0.02,0.0,0.0,0.02260715328156948,0.022616876289248466,244,0.0016640453832224011,0.0016282846918329597,-2.019594669342041,12.587,28.08,80,GUIDED,True,ACTIVE,10,6
2026-09-29T18:30:08.095823,-35.3630827,149.1655678,10.03,0.02,0.0,0.0,0.02269674651324749,0.022696858271956444,244,0.001648720703087747,0.001691615441814065,-2.019583225250244,12.587,28.08,80,RTL,True,ACTIVE,10,6
2026-09-29T18:30:08.596471,-35.3630827,149.1655678,10.032,0.02,0.0,-0.02,0.023347919806838036,0.031738754361867905,244,0.0016515227034687996,0.0015027181943878531,-2.019477605819702,12.587,28.41,80,RTL,True,ACTIVE,10,6
2026-09-29T18:30:09.096871,-35.3630827,149.1655678,10.086,0.02,0.0,-0.22,0.022396424785256386,0.23029987514019012,244,0.0014284539502114058,0.0013308210764080286,-2.019321918487549,12.587,29.91,80,RTL,True,ACTIVE,10,6
2026-09-29T18:30:09.597591,-35.3630827,149.1655678,10.302,0.02,0.0,-0.65,0.021661406382918358,0.6547051668167114,244,0.0011951223714277148,0.001454428187571466,-2.019529104232788,12.587,31.32,79,RTL,True,ACTIVE,10,6
2026-09-29T18:30:10.098277,-35.3630827,149.1655678,10.753,0.02,0.0,-1.13,0.021450582891702652,1.1325526237487793,244,0.001675876323133707,0.001303057069890201,-2.0196900367736816,12.587,31.65,79,RTL,True,ACTIVE,10,6
2026-09-29T18:30:10.598959,-35.3630827,149.1655678,11.432,0.02,0.0,-1.5,0.02022412419319153,1.5094949007034302,244,0.0014999803388491273,0.0011828785063698888,-2.01946759223938,12.587,31.07,79,RTL,True,ACTIVE,10,6
2026-09-29T18:30:11.099589,-35.3630827,149.1655678,12.245,0.01,0.0,-1.64,0.019581468775868416,1.6448158025741577,244,0.0017233827384188771,0.0014839648501947522,-2.019458532333374,12.587,29.74,79,RTL,True,ACTIVE,10,6
2026-09-29T18:30:11.600193,-35.3630827,149.1655678,13.078,0.01,0.0,-1.6,0.019133755937218666,1.6016099452972412,244,0.001309021608904004,-0.003569479566067457,-2.0196170806884766,12.587,29.08,79,RTL,True,ACTIVE,10,6
2026-09-29T18:30:12.100901,-35.3630828,149.1655676,13.864,-0.06,-0.12,-1.42,0.13700322806835175,1.4280297756195068,244,-0.006206003949046135,-0.05792277678847313,-2.019558906555176,12.587,27.83,79,RTL,True,ACTIVE,10,6
2026-09-29T18:30:12.601584,-35.3630836,149.1655661,14.506,-0.27,-0.44,-1.01,0.5232170224189758,1.1424049139022827,244,-0.01456701010465622,-0.12178150564432144,-2.0191709995269775,12.587,26.25,79,RTL,True,ACTIVE,10,6
2026-09-29T18:30:13.102103,-35.3630857,149.1655624,14.905,-0.61,-0.95,-0.5,1.1405296325683594,1.2456220388412476,244,-0.02440803498029709,-0.19340446591377258,-2.017695903778076,12.587,26.0,79,RTL,True,ACTIVE,10,6
2026-09-29T18:30:13.602823,-35.3630896,149.1655553,15.054,-1.09,-1.67,-0.06,1.9976874589920044,1.9988900423049927,244,-0.034499142318964005,-0.2679760754108429,-2.0152175426483154,12.587,27.08,78,RTL,True,ACTIVE,10,6
2026-09-29T18:30:14.103674,-35.3630959,149.1655438,15.045,-1.69,-2.57,0.09,3.0855658054351807,3.0871198177337646,244,-0.04181589186191559,-0.3322855532169342,-2.012866497039795,12.587,28.99,78,RTL,True,ACTIVE,10,6
2026-09-29T18:30:14.604371,-35.3631051,149.1655271,15.008,-2.31,-3.49,0.05,4.194868564605713,4.19518518447876,244,-0.03986446186900139,-0.34027621150016785,-2.0128276348114014,12.587,29.91,78,RTL,True,ACTIVE,10,6
2026-09-29T18:30:15.104885,-35.3631168,149.1655059,14.995,-2.77,-4.18,0.0,5.026857376098633,5.026858806610107,244,-0.034421663731336594,-0.33266037702560425,-2.013202667236328,12.587,29.41,78,RTL,True,ACTIVE,10,6
2026-09-29T18:30:15.605204,-35.3631302,149.1654814,14.994,-3.11,-4.69,0.0,5.635016441345215,5.635023593902588,244,-0.03142856806516647,-0.3304503262042999,-2.012666940689087,12.587,29.16,78,RTL,True,ACTIVE,10,6
2026-09-29T18:30:16.105850,-35.3631449,149.1654545,14.996,-3.34,-5.05,0.0,6.058408737182617,6.058415412902832,244,-0.028444746509194374,-0.3202323913574219,-2.0124499797821045,12.587,28.91,78,RTL,True,ACTIVE,10,6
2026-09-29T18:30:16.606088,-35.3631604,149.1654259,14.996,-3.47,-5.25,0.0,6.299223899841309,6.299228191375732,244,-0.02441491186618805,-0.30034583806991577,-2.0128631591796875,12.587,28.74,78,RTL,True,ACTIVE,10,6
2026-09-29T18:30:17.106677,-35.3631763,149.1653966,14.994,-3.5,-5.31,0.0,6.366421699523926,6.366423606872559,244,-0.022131917998194695,-0.28456372022628784,-2.0136055946350098,12.587,28.49,78,RTL,True,ACTIVE,10,6
2026-09-29T18:30:17.607382,-35.3631921,149.1653672,14.993,-3.49,-5.29,0.0,6.34210205078125,6.342105388641357,244,-0.01780891977250576,-0.25061294436454773,-2.0150909423828125,12.587,28.41,77,RTL,True,ACTIVE,10,6
2026-09-29T18:30:18.108061,-35.3632077,149.1653384,14.992,-3.35,-5.08,0.0,6.087942600250244,6.087945461273193,244,-0.010087099857628345,-0.18962183594703674,-2.0157063007354736,12.587,28.16,77,RTL,True,ACTIVE,10,6
2026-09-29T18:30:18.608825,-35.3632223,149.1653113,14.991,-3.08,-4.67,0.0,5.597728252410889,5.597728729248047,244,-0.0015272210584953427,-0.11531640589237213,-2.0153608322143555,12.587,28.0,77,RTL,True,ACTIVE,10,6
2026-09-29T18:30:19.109486,-35.3632354,149.165287,14.989,-2.67,-4.06,0.0,4.864733695983887,4.864734172821045,244,0.009476948529481888,-0.021698299795389175,-2.0149338245391846,12.587,28.0,77,RTL,True,ACTIVE,10,6
2026-09-29T18:30:19.609962,-35.3632462,149.1652666,14.986,-2.12,-3.23,0.0,3.8743865489959717,3.874386787414551,244,0.02014419622719288,0.08412463963031769,-2.013923406600952,12.587,28.33,77,RTL,True,ACTIVE,10,6
2026-09-29T18:30:20.110368,-35.3632544,149.1652513,14.986,-1.48,-2.26,0.0,2.7067368030548096,2.706749677658081,244,0.023617496713995934,0.14162646234035492,-2.0130157470703125,12.587,28.58,77,RTL,True,ACTIVE,10,6
2026-09-29T18:30:20.610894,-35.3632598,149.1652411,14.99,-0.91,-1.4,-0.01,1.6804369688034058,1.6804826259613037,244,0.019152585417032242,0.1377280056476593,-2.0131750106811523,12.587,28.41,77,RTL,True,ACTIVE,10,6
2026-09-29T18:30:21.111543,-35.3632629,149.1652352,14.995,-0.48,-0.72,0.0,0.8683111667633057,0.8683542609214783,244,0.01499937754124403,0.12152273207902908,-2.012747049331665,12.587,28.33,77,RTL,True,ACTIVE,10,6
2026-09-29T18:30:21.612128,-35.3632643,149.1652325,14.997,-0.16,-0.22,0.0,0.28154295682907104,0.281581848859787,244,0.010244155302643776,0.08985239267349243,-2.0126655101776123,12.587,28.25,77,RTL,True,ACTIVE,10,6
2026-09-29T18:30:22.112708,-35.3632646,149.1652321,14.996,0.01,0.06,0.0,0.06094174459576607,0.06094611436128616,244,0.0042197564616799355,0.044598132371902466,-2.0131986141204834,12.587,28.16,76,RTL,True,ACTIVE,10,6
2026-09-29T18:30:22.613580,-35.3632644,149.1652326,14.995,0.05,0.13,0.0,0.1417781114578247,0.1417786180973053,244,0.0010402676416561007,0.006402439903467894,-2.013443946838379,12.587,28.08,76,RTL,True,ACTIVE,10,6
2026-09-29T18:30:23.114218,-35.3632642,149.1652334,14.994,0.06,0.13,0.0,0.15155254304409027,0.15155936777591705,244,0.0029985285364091396,0.006577921565622091,-2.013007402420044,12.587,28.08,76,RTL,True,ACTIVE,10,6
2026-09-29T18:30:23.614887,-35.363264,149.1652342,14.993,0.07,0.13,0.0,0.15633882582187653,0.15635064244270325,244,0.0032186529133468866,0.0036247861571609974,-2.013087034225464,12.587,28.08,76,RTL,True,ACTIVE,10,6
2026-09-29T18:30:24.115949,-35.3632637,149.165235,14.993,0.07,0.11,0.0,0.14311249554157257,0.14313100278377533,244,0.003178425133228302,-0.00039077899418771267,-2.013901710510254,12.587,28.08,76,RTL,True,ACTIVE,10,6
2026-09-29T18:30:24.616597,-35.3632634,149.1652356,14.993,0.07,0.09,0.0,0.1196669489145279,0.11968719214200974,244,0.0027290075086057186,-0.00200697616674006,-2.014111042022705,12.587,28.08,76,RTL,True,ACTIVE,10,6
2026-09-29T18:30:25.117574,-35.3632632,149.1652361,14.994,0.06,0.06,0.0,0.09375841170549393,0.09378839284181595,244,0.0021392328198999166,-0.0025421748869121075,-2.013458728790283,12.587,28.08,76,RTL,True,ACTIVE,10,6
2026-09-29T18:30:25.618108,-35.363263,149.1652365,14.994,0.05,0.04,0.0,0.07157277315855026,0.07162106037139893,244,0.002573073608800769,-0.0024527404457330704,-2.013563394546509,12.587,28.08,76,RTL,True,ACTIVE,10,6
2026-09-29T18:30:26.118883,-35.3632629,149.1652368,14.994,0.04,0.02,0.0,0.05492035299539566,0.05497538670897484,244,0.0026258535217493773,-0.0012302291579544544,-2.013869524002075,12.587,28.08,75,RTL,True,ACTIVE,10,6
2026-09-29T18:30:26.619745,-35.3632628,149.165237,14.994,0.04,0.01,0.0,0.04611873999238014,0.04618130996823311,244,0.002388732274994254,-2.41967700276291e-05,-2.013611316680908,12.587,28.08,75,RTL,True,ACTIVE,10,6
2026-09-29T18:30:27.120527,-35.3632627,149.1652371,14.994,0.03,0.01,0.0,0.040769774466753006,0.04084363579750061,244,0.002217879518866539,0.000509799865540117,-2.013612985610962,12.587,28.08,75,RTL,True,ACTIVE,10,6
2026-09-29T18:30:27.621024,-35.3632627,149.1652371,14.989,0.03,0.0,0.07,0.03710484877228737,0.08458759635686874,244,0.0019229714525863528,0.0010648183524608612,-2.013725996017456,12.587,26.58,75,RTL,True,ACTIVE,10,6
2026-09-29T18:30:28.121798,-35.3632626,149.1652372,14.83,0.03,0.0,0.58,0.03440767154097557,0.5867576003074646,244,0.002072264440357685,0.0017175136599689722,-2.013787031173706,12.587,24.51,75,RTL,True,ACTIVE,10,6
2026-09-29T18:30:28.622383,-35.3632626,149.1652372,14.398,0.03,0.0,1.13,0.033101435750722885,1.140296459197998,244,0.002267855918034911,0.00185818609315902,-2.0136866569519043,12.587,24.17,75,RTL,True,ACTIVE,10,6
2026-09-29T18:30:29.122826,-35.3632626,149.1652372,13.701,0.03,0.0,1.53,0.03345814719796181,1.5321540832519531,244,0.0023268493823707104,0.002046966692432761,-2.013568162918091,12.587,25.75,75,RTL,True,ACTIVE,10,6
2026-09-29T18:30:29.623516,-35.3632626,149.1652373,12.905,0.03,0.0,1.53,0.0337914302945137,1.5374969244003296,244,0.0020005700644105673,0.0018127007642760873,-2.0135858058929443,12.587,27.17,75,RTL,True,ACTIVE,10,6
2026-09-29T18:30:30.124259,-35.3632626,149.1652373,12.13,0.03,0.0,1.47,0.03383680433034897,1.4735358953475952,244,0.0015984062338247895,0.002014574594795704,-2.013751983642578,12.587,27.25,75,RTL,True,ACTIVE,10,6
2026-09-29T18:30:30.624943,-35.3632625,149.1652373,11.38,0.03,0.0,1.41,0.03282373398542404,1.415695071220398,244,0.0017069334862753749,0.0018427141476422548,-2.013582944869995,12.587,27.66,74,RTL,True,ACTIVE,10,6
2026-09-29T18:30:31.125680,-35.3632625,149.1652373,10.746,0.03,0.0,0.98,0.031441397964954376,0.9829878807067871,244,0.0015414798399433494,0.0017250679666176438,-2.0134029388427734,12.587,30.32,74,RTL,True,ACTIVE,10,6
2026-09-29T18:30:31.626489,-35.3632625,149.1652373,10.377,0.02,0.01,0.48,0.03023388423025608,0.487023264169693,244,0.0017222088063135743,0.0017512504709884524,-2.013655662536621,12.587,29.82,74,RTL,True,ACTIVE,10,6
2026-09-29T18:30:32.127644,-35.3632625,149.1652373,10.164,0.02,0.0,0.4,0.028613707050681114,0.40252041816711426,244,0.0015638082986697555,0.0018501569284126163,-2.013779401779175,12.587,27.75,74,RTL,True,ACTIVE,10,6
2026-09-29T18:30:32.628459,-35.3632625,149.1652373,9.948,0.02,0.0,0.46,0.02710767090320587,0.46263206005096436,244,0.0014742198400199413,0.0019963399972766638,-2.013671636581421,12.587,27.41,74,RTL,True,ACTIVE,10,6
2026-09-29T18:30:33.129072,-35.3632625,149.1652373,9.706,0.02,0.01,0.5,0.026547297835350037,0.502343475818634,244,0.0015920550795271993,0.0022198716178536415,-2.0133957862854004,12.587,27.58,74,RTL,True,ACTIVE,10,6
2026-09-29T18:30:33.629888,-35.3632625,149.1652373,9.453,0.02,0.01,0.5,0.02736177295446396,0.5098293423652649,244,0.0016893332358449697,0.0015352688496932387,-2.013641595840454,12.587,27.66,74,RTL,True,ACTIVE,10,6
2026-09-29T18:30:34.130759,-35.3632625,149.1652374,9.198,0.02,0.0,0.5,0.024665746837854385,0.5063965916633606,244,0.002071672584861517,0.0015294464537873864,-2.013996124267578,12.587,27.75,74,RTL,True,ACTIVE,10,6
2026-09-29T18:30:34.631724,-35.3632625,149.1652374,8.945,0.02,0.0,0.5,0.02582133747637272,0.5014520287513733,244,0.001988151343539357,0.0016087895492091775,-2.0134177207946777,12.587,27.75,73,RTL,True,ACTIVE,10,6
2026-09-29T18:30:35.132385,-35.3632625,149.1652374,8.694,0.02,0.0,0.49,0.024954184889793396,0.4983910322189331,244,0.0017887144349515438,0.0016535818576812744,-2.013704776763916,12.587,27.75,73,RTL,True,ACTIVE,10,6
2026-09-29T18:30:35.633018,-35.3632625,149.1652374,8.442,0.02,0.0,0.49,0.02498895674943924,0.49697569012641907,244,0.0018811288755387068,0.0015360013348981738,-2.013864517211914,12.587,27.75,73,RTL,True,ACTIVE,10,6
2026-09-29T18:30:36.133406,-35.3632625,149.1652374,8.191,0.02,0.0,0.49,0.024182843044400215,0.4957297146320343,244,0.001750642666593194,0.0017137516988441348,-2.0136232376098633,12.587,27.75,73,RTL,True,ACTIVE,10,6
2026-09-29T18:30:36.633837,-35.3632625,149.1652374,7.94,0.02,0.0,0.49,0.0243697352707386,0.4950830042362213,244,0.0013613710179924965,0.001628899248316884,-2.0130932331085205,12.587,27.75,73,RTL,True,ACTIVE,10,6
2026-09-29T18:30:37.134943,-35.3632624,149.1652374,7.69,0.02,0.0,0.49,0.021870611235499382,0.4940180778503418,244,0.0008215983398258686,0.0017121838172897696,-2.0128159523010254,12.587,27.75,73,RTL,True,ACTIVE,10,6
2026-09-29T18:30:37.635203,-35.3632624,149.1652374,7.439,0.02,0.0,0.49,0.021872395649552345,0.4932805597782135,244,0.001975849037989974,0.001269217929802835,-2.012874126434326,12.587,27.75,73,RTL,True,ACTIVE,10,6
2026-09-29T18:30:38.135858,-35.3632624,149.1652374,7.188,0.02,0.0,0.49,0.022082094103097916,0.49276003241539,244,0.0014843745157122612,0.0019919518381357193,-2.0131349563598633,12.587,27.75,73,RTL,True,ACTIVE,10,6
2026-09-29T18:30:38.636917,-35.3632624,149.1652374,6.938,0.02,0.0,0.49,0.02071898803114891,0.4924129545688629,244,0.0010122819803655148,0.001136268605478108,-2.0135498046875,12.587,27.75,73,RTL,True,ACTIVE,10,6
2026-09-29T18:30:39.137399,-35.3632624,149.1652374,6.688,0.01,0.0,0.49,0.019368892535567284,0.49174344539642334,244,0.0017651491798460484,0.001827159314416349,-2.013976812362671,12.587,27.75,72,RTL,True,ACTIVE,10,6
2026-09-29T18:30:39.638022,-35.3632624,149.1652374,6.437,0.01,0.0,0.49,0.020511988550424576,0.49147361516952515,244,0.001751841395162046,0.0012196962488815188,-2.014359474182129,12.587,27.75,72,RTL,True,ACTIVE,10,6
2026-09-29T18:30:40.138985,-35.3632624,149.1652374,6.187,0.01,0.0,0.49,0.019452514126896858,0.4905530512332916,244,0.001962956739589572,0.0006705580744892359,-2.014634132385254,12.587,27.75,72,RTL,True,ACTIVE,10,6
2026-09-29T18:30:40.640956,-35.3632624,149.1652374,5.937,0.01,0.0,0.48,0.018981976434588432,0.490353524684906,244,0.0013760703150182962,0.001659614616073668,-2.014641761779785,12.587,27.75,72,RTL,True,ACTIVE,10,6
2026-09-29T18:30:41.142624,-35.3632624,149.1652374,5.687,0.01,0.0,0.49,0.019729390740394592,0.490627259016037,244,0.0024214936420321465,0.0018109394004568458,-2.014169454574585,12.587,27.75,72,RTL,True,ACTIVE,10,6
2026-09-29T18:30:41.643230,-35.3632624,149.1652374,5.437,0.02,0.0,0.49,0.022659732028841972,0.4906767010688782,244,0.002264660317450762,0.0014107916504144669,-2.013531446456909,12.587,27.75,72,RTL,True,ACTIVE,10,6
2026-09-29T18:30:42.143825,-35.3632624,149.1652374,5.186,0.02,0.0,0.48,0.02397758886218071,0.49031081795692444,244,0.0018687746487557888,0.0015808744356036186,-2.013178586959839,12.587,27.75,72,RTL,True,ACTIVE,10,6
2026-09-29T18:30:42.644499,-35.3632624,149.1652374,4.936,0.02,0.0,0.48,0.023934541270136833,0.48996713757514954,244,0.0016026569064706564,0.001568887964822352,-2.0131595134735107,12.587,27.75,72,RTL,True,ACTIVE,10,6
2026-09-29T18:30:43.145151,-35.3632624,149.1652374,4.686,0.02,0.0,0.48,0.02500316873192787,0.4895823001861572,244,0.0015044615138322115,0.0023213045205920935,-2.0133137702941895,12.587,27.75,71,RTL,True,ACTIVE,10,6
2026-09-29T18:30:43.645791,-35.3632624,149.1652374,4.436,0.02,0.0,0.48,0.0249253511428833,0.49005937576293945,244,0.0015667473198845983,0.0018320715753361583,-2.013529062271118,12.587,27.75,71,RTL,True,ACTIVE,10,6
2026-09-29T18:30:44.146461,-35.3632624,149.1652374,4.186,0.02,0.0,0.48,0.025362201035022736,0.48969918489456177,244,0.0018957994179800153,0.001744741341099143,-2.013745069503784,12.587,27.75,71,RTL,True,ACTIVE,10,6
2026-09-29T18:30:44.646830,-35.3632624,149.1652374,3.936,0.02,0.0,0.48,0.02514774538576603,0.4895743131637573,244,0.001475374330766499,0.001777468016371131,-2.0137486457824707,12.587,27.75,71,RTL,True,ACTIVE,10,6
2026-09-29T18:30:45.147192,-35.3632624,149.1652374,3.686,0.02,0.0,0.48,0.02447773516178131,0.48993411660194397,244,0.0015666245017200708,0.0018329772865399718,-2.0137712955474854,12.587,27.75,71,RTL,True,ACTIVE,10,6
2026-09-29T18:30:45.647831,-35.3632624,149.1652374,3.436,0.02,0.0,0.48,0.023883245885372162,0.49001723527908325,244,0.0019028900424018502,0.0015763893024995923,-2.0139544010162354,12.587,27.75,71,RTL,True,ACTIVE,10,6
2026-09-29T18:30:46.148453,-35.3632624,149.1652374,3.186,0.02,0.0,0.48,0.02386404573917389,0.48960116505622864,244,0.0017077013617381454,0.001665093470364809,-2.0135486125946045,12.587,27.75,71,RTL,True,ACTIVE,10,6
2026-09-29T18:30:46.648983,-35.3632624,149.1652374,2.936,0.02,0.0,0.48,0.023748164996504784,0.4896792769432068,244,0.0015427593607455492,0.0016965444665402174,-2.0134637355804443,12.587,27.75,71,RTL,True,ACTIVE,10,6
2026-09-29T18:30:47.149579,-35.3632624,149.1652374,2.686,0.02,0.0,0.48,0.023039599880576134,0.48955613374710083,244,0.0018566405633464456,0.0015649943379685283,-2.0137791633605957,12.587,27.75,71,RTL,True,ACTIVE,10,6
2026-09-29T18:30:47.649826,-35.3632624,149.1652374,2.437,0.02,0.0,0.48,0.023065250366926193,0.48951563239097595,244,0.001709209755063057,0.0017335369484499097,-2.013380289077759,12.587,27.75,70,RTL,True,ACTIVE,10,6
2026-09-29T18:30:48.150467,-35.3632624,149.1652374,2.187,0.02,0.0,0.49,0.02319958806037903,0.49066415429115295,244,0.0018309826264157891,0.0016810502856969833,-2.0136187076568604,12.587,27.75,70,RTL,True,ACTIVE,10,6
2026-09-29T18:30:48.650826,-35.3632624,149.1652374,1.937,0.02,0.0,0.49,0.023710384964942932,0.49095994234085083,244,0.0015423416625708342,0.0016620618989691138,-2.0135385990142822,12.587,27.75,70,RTL,True,ACTIVE,10,6
2026-09-29T18:30:49.151375,-35.3632624,149.1652374,1.687,0.02,0.0,0.49,0.022527797147631645,0.49092787504196167,244,0.0011297540040686727,0.0015367916785180569,-2.013566732406616,12.587,27.75,70,RTL,True,ACTIVE,10,6
2026-09-29T18:30:49.652063,-35.3632624,149.1652374,1.437,0.02,0.0,0.49,0.020927684381604195,0.49081581830978394,244,0.0014172779629006982,0.0015445345779880881,-2.0137715339660645,12.587,27.75,70,RTL,True,ACTIVE,10,6
2026-09-29T18:30:50.152974,-35.3632624,149.1652374,1.187,0.02,0.0,0.49,0.020862769335508347,0.4904794692993164,244,0.0015731090679764748,0.0012993441196158528,-2.013472080230713,12.587,27.75,70,RTL,True,ACTIVE,10,6
2026-09-29T18:30:50.653397,-35.3632624,149.1652374,0.937,0.01,0.0,0.48,0.020196162164211273,0.49005523324012756,244,0.0014570456696674228,0.0013481555506587029,-2.0136029720306396,12.587,27.75,70,LAND,True,ACTIVE,10,6
2026-09-29T18:30:51.153905,-35.3632624,149.1652374,0.687,0.01,0.0,0.48,0.019532958045601845,0.4902622401714325,244,0.0016126669943332672,0.0012702340027317405,-2.013599157333374,12.587,27.75,70,LAND,True,ACTIVE,10,6
2026-09-29T18:30:51.654973,-35.3632624,149.1652374,0.436,0.01,0.0,0.48,0.01946405880153179,0.4898877739906311,244,0.001836956012994051,0.0012736506760120392,-2.013906717300415,12.587,27.75,70,LAND,True,ACTIVE,10,6
2026-09-29T18:30:52.155832,-35.3632624,149.1652374,0.186,0.02,0.0,0.48,0.020150350406765938,0.4898393750190735,244,0.0016835391288623214,0.0012430752394720912,-2.013457775115967,12.587,27.75,69,LAND,True,ACTIVE,10,6
2026-09-29T18:30:52.656820,-35.3632624,149.1652374,0.1,0.02,0.0,-0.09,0.0278236772865057,0.10114271938800812,244,0.001704455935396254,0.001641272334381938,-2.0133447647094727,12.587,4.9,69,LAND,True,ACTIVE,10,6
2026-09-29T18:30:53.157673,-35.3632624,149.1652375,0.091,0.02,0.0,0.0,0.026106849312782288,0.02749505266547203,244,0.0016894327709451318,0.0016358200227841735,-2.013326406478882,12.587,0.08,69,LAND,True,ACTIVE,10,6
2026-09-29T18:30:53.658294,-35.3632624,149.1652375,0.084,0.02,0.0,0.0,0.025525400415062904,0.02662012353539467,244,0.0016748817870393395,0.0016240562545135617,-2.0133113861083984,12.587,0.16,69,LAND,True,ACTIVE,10,6
2026-09-29T18:30:54.158884,-35.3632624,149.1652375,0.076,0.02,0.0,0.0,0.025065459311008453,0.025971345603466034,244,0.0016550211003050208,0.001611459767445922,-2.0132927894592285,12.587,0.0,69,LAND,True,ACTIVE,10,6
2026-09-29T18:30:54.659532,-35.3632624,149.1652375,0.064,0.02,0.0,0.0,0.02443292737007141,0.025422140955924988,244,0.0016432924894616008,0.0016181456157937646,-2.013211965560913,12.587,0.0,69,LAND,False,STANDBY,10,6
2026-09-29T18:30:55.160049,-35.3632624,149.1652375,0.047,0.02,0.0,0.0,0.023996317759156227,0.02529589645564556,244,0.0016044406220316887,0.001630043494515121,-2.01302433013916,12.587,0.0,69,LAND,False,STANDBY,10,6
2026-09-29T18:30:55.660259,-35.3632624,149.1652375,0.034,0.02,0.0,0.0,0.02333948016166687,0.024776678532361984,244,0.0015642043435946107,0.0016286225290969014,-2.012829303741455,12.587,0.0,69,LAND,False,STANDBY,10,6
2026-09-29T18:30:56.160832,-35.3632624,149.1652375,0.025,0.02,0.0,0.0,0.022523147985339165,0.02400428242981434,244,0.0015216385945677757,0.0016164196422323585,-2.0126328468322754,12.587,0.0,69,LAND,False,STANDBY,10,6
2026-09-29T18:30:56.661431,-35.3632624,149.1652375,0.018,0.02,0.0,0.0,0.02149525098502636,0.022935805842280388,244,0.0014802393270656466,0.0016148550203070045,-2.0124318599700928,12.587,0.0,69,LAND,False,STANDBY,10,6
2026-09-29T18:30:57.162048,-35.3632624,149.1652375,0.013,0.01,0.0,0.0,0.02053968608379364,0.021862369030714035,244,0.0014571538195014,0.0016066462267190218,-2.0122334957122803,12.587,0.0,69,LAND,False,STANDBY,10,6
2026-09-29T18:30:57.662593,-35.3632624,149.1652375,0.009,0.01,0.0,0.0,0.019759811460971832,0.020950987935066223,244,0.0014439732767641544,0.001609056955203414,-2.01203989982605,12.587,0.0,69,LAND,False,STANDBY,10,6
2026-09-29T18:30:58.163334,-35.3632624,149.1652375,0.006,0.01,0.0,0.0,0.0193594079464674,0.02039448171854019,244,0.001444675144739449,0.0016224245773628354,-2.011845827102661,12.587,0.0,69,LAND,False,STANDBY,10,6
2026-09-29T18:30:58.663827,-35.3632624,149.1652375,0.003,0.01,0.0,0.0,0.019263513386249542,0.020120961591601372,244,0.0014674211852252483,0.0016365253832191229,-2.011652946472168,12.587,0.0,69,LAND,False,STANDBY,10,6
2026-09-29T18:30:59.164406,-35.3632624,149.1652375,0.002,0.01,0.0,0.0,0.019469672814011574,0.020161312073469162,244,0.0014799732016399503,0.0016575356712564826,-2.0114634037017822,12.587,0.0,69,LAND,False,STANDBY,10,6
2026-09-29T18:30:59.664831,-35.3632624,149.1652375,0.001,0.01,0.0,0.0,0.019901631399989128,0.020419221371412277,244,0.0015066576888784766,0.0016787569038569927,-2.01127552986145,12.587,0.0,69,LAND,False,STANDBY,10,6
2026-09-29T18:31:00.165381,-35.3632624,149.1652375,0.0,0.01,0.0,0.0,0.020581919699907303,0.020938584581017494,244,0.001538934651762247,0.001698502223007381,-2.0110888481140137,12.587,0.0,69,LAND,False,STANDBY,10,6
2026-09-29T18:31:00.666011,-35.3632624,149.1652375,0.0,0.02,0.0,0.0,0.021444540470838547,0.021711137145757675,244,0.0015660851495340466,0.001725835376419127,-2.01090145111084,12.587,0.0,69,LAND,False,STANDBY,10,6
2026-09-29T18:31:01.166510,-35.3632624,149.1652375,0.0,0.02,0.0,0.0,0.0221991129219532,0.022379999980330467,244,0.0015907369088381529,0.001735334051772952,-2.0107171535491943,12.587,0.0,69,LAND,False,STANDBY,10,6
2026-09-29T18:31:01.667314,-35.3632624,149.1652375,0.0,0.02,0.0,0.0,0.02282247692346573,0.022951548919081688,244,0.0016102745430544019,0.0017546865856274962,-2.0105321407318115,12.587,0.0,69,LAND,False,STANDBY,10,6
2026-09-29T18:31:02.168240,-35.3632624,149.1652375,0.0,0.02,0.0,0.0,0.023600591346621513,0.02368622086942196,244,0.0016275339294224977,0.0017711836844682693,-2.010359764099121,12.587,0.0,69,LAND,False,STANDBY,10,6
2026-09-29T18:31:02.669617,-35.3632624,149.1652375,0.0,0.02,0.0,0.0,0.023940037935972214,0.02398660033941269,244,0.0016327133635059,0.0017863259417936206,-2.0101852416992188,12.587,0.0,69,LAND,False,STANDBY,10,6
2026-09-29T18:31:03.169825,-35.3632624,149.1652375,0.0,0.02,0.0,0.0,0.024177750572562218,0.024197369813919067,244,0.0016341285081580281,0.0017972089117392898,-2.0100090503692627,12.587,0.0,69,LAND,False,STANDBY,10,6
2026-09-29T18:31:03.670294,-35.3632624,149.1652375,0.0,0.02,0.0,0.0,0.024753548204898834,0.02475895546376705,244,0.001640083035454154,0.0018108466174453497,-2.0098459720611572,12.587,0.0,69,LAND,False,STANDBY,10,6
2026-09-29T18:31:04.171320,-35.3632624,149.1652375,0.0,0.02,0.0,0.0,0.024913378059864044,0.02491360902786255,244,0.0016316516557708383,0.0018111640820279717,-2.0096845626831055,12.587,0.0,69,LAND,False,STANDBY,10,6
2026-09-29T18:31:04.673680,-35.3632624,149.1652375,0.0,0.02,0.0,0.0,0.02529069222509861,0.025291522964835167,244,0.0016411803662776947,0.001816745032556355,-2.009523630142212,12.587,0.0,69,LAND,False,STANDBY,10,6
2026-09-29T18:31:05.175020,-35.3632624,149.1652375,0.001,0.02,0.0,0.0,0.025280585512518883,0.025284690782427788,244,0.001641715643927455,0.0018153964774683118,-2.0093584060668945,12.587,0.0,69,LAND,False,STANDBY,10,6
2026-09-29T18:31:05.678110,-35.3632624,149.1652375,0.001,0.02,0.0,0.0,0.02537386305630207,0.025385206565260887,244,0.0016401149332523346,0.0018166383961215615,-2.009117841720581,12.587,0.0,69,LAND,False,STANDBY,10,6
2026-09-29T18:31:06.180380,-35.3632624,149.1652375,0.002,0.02,0.0,0.0,0.02526533603668213,0.025291649624705315,244,0.001637122011743486,0.0018203372601419687,-2.0089690685272217,12.587,0.0,69,LAND,False,STANDBY,10,6
2026-09-29T18:31:06.687931,-35.3632624,149.1652375,0.002,0.02,0.0,0.0,0.024939099326729774,0.02497403509914875,244,0.0016330063808709383,0.0018141354667022824,-2.0088038444519043,12.587,0.0,69,LAND,False,STANDBY,10,6
2026-09-29T18:31:07.190559,-35.3632624,149.1652375,0.003,0.02,0.0,0.0,0.02526690624654293,0.025310814380645752,244,0.0016401626635342836,0.0018203242216259241,-2.0086562633514404,12.587,0.0,69,LAND,False,STANDBY,10,6
2026-09-29T18:31:07.691640,-35.3632624,149.1652375,0.003,0.02,0.0,0.0,0.02481984719634056,0.024871118366718292,244,0.0016290643252432346,0.001813692506402731,-2.008514642715454,12.587,0.0,69,LAND,False,STANDBY,10,6
2026-09-29T18:31:08.193124,-35.3632624,149.1652375,0.004,0.02,0.0,0.0,0.025144774466753006,0.02520628832280636,244,0.001634123269468546,0.0018280665390193462,-2.008361339569092,12.587,0.0,69,LAND,False,STANDBY,10,6
2026-09-29T18:31:08.694579,-35.3632624,149.1652375,0.004,0.02,0.0,0.0,0.02483442984521389,0.0249046478420496,244,0.0016329201171174645,0.001822384656406939,-2.008209466934204,12.587,0.0,69,LAND,False,STANDBY,10,6
2026-09-29T18:31:09.195300,-35.3632624,149.1652375,0.004,0.02,0.0,0.0,0.025075668469071388,0.02514735236763954,244,0.001637726672925055,0.0018191507551819086,-2.0080652236938477,12.587,0.0,69,LAND,False,STANDBY,10,6
2026-09-29T18:31:09.695824,-35.3632624,149.1652375,0.005,0.02,0.0,0.0,0.024602649733424187,0.024679383262991905,244,0.0016292533837258816,0.0018098491709679365,-2.0079290866851807,12.587,0.0,69,LAND,False,STANDBY,10,6
2026-09-29T18:31:10.199081,-35.3632624,149.1652375,0.005,0.02,0.0,0.0,0.02484736405313015,0.024925490841269493,244,0.0016315681859850883,0.001810412504710257,-2.007786750793457,12.587,0.0,69,LAND,False,STANDBY,10,6
2026-09-29T18:31:10.699311,-35.3632624,149.1652375,0.005,0.02,0.0,0.0,0.024525022134184837,0.02460058592259884,244,0.0016246718587353826,0.0018060787115246058,-2.0076515674591064,12.587,0.0,69,LAND,False,STANDBY,10,6
2026-09-29T18:31:11.199866,-35.3632624,149.1652375,0.005,0.02,0.0,0.0,0.02483605034649372,0.024914680048823357,244,0.0016344987088814378,0.0018060232978314161,-2.00750994682312,12.587,0.0,69,LAND,False,STANDBY,10,6
2026-09-29T18:31:11.700624,-35.3632624,149.1652375,0.006,0.02,0.0,0.0,0.024443436414003372,0.02452796697616577,244,0.0016288940096274018,0.0017836566548794508,-2.0073697566986084,12.587,0.0,69,LAND,False,STANDBY,10,6
2026-09-29T18:31:12.201434,-35.3632624,149.1652375,0.006,0.02,0.0,0.0,0.02467070147395134,0.024746522307395935,245,0.0016296273097395897,0.0017758343601599336,-2.007244110107422,12.587,0.0,69,LAND,False,STANDBY,10,6
2026-09-29T18:31:12.704151,-35.3632624,149.1652375,0.006,0.02,0.0,0.0,0.024201666936278343,0.024279678240418434,245,0.0016201857943087816,0.0017604830209165812,-2.0071158409118652,12.587,0.0,69,LAND,False,STANDBY,10,6
2026-09-29T18:31:13.204626,-35.3632624,149.1652375,0.006,0.02,0.0,0.0,0.02445443719625473,0.02452331781387329,245,0.00163087819237262,0.0017704471247270703,-2.006993532180786,12.587,0.0,69,LAND,False,STANDBY,10,6
2026-09-29T18:31:13.705412,-35.3632624,149.1652375,0.006,0.02,0.0,0.0,0.024009985849261284,0.024081574752926826,245,0.001627498771995306,0.0017522977432236075,-2.006866931915283,12.587,0.0,69,LAND,False,STANDBY,10,6
2026-09-29T18:31:14.209502,-35.3632624,149.1652375,0.006,0.02,0.0,0.0,0.024196529760956764,0.024262700229883194,245,0.0016263379948213696,0.0017479445086792111,-2.006751298904419,12.587,0.0,69,LAND,False,STANDBY,10,6
2026-09-29T18:31:14.710113,-35.3632624,149.1652375,0.006,0.02,0.0,0.0,0.024019189178943634,0.02407926507294178,245,0.0016167558496817946,0.0017370267305523157,-2.0066301822662354,12.587,0.0,69,LAND,False,STANDBY,10,6
2026-09-29T18:31:15.210610,-35.3632624,149.1652375,0.006,0.02,0.0,0.0,0.024117888882756233,0.02418711595237255,245,0.0016169678419828415,0.0017427754355594516,-2.00651216506958,12.587,0.0,69,LAND,False,STANDBY,10,6
2026-09-29T18:31:15.711375,-35.3632624,149.1652375,0.006,0.02,0.0,0.0,0.023529645055532455,0.023602230474352837,245,0.0016086559044197202,0.0017403855454176664,-2.006392478942871,12.587,0.0,69,LAND,False,STANDBY,10,6
2026-09-29T18:31:16.213659,-35.3632624,149.1652375,0.006,0.02,0.0,0.0,0.02376202866435051,0.023836012929677963,245,0.001610556966625154,0.001745376386679709,-2.00628399848938,12.587,0.0,69,LAND,False,STANDBY,10,6
2026-09-29T18:31:16.713991,-35.3632624,149.1652375,0.006,0.02,0.0,0.0,0.023460183292627335,0.023530760779976845,245,0.0016092379810288548,0.001746965222992003,-2.0061728954315186,12.587,0.0,69,LAND,False,STANDBY,10,6
2026-09-29T18:31:17.214717,-35.3632624,149.1652375,0.006,0.02,0.0,0.0,0.02386375516653061,0.02392864227294922,245,0.00161722709890455,0.0017548458417877555,-2.006070852279663,12.587,0.0,69,LAND,False,STANDBY,10,6
2026-09-29T18:31:17.715360,-35.3632624,149.1652375,0.006,0.02,0.0,0.0,0.023644065484404564,0.023711582645773888,245,0.0016162774991244078,0.0017595930257812142,-2.0059685707092285,12.587,0.0,69,LAND,False,STANDBY,10,6
2026-09-29T18:31:18.215989,-35.3632624,149.1652375,0.006,0.02,0.0,0.0,0.02399519830942154,0.02405555360019207,245,0.0016131923766806722,0.001763909705914557,-2.0058681964874268,12.587,0.0,69,LAND,False,STANDBY,10,6
2026-09-29T18:31:18.716182,-35.3632624,149.1652375,0.006,0.02,0.0,0.0,0.023850182071328163,0.023904455825686455,245,0.0016040486516430974,0.001760881394147873,-2.0057783126831055,12.587,0.0,69,LAND,False,STANDBY,10,6
2026-09-29T18:31:19.217014,-35.3632624,149.1652375,0.006,0.02,0.0,0.0,0.024136612191796303,0.02417793497443199,245,0.0016035238513723016,0.0017699424643069506,-2.005681276321411,12.587,0.0,69,LAND,False,STANDBY,10,6
2026-09-29T18:31:19.717830,-35.3632624,149.1652375,0.006,0.02,0.0,0.0,0.023859111592173576,0.023887496441602707,245,0.0015918264398351312,0.0017577699618414044,-2.005598545074463,12.587,0.0,69,LAND,False,STANDBY,10,6
2026-09-29T18:31:20.218157,-35.3632624,149.1652375,0.006,0.02,0.0,0.0,0.024129578843712807,0.024153849110007286,245,0.001604480086825788,0.001767809852026403,-2.0055103302001953,12.587,0.0,69,LAND,False,STANDBY,10,6
2026-09-29T18:31:20.718813,-35.3632624,149.1652375,0.006,0.02,0.0,0.0,0.023732639849185944,0.023755241185426712,245,0.0015932949027046561,0.0017568533075973392,-2.005434274673462,12.587,0.0,69,LAND,False,STANDBY,10,6
2026-09-29T18:31:21.220328,-35.3632624,149.1652375,0.006,0.02,0.0,0.0,0.02390478551387787,0.02393430843949318,245,0.0015992120606824756,0.0017597188707441092,-2.0053505897521973,12.587,0.0,69,LAND,False,STANDBY,10,6
2026-09-29T18:31:21.721301,-35.3632624,149.1652375,0.006,0.02,0.0,0.0,0.023603016510605812,0.023632744327187538,245,0.0015875238459557295,0.001759797683916986,-2.0052711963653564,12.587,0.0,69,LAND,False,STANDBY,10,6
2026-09-29T18:31:22.221958,-35.3632624,149.1652375,0.005,0.02,0.0,0.0,0.02366405911743641,0.02369009517133236,245,0.0015851594507694244,0.0017629433423280716,-2.0051920413970947,12.587,0.0,69,LAND,False,STANDBY,10,6
2026-09-29T18:31:22.722560,-35.3632624,149.1652375,0.005,0.02,0.0,0.0,0.023612601682543755,0.023639384657144547,245,0.0015786692965775728,0.0017560916021466255,-2.0051140785217285,12.587,0.0,69,LAND,False,STANDBY,10,6
2026-09-29T18:31:23.223567,-35.3632624,149.1652375,0.005,0.02,0.0,0.0,0.023973502218723297,0.023998703807592392,245,0.0015920930309221148,0.0017620332073420286,-2.0050368309020996,12.587,0.0,69,LAND,False,STANDBY,10,6
2026-09-29T18:31:23.726949,-35.3632624,149.1652375,0.005,0.02,0.0,0.0,0.023631922900676727,0.023655476048588753,245,0.0015906894113868475,0.0017592159565538168,-2.004970073699951,12.587,0.0,69,LAND,False,STANDBY,10,6
2026-09-29T18:31:24.227783,-35.3632624,149.1652375,0.005,0.02,0.0,0.0,0.02399238757789135,0.024015294387936592,245,0.001592621672898531,0.001767888548783958,-2.004903793334961,12.587,0.0,69,LAND,False,STANDBY,10,6
2026-09-29T18:31:24.728778,-35.3632624,149.1652375,0.005,0.02,0.0,0.0,0.023567190393805504,0.02358756773173809,245,0.0015906423795968294,0.0017642867751419544,-2.004835844039917,12.587,0.0,69,LAND,False,STANDBY,10,6
2026-09-29T18:31:25.229256,-35.3632624,149.1652375,0.005,0.02,0.0,0.0,0.023893678560853004,0.023911606520414352,245,0.0015968207735568285,0.0017699194140732288,-2.004772424697876,12.587,0.0,69,LAND,False,STANDBY,10,6
2026-09-29T18:31:25.730030,-35.3632624,149.1652375,0.005,0.02,0.0,0.0,0.023773541674017906,0.023794546723365784,245,0.0015992899425327778,0.0017674036789685488,-2.0047097206115723,12.587,0.0,69,LAND,False,STANDBY,10,6
2026-09-29T18:31:26.230795,-35.3632624,149.1652375,0.005,0.02,0.0,0.0,0.024179162457585335,0.024198098108172417,245,0.0016065441304817796,0.0017711608670651913,-2.0046517848968506,12.587,0.0,69,LAND,False,STANDBY,10,6
2026-09-29T18:31:26.731569,-35.3632624,149.1652375,0.005,0.02,0.0,0.0,0.023955658078193665,0.0239720456302166,245,0.0015954887494444847,0.0017600086284801364,-2.004599094390869,12.587,0.0,69,LAND,False,STANDBY,10,6
2026-09-29T18:31:27.232549,-35.3632624,149.1652375,0.005,0.02,0.0,0.0,0.024302998557686806,0.02432090975344181,245,0.001603824202902615,0.0017556502716615796,-2.004549741744995,12.587,0.0,69,LAND,False,STANDBY,10,6
2026-09-29T18:31:27.733135,-35.3632624,149.1652375,0.005,0.02,0.0,0.0,0.02397742122411728,0.023993637412786484,245,0.001607290469110012,0.0017480079550296068,-2.0044913291931152,12.587,0.0,69,LAND,False,STANDBY,10,6
2026-09-29T18:31:28.233854,-35.3632624,149.1652375,0.005,0.02,0.0,0.0,0.024379638954997063,0.02439213916659355,245,0.0016193871852010489,0.00175183592364192,-2.0044403076171875,12.587,0.0,69,LAND,False,STANDBY,10,6
2026-09-29T18:31:28.734498,-35.3632624,149.1652375,0.005,0.02,0.0,0.0,0.023993203416466713,0.024005243554711342,245,0.0016110949218273163,0.0017433755565434694,-2.0043861865997314,12.587,0.0,69,LAND,False,STANDBY,10,6
2026-09-29T18:31:29.235219,-35.3632624,149.1652375,0.005,0.02,0.0,0.0,0.024332990869879723,0.02434059977531433,245,0.0016075560124590993,0.0017453267937526107,-2.0043485164642334,12.587,0.0,69,LAND,False,STANDBY,10,6
2026-09-29T18:31:29.735831,-35.3632624,149.1652375,0.004,0.02,0.0,0.0,0.02394917793571949,0.023955754935741425,245,0.0016014513093978167,0.0017491577891632915,-2.004303455352783,12.587,0.0,69,LAND,False,STANDBY,10,6
2026-09-29T18:31:30.236256,-35.3632624,149.1652375,0.004,0.02,0.0,0.0,0.024154406040906906,0.024160291999578476,245,0.0016041662311181426,0.001751180854626,-2.0042643547058105,12.587,0.0,69,LAND,False,STANDBY,10,6
2026-09-29T18:31:30.736826,-35.3632624,149.1652375,0.004,0.02,0.0,0.0,0.023845721036195755,0.02385016530752182,245,0.0016056837048381567,0.0017481372924521565,-2.004223108291626,12.587,0.0,69,LAND,False,STANDBY,10,6
2026-09-29T18:31:31.237439,-35.3632624,149.1652375,0.004,0.02,0.0,0.0,0.0241180881857872,0.02412036620080471,245,0.0016029096441343427,0.001743315951898694,-2.0041966438293457,12.587,0.0,69,LAND,False,STANDBY,10,6
2026-09-29T18:31:31.737881,-35.3632624,149.1652375,0.004,0.02,0.0,0.0,0.02395143359899521,0.023953843861818314,245,0.0016054571606218815,0.0017418416682630777,-2.004152297973633,12.587,0.0,69,LAND,False,STANDBY,10,6
2026-09-29T18:31:32.238355,-35.3632624,149.1652375,0.004,0.02,0.0,0.0,0.02411952242255211,0.02412089891731739,245,0.0016029274556785822,0.0017412692541256547,-2.004115581512451,12.587,0.0,69,LAND,False,STANDBY,10,6
2026-09-29T18:31:32.738891,-35.3632624,149.1652375,0.004,0.02,0.0,0.0,0.02370849996805191,0.023709578439593315,245,0.0016022707568481565,0.001740878913551569,-2.0040829181671143,12.587,0.0,69,LAND,False,STANDBY,10,6
2026-09-29T18:31:33.240033,-35.3632624,149.1652375,0.004,0.02,0.0,0.0,0.024026434868574142,0.02402750588953495,245,0.0016104398528113961,0.0017385258106514812,-2.0040557384490967,12.587,0.0,69,LAND,False,STANDBY,10,6
2026-09-29T18:31:33.740911,-35.3632624,149.1652375,0.004,0.02,0.0,0.0,0.02382003888487816,0.023821083828806877,245,0.0016042569186538458,0.0017316509038209915,-2.0040249824523926,12.587,0.0,69,LAND,False,STANDBY,10,6
2026-09-29T18:31:34.241832,-35.3632624,149.1652375,0.004,0.02,0.0,0.0,0.024072127416729927,0.024073367938399315,245,0.001600639778189361,0.0017406485276296735,-2.003985643386841,12.587,0.0,69,LAND,False,STANDBY,10,6
2026-09-29T18:31:34.744201,-35.3632624,149.1652375,0.003,0.02,0.0,0.0,0.02375371754169464,0.023755421862006187,245,0.001587043865583837,0.0017403543461114168,-2.0039496421813965,12.587,0.0,69,LAND,False,STANDBY,10,6
2026-09-29T18:31:35.245034,-35.3632624,149.1652375,0.003,0.02,0.0,0.0,0.023731986060738564,0.02373291738331318,245,0.0015848525799810886,0.0017456823261454701,-2.0039315223693848,12.587,0.0,69,LAND,False,STANDBY,10,6
2026-09-29T18:31:35.745791,-35.3632624,149.1652375,0.003,0.02,0.0,0.0,0.023398978635668755,0.023401949554681778,245,0.0015803350834175944,0.001744341803714633,-2.003908395767212,12.587,0.0,69,LAND,False,STANDBY,10,6
2026-09-29T18:31:36.246564,-35.3632624,149.1652375,0.003,0.02,0.0,0.0,0.023681344464421272,0.02368345484137535,245,0.001586130354553461,0.001750104478560388,-2.0038836002349854,12.587,0.0,69,LAND,False,STANDBY,10,6
2026-09-29T18:31:36.746838,-35.3632624,149.1652375,0.003,0.02,0.0,0.0,0.023459749296307564,0.023462332785129547,245,0.0015822232235223055,0.0017480781534686685,-2.0038647651672363,12.587,0.0,69,LAND,False,STANDBY,10,6
2026-09-29T18:31:37.247474,-35.3632624,149.1652375,0.003,0.02,0.0,0.0,0.023719072341918945,0.023719506338238716,245,0.0015811907360330224,0.00174960948061198,-2.003843069076538,12.587,0.0,69,LAND,False,STANDBY,10,6
2026-09-29T18:31:37.748212,-35.3632624,149.1652375,0.003,0.02,0.0,0.0,0.023409610614180565,0.023409787565469742,245,0.0015833866782486439,0.0017508850432932377,-2.0038235187530518,12.587,0.0,69,LAND,False,STANDBY,10,6
2026-09-29T18:31:38.249044,-35.3632624,149.1652375,0.003,0.02,0.0,0.0,0.023734280839562416,0.02373432368040085,245,0.0015910826623439789,0.0017550332704558969,-2.003805160522461,12.587,0.0,69,LAND,False,STANDBY,10,6
2026-09-29T18:31:38.749697,-35.3632624,149.1652375,0.003,0.02,0.0,0.0,0.0234968401491642,0.023497022688388824,245,0.0015869706403464079,0.0017546511953696609,-2.003796100616455,12.587,0.0,69,LAND,False,STANDBY,10,6
2026-09-29T18:31:39.250528,-35.3632624,149.1652375,0.003,0.02,0.0,0.0,0.023936130106449127,0.02393634058535099,245,0.0015774170169606805,0.0017574146622791886,-2.0037834644317627,12.587,0.0,69,LAND,False,STANDBY,10,6
2026-09-29T18:31:39.751048,-35.3632624,149.1652375,0.003,0.02,0.0,0.0,0.023452475666999817,0.02345380187034607,245,0.0015647528925910592,0.001761568826623261,-2.0037648677825928,12.587,0.0,69,LAND,False,STANDBY,10,6
2026-09-29T18:31:40.251591,-35.3632624,149.1652375,0.003,0.02,0.0,0.0,0.023793073371052742,0.023795390501618385,245,0.0015727519057691097,0.0017727793892845511,-2.003751277923584,12.587,0.0,69,LAND,False,STANDBY,10,6
2026-09-29T18:31:40.752117,-35.3632624,149.1652375,0.003,0.02,0.0,0.0,0.023450138047337532,0.02345132641494274,245,0.0015721914824098349,0.0017684109043329954,-2.003736734390259,12.587,0.0,69,LAND,False,STANDBY,10,6
2026-09-29T18:31:41.252419,-35.3632624,149.1652375,0.003,0.02,0.0,0.0,0.023789137601852417,0.02379021793603897,245,0.0015766480937600136,0.0017840922810137272,-2.003730058670044,12.587,0.0,69,LAND,False,STANDBY,10,6
2026-09-29T18:31:41.753302,-35.3632624,149.1652375,0.003,0.02,0.0,0.0,0.02370109222829342,0.023701274767518044,245,0.0015681779477745295,0.0017818621126934886,-2.00372314453125,12.587,0.0,69,LAND,False,STANDBY,10,6
2026-09-29T18:31:42.253822,-35.3632624,149.1652375,0.003,0.02,0.0,0.0,0.023951880633831024,0.02395286224782467,245,0.0015734551707282662,0.0017839438514783978,-2.003711462020874,12.587,0.0,69,LAND,False,STANDBY,10,6
2026-09-29T18:31:42.754878,-35.3632624,149.1652375,0.003,0.02,0.0,0.0,0.02368820272386074,0.02368983067572117,245,0.0015650114510208368,0.0017765741795301437,-2.003701686859131,12.587,0.0,69,LAND,False,STANDBY,10,6
2026-09-29T18:31:43.255613,-35.3632624,149.1652375,0.003,0.02,0.0,0.0,0.02400836907327175,0.024009495973587036,245,0.0015824036672711372,0.0017767270328477025,-2.00368595123291,12.587,0.0,69,LAND,False,STANDBY,10,6
2026-09-29T18:31:43.756357,-35.3632624,149.1652375,0.003,0.02,0.0,0.0,0.023695310577750206,0.023696569725871086,245,0.0015678445342928171,0.0017659157747402787,-2.0036888122558594,12.587,0.0,69,LAND,False,STANDBY,10,6
2026-09-29T18:31:44.256873,-35.3632624,149.1652375,0.003,0.02,0.0,0.0,0.023932907730340958,0.02393508516252041,245,0.0015723815886303782,0.0017663046019151807,-2.0036792755126953,12.587,0.0,69,LAND,False,STANDBY,10,6
2026-09-29T18:31:44.757687,-35.3632624,149.1652375,0.003,0.02,0.0,0.0,0.023711662739515305,0.02371475286781788,245,0.001574108493514359,0.0017679856391623616,-2.0036773681640625,12.587,0.0,69,LAND,False,STANDBY,10,6
2026-09-29T18:31:45.258710,-35.3632624,149.1652375,0.003,0.02,0.0,0.0,0.024041051045060158,0.02404274418950081,245,0.0015805858420208097,0.0017705210484564304,-2.0036725997924805,12.587,0.0,69,LAND,False,STANDBY,10,6
2026-09-29T18:31:45.759251,-35.3632624,149.1652375,0.003,0.02,0.0,0.0,0.02382134087383747,0.0238256324082613,245,0.0015729439910501242,0.0017609181813895702,-2.003680944442749,12.587,0.0,69,LAND,False,STANDBY,10,6
2026-09-29T18:31:46.260133,-35.3632624,149.1652375,0.003,0.02,0.0,0.0,0.024109484627842903,0.02411213517189026,245,0.001576404320076108,0.0017715890426188707,-2.0036866664886475,12.587,0.0,69,LAND,False,STANDBY,10,6
2026-09-29T18:31:46.760865,-35.3632624,149.1652375,0.003,0.02,0.0,0.0,0.023754704743623734,0.023756491020321846,245,0.0015632701106369495,0.0017692478140816092,-2.003685474395752,12.587,0.0,69,LAND,False,STANDBY,10,6
2026-09-29T18:31:47.261529,-35.3632624,149.1652375,0.003,0.02,0.0,0.0,0.02400359883904457,0.02400636114180088,245,0.0015628804685547948,0.001766255940310657,-2.0036864280700684,12.587,0.0,69,LAND,False,STANDBY,10,6
2026-09-29T18:31:47.762476,-35.3632624,149.1652375,0.003,0.02,0.0,0.0,0.023453321307897568,0.023455863818526268,245,0.0015552402473986149,0.0017513997154310346,-2.003685712814331,12.587,0.0,69,LAND,False,STANDBY,10,6
2026-09-29T18:31:48.263295,-35.3632624,149.1652375,0.003,0.02,0.0,0.0,0.02356872893869877,0.023571794852614403,245,0.0015578607562929392,0.001747006201185286,-2.0036888122558594,12.587,0.0,69,LAND,False,STANDBY,10,6
2026-09-29T18:31:48.763821,-35.3632624,149.1652375,0.003,0.02,0.0,0.0,0.023261260241270065,0.023265250027179718,245,0.0015637873439118266,0.0017397331539541483,-2.003694534301758,12.587,0.0,69,LAND,False,STANDBY,10,6
2026-09-29T18:31:49.264499,-35.3632624,149.1652375,0.003,0.02,0.0,0.0,0.02349003031849861,0.0234927237033844,245,0.0015781527617946267,0.0017415854381397367,-2.003695011138916,12.587,0.0,69,LAND,False,STANDBY,10,6
2026-09-29T18:31:49.765153,-35.3632624,149.1652375,0.003,0.02,0.0,0.0,0.02328079380095005,0.023282958194613457,245,0.0015791455516591668,0.0017407942796126008,-2.003699541091919,12.587,0.0,69,LAND,False,STANDBY,10,6
2026-09-29T18:31:50.265860,-35.3632624,149.1652375,0.003,0.02,0.0,0.0,0.023668337613344193,0.02367241121828556,245,0.0015885542379692197,0.001749540097080171,-2.003702402114868,12.587,0.0,69,LAND,False,STANDBY,10,6
2026-09-29T18:31:50.766384,-35.3632624,149.1652375,0.003,0.02,0.0,0.0,0.023565372452139854,0.023568758741021156,245,0.0015864752931520343,0.0017513856291770935,-2.0037074089050293,12.587,0.0,69,LAND,False,STANDBY,10,6
2026-09-29T18:31:51.266825,-35.3632624,149.1652375,0.003,0.02,0.0,0.0,0.023953096941113472,0.02395658567547798,245,0.0015839210245758295,0.0017569438787177205,-2.003708839416504,12.587,0.0,69,LAND,False,STANDBY,10,6
2026-09-29T18:31:51.767386,-35.3632624,149.1652375,0.003,0.02,0.0,0.0,0.02368035353720188,0.02368076704442501,245,0.0015715870540589094,0.00175107317045331,-2.003709077835083,12.587,0.0,69,LAND,False,STANDBY,10,6
2026-09-29T18:31:52.267918,-35.3632624,149.1652375,0.003,0.02,0.0,0.0,0.023866750299930573,0.023868422955274582,245,0.0015804395079612732,0.001758998609147966,-2.003706455230713,12.587,0.0,69,LAND,False,STANDBY,10,6
2026-09-29T18:31:52.768266,-35.3632624,149.1652375,0.003,0.02,0.0,0.0,0.0234148558229208,0.023416277021169662,245,0.0015801875852048397,0.0017489691963419318,-2.0037083625793457,12.587,0.0,69,LAND,False,STANDBY,10,6
2026-09-29T18:31:53.268838,-35.3632624,149.1652375,0.003,0.02,0.0,0.0,0.02373369224369526,0.023734429851174355,245,0.0015916667180135846,0.0017533724894747138,-2.0037169456481934,12.587,0.0,69,LAND,False,STANDBY,10,6
2026-09-29T18:31:53.769227,-35.3632624,149.1652375,0.003,0.02,0.0,0.0,0.023468036204576492,0.023468265309929848,245,0.0015830097254365683,0.0017415935872122645,-2.0037221908569336,12.587,0.0,69,LAND,False,STANDBY,10,6
2026-09-29T18:31:54.270030,-35.3632624,149.1652375,0.003,0.02,0.0,0.0,0.02377299964427948,0.023773545399308205,245,0.0015881581930443645,0.0017399783246219158,-2.003722667694092,12.587,0.0,69,LAND,False,STANDBY,10,6
2026-09-29T18:31:54.770466,-35.3632624,149.1652375,0.003,0.02,0.0,0.0,0.023614799603819847,0.023615745827555656,245,0.0015819227555766702,0.0017363335937261581,-2.0037286281585693,12.587,0.0,69,LAND,False,STANDBY,10,6
2026-09-29T18:31:55.271216,-35.3632624,149.1652375,0.003,0.02,0.0,0.0,0.023870352655649185,0.02387096919119358,245,0.0015911005903035402,0.0017431876622140408,-2.0037355422973633,12.587,0.0,69,LAND,False,STANDBY,10,6
2026-09-29T18:31:55.771858,-35.3632624,149.1652375,0.003,0.02,0.0,0.0,0.023553866893053055,0.023554682731628418,245,0.0015851098578423262,0.0017476655775681138,-2.0037436485290527,12.587,0.0,69,LAND,False,STANDBY,10,6
2026-09-29T18:31:56.272640,-35.3632624,149.1652375,0.003,0.02,0.0,0.0,0.02400425635278225,0.024004951119422913,245,0.001584899495355785,0.0017553494544699788,-2.003754138946533,12.587,0.0,69,LAND,False,STANDBY,10,6
2026-09-29T18:31:56.773248,-35.3632624,149.1652375,0.003,0.02,0.0,0.0,0.023763382807374,0.023764461278915405,245,0.0015845152083784342,0.0017498780507594347,-2.00376033782959,12.587,0.0,69,LAND,False,STANDBY,10,6
2026-09-29T18:31:57.273861,-35.3632624,149.1652375,0.003,0.02,0.0,0.0,0.024037307128310204,0.024037711322307587,245,0.0015934206312522292,0.0017605602042749524,-2.0037684440612793,12.587,0.0,69,LAND,False,STANDBY,10,6
2026-09-29T18:31:57.774626,-35.3632624,149.1652375,0.003,0.02,0.0,0.0,0.023826956748962402,0.023826973512768745,245,0.0015796503284946084,0.0017632725648581982,-2.0037779808044434,12.587,0.0,69,LAND,False,STANDBY,10,6
2026-09-29T18:31:58.274938,-35.3632624,149.1652375,0.003,0.02,0.0,0.0,0.02408795803785324,0.024087976664304733,245,0.0015923429746180773,0.0017596038524061441,-2.003786087036133,12.587,0.0,69,LAND,False,STANDBY,10,6
2026-09-29T18:31:58.775645,-35.3632624,149.1652375,0.003,0.02,0.0,0.0,0.023743079975247383,0.023743106052279472,245,0.0015895903343334794,0.0017630970105528831,-2.003791093826294,12.587,0.0,69,LAND,False,STANDBY,10,6
2026-09-29T18:31:59.276312,-35.3632624,149.1652375,0.003,0.02,0.0,0.0,0.02407781220972538,0.024078216403722763,245,0.0015981472097337246,0.0017689436208456755,-2.0037953853607178,12.587,0.0,69,LAND,False,STANDBY,10,6
2026-09-29T18:31:59.776889,-35.3632624,149.1652375,0.003,0.02,0.0,0.0,0.023998072370886803,0.023998595774173737,245,0.0016011371044442058,0.001764084561727941,-2.0038001537323,12.587,0.0,69,LAND,False,STANDBY,10,6
2026-09-29T18:32:00.277152,-35.3632624,149.1652375,0.003,0.02,0.0,0.0,0.024207722395658493,0.02420802041888237,245,0.0015915840631350875,0.0017551612108945847,-2.0037989616394043,12.587,0.0,69,LAND,False,STANDBY,10,6
2026-09-29T18:32:00.777866,-35.3632624,149.1652375,0.003,0.02,0.0,0.0,0.023889286443591118,0.023890089243650436,245,0.001595623791217804,0.0017534455982968211,-2.0038042068481445,12.587,0.0,69,LAND,False,STANDBY,10,6
2026-09-29T18:32:01.278577,-35.3632624,149.1652375,0.003,0.02,0.0,0.0,0.024128327146172523,0.02412957139313221,245,0.0016009921673685312,0.0017649546498432755,-2.0038115978240967,12.587,0.0,69,LAND,False,STANDBY,10,6
2026-09-29T18:32:01.779169,-35.3632624,149.1652375,0.003,0.02,0.0,0.0,0.023917458951473236,0.023918479681015015,245,0.001598863280378282,0.0017592939548194408,-2.0038108825683594,12.587,0.0,69,LAND,False,STANDBY,10,6
2026-09-29T18:32:02.279672,-35.3632624,149.1652375,0.003,0.02,0.0,0.0,0.024051407352089882,0.024052565917372704,245,0.0015976387076079845,0.0017539338441565633,-2.003821849822998,12.587,0.0,69,LAND,False,STANDBY,10,6
2026-09-29T18:32:02.780179,-35.3632624,149.1652375,0.003,0.02,0.0,0.0,0.023866046220064163,0.023866496980190277,245,0.001592861721292138,0.0017472398467361927,-2.0038347244262695,12.587,0.0,69,LAND,False,STANDBY,10,6
2026-09-29T18:32:03.280828,-35.3632624,149.1652375,0.003,0.02,0.0,0.0,0.024160020053386688,0.02416079491376877,245,0.001591518404893577,0.001739718485623598,-2.0038437843322754,12.587,0.0,69,LAND,False,STANDBY,10,6
2026-09-29T18:32:03.781548,-35.3632624,149.1652375,0.003,0.02,0.0,0.0,0.02372334711253643,0.02372368425130844,245,0.0015681867953389883,0.0017165145836770535,-2.0038609504699707,12.587,0.0,69,LAND,False,STANDBY,10,6
2026-09-29T18:32:04.281828,-35.3632624,149.1652375,0.003,0.02,0.0,0.0,0.023739783093333244,0.023739982396364212,245,0.0015424274606630206,0.0016876801382750273,-2.0038821697235107,12.587,0.0,69,LAND,False,STANDBY,10,6
2026-09-29T18:32:04.782223,-35.3632624,149.1652375,0.003,0.02,0.0,0.0,0.02286815084517002,0.022868458181619644,245,0.0015104428166523576,0.0016495456220582128,-2.0039124488830566,12.587,0.0,69,LAND,False,STANDBY,10,6
2026-09-29T18:32:05.282836,-35.3632624,149.1652375,0.003,0.02,0.0,0.0,0.02258569933474064,0.02258581481873989,245,0.0014902360271662474,0.0016285647870972753,-2.003948450088501,12.587,0.0,69,LAND,False,STANDBY,10,6
2026-09-29T18:32:05.783823,-35.3632624,149.1652375,0.003,0.02,0.0,0.0,0.021618464961647987,0.021618466824293137,245,0.0014465474523603916,0.001586325466632843,-2.0039989948272705,12.587,0.0,69,LAND,False,STANDBY,10,6
2026-09-29T18:32:06.284401,-35.3632624,149.1652375,0.003,0.02,0.0,0.0,0.021302342414855957,0.021302547305822372,245,0.0014157164841890335,0.0015528714284300804,-2.0040478706359863,12.587,0.0,69,LAND,False,STANDBY,10,6
2026-09-29T18:32:06.784866,-35.3632624,149.1652375,0.003,0.01,0.0,0.0,0.020139575004577637,0.020139707252383232,245,0.0013598792720586061,0.0015025396132841706,-2.004101037979126,12.587,0.0,69,LAND,False,STANDBY,10,6
2026-09-29T18:32:07.285453,-35.3632624,149.1652375,0.003,0.01,0.0,0.0,0.019713833928108215,0.019713928923010826,245,0.001313100103288889,0.0014678441220894456,-2.004166603088379,12.587,0.0,69,LAND,False,STANDBY,10,6
2026-09-29T18:32:07.785827,-35.3632624,149.1652375,0.003,0.01,0.0,0.0,0.018511144444346428,0.01851138100028038,245,0.0012662087101489305,0.0014215734554454684,-2.0042386054992676,12.587,0.0,69,LAND,False,STANDBY,10,6
2026-09-29T18:32:08.286463,-35.3632624,149.1652375,0.003,0.01,0.0,0.0,0.01775202713906765,0.01775205507874489,245,0.0012142363702878356,0.0013769796350970864,-2.0043108463287354,12.587,0.0,69,LAND,False,STANDBY,10,6
2026-09-29T18:32:08.787140,-35.3632624,149.1652375,0.003,0.01,0.0,0.0,0.016362067312002182,0.016362138092517853,245,0.0011519842082634568,0.001319065340794623,-2.004399061203003,12.587,0.0,69,LAND,False,STANDBY,10,6
2026-09-29T18:32:09.287803,-35.3632624,149.1652375,0.003,0.01,0.0,0.0,0.015438787639141083,0.015438854694366455,245,0.0011061381082981825,0.0012779717799276114,-2.004490613937378,12.587,0.0,69,LAND,False,STANDBY,10,6
2026-09-29T18:32:09.788562,-35.3632624,149.1652375,0.003,0.01,0.0,0.0,0.01419825665652752,0.014200152829289436,245,0.001052865176461637,0.0012246735859662294,-2.0045831203460693,12.587,0.0,69,LAND,False,STANDBY,10,6
2026-09-29T18:32:10.289217,-35.3632624,149.1652375,0.003,0.01,0.0,0.0,0.013251722790300846,0.013253423385322094,245,0.0010037260362878442,0.0011814571917057037,-2.0046846866607666,12.587,0.0,69,LAND,False,STANDBY,10,6
2026-09-29T18:32:10.789822,-35.3632624,149.1652375,0.003,0.01,0.0,0.0,0.012111763469874859,0.012113378383219242,245,0.0009408639161847532,0.0011248558294028044,-2.0047898292541504,12.587,0.0,69,LAND,False,STANDBY,10,6
2026-09-29T18:32:11.290378,-35.3632624,149.1652375,0.003,0.01,0.0,0.0,0.010987665504217148,0.010988063178956509,245,0.0008847235585562885,0.0010769156506285071,-2.004889726638794,12.587,0.0,69,LAND,False,STANDBY,10,6
2026-09-29T18:32:11.791059,-35.3632624,149.1652375,0.003,0.0,0.0,0.0,0.009557646699249744,0.009559404104948044,245,0.0008285889052785933,0.0010226683225482702,-2.0049960613250732,12.587,0.0,69,LAND,False,STANDBY,10,6
2026-09-29T18:32:12.291868,-35.3632624,149.1652375,0.003,0.0,0.0,0.0,0.008320840075612068,0.008321653120219707,245,0.0007802654872648418,0.0009721640381030738,-2.005115270614624,12.587,0.0,69,LAND,False,STANDBY,10,6
2026-09-29T18:32:12.792433,-35.3632624,149.1652375,0.003,0.0,0.0,0.0,0.007051344960927963,0.0070516630075871944,245,0.0007231898489408195,0.0009231194853782654,-2.0052332878112793,12.587,0.0,69,LAND,False,STANDBY,10,6
2026-09-29T18:32:13.292839,-35.3632624,149.1652375,0.003,0.0,0.0,0.0,0.006056742276996374,0.006056935992091894,245,0.0006761846016161144,0.0008792823064140975,-2.0053577423095703,12.587,0.0,69,LAND,False,STANDBY,10,6
2026-09-29T18:32:13.793332,-35.3632624,149.1652375,0.003,0.0,0.0,0.0,0.004922890104353428,0.00492347776889801,245,0.0006329803727567196,0.0008337051840499043,-2.0054869651794434,12.587,0.0,69,LAND,False,STANDBY,10,6
2026-09-29T18:32:14.293827,-35.3632624,149.1652375,0.003,0.0,0.0,0.0,0.0040361699648201466,0.004036914091557264,245,0.0005897847004234791,0.0007944798562675714,-2.005610466003418,12.587,0.0,69,LAND,False,STANDBY,10,6
2026-09-29T18:32:14.794128,-35.3632624,149.1652375,0.003,0.0,0.0,0.0,0.002912229858338833,0.0029145965818315744,245,0.0005482310079969466,0.0007491328287869692,-2.0057477951049805,12.587,0.0,69,LAND,False,STANDBY,10,6
2026-09-29T18:32:15.294818,-35.3632624,149.1652375,0.003,0.0,0.0,0.0,0.0019924838561564684,0.0019965756218880415,245,0.0005090365884825587,0.0007061368669383228,-2.005878210067749,12.587,0.0,69,LAND,False,STANDBY,10,6
2026-09-29T18:32:15.795150,-35.3632624,149.1652375,0.003,0.0,0.0,0.0,0.0011294417781755328,0.001134204096160829,245,0.00047469278797507286,0.0006732582696713507,-2.006028175354004,12.587,0.0,69,LAND,False,STANDBY,10,6
2026-09-29T18:32:16.295356,-35.3632624,149.1652375,0.003,0.0,0.0,0.0,0.00035941824899055064,0.00040071559487842023,245,0.00043481914326548576,0.0006405801395885646,-2.0061771869659424,12.587,0.0,69,LAND,False,STANDBY,10,6
2026-09-29T18:32:16.795839,-35.3632624,149.1652375,0.003,0.0,0.0,0.0,0.0005703279748558998,0.0005877017974853516,245,0.0004002221394330263,0.0006029822397977114,-2.0063323974609375,12.587,0.0,69,LAND,False,STANDBY,10,6
2026-09-29T18:32:17.296407,-35.3632624,149.1652375,0.003,0.0,0.0,0.0,0.0013294018572196364,0.0013477628817781806,245,0.0003662922536022961,0.0005596276605501771,-2.0064914226531982,12.587,0.0,69,LAND,False,STANDBY,10,6
2026-09-29T18:32:17.797004,-35.3632624,149.1652375,0.003,0.0,0.0,0.0,0.001981312409043312,0.00199886248447001,245,0.00033972071832977235,0.0005253636045381427,-2.0066545009613037,12.587,0.0,69,LAND,False,STANDBY,10,6
2026-09-29T18:32:18.297550,-35.3632625,149.1652375,0.003,0.0,0.0,0.0,0.002634265925735235,0.002639061538502574,245,0.00030506504117511213,0.0004966789274476469,-2.00681209564209,12.587,0.0,69,LAND,False,STANDBY,10,6
2026-09-29T18:32:18.797829,-35.3632625,149.1652375,0.003,0.0,0.0,0.0,0.0034318517427891493,0.003435011487454176,245,0.00027330845477990806,0.0004700644058175385,-2.0069797039031982,12.587,0.0,69,LAND,False,STANDBY,10,6
2026-09-29T18:32:19.298469,-35.3632625,149.1652375,0.003,0.0,0.0,0.0,0.0041740271262824535,0.004175090696662664,245,0.00023630696523468941,0.00043066119542345405,-2.0071442127227783,12.587,0.0,69,LAND,False,STANDBY,10,6
2026-09-29T18:32:19.798889,-35.3632625,149.1652375,0.003,0.0,0.0,0.0,0.004750602878630161,0.004753253888338804,244,0.0002117817202815786,0.0003989248361904174,-2.0073134899139404,12.587,0.0,69,LAND,False,STANDBY,10,6
2026-09-29T18:32:20.299288,-35.3632625,149.1652375,0.003,0.0,0.0,0.0,0.00542533490806818,0.00542549230158329,244,0.0001834710274124518,0.00037023049662820995,-2.0074875354766846,12.587,0.0,69,LAND,False,STANDBY,10,6
2026-09-29T18:32:20.799881,-35.3632625,149.1652375,0.003,0.0,0.0,0.0,0.0060338531620800495,0.0060339258052408695,244,0.00015501462621614337,0.00034281163243576884,-2.0076637268066406,12.587,0.0,69,LAND,False,STANDBY,10,6
2026-09-29T18:32:21.300603,-35.3632625,149.1652375,0.003,0.0,0.0,0.0,0.006702452898025513,0.006702540908008814,244,0.00012887601042166352,0.0003076235007029027,-2.0078508853912354,12.587,0.0,69,LAND,False,STANDBY,10,6
2026-09-29T18:32:21.801374,-35.3632625,149.1652375,0.003,0.0,0.0,0.0,0.007122658658772707,0.007122748531401157,244,0.00010300544090569019,0.0002815085172187537,-2.0080368518829346,12.587,0.0,69,LAND,False,STANDBY,10,6
2026-09-29T18:32:22.302279,-35.3632625,149.1652375,0.003,0.0,0.0,0.0,0.007899114862084389,0.00789914932101965,244,7.820425526006147e-05,0.0002576269907876849,-2.0082268714904785,12.587,0.0,69,LAND,False,STANDBY,10,6
2026-09-29T18:32:22.802891,-35.3632625,149.1652375,0.003,0.0,0.0,0.0,0.008395874872803688,0.008395948447287083,244,5.280849654809572e-05,0.00023676513228565454,-2.008413553237915,12.587,0.0,69,LAND,False,STANDBY,10,6
2026-09-29T18:32:23.303746,-35.3632625,149.1652375,0.003,0.0,0.0,0.0,0.009015845134854317,0.009016472846269608,244,3.7380414141807705e-05,0.00021975739218760282,-2.0086004734039307,12.587,0.0,69,LAND,False,STANDBY,10,6
2026-09-29T18:32:23.804784,-35.3632625,149.1652375,0.003,0.0,0.0,0.0,0.009339606389403343,0.009339611046016216,244,1.8982567780767567e-05,0.00020809564739465714,-2.008786916732788,12.587,0.0,69,LAND,False,STANDBY,10,6
2026-09-29T18:32:24.305517,-35.3632625,149.1652375,0.003,0.0,0.0,0.0,0.00990012101829052,0.009900121949613094,244,-2.2447964056482306e-06,0.00018967580399475992,-2.0089848041534424,12.587,0.0,69,LAND,False,STANDBY,10,6
2026-09-29T18:32:24.806025,-35.3632625,149.1652375,0.003,0.0,0.0,0.0,0.010079730302095413,0.010079730302095413,244,-2.1354284399421886e-05,0.0001644168223720044,-2.0091748237609863,12.587,0.0,69,LAND,False,STANDBY,10,6
2026-09-29T18:32:25.306668,-35.3632625,149.1652375,0.003,0.0,0.0,0.0,0.010634643957018852,0.010635673068463802,244,-5.8814799558604136e-05,0.00013272499199956656,-2.009382963180542,12.587,0.0,69,LAND,False,STANDBY,10,6
2026-09-29T18:32:25.806902,-35.3632625,149.1652375,0.003,-0.01,0.0,0.0,0.011024161241948605,0.011024373583495617,244,-7.602637924719602e-05,0.00011187154450453818,-2.0095887184143066,12.587,0.0,69,LAND,False,STANDBY,10,6
2026-09-29T18:32:26.307638,-35.3632625,149.1652375,0.003,-0.01,0.0,0.0,0.011456472799181938,0.011456623673439026,244,-9.714879706734791e-05,9.112287079915404e-05,-2.0097920894622803,12.587,0.0,69,LAND,False,STANDBY,10,6
2026-09-29T18:32:26.808509,-35.3632625,149.1652375,0.003,-0.01,0.0,0.0,0.01181416679173708,0.011814630590379238,244,-0.00012113634147681296,7.535210170317441e-05,-2.0100021362304688,12.587,0.0,69,LAND,False,STANDBY,10,6
2026-09-29T18:32:27.309081,-35.3632625,149.1652375,0.003,-0.01,0.0,0.0,0.012403792701661587,0.012404073029756546,244,-0.00014695427671540529,4.5371969463303685e-05,-2.010221481323242,12.587,0.0,69,LAND,False,STANDBY,10,6
2026-09-29T18:32:27.809991,-35.3632625,149.1652375,0.003,-0.01,0.0,0.0,0.012856878340244293,0.012857170775532722,244,-0.00017188923084177077,3.54873227479402e-05,-2.010437488555908,12.587,0.0,69,LAND,False,STANDBY,10,6
2026-09-29T18:32:28.310493,-35.3632625,149.1652375,0.003,-0.01,0.0,0.0,0.01352955587208271,0.013529573567211628,244,-0.00018028667545877397,2.184687582484912e-05,-2.0106616020202637,12.587,0.0,69,LAND,False,STANDBY,10,6
2026-09-29T18:32:28.811037,-35.3632625,149.1652375,0.003,-0.01,0.0,0.0,0.013762750662863255,0.01376275159418583,244,-0.00020317480084486306,1.0103810382133815e-05,-2.010873317718506,12.587,0.0,69,LAND,False,STANDBY,10,6
2026-09-29T18:32:29.311324,-35.3632625,149.1652375,0.003,-0.01,0.0,0.0,0.014177746139466763,0.014177746139466763,244,-0.0002165844925912097,-6.910099273227388e-06,-2.011094808578491,12.587,0.0,69,LAND,False,STANDBY,10,6
2026-09-29T18:32:29.811832,-35.3632625,149.1652375,0.003,-0.01,0.0,0.0,0.014428811147809029,0.014428919181227684,244,-0.00022836963762529194,-1.6954507373156957e-05,-2.011309862136841,12.587,0.0,69,LAND,False,STANDBY,10,6
2026-09-29T18:32:30.312585,-35.3632625,149.1652375,0.003,-0.01,0.0,0.0,0.014885607175529003,0.014885702170431614,244,-0.00024758907966315746,-3.380603811820038e-05,-2.0115256309509277,12.587,0.0,69,LAND,False,STANDBY,10,6
2026-09-29T18:32:30.813398,-35.3632625,149.1652375,0.003,-0.01,0.0,0.0,0.015019271522760391,0.015019340440630913,244,-0.00025098034529946744,-4.5210304961074144e-05,-2.0117454528808594,12.587,0.0,69,LAND,False,STANDBY,10,6
2026-09-29T18:32:31.313996,-35.3632626,149.1652375,0.003,-0.01,0.0,0.0,0.015370850451290607,0.015371222048997879,244,-0.0002517624234315008,-7.120033842511475e-05,-2.0119693279266357,12.587,0.0,69,LAND,False,STANDBY,10,6
2026-09-29T18:32:31.814779,-35.3632625,149.1652375,0.003,-0.01,0.0,0.0,0.015444589778780937,0.015444695018231869,244,-0.00025470356922596693,-7.812330295564607e-05,-2.0121893882751465,12.587,0.0,69,LAND,False,STANDBY,10,6
2026-09-29T18:32:32.315645,-35.3632626,149.1652375,0.003,-0.01,0.0,0.0,0.015768252313137054,0.015769993886351585,244,-0.00025342326262034476,-8.820884249871597e-05,-2.012406826019287,12.587,0.0,69,LAND,False,STANDBY,10,6
2026-09-29T18:32:32.816201,-35.3632626,149.1652375,0.003,-0.01,0.0,0.0,0.015712890774011612,0.015715138986706734,244,-0.00025292893406003714,-9.695004700915888e-05,-2.0126287937164307,12.587,0.0,69,LAND,False,STANDBY,10,6
2026-09-29T18:32:33.316945,-35.3632626,149.1652375,0.003,-0.01,0.0,0.0,0.016152838245034218,0.016153862699866295,244,-0.0002719844924286008,-0.0001027597754728049,-2.0128557682037354,12.587,0.0,69,LAND,False,STANDBY,10,6
2026-09-29T18:32:33.817917,-35.3632626,149.1652375,0.003,-0.01,0.0,0.0,0.01621640846133232,0.016218112781643867,244,-0.000285350572085008,-0.00011940614058403298,-2.0130791664123535,12.587,0.0,69,LAND,False,STANDBY,10,6
2026-09-29T18:32:34.318954,-35.3632626,149.1652375,0.003,-0.01,0.0,0.0,0.016674239188432693,0.016676250845193863,244,-0.00030452440842054784,-0.00013484015653375536,-2.013307571411133,12.587,0.0,69,LAND,False,STANDBY,10,6
2026-09-29T18:32:34.820215,-35.3632626,149.1652375,0.003,-0.01,0.0,0.0,0.016732344403862953,0.01673503778874874,244,-0.0003142796631436795,-0.00014679282321594656,-2.013540029525757,12.587,0.0,69,LAND,False,STANDBY,10,6
2026-09-29T18:32:35.320821,-35.3632626,149.1652375,0.003,-0.01,0.0,0.0,0.017252091318368912,0.017254618927836418,244,-0.00033378650550730526,-0.00016558929928578436,-2.0137808322906494,12.587,0.0,69,LAND,False,STANDBY,10,6
2026-09-29T18:32:35.821287,-35.3632626,149.1652375,0.003,-0.01,0.0,0.0,0.017503252252936363,0.017504330724477768,244,-0.0003432519151829183,-0.00018064057803712785,-2.0140109062194824,12.587,0.0,69,LAND,False,STANDBY,10,6
2026-09-29T18:32:36.321946,-35.3632626,149.1652375,0.003,-0.01,0.0,0.0,0.01796349510550499,0.01796450838446617,244,-0.0003584410296753049,-0.00019406097999308258,-2.0142409801483154,12.587,0.0,69,LAND,False,STANDBY,10,6
2026-09-29T18:32:36.822668,-35.3632626,149.1652375,0.003,-0.01,0.0,0.0,0.01773960143327713,0.017740435898303986,244,-0.0003663879761006683,-0.00020305921498220414,-2.014472723007202,12.587,0.0,69,LAND,False,STANDBY,10,6
2026-09-29T18:32:37.323133,-35.3632626,149.1652375,0.003,-0.01,0.0,0.0,0.018168840557336807,0.01816920004785061,244,-0.0003764777211472392,-0.00021670608839485794,-2.01470685005188,12.587,0.0,69,LAND,False,STANDBY,10,6
2026-09-29T18:32:37.823923,-35.3632626,149.1652375,0.003,-0.01,0.0,0.0,0.018249861896038055,0.018250247463583946,244,-0.00038185613811947405,-0.00022325868485495448,-2.0149431228637695,12.587,0.0,69,LAND,False,STANDBY,10,6
2026-09-29T18:32:38.324745,-35.3632626,149.1652375,0.003,-0.01,0.0,0.0,0.018667064607143402,0.018667280673980713,244,-0.00039870908949524164,-0.00023979325487744063,-2.0151851177215576,12.587,0.0,69,LAND,False,STANDBY,10,6
2026-09-29T18:32:38.825325,-35.3632626,149.1652375,0.003,-0.01,0.0,0.0,0.018659060820937157,0.018659062683582306,244,-0.0003946082142647356,-0.00023753034474793822,-2.0154237747192383,12.587,0.0,69,LAND,False,STANDBY,10,6
2026-09-29T18:32:39.325866,-35.3632626,149.1652375,0.003,-0.01,0.0,0.0,0.019088828936219215,0.019088879227638245,244,-0.0004032694851048291,-0.00024960891460068524,-2.015653133392334,12.587,0.0,69,LAND,False,STANDBY,10,6
2026-09-29T18:32:39.826433,-35.3632626,149.1652375,0.003,-0.01,0.0,0.0,0.019070280715823174,0.01907031610608101,244,-0.0004012404824607074,-0.0002570133947301656,-2.0158820152282715,12.587,0.0,69,LAND,False,STANDBY,10,6
2026-09-29T18:32:40.327140,-35.3632626,149.1652375,0.003,-0.01,0.0,0.0,0.019278384745121002,0.019278509542346,244,-0.00041406889795325696,-0.0002611186937429011,-2.016118288040161,12.587,0.0,69,LAND,False,STANDBY,10,6
2026-09-29T18:32:40.828216,-35.3632626,149.1652375,0.003,-0.01,0.0,0.0,0.01931602880358696,0.01931651681661606,244,-0.0004134723567403853,-0.0002583460882306099,-2.016350507736206,12.587,0.0,69,LAND,False,STANDBY,10,6
2026-09-29T18:32:41.328906,-35.3632626,149.1652375,0.003,-0.01,0.0,0.0,0.019636454060673714,0.019636619836091995,244,-0.0004260234418325126,-0.00026791979325935245,-2.016587495803833,12.587,0.0,69,LAND,False,STANDBY,10,6
2026-09-29T18:32:41.829826,-35.3632626,149.1652375,0.003,-0.01,0.0,0.0,0.019518351182341576,0.019518841058015823,244,-0.0004265315365046263,-0.0002716949675232172,-2.0168352127075195,12.587,0.0,69,LAND,False,STANDBY,10,6
2026-09-29T18:32:42.330840,-35.3632626,149.1652375,0.003,-0.01,0.0,0.0,0.019767800346016884,0.019767986610531807,244,-0.0004407025407999754,-0.000278757099295035,-2.017070770263672,12.587,0.0,69,LAND,False,STANDBY,10,6
2026-09-29T18:32:42.831780,-35.3632626,149.1652375,0.003,-0.01,0.0,0.0,0.0197161715477705,0.019716210663318634,244,-0.0004429209802765399,-0.00028556777397170663,-2.0172982215881348,12.587,0.0,69,LAND,False,STANDBY,10,6
2026-09-29T18:32:43.332367,-35.3632626,149.1652375,0.003,-0.01,0.0,0.0,0.020095648244023323,0.020096607506275177,244,-0.00044829724356532097,-0.00028561081853695214,-2.0175387859344482,12.587,0.0,69,LAND,False,STANDBY,10,6
2026-09-29T18:32:43.833131,-35.3632626,149.1652375,0.003,-0.01,0.0,0.0,0.019762253388762474,0.01976250484585762,244,-0.0004565989365801215,-0.00028315879171714187,-2.0177719593048096,12.587,0.0,69,LAND,False,STANDBY,10,6
2026-09-29T18:32:44.334218,-35.3632626,149.1652375,0.003,-0.01,0.0,0.0,0.020133551210165024,0.02013368345797062,244,-0.00047453524894081056,-0.00030109460931271315,-2.0180230140686035,12.587,0.0,69,LAND,False,STANDBY,10,6
2026-09-29T18:32:44.834817,-35.3632626,149.1652375,0.003,-0.01,0.0,0.0,0.020052336156368256,0.020053910091519356,244,-0.00047762333997525275,-0.0003029883373528719,-2.018261432647705,12.587,0.0,69,LAND,False,STANDBY,10,6
2026-09-29T18:32:45.335921,-35.3632626,149.1652375,0.003,-0.01,0.0,0.0,0.020465776324272156,0.02046629600226879,244,-0.0004827064403798431,-0.00032051894231699407,-2.0184977054595947,12.587,0.0,69,LAND,False,STANDBY,10,6
2026-09-29T18:32:45.837228,-35.3632626,149.1652375,0.003,-0.01,0.0,0.0,0.020470403134822845,0.020471183583140373,244,-0.0004810882091987878,-0.0003185629902873188,-2.018733501434326,12.587,0.0,69,LAND,False,STANDBY,10,6
2026-09-29T18:32:46.338218,-35.3632626,149.1652375,0.003,-0.01,0.0,0.0,0.02095196396112442,0.020951973274350166,244,-0.0004990090383216739,-0.00033381106914021075,-2.018967866897583,12.587,0.0,69,LAND,False,STANDBY,10,6
2026-09-29T18:32:46.838847,-35.3632626,149.1652375,0.003,-0.01,0.0,0.0,0.02079806663095951,0.020798122510313988,244,-0.0004944012616761029,-0.0003345464065205306,-2.0192008018493652,12.587,0.0,69,LAND,False,STANDBY,10,6
2026-09-29T18:32:47.339595,-35.3632626,149.1652375,0.003,-0.01,0.0,0.0,0.021225180476903915,0.021225525066256523,244,-0.0005049011087976396,-0.0003448242205195129,-2.019434690475464,12.587,0.0,69,LAND,False,STANDBY,10,6
2026-09-29T18:32:47.840359,-35.3632626,149.1652375,0.003,-0.01,0.0,0.0,0.021120021119713783,0.021120557561516762,244,-0.0005017530638724566,-0.0003454774268902838,-2.019676446914673,12.587,0.0,69,LAND,False,STANDBY,10,6
2026-09-29T18:32:48.340908,-35.3632626,149.1652375,0.003,-0.02,0.0,0.0,0.021410878747701645,0.021411003544926643,244,-0.0005025404971092939,-0.0003397580294404179,-2.0199058055877686,12.587,0.0,69,LAND,False,STANDBY,10,6
2026-09-29T18:32:48.841647,-35.3632626,149.1652375,0.003,-0.01,0.0,0.0,0.021071404218673706,0.021071534603834152,244,-0.0005030922475270927,-0.000335662072757259,-2.020132303237915,12.587,0.0,69,LAND,False,STANDBY,10,6
2026-09-29T18:32:49.342655,-35.3632626,149.1652375,0.003,-0.02,0.0,0.0,0.021343255415558815,0.021343311294913292,244,-0.0005115509848110378,-0.0003483101900201291,-2.0203700065612793,12.587,0.0,69,LAND,False,STANDBY,10,6
2026-09-29T18:32:49.843640,-35.3632626,149.1652375,0.003,-0.01,0.0,0.0,0.021122191101312637,0.021122530102729797,244,-0.0005088827456347644,-0.0003492309188004583,-2.0205981731414795,12.587,0.0,69,LAND,False,STANDBY,10,6
2026-09-29T18:32:50.344399,-35.3632626,149.1652375,0.003,-0.02,0.0,0.0,0.02152460627257824,0.02152494341135025,244,-0.0005257740849629045,-0.0003612477448768914,-2.020834445953369,12.587,0.0,69,LAND,False,STANDBY,10,6
2026-09-29T18:32:50.845001,-35.3632626,149.1652375,0.003,-0.02,0.0,0.0,0.021496528759598732,0.021496674045920372,244,-0.0005261375918053091,-0.0003642497176770121,-2.021068572998047,12.587,0.0,69,LAND,False,STANDBY,10,6
2026-09-29T18:32:51.345637,-35.3632626,149.1652375,0.003,-0.02,0.0,0.0,0.021882234141230583,0.02188238874077797,244,-0.0005317719769664109,-0.0003726755967363715,-2.0213019847869873,12.587,0.0,69,LAND,False,STANDBY,10,6
2026-09-29T18:32:51.846968,-35.3632626,149.1652375,0.003,-0.02,0.0,0.0,0.021774685010313988,0.021775927394628525,244,-0.0005307664396241307,-0.0003686394193209708,-2.0215227603912354,12.587,0.0,69,LAND,False,STANDBY,10,6
2026-09-29T18:32:52.347506,-35.3632626,149.1652375,0.003,-0.02,0.0,0.0,0.022140242159366608,0.022140780463814735,244,-0.0005365522811189294,-0.00038191923522390425,-2.0217645168304443,12.587,0.0,69,LAND,False,STANDBY,10,6
2026-09-29T18:32:52.848477,-35.3632626,149.1652375,0.003,-0.02,0.0,0.0,0.021903354674577713,0.021903445944190025,244,-0.0005351268337108195,-0.0003842441365122795,-2.0219876766204834,12.587,0.0,69,LAND,False,STANDBY,10,6
2026-09-29T18:32:53.348969,-35.3632626,149.1652375,0.003,-0.02,0.0,0.0,0.022170964628458023,0.022171011194586754,244,-0.0005418637301772833,-0.00037912497646175325,-2.02221941947937,12.587,0.0,69,LAND,False,STANDBY,10,6
2026-09-29T18:32:53.849653,-35.3632626,149.1652375,0.003,-0.02,0.0,0.0,0.021992869675159454,0.021992875263094902,244,-0.0005312588182277977,-0.0003789461625274271,-2.022456645965576,12.587,0.0,69,LAND,False,STANDBY,10,6
2026-09-29T18:32:54.350318,-35.3632626,149.1652375,0.003,-0.02,0.0,0.0,0.022260673344135284,0.022260721772909164,244,-0.0005418112850748003,-0.00037855503614991903,-2.0226924419403076,12.587,0.0,69,LAND,False,STANDBY,10,6
2026-09-29T18:32:54.850947,-35.3632626,149.1652375,0.003,-0.02,0.0,0.0,0.022004960104823112,0.02200557477772236,244,-0.0005421671667136252,-0.00037495800643227994,-2.0229310989379883,12.587,0.0,69,LAND,False,STANDBY,10,6
2026-09-29T18:32:55.351677,-35.3632626,149.1652375,0.003,-0.02,0.0,0.0,0.02223156951367855,0.022233188152313232,244,-0.0005506094894371927,-0.0003756373771466315,-2.0231547355651855,12.587,0.0,69,LAND,False,STANDBY,10,6
2026-09-29T18:32:55.852423,-35.3632626,149.1652375,0.003,-0.02,0.0,0.0,0.021964052692055702,0.0219652708619833,244,-0.0005521313287317753,-0.00037139985943213105,-2.023383855819702,12.587,0.0,69,LAND,False,STANDBY,10,6
2026-09-29T18:32:56.352825,-35.3632626,149.1652375,0.003,-0.02,0.0,0.0,0.02216682955622673,0.02216903679072857,244,-0.0005656564608216286,-0.0003794795193243772,-2.023615837097168,12.587,0.0,69,LAND,False,STANDBY,10,6
2026-09-29T18:32:56.853938,-35.3632626,149.1652375,0.003,-0.02,0.0,0.0,0.02196381986141205,0.021966420114040375,244,-0.0005536841345019639,-0.0003766297595575452,-2.0238406658172607,12.587,0.0,69,LAND,False,STANDBY,10,6
2026-09-29T18:32:57.354636,-35.3632626,149.1652375,0.003,-0.02,0.0,0.0,0.0222152229398489,0.022217268124222755,244,-0.0005561212310567498,-0.0003766801382880658,-2.0240628719329834,12.587,0.0,69,LAND,False,STANDBY,10,6
2026-09-29T18:32:57.855308,-35.3632626,149.1652375,0.003,-0.02,0.0,0.0,0.022021187469363213,0.022022338584065437,244,-0.0005586026236414909,-0.00036562318564392626,-2.0242879390716553,12.587,0.0,69,LAND,False,STANDBY,10,6
2026-09-29T18:32:58.355863,-35.3632626,149.1652375,0.002,-0.02,0.0,0.0,0.022100750356912613,0.02210208959877491,244,-0.0005662095500156283,-0.0003757055674213916,-2.024508476257324,12.587,0.0,69,LAND,False,STANDBY,10,6
2026-09-29T18:32:58.856641,-35.3632626,149.1652375,0.002,-0.02,0.0,0.0,0.021885382011532784,0.021886015310883522,244,-0.0005654905107803643,-0.00038286179187707603,-2.0247385501861572,12.587,0.0,69,LAND,False,STANDBY,10,6
2026-09-29T18:32:59.357189,-35.3632626,149.1652375,0.003,-0.02,0.0,0.0,0.02231903001666069,0.022319333627820015,243,-0.0005756604950875044,-0.00038412027060985565,-2.024963617324829,12.587,0.0,69,LAND,False,STANDBY,10,6
2026-09-29T18:32:59.857827,-35.3632626,149.1652375,0.003,-0.02,0.0,0.0,0.022044071927666664,0.022044191136956215,243,-0.0005706987576559186,-0.00038281636079773307,-2.02518630027771,12.587,0.0,69,LAND,False,STANDBY,10,6
2026-09-29T18:33:00.358322,-35.3632626,149.1652375,0.003,-0.02,0.0,0.0,0.02238679863512516,0.022387787699699402,243,-0.0005688489763997495,-0.00038692951784469187,-2.0254065990448,12.587,0.0,69,LAND,False,STANDBY,10,6
2026-09-29T18:33:00.858952,-35.3632626,149.1652375,0.003,-0.02,0.0,0.0,0.02213924750685692,0.022139929234981537,243,-0.0005679370369762182,-0.00038875191239640117,-2.0256357192993164,12.587,0.0,69,LAND,False,STANDBY,10,6
2026-09-29T18:33:01.359949,-35.3632626,149.1652375,0.003,-0.02,0.0,0.0,0.022625412791967392,0.02262657694518566,243,-0.0005775818135589361,-0.00039775678305886686,-2.025852680206299,12.587,0.0,69,LAND,False,STANDBY,10,6
2026-09-29T18:33:01.860414,-35.3632626,149.1652375,0.003,-0.02,0.0,0.0,0.022347701713442802,0.022348318248987198,243,-0.0005707128439098597,-0.0003946149372495711,-2.0260684490203857,12.587,0.0,69,LAND,False,STANDBY,10,6
2026-09-29T18:33:02.360833,-35.3632626,149.1652375,0.003,-0.02,0.0,0.0,0.02259344980120659,0.02259383350610733,243,-0.0005850742454640567,-0.0004031125281471759,-2.0262796878814697,12.587,0.0,69,LAND,False,STANDBY,10,6
2026-09-29T18:33:02.861829,-35.3632626,149.1652375,0.003,-0.02,0.0,0.0,0.02238861843943596,0.022388866171240807,243,-0.000589697971008718,-0.0003951460821554065,-2.0265021324157715,12.587,0.0,69,LAND,False,STANDBY,10,6
2026-09-29T18:33:03.362966,-35.3632626,149.1652375,0.003,-0.02,0.0,0.0,0.02277451381087303,0.022775206714868546,243,-0.0005945188459008932,-0.00039566471241414547,-2.0267179012298584,12.587,0.0,69,LAND,False,STANDBY,10,6
2026-09-29T18:33:03.863897,-35.3632626,149.1652375,0.003,-0.02,0.0,0.0,0.02250823937356472,0.022508569061756134,243,-0.0005840387311764061,-0.0003956744621973485,-2.026937246322632,12.587,0.0,69,LAND,False,STANDBY,10,6
2026-09-29T18:33:04.364683,-35.3632626,149.1652375,0.003,-0.02,0.0,0.0,0.022787658497691154,0.022787969559431076,243,-0.0005850399611517787,-0.00040632751188240945,-2.027146816253662,12.587,0.0,69,LAND,False,STANDBY,10,6
2026-09-29T18:33:04.865278,-35.3632626,149.1652375,0.003,-0.02,0.0,0.0,0.022435210645198822,0.022435354068875313,243,-0.0005789478309452534,-0.00040717454976402223,-2.027344226837158,12.587,0.0,69,LAND,False,STANDBY,10,6
2026-09-29T18:33:05.365872,-35.3632626,149.1652375,0.003,-0.02,0.0,0.0,0.022729327902197838,0.022729335352778435,243,-0.0005803602980449796,-0.00041386252269148827,-2.027547836303711,12.587,0.0,69,LAND,False,STANDBY,10,6
2026-09-29T18:33:05.866481,-35.3632626,149.1652375,0.003,-0.02,0.0,0.0,0.022407323122024536,0.022407587617635727,243,-0.000568815041333437,-0.00040619829087518156,-2.027759313583374,12.587,0.0,69,LAND,False,STANDBY,10,6
2026-09-29T18:33:06.366929,-35.3632626,149.1652375,0.003,-0.02,0.0,0.0,0.022685207426548004,0.022685423493385315,243,-0.0005702024791389704,-0.0004150531894993037,-2.027965545654297,12.587,0.0,69,LAND,False,STANDBY,10,6
2026-09-29T18:33:06.867946,-35.3632626,149.1652375,0.003,-0.02,0.0,0.0,0.022699004039168358,0.02269933931529522,243,-0.0005681865732185543,-0.0004199462418910116,-2.0281801223754883,12.587,0.0,69,LAND,False,STANDBY,10,6
2026-09-29T18:33:07.368216,-35.3632626,149.1652375,0.003,-0.02,0.0,0.0,0.02309182658791542,0.02309185266494751,243,-0.0005743653746321797,-0.0004315014521125704,-2.028388261795044,12.587,0.0,69,LAND,False,STANDBY,10,6
2026-09-29T18:33:07.868995,-35.3632626,149.1652375,0.003,-0.02,0.0,0.0,0.022755781188607216,0.02275587059557438,243,-0.000576006481423974,-0.00042824208503589034,-2.028592348098755,12.587,0.0,69,LAND,False,STANDBY,10,6
2026-09-29T18:33:08.369409,-35.3632626,149.1652375,0.003,-0.02,0.0,0.0,0.022943558171391487,0.022944055497646332,243,-0.0005853926995769143,-0.0004393357376102358,-2.0287890434265137,12.587,0.0,69,LAND,False,STANDBY,10,6
2026-09-29T18:33:08.870374,-35.3632626,149.1652375,0.003,-0.02,0.0,0.0,0.02281896583735943,0.022819748148322105,243,-0.0005833141040056944,-0.00043750531040132046,-2.0289957523345947,12.587,0.0,69,LAND,False,STANDBY,10,6
2026-09-29T18:33:09.371142,-35.3632626,149.1652375,0.003,-0.02,0.0,0.0,0.023186419159173965,0.023187367245554924,243,-0.0005847187130711973,-0.00044516538036987185,-2.0291924476623535,12.587,0.0,69,LAND,False,STANDBY,10,6
2026-09-29T18:33:09.871823,-35.3632626,149.1652375,0.003,-0.02,0.0,0.0,0.023033875972032547,0.023034416139125824,243,-0.0005821344093419611,-0.0004392519185785204,-2.029388904571533,12.587,0.0,69,LAND,False,STANDBY,10,6
2026-09-29T18:33:10.372210,-35.3632626,149.1652375,0.003,-0.02,0.0,0.0,0.02344484068453312,0.02344522252678871,243,-0.0005834143375977874,-0.00044212560169398785,-2.029583215713501,12.587,0.0,69,LAND,False,STANDBY,10,6
2026-09-29T18:33:10.872828,-35.3632626,149.1652375,0.003,-0.02,0.0,0.0,0.02304948680102825,0.0230494923889637,243,-0.0005858285585418344,-0.00043842956074513495,-2.0297770500183105,12.587,0.0,69,LAND,False,STANDBY,10,6
2026-09-29T18:33:11.373390,-35.3632626,149.1652375,0.003,-0.02,0.0,0.0,0.023304220288991928,0.0233042910695076,243,-0.0006030071526765823,-0.0004379686724860221,-2.029972553253174,12.587,0.0,69,LAND,False,STANDBY,10,6
2026-09-29T18:33:11.873859,-35.3632626,149.1652375,0.003,-0.02,0.0,0.0,0.02313605137169361,0.02313666231930256,243,-0.0006051724776625633,-0.0004321983433328569,-2.0301573276519775,12.587,0.0,69,LAND,False,STANDBY,10,6
2026-09-29T18:33:12.374450,-35.3632626,149.1652375,0.003,-0.02,0.0,0.0,0.023294422775506973,0.023294834420084953,243,-0.0006181930075399578,-0.00043225137051194906,-2.0303432941436768,12.587,0.0,69,LAND,False,STANDBY,10,6
2026-09-29T18:33:12.874938,-35.3632626,149.1652375,0.003,-0.02,0.0,0.0,0.02312219701707363,0.023122452199459076,243,-0.00061416084645316,-0.00042014120845124125,-2.0305349826812744,12.587,0.0,69,LAND,False,STANDBY,10,6
2026-09-29T18:33:13.375839,-35.3632626,149.1652375,0.003,-0.02,0.0,0.0,0.02344142086803913,0.02344142086803913,243,-0.0006200606585480273,-0.00043261348037049174,-2.0307188034057617,12.587,0.0,69,LAND,False,STANDBY,10,6
2026-09-29T18:33:13.876836,-35.3632626,149.1652375,0.003,-0.02,0.0,0.0,0.023197049275040627,0.023197049275040627,243,-0.0006133907590992749,-0.0004343200707808137,-2.0309133529663086,12.587,0.0,69,LAND,False,STANDBY,10,6
2026-09-29T18:33:14.377827,-35.3632626,149.1652375,0.003,-0.02,0.0,0.0,0.023605013266205788,0.023605218157172203,243,-0.0006201545475050807,-0.0004437529423739761,-2.031095027923584,12.587,0.0,69,LAND,False,STANDBY,10,6
2026-09-29T18:33:14.878830,-35.3632626,149.1652375,0.003,-0.02,0.0,0.0,0.023374710232019424,0.02337471768260002,243,-0.0006131829577498138,-0.0004393423441797495,-2.031283140182495,12.587,0.0,69,LAND,False,STANDBY,10,6
2026-09-29T18:33:15.379543,-35.3632626,149.1652375,0.003,-0.02,0.0,0.0,0.02384917065501213,0.02384917251765728,243,-0.0006210842984728515,-0.0004480990464799106,-2.031479597091675,12.587,0.0,69,LAND,False,STANDBY,10,6
2026-09-29T18:33:15.879826,-35.3632626,149.1652375,0.003,-0.02,0.0,0.0,0.023603076115250587,0.023603668436408043,243,-0.0006089570233598351,-0.0004376221913844347,-2.031660318374634,12.587,0.0,69,LAND,False,STANDBY,10,6
2026-09-29T18:33:16.380642,-35.3632626,149.1652375,0.003,-0.02,0.0,0.0,0.023795925080776215,0.023796772584319115,243,-0.0006109726382419467,-0.0004396626027300954,-2.0318355560302734,12.587,0.0,69,LAND,False,STANDBY,10,6
2026-09-29T18:33:16.881348,-35.3632626,149.1652375,0.003,-0.02,0.0,0.0,0.02344813011586666,0.02344883419573307,243,-0.0006043568719178438,-0.00043396299588494003,-2.0320191383361816,12.587,0.0,69,LAND,False,STANDBY,10,6
2026-09-29T18:33:17.381827,-35.3632626,149.1652375,0.003,-0.02,0.0,0.0,0.023717235773801804,0.02371804229915142,243,-0.0006150244153104722,-0.00043633687891997397,-2.0322020053863525,12.587,0.0,69,LAND,False,STANDBY,10,6
2026-09-29T18:33:17.882564,-35.3632626,149.1652375,0.003,-0.02,0.0,0.0,0.0234298724681139,0.023430248722434044,243,-0.0005989297642372549,-0.0004389967944007367,-2.032383680343628,12.587,0.0,69,LAND,False,STANDBY,10,6
2026-09-29T18:33:18.383419,-35.3632626,149.1652375,0.003,-0.02,0.0,0.0,0.02362135611474514,0.023622140288352966,243,-0.0006058651488274336,-0.0004380344180390239,-2.0325655937194824,12.587,0.0,69,LAND,False,STANDBY,10,6
2026-09-29T18:33:18.884066,-35.3632626,149.1652375,0.003,-0.02,0.0,0.0,0.02331020124256611,0.023310454562306404,243,-0.0005961162387393415,-0.0004340004816185683,-2.0327394008636475,12.587,0.0,69,LAND,False,STANDBY,10,6
2026-09-29T18:33:19.384906,-35.3632626,149.1652375,0.003,-0.02,0.0,0.0,0.023616522550582886,0.02361680008471012,243,-0.0006058351136744022,-0.0004328400536905974,-2.0329222679138184,12.587,0.0,69,LAND,False,STANDBY,10,6
2026-09-29T18:33:19.885827,-35.3632626,149.1652375,0.003,-0.02,0.0,0.0,0.023286737501621246,0.02328677847981453,243,-0.0006071017705835402,-0.0004337443388067186,-2.0330867767333984,12.587,0.0,69,LAND,False,STANDBY,10,6
2026-09-29T18:33:20.387051,-35.3632626,149.1652375,0.003,-0.02,0.0,0.0,0.02349247969686985,0.023492498323321342,243,-0.0006071095704101026,-0.00043605867540463805,-2.033249855041504,12.587,0.0,69,LAND,False,STANDBY,10,6
2026-09-29T18:33:20.887692,-35.3632626,149.1652375,0.003,-0.02,0.0,0.0,0.023170942440629005,0.02317100763320923,243,-0.0005993384984321892,-0.00043582188664004207,-2.0334198474884033,12.587,0.0,69,LAND,False,STANDBY,10,6
2026-09-29T18:33:21.388898,-35.3632626,149.1652375,0.003,-0.02,0.0,0.0,0.02330954000353813,0.02330969087779522,243,-0.0006025303737260401,-0.00043468913645483553,-2.0335869789123535,12.587,0.0,69,LAND,False,STANDBY,10,6
2026-09-29T18:33:21.889832,-35.3632626,149.1652375,0.003,-0.02,0.0,0.0,0.02306818962097168,0.023068448528647423,243,-0.0006014529499225318,-0.0004335156118031591,-2.033749580383301,12.587,0.0,69,LAND,False,STANDBY,10,6
2026-09-29T18:33:22.390596,-35.3632626,149.1652375,0.003,-0.02,0.0,0.0,0.023177091032266617,0.02317753992974758,243,-0.0005982080474495888,-0.0004318103310652077,-2.0339083671569824,12.587,0.0,69,LAND,False,STANDBY,10,6
2026-09-29T18:33:22.891471,-35.3632626,149.1652375,0.003,-0.02,0.0,0.0,0.023017071187496185,0.02301708608865738,243,-0.0006019570864737034,-0.00042023122659884393,-2.0340747833251953,12.587,0.0,69,LAND,False,STANDBY,10,6
2026-09-29T18:33:23.392162,-35.3632626,149.1652375,0.003,-0.02,0.0,0.0,0.023367201909422874,0.023368027061223984,243,-0.0006087913643568754,-0.00042450809269212186,-2.0342278480529785,12.587,0.0,69,LAND,False,STANDBY,10,6
2026-09-29T18:33:23.892824,-35.3632626,149.1652375,0.003,-0.02,0.0,0.0,0.023238401859998703,0.02323942445218563,243,-0.0006149472901597619,-0.0004188863094896078,-2.034400701522827,12.587,0.0,69,LAND,False,STANDBY,10,6
2026-09-29T18:33:24.393423,-35.3632626,149.1652375,0.003,-0.02,0.0,0.0,0.023545149713754654,0.02354547753930092,243,-0.0006156284362077713,-0.00042677437886595726,-2.0345590114593506,12.587,0.0,69,LAND,False,STANDBY,10,6
2026-09-29T18:33:24.893828,-35.3632626,149.1652375,0.003,-0.02,0.0,0.0,0.02331586368381977,0.0233173668384552,243,-0.0006115409778431058,-0.00043115371954627335,-2.0347108840942383,12.587,0.0,69,LAND,False,STANDBY,10,6
2026-09-29T18:33:25.394602,-35.3632626,149.1652375,0.003,-0.02,0.0,0.0,0.02355991303920746,0.023561926558613777,243,-0.0006230517174117267,-0.0004331383970566094,-2.034874439239502,12.587,0.0,69,LAND,False,STANDBY,10,6
2026-09-29T18:33:25.895256,-35.3632626,149.1652375,0.003,-0.02,0.0,0.0,0.023310605436563492,0.02331261709332466,243,-0.0006231569568626583,-0.0004369666858110577,-2.0350377559661865,12.587,0.0,69,LAND,False,STANDBY,10,6
2026-09-29T18:33:26.395840,-35.3632626,149.1652375,0.003,-0.02,0.0,0.0,0.023745570331811905,0.023747170343995094,243,-0.0006333402707241476,-0.000442728225607425,-2.0351951122283936,12.587,0.0,69,LAND,False,STANDBY,10,6
2026-09-29T18:33:26.896676,-35.3632626,149.1652375,0.003,-0.02,0.0,0.0,0.023377295583486557,0.023378785699605942,243,-0.0006252899765968323,-0.0004441981727723032,-2.0353386402130127,12.587,0.0,69,LAND,False,STANDBY,10,6
2026-09-29T18:33:27.397287,-35.3632626,149.1652375,0.003,-0.02,0.0,0.0,0.02371927537024021,0.023720379918813705,243,-0.0006264470866881311,-0.0004444726218935102,-2.035487413406372,12.587,0.0,69,LAND,False,STANDBY,10,6
2026-09-29T18:33:27.897966,-35.3632626,149.1652375,0.003,-0.02,0.0,0.0,0.02345401793718338,0.023454565554857254,243,-0.0006231843144632876,-0.0004415524017531425,-2.0356407165527344,12.587,0.0,69,LAND,False,STANDBY,10,6
2026-09-29T18:33:28.398834,-35.3632626,149.1652375,0.003,-0.02,0.0,0.0,0.02387569285929203,0.023876886814832687,243,-0.000627694942522794,-0.00045728226541541517,-2.0357868671417236,12.587,0.0,69,LAND,False,STANDBY,10,6
2026-09-29T18:33:28.899472,-35.3632626,149.1652375,0.003,-0.02,0.0,0.0,0.02351793460547924,0.023518770933151245,243,-0.0006284126429818571,-0.0004511674342211336,-2.035936117172241,12.587,0.0,69,LAND,False,STANDBY,10,6
2026-09-29T18:33:29.400228,-35.3632626,149.1652375,0.003,-0.02,0.0,0.0,0.023852670565247536,0.02385333739221096,243,-0.0006286215502768755,-0.0004503138770814985,-2.036086320877075,12.587,0.0,69,LAND,False,STANDBY,10,6
2026-09-29T18:33:29.900992,-35.3632626,149.1652375,0.003,-0.02,0.0,0.0,0.023620234802365303,0.023621004074811935,243,-0.00062084716046229,-0.0004435652226675302,-2.036229133605957,12.587,0.0,69,LAND,False,STANDBY,10,6
2026-09-29T18:33:30.401819,-35.3632626,149.1652375,0.003,-0.02,0.0,0.0,0.023910041898489,0.0239101555198431,243,-0.0006318256491795182,-0.0004524405230768025,-2.0363759994506836,12.587,0.0,69,LAND,False,STANDBY,10,6
2026-09-29T18:33:30.902422,-35.3632626,149.1652375,0.003,-0.02,0.0,0.0,0.02356785722076893,0.02356800064444542,243,-0.0006205841200426221,-0.00044432858703657985,-2.036522150039673,12.587,0.0,69,LAND,False,STANDBY,10,6
2026-09-29T18:33:31.402865,-35.3632626,149.1652375,0.003,-0.02,0.0,0.0,0.023821385577321053,0.02382141537964344,243,-0.00062748504569754,-0.00044529131264425814,-2.036665916442871,12.587,0.0,69,LAND,False,STANDBY,10,6
2026-09-29T18:33:31.903570,-35.3632626,149.1652375,0.003,-0.02,0.0,0.0,0.023455049842596054,0.02345505729317665,243,-0.0006220817449502647,-0.00044563753181137145,-2.036801815032959,12.587,0.0,69,LAND,False,STANDBY,10,6
2026-09-29T18:33:32.404345,-35.3632626,149.1652375,0.003,-0.02,0.0,0.0,0.02366061322391033,0.023660844191908836,243,-0.00062658911338076,-0.000450485065812245,-2.0369415283203125,12.587,0.0,69,LAND,False,STANDBY,10,6
2026-09-29T18:33:32.904901,-35.3632626,149.1652375,0.003,-0.02,0.0,0.0,0.023387497290968895,0.023387888446450233,243,-0.0006161941564641893,-0.0004506776749622077,-2.037080764770508,12.587,0.0,69,LAND,False,STANDBY,10,6
2026-09-29T18:33:33.405406,-35.3632626,149.1652375,0.003,-0.02,0.0,0.0,0.023695234209299088,0.02369554340839386,243,-0.0006182239740155637,-0.00044815553701482713,-2.0372073650360107,12.587,0.0,69,LAND,False,STANDBY,10,6
2026-09-29T18:33:33.905853,-35.3632626,149.1652375,0.003,-0.02,0.0,0.0,0.02340729720890522,0.023407423868775368,243,-0.0006192590808495879,-0.0004523358657024801,-2.0373332500457764,12.587,0.0,69,LAND,False,STANDBY,10,6
2026-09-29T18:33:34.406499,-35.3632626,149.1652375,0.003,-0.02,0.0,0.0,0.023684918880462646,0.02368496172130108,243,-0.0006224408862181008,-0.0004574750200845301,-2.0374643802642822,12.587,0.0,69,LAND,False,STANDBY,10,6
2026-09-29T18:33:34.906912,-35.3632626,149.1652375,0.003,-0.02,0.0,0.0,0.0234291460365057,0.02342926152050495,243,-0.0006151985726319253,-0.00044770503882318735,-2.037599563598633,12.587,0.0,69,LAND,False,STANDBY,10,6
2026-09-29T18:33:35.407425,-35.3632626,149.1652375,0.003,-0.02,0.0,0.0,0.023644518107175827,0.023644616827368736,243,-0.0006168022518977523,-0.00044797552982345223,-2.0377228260040283,12.587,0.0,69,LAND,False,STANDBY,10,6
2026-09-29T18:33:35.907913,-35.3632626,149.1652375,0.003,-0.02,0.0,0.0,0.023426266387104988,0.02342630922794342,243,-0.0006232612067833543,-0.00043645157711580396,-2.037846088409424,12.587,0.0,69,LAND,False,STANDBY,10,6
2026-09-29T18:33:36.408200,-35.3632626,149.1652375,0.003,-0.02,0.0,0.0,0.023700907826423645,0.02370098978281021,243,-0.0006400062702596188,-0.0004430368135217577,-2.0379786491394043,12.587,0.0,69,LAND,False,STANDBY,10,6
2026-09-29T18:33:36.908896,-35.3632626,149.1652375,0.003,-0.02,0.0,0.0,0.023566916584968567,0.02356717176735401,243,-0.0006344203720800579,-0.00043687960715033114,-2.038107395172119,12.587,0.0,69,LAND,False,STANDBY,10,6
2026-09-29T18:33:37.409704,-35.3632626,149.1652375,0.003,-0.02,0.0,0.0,0.02393658459186554,0.0239369235932827,243,-0.0006424688035622239,-0.0004376784199848771,-2.0382258892059326,12.587,0.0,69,LAND,False,STANDBY,10,6
2026-09-29T18:33:37.910474,-35.3632626,149.1652375,0.003,-0.02,0.0,0.0,0.023666072636842728,0.0236661359667778,243,-0.0006374636432155967,-0.00043555934098549187,-2.0383479595184326,12.587,0.0,69,LAND,False,STANDBY,10,6
2026-09-29T18:33:38.411000,-35.3632626,149.1652375,0.003,-0.02,0.0,0.0,0.023997662588953972,0.023997975513339043,243,-0.0006406322936527431,-0.00043588163680396974,-2.0384654998779297,12.587,0.0,69,LAND,False,STANDBY,10,6
2026-09-29T18:33:38.911971,-35.3632626,149.1652375,0.003,-0.02,0.0,0.0,0.023652132600545883,0.023652492091059685,243,-0.0006353806238621473,-0.0004316899285186082,-2.0385794639587402,12.587,0.0,69,LAND,False,STANDBY,10,6
2026-09-29T18:33:39.412847,-35.3632626,149.1652375,0.003,-0.02,0.0,0.0,0.02384011447429657,0.023840637877583504,243,-0.0006318544037640095,-0.0004379651800263673,-2.0386993885040283,12.587,0.0,69,LAND,False,STANDBY,10,6
2026-09-29T18:33:39.913886,-35.3632626,149.1652375,0.003,-0.02,0.0,0.0,0.023613644763827324,0.02361430786550045,243,-0.0006261589005589485,-0.0004310967633500695,-2.0388267040252686,12.587,0.0,69,LAND,False,STANDBY,10,6
2026-09-29T18:33:40.414585,-35.3632626,149.1652375,0.003,-0.02,0.0,0.0,0.02380318194627762,0.023803580552339554,243,-0.0006364471046254039,-0.0004475311143323779,-2.0389444828033447,12.587,0.0,69,LAND,False,STANDBY,10,6
2026-09-29T18:33:40.915050,-35.3632626,149.1652375,0.003,-0.02,0.0,0.0,0.02362183667719364,0.023622434586286545,243,-0.0006291714962571859,-0.00044197135139256716,-2.039060115814209,12.587,0.0,69,LAND,False,STANDBY,10,6
2026-09-29T18:33:41.415617,-35.3632626,149.1652375,0.003,-0.02,0.0,0.0,0.023823970928788185,0.023825012147426605,243,-0.0006267597200348973,-0.0004443849320523441,-2.0391786098480225,12.587,0.0,69,LAND,False,STANDBY,10,6
2026-09-29T18:33:41.916289,-35.3632626,149.1652375,0.003,-0.02,0.0,0.0,0.023372169584035873,0.023372866213321686,243,-0.0006116764852777123,-0.00044490114669315517,-2.0392863750457764,12.587,0.0,69,LAND,False,STANDBY,10,6
2026-09-29T18:33:42.417032,-35.3632626,149.1652375,0.003,-0.02,0.0,0.0,0.023669082671403885,0.02366984821856022,243,-0.0006168569670990109,-0.0004516376939136535,-2.039395809173584,12.587,0.0,69,LAND,False,STANDBY,10,6
2026-09-29T18:33:42.917824,-35.3632626,149.1652375,0.003,-0.02,0.0,0.0,0.02338196523487568,0.023382162675261497,243,-0.0006226609693840146,-0.0004530858714133501,-2.0394999980926514,12.587,0.0,69,LAND,False,STANDBY,10,6
2026-09-29T18:33:43.418582,-35.3632626,149.1652375,0.003,-0.02,0.0,0.0,0.023702889680862427,0.02370314486324787,243,-0.0006260459194891155,-0.00045258644968271255,-2.0396032333374023,12.587,0.0,69,LAND,False,STANDBY,10,6
2026-09-29T18:33:43.919720,-35.3632626,149.1652375,0.003,-0.02,0.0,0.0,0.02338864840567112,0.023389026522636414,243,-0.0006278175860643387,-0.0004404462524689734,-2.0397047996520996,12.587,0.0,69,LAND,False,STANDBY,10,6
2026-09-29T18:33:44.420415,-35.3632626,149.1652375,0.003,-0.02,0.0,0.0,0.02378261089324951,0.02378339320421219,243,-0.0006393479416146874,-0.00044515947229228914,-2.039808750152588,12.587,0.0,69,LAND,False,STANDBY,10,6
2026-09-29T18:33:44.920900,-35.3632626,149.1652375,0.003,-0.02,0.0,0.0,0.023623023182153702,0.023624632507562637,243,-0.0006367574096657336,-0.00044353940756991506,-2.039916753768921,12.587,0.0,69,LAND,False,STANDBY,10,6
2026-09-29T18:33:45.421347,-35.3632626,149.1652375,0.002,-0.02,0.0,0.0,0.023972181603312492,0.0239741001278162,243,-0.0006425619940273464,-0.0004475361492950469,-2.0400197505950928,12.587,0.0,69,LAND,False,STANDBY,10,6
2026-09-29T18:33:45.921825,-35.3632626,149.1652375,0.002,-0.02,0.0,0.0,0.023608410730957985,0.023611173033714294,243,-0.0006461559096351266,-0.0004399273602757603,-2.0401206016540527,12.587,0.0,69,LAND,False,STANDBY,10,6
2026-09-29T18:33:46.422495,-35.3632626,149.1652375,0.002,-0.02,0.0,0.0,0.023934127762913704,0.02393718995153904,243,-0.0006457043928094208,-0.0004443095822352916,-2.0402231216430664,12.587,0.0,69,LAND,False,STANDBY,10,6
2026-09-29T18:33:46.923098,-35.3632626,149.1652375,0.002,-0.02,0.0,0.0,0.023788610473275185,0.023790791630744934,243,-0.0006366519955918193,-0.0004466485988814384,-2.040323495864868,12.587,0.0,69,LAND,False,STANDBY,10,6
2026-09-29T18:33:47.423798,-35.3632626,149.1652375,0.002,-0.02,0.0,0.0,0.024100568145513535,0.02410326711833477,243,-0.0006373595679178834,-0.00045120794675312936,-2.0404164791107178,12.587,0.0,69,LAND,False,STANDBY,10,6
2026-09-29T18:33:47.924425,-35.3632626,149.1652375,0.002,-0.02,0.0,0.0,0.02383863553404808,0.02384002134203911,243,-0.0006267995340749621,-0.0004534647159744054,-2.040512800216675,12.587,0.0,69,LAND,False,STANDBY,10,6
2026-09-29T18:33:48.425285,-35.3632626,149.1652375,0.002,-0.02,0.0,0.0,0.02426997385919094,0.02427048794925213,243,-0.0006395106320269406,-0.0004593681078404188,-2.0406084060668945,12.587,0.0,69,LAND,False,STANDBY,10,6
2026-09-29T18:33:48.925889,-35.3632626,149.1652375,0.002,-0.02,0.0,0.0,0.024041932076215744,0.024042291566729546,243,-0.0006386114400811493,-0.0004567363648675382,-2.040705680847168,12.587,0.0,69,LAND,False,STANDBY,10,6
2026-09-29T18:33:49.427128,-35.3632626,149.1652375,0.002,-0.02,0.0,0.0,0.024236874654889107,0.024237103760242462,243,-0.0006306426948867738,-0.000457392685348168,-2.040799856185913,12.587,0.0,69,LAND,False,STANDBY,10,6
2026-09-29T18:33:49.927936,-35.3632626,149.1652375,0.002,-0.02,0.0,0.0,0.023898638784885406,0.023898757994174957,243,-0.0006203754455782473,-0.0004532978346105665,-2.0408859252929688,12.587,0.0,69,LAND,False,STANDBY,10,6
2026-09-29T18:33:50.428464,-35.3632626,149.1652375,0.002,-0.02,0.0,0.0,0.024003878235816956,0.024004150182008743,243,-0.0006248581339605153,-0.0004590381577145308,-2.0409867763519287,12.587,0.0,69,LAND,False,STANDBY,10,6
2026-09-29T18:33:50.928841,-35.3632626,149.1652375,0.002,-0.02,0.0,0.0,0.02372260019183159,0.023723462596535683,243,-0.0006276862695813179,-0.0004523575771600008,-2.041079044342041,12.587,0.0,69,LAND,False,STANDBY,10,6
2026-09-29T18:33:51.429659,-35.3632626,149.1652375,0.002,-0.02,0.0,0.0,0.024084897711873055,0.024084940552711487,243,-0.0006396298413164914,-0.0004573961196001619,-2.0411648750305176,12.587,0.0,69,LAND,False,STANDBY,10,6
2026-09-29T18:33:51.930685,-35.3632626,149.1652375,0.003,-0.02,0.0,0.0,0.023874742910265923,0.023874806240200996,243,-0.0006285157869569957,-0.00045050805783830583,-2.0412468910217285,12.587,0.0,69,LAND,False,STANDBY,10,6
2026-09-29T18:33:52.431305,-35.3632626,149.1652375,0.003,-0.02,0.0,0.0,0.02412981167435646,0.02412988618016243,243,-0.0006246948032639921,-0.0004516994522418827,-2.0413312911987305,12.587,0.0,69,LAND,False,STANDBY,10,6
2026-09-29T18:33:52.931859,-35.3632626,149.1652375,0.003,-0.02,0.0,0.0,0.023615920916199684,0.023615926504135132,243,-0.0006306541035883129,-0.00044458641787059605,-2.041410207748413,12.587,0.0,69,LAND,False,STANDBY,10,6
2026-09-29T18:33:53.432688,-35.3632626,149.1652375,0.003,-0.02,0.0,0.0,0.023855118080973625,0.023855121806263924,243,-0.0006355585064738989,-0.0004445271915756166,-2.0414884090423584,12.587,0.0,69,LAND,False,STANDBY,10,6
2026-09-29T18:33:53.934197,-35.3632626,149.1652375,0.003,-0.02,0.0,0.0,0.023520760238170624,0.023520875722169876,243,-0.0006242806557565928,-0.0004355410346761346,-2.041569232940674,12.587,0.0,69,LAND,False,STANDBY,10,6
2026-09-29T18:33:54.434841,-35.3632626,149.1652375,0.003,-0.02,0.0,0.0,0.023772012442350388,0.02377217635512352,243,-0.0006238754140213132,-0.00043720335816033185,-2.0416488647460938,12.587,0.0,69,LAND,False,STANDBY,10,6
2026-09-29T18:33:54.937111,-35.3632626,149.1652375,0.003,-0.02,0.0,0.0,0.023442309349775314,0.023442354053258896,243,-0.0006122329505160451,-0.0004355580313131213,-2.041731119155884,12.587,0.0,69,LAND,False,STANDBY,10,6
2026-09-29T18:33:55.438023,-35.3632626,149.1652375,0.003,-0.02,0.0,0.0,0.023779043927788734,0.02377905882894993,243,-0.0006146267405711114,-0.0004423182690516114,-2.04181170463562,12.587,0.0,69,LAND,False,STANDBY,10,6
2026-09-29T18:33:55.939005,-35.3632626,149.1652375,0.003,-0.02,0.0,0.0,0.023386122658848763,0.02338613010942936,243,-0.0006098023150116205,-0.0004255167441442609,-2.041924476623535,12.587,0.0,69,LAND,False,STANDBY,10,6
2026-09-29T18:33:56.440543,-35.3632626,149.1652375,0.003,-0.02,0.0,0.0,0.023335451260209084,0.023335814476013184,243,-0.0006096080178394914,-0.0004216688685119152,-2.04199481010437,12.587,0.0,69,LAND,False,STANDBY,10,6
2026-09-29T18:33:56.942637,-35.3632626,149.1652375,0.003,-0.02,0.0,0.0,0.0232305396348238,0.02323063090443611,243,-0.0006071635871194303,-0.0004211073974147439,-2.042071580886841,12.587,0.0,69,LAND,False,STANDBY,10,6
2026-09-29T18:33:57.443980,-35.3632626,149.1652375,0.003,-0.02,0.0,0.0,0.02317972108721733,0.023180246353149414,243,-0.0006074060802347958,-0.000426802464062348,-2.042137384414673,12.587,0.0,69,LAND,False,STANDBY,10,6
2026-09-29T18:33:57.950118,-35.3632626,149.1652375,0.003,-0.02,0.0,0.0,0.02320338599383831,0.023203754797577858,243,-0.0006059496663510799,-0.000423366145696491,-2.0422070026397705,12.587,0.0,69,LAND,False,STANDBY,10,6
2026-09-29T18:33:58.453085,-35.3632626,149.1652375,0.003,-0.02,0.0,0.0,0.023242997005581856,0.02324320748448372,242,-0.0006187544786371291,-0.0004228554607834667,-2.0422708988189697,12.587,0.0,69,LAND,False,STANDBY,10,6
2026-09-29T18:33:58.954107,-35.3632626,149.1652375,0.003,-0.02,0.0,0.0,0.023369114845991135,0.02336943708360195,242,-0.0006261515663936734,-0.00042832636972889304,-2.0423460006713867,12.587,0.0,69,LAND,False,STANDBY,10,6
2026-09-29T18:33:59.455173,-35.3632626,149.1652375,0.003,-0.02,0.0,0.0,0.023347945883870125,0.02334817685186863,242,-0.0006320470129139721,-0.0004298659332562238,-2.042414426803589,12.587,0.0,69,LAND,False,STANDBY,10,6
2026-09-29T18:33:59.956267,-35.3632626,149.1652375,0.003,-0.02,0.0,0.0,0.023455724120140076,0.023455873131752014,242,-0.0006345915026031435,-0.00042644518543966115,-2.0424845218658447,12.587,0.0,69,LAND,False,STANDBY,10,6
2026-09-29T18:34:00.457523,-35.3632626,149.1652375,0.003,-0.02,0.0,0.0,0.02355288527905941,0.02355292998254299,242,-0.000632244162261486,-0.00043766561429947615,-2.042555332183838,12.587,0.0,69,LAND,False,STANDBY,10,6
2026-09-29T18:34:00.958488,-35.3632626,149.1652375,0.003,-0.02,0.0,0.0,0.023811889812350273,0.023811906576156616,242,-0.0006306931609287858,-0.0004495599714573473,-2.0426223278045654,12.587,0.0,69,LAND,False,STANDBY,10,6
2026-09-29T18:34:01.458838,-35.3632626,149.1652375,0.003,-0.02,0.0,0.0,0.023974474519491196,0.023974476382136345,242,-0.0006373117212206125,-0.0004561913665384054,-2.0426881313323975,12.587,0.0,69,LAND,False,STANDBY,10,6
2026-09-29T18:34:01.959767,-35.3632626,149.1652375,0.003,-0.02,0.0,0.0,0.023902466520667076,0.02390248514711857,242,-0.0006296868086792529,-0.0004523631068877876,-2.042752504348755,12.587,0.0,69,LAND,False,STANDBY,10,6
2026-09-29T18:34:02.461010,-35.3632626,149.1652375,0.003,-0.02,0.0,0.0,0.023815881460905075,0.023815883323550224,242,-0.0006331093027256429,-0.0004579672240652144,-2.042811870574951,12.587,0.0,69,LAND,False,STANDBY,10,6
2026-09-29T18:34:02.962974,-35.3632626,149.1652375,0.003,-0.02,0.0,0.0,0.02386387623846531,0.023864062502980232,242,-0.0006228397833183408,-0.00045204523485153913,-2.0428719520568848,12.587,0.0,69,LAND,False,STANDBY,10,6
2026-09-29T18:34:03.464254,-35.3632626,149.1652375,0.003,-0.02,0.0,0.0,0.023929502815008163,0.023929636925458908,242,-0.0006276314379647374,-0.00045053771464154124,-2.0429329872131348,12.587,0.0,69,LAND,False,STANDBY,10,6
2026-09-29T18:34:03.965044,-35.3632626,149.1652375,0.003,-0.02,0.0,0.0,0.023840470239520073,0.023840531706809998,242,-0.0006153906579129398,-0.00044713926035910845,-2.0429880619049072,12.587,0.0,69,LAND,False,STANDBY,10,6
2026-09-29T18:34:04.465874,-35.3632626,149.1652375,0.003,-0.02,0.0,0.0,0.023824971169233322,0.023824989795684814,242,-0.0006153754657134414,-0.00044329024967737496,-2.043043375015259,12.587,0.0,69,LAND,False,STANDBY,10,6
2026-09-29T18:34:04.966481,-35.3632626,149.1652375,0.003,-0.02,0.0,0.0,0.0239248089492321,0.023924829438328743,242,-0.0006149203982204199,-0.0004436132439877838,-2.043098211288452,12.587,0.0,69,LAND,False,STANDBY,10,6
2026-09-29T18:34:05.467152,-35.3632626,149.1652375,0.003,-0.02,0.0,0.0,0.023991787806153297,0.023991787806153297,242,-0.0006284101400524378,-0.00044850396807305515,-2.0431532859802246,12.587,0.0,69,LAND,False,STANDBY,10,6
2026-09-29T18:34:05.967963,-35.3632626,149.1652375,0.003,-0.02,0.0,0.0,0.023941511288285255,0.023941529914736748,242,-0.0006199445924721658,-0.0004476718604564667,-2.0432064533233643,12.587,0.0,69,LAND,False,STANDBY,10,6
2026-09-29T18:34:06.468658,-35.3632626,149.1652375,0.003,-0.02,0.0,0.0,0.023833293467760086,0.023833319544792175,242,-0.0006248535355553031,-0.000457686634035781,-2.043256998062134,12.587,0.0,69,LAND,False,STANDBY,10,6
2026-09-29T18:34:06.968944,-35.3632626,149.1652375,0.003,-0.02,0.0,0.0,0.023729795590043068,0.02372981607913971,242,-0.0006326106959022582,-0.0004509486607275903,-2.04331374168396,12.587,0.0,69,LAND,False,STANDBY,10,6
2026-09-29T18:34:07.469538,-35.3632626,149.1652375,0.003,-0.02,0.0,0.0,0.023632386699318886,0.02363245002925396,242,-0.0006339221727102995,-0.0004552177560981363,-2.043365001678467,12.587,0.0,69,LAND,False,STANDBY,10,6
2026-09-29T18:34:07.969822,-35.3632626,149.1652375,0.003,-0.02,0.0,0.0,0.023677386343479156,0.023677390068769455,242,-0.0006279018707573414,-0.0004552750615403056,-2.043422222137451,12.587,0.0,69,LAND,False,STANDBY,10,6
2026-09-29T18:34:08.470523,-35.3632626,149.1652375,0.003,-0.02,0.0,0.0,0.02379092387855053,0.023790964856743813,242,-0.0006337719969451427,-0.0004588291049003601,-2.0434775352478027,12.587,0.0,69,LAND,False,STANDBY,10,6
2026-09-29T18:34:08.971088,-35.3632626,149.1652375,0.003,-0.02,0.0,0.0,0.023865792900323868,0.02386605367064476,242,-0.0006335076759569347,-0.0004534413164947182,-2.0435338020324707,12.587,0.0,69,LAND,False,STANDBY,10,6
2026-09-29T18:34:09.471800,-35.3632626,149.1652375,0.003,-0.02,0.0,0.0,0.02390323393046856,0.023903291672468185,242,-0.0006359859835356474,-0.00047102675307542086,-2.0435874462127686,12.587,0.0,69,LAND,False,STANDBY,10,6
2026-09-29T18:34:09.972550,-35.3632626,149.1652375,0.003,-0.02,0.0,0.0,0.023991595953702927,0.023991607129573822,242,-0.0006227844278328121,-0.00046743263374082744,-2.043638229370117,12.587,0.0,69,LAND,False,STANDBY,10,6
2026-09-29T18:34:10.472829,-35.3632626,149.1652375,0.003,-0.02,0.0,0.0,0.02394339069724083,0.023943422362208366,242,-0.0006284928531385958,-0.00046289796591736376,-2.043691396713257,12.587,0.0,69,LAND,False,STANDBY,10,6
2026-09-29T18:34:10.974078,-35.3632626,149.1652375,0.003,-0.02,0.0,0.0,0.023988280445337296,0.023988358676433563,242,-0.0006281528039835393,-0.00045555876567959785,-2.0437347888946533,12.587,0.0,69,LAND,False,STANDBY,10,6
2026-09-29T18:34:11.478715,-35.3632626,149.1652375,0.003,-0.02,0.0,0.0,0.023858724161982536,0.023858845233917236,242,-0.0006273001781664789,-0.0004568414587993175,-2.043782949447632,12.587,0.0,69,LAND,False,STANDBY,10,6
2026-09-29T18:34:11.979371,-35.3632626,149.1652375,0.003,-0.02,0.0,0.0,0.02384851686656475,0.0238487608730793,242,-0.0006312784389592707,-0.00045648188097402453,-2.04382586479187,12.587,0.0,69,LAND,False,STANDBY,10,6
2026-09-29T18:34:12.479831,-35.3632626,149.1652375,0.003,-0.02,0.0,0.0,0.023778388276696205,0.023778511211276054,242,-0.0006295735365711153,-0.00045355543261393905,-2.0438714027404785,12.587,0.0,69,LAND,False,STANDBY,10,6
2026-09-29T18:34:12.981716,-35.3632626,149.1652375,0.003,-0.02,0.0,0.0,0.02372460998594761,0.023724833503365517,242,-0.0006316946819424629,-0.00044680084101855755,-2.0439064502716064,12.587,0.0,69,LAND,False,STANDBY,10,6
2026-09-29T18:34:13.482136,-35.3632626,149.1652375,0.003,-0.02,0.0,0.0,0.023651547729969025,0.023651622235774994,242,-0.0006344649009406567,-0.00044739205623045564,-2.0439462661743164,12.587,0.0,69,LAND,False,STANDBY,10,6
2026-09-29T18:34:13.982908,-35.3632626,149.1652375,0.003,-0.02,0.0,0.0,0.02376892976462841,0.023768991231918335,242,-0.0006382918800227344,-0.0004458442854229361,-2.043994188308716,12.587,0.0,69,LAND,False,STANDBY,10,6
2026-09-29T18:34:14.483282,-35.3632626,149.1652375,0.003,-0.02,0.0,0.0,0.02383149042725563,0.023831741884350777,242,-0.0006351239280775189,-0.00044965496635995805,-2.044029951095581,12.587,0.0,69,LAND,False,STANDBY,10,6
2026-09-29T18:34:14.983863,-35.3632626,149.1652375,0.003,-0.02,0.0,0.0,0.02382034808397293,0.023820705711841583,242,-0.0006362563581205904,-0.0004396706644911319,-2.0440728664398193,12.587,0.0,69,LAND,False,STANDBY,10,6
2026-09-29T18:34:15.484574,-35.3632626,149.1652375,0.003,-0.02,0.0,0.0,0.023908575996756554,0.02391061931848526,242,-0.0006452131201513112,-0.0004447830142453313,-2.044114828109741,12.587,0.0,69,LAND,False,STANDBY,10,6
2026-09-29T18:34:15.985227,-35.3632626,149.1652375,0.003,-0.02,0.0,0.0,0.02390792965888977,0.023909296840429306,242,-0.0006407350301742554,-0.00044083234388381243,-2.0441596508026123,12.587,0.0,69,LAND,False,STANDBY,10,6
2026-09-29T18:34:16.485826,-35.3632626,149.1652375,0.003,-0.02,0.0,0.0,0.024090826511383057,0.024091599509119987,242,-0.0006385275046341121,-0.0004501938237808645,-2.044194459915161,12.587,0.0,69,LAND,False,STANDBY,10,6
2026-09-29T18:34:16.986373,-35.3632626,149.1652375,0.003,-0.02,0.0,0.0,0.024044550955295563,0.02404492348432541,242,-0.0006280779489316046,-0.0004477331240195781,-2.044234275817871,12.587,0.0,69,LAND,False,STANDBY,10,6
2026-09-29T18:34:17.487004,-35.3632626,149.1652375,0.003,-0.02,0.0,0.0,0.02407849393785,0.024079110473394394,242,-0.0006335994112305343,-0.0004485321987885982,-2.0442724227905273,12.587,0.0,69,LAND,False,STANDBY,10,6
2026-09-29T18:34:17.987752,-35.3632626,149.1652375,0.003,-0.02,0.0,0.0,0.024039214476943016,0.024040088057518005,242,-0.0006236828048713505,-0.0004580990062095225,-2.044309139251709,12.587,0.0,69,LAND,False,STANDBY,10,6
2026-09-29T18:34:18.488161,-35.3632626,149.1652375,0.003,-0.02,0.0,0.0,0.02413134276866913,0.024132099002599716,242,-0.0006258927751332521,-0.00045751259312964976,-2.0443406105041504,12.587,0.0,69,LAND,False,STANDBY,10,6
2026-09-29T18:34:18.988858,-35.3632626,149.1652375,0.003,-0.02,0.0,0.0,0.02399355359375477,0.023994240909814835,242,-0.0006202947697602212,-0.0004557112988550216,-2.0443685054779053,12.587,0.0,69,LAND,False,STANDBY,10,6
2026-09-29T18:34:19.489638,-35.3632626,149.1652375,0.003,-0.02,0.0,0.0,0.02415853925049305,0.02415882796049118,242,-0.0006217315094545484,-0.00045880547259002924,-2.044400691986084,12.587,0.0,69,LAND,False,STANDBY,10,6
2026-09-29T18:34:19.989938,-35.3632626,149.1652375,0.003,-0.02,0.0,0.0,0.023988502100110054,0.0239891167730093,242,-0.0006138482131063938,-0.00045945539022795856,-2.044429302215576,12.587,0.0,69,LAND,False,STANDBY,10,6
2026-09-29T18:34:20.490584,-35.3632626,149.1652375,0.003,-0.02,0.0,0.0,0.02395791932940483,0.02395838126540184,242,-0.0006036023842170835,-0.00045318217598833144,-2.044459342956543,12.587,0.0,69,LAND,False,STANDBY,10,6
2026-09-29T18:34:20.991202,-35.3632626,149.1652375,0.003,-0.02,0.0,0.0,0.023786742240190506,0.02378719672560692,242,-0.0005957660614512861,-0.00044409706606529653,-2.044489860534668,12.587,0.0,69,LAND,False,STANDBY,10,6
2026-09-29T18:34:21.491827,-35.3632626,149.1652375,0.003,-0.02,0.0,0.0,0.02369820512831211,0.02369917742908001,242,-0.000590591924265027,-0.00044707063352689147,-2.0445125102996826,12.587,0.0,69,LAND,False,STANDBY,10,6
2026-09-29T18:34:21.992540,-35.3632626,149.1652375,0.002,-0.02,0.0,0.0,0.02342628873884678,0.02342808060348034,242,-0.000593857781495899,-0.00045369588769972324,-2.044542074203491,12.587,0.0,69,LAND,False,STANDBY,10,6
2026-09-29T18:34:22.492822,-35.3632626,149.1652375,0.002,-0.02,0.0,0.0,0.023311207070946693,0.023313837125897408,242,-0.000596450234297663,-0.00044802817865274847,-2.044565439224243,12.587,0.0,69,LAND,False,STANDBY,10,6
2026-09-29T18:34:22.993440,-35.3632626,149.1652375,0.002,-0.02,0.0,0.0,0.02329961583018303,0.023300744593143463,242,-0.000603335676714778,-0.000445134995970875,-2.0445923805236816,12.587,0.0,69,LAND,False,STANDBY,10,6
2026-09-29T18:34:23.493839,-35.3632626,149.1652375,0.002,-0.02,0.0,0.0,0.023237084969878197,0.02323760837316513,242,-0.0006049640942364931,-0.00044705712934955955,-2.0446231365203857,12.587,0.0,69,LAND,False,STANDBY,10,6
2026-09-29T18:34:23.994378,-35.3632626,149.1652375,0.002,-0.02,0.0,0.0,0.02347463369369507,0.023476216942071915,242,-0.0006039168802089989,-0.0004487961414270103,-2.044663429260254,12.587,0.0,69,LAND,False,STANDBY,10,6
2026-09-29T18:34:24.494844,-35.3632626,149.1652375,0.002,-0.02,0.0,0.0,0.023364346474409103,0.023365367203950882,242,-0.0006042891764082015,-0.0004474642628338188,-2.0446953773498535,12.587,0.0,69,LAND,False,STANDBY,10,6
2026-09-29T18:34:24.995331,-35.3632626,149.1652375,0.002,-0.02,0.0,0.0,0.02327231504023075,0.02327321656048298,242,-0.0006127452361397445,-0.000439000636106357,-2.0447170734405518,12.587,0.0,69,LAND,False,STANDBY,10,6
2026-09-29T18:34:25.495823,-35.3632626,149.1652375,0.002,-0.02,0.0,0.0,0.023415280506014824,0.023417048156261444,242,-0.0006213408778421581,-0.00043418986024335027,-2.0447423458099365,12.587,0.0,69,LAND,False,STANDBY,10,6
2026-09-29T18:34:25.996252,-35.3632626,149.1652375,0.002,-0.02,0.0,0.0,0.02358805388212204,0.02359064668416977,242,-0.0006247308338060975,-0.0004269718483556062,-2.044764995574951,12.587,0.0,69,LAND,False,STANDBY,10,6
2026-09-29T18:34:26.496946,-35.3632626,149.1652375,0.002,-0.02,0.0,0.0,0.023525258526206017,0.023526811972260475,242,-0.0006298776715993881,-0.0004323420871514827,-2.04479718208313,12.587,0.0,69,LAND,False,STANDBY,10,6
2026-09-29T18:34:26.997688,-35.3632626,149.1652375,0.002,-0.02,0.0,0.0,0.023655252531170845,0.02365715429186821,242,-0.0006327302544377744,-0.0004233407089486718,-2.0448157787323,12.587,0.0,69,LAND,False,STANDBY,10,6
2026-09-29T18:34:27.498428,-35.3632626,149.1652375,0.002,-0.02,0.0,0.0,0.02355608344078064,0.023557737469673157,242,-0.0006298863445408642,-0.00041761258034966886,-2.0448341369628906,12.587,0.0,69,LAND,False,STANDBY,10,6
2026-09-29T18:34:27.999013,-35.3632626,149.1652375,0.002,-0.02,0.0,0.0,0.02365150861442089,0.023652486503124237,242,-0.0006247779820114374,-0.00041447303374297917,-2.044858932495117,12.587,0.0,69,LAND,False,STANDBY,10,6
2026-09-29T18:34:28.499723,-35.3632626,149.1652375,0.002,-0.02,0.0,0.0,0.023431938141584396,0.023432502523064613,242,-0.0006265114061534405,-0.00041464189416728914,-2.04487681388855,12.587,0.0,69,LAND,False,STANDBY,10,6
2026-09-29T18:34:29.000460,-35.3632626,149.1652375,0.002,-0.02,0.0,0.0,0.02343502640724182,0.02343551255762577,242,-0.000619651866145432,-0.0004075044416822493,-2.04489803314209,12.587,0.0,69,LAND,False,STANDBY,10,6
2026-09-29T18:34:29.500842,-35.3632626,149.1652375,0.002,-0.02,0.0,0.0,0.023321397602558136,0.023321503773331642,242,-0.0006182779907248914,-0.0004113398608751595,-2.0449118614196777,12.587,0.0,69,LAND,False,STANDBY,10,6
2026-09-29T18:34:30.001668,-35.3632626,149.1652375,0.002,-0.02,0.0,0.0,0.02334379032254219,0.023344317451119423,242,-0.0006194667657837272,-0.00041652648360468447,-2.0449368953704834,12.587,0.0,69,LAND,False,STANDBY,10,6
2026-09-29T18:34:30.502347,-35.3632626,149.1652375,0.002,-0.02,0.0,0.0,0.02342097833752632,0.02342122793197632,242,-0.0006311121978797019,-0.0004226331366226077,-2.0449585914611816,12.587,0.0,69,LAND,False,STANDBY,10,6
2026-09-29T18:34:31.002820,-35.3632626,149.1652375,0.002,-0.02,0.0,0.0,0.023439591750502586,0.02343968115746975,242,-0.0006268585566431284,-0.0004196047375444323,-2.0449745655059814,12.587,0.0,69,LAND,False,STANDBY,10,6
2026-09-29T18:34:31.503386,-35.3632626,149.1652375,0.002,-0.02,0.0,0.0,0.023344896733760834,0.0233451034873724,242,-0.0006243014940991998,-0.0004204889410175383,-2.044997215270996,12.587,0.0,69,LAND,False,STANDBY,10,6
2026-09-29T18:34:32.004157,-35.3632626,149.1652375,0.003,-0.02,0.0,0.0,0.023366807028651237,0.02336682565510273,242,-0.0006227848352864385,-0.0004337470163591206,-2.0450186729431152,12.587,0.0,69,LAND,False,STANDBY,10,6
2026-09-29T18:34:32.504910,-35.3632626,149.1652375,0.003,-0.02,0.0,0.0,0.02358410134911537,0.02358410321176052,242,-0.0006258320063352585,-0.00044640767737291753,-2.0450384616851807,12.587,0.0,69,LAND,False,STANDBY,10,6
2026-09-29T18:34:33.005661,-35.3632626,149.1652375,0.003,-0.02,0.0,0.0,0.023665422573685646,0.023666027933359146,242,-0.0006240999209694564,-0.00044374808203428984,-2.045057535171509,12.587,0.0,69,LAND,False,STANDBY,10,6
2026-09-29T18:34:33.506230,-35.3632626,149.1652375,0.003,-0.02,0.0,0.0,0.023793576285243034,0.02379390224814415,242,-0.000626400054898113,-0.00045449641766026616,-2.045074939727783,12.587,0.0,69,LAND,False,STANDBY,10,6
2026-09-29T18:34:34.006824,-35.3632626,149.1652375,0.003,-0.02,0.0,0.0,0.023966630920767784,0.023967023938894272,242,-0.0006198070477694273,-0.00045509333722293377,-2.0450868606567383,12.587,0.0,69,LAND,False,STANDBY,10,6
2026-09-29T18:34:34.507521,-35.3632626,149.1652375,0.003,-0.02,0.0,0.0,0.0239296592772007,0.02393031120300293,242,-0.0006274643819779158,-0.00045403343392536044,-2.045103073120117,12.587,0.0,69,LAND,False,STANDBY,10,6
2026-09-29T18:34:35.007915,-35.3632626,149.1652375,0.003,-0.02,0.0,0.0,0.023879358544945717,0.023879751563072205,242,-0.0006284036790020764,-0.00045005590072833,-2.0451176166534424,12.587,0.0,69,LAND,False,STANDBY,10,6
2026-09-29T18:34:35.508415,-35.3632626,149.1652375,0.003,-0.02,0.0,0.0,0.02372843399643898,0.02372938208281994,242,-0.0006283471593633294,-0.00044825038639828563,-2.045138359069824,12.587,0.0,69,LAND,False,STANDBY,10,6
2026-09-29T18:34:36.008828,-35.3632626,149.1652375,0.003,-0.02,0.0,0.0,0.023725435137748718,0.023725934326648712,242,-0.0006232783198356628,-0.0004547358548734337,-2.045152425765991,12.587,0.0,69,LAND,False,STANDBY,10,6
2026-09-29T18:34:36.509545,-35.3632626,149.1652375,0.003,-0.02,0.0,0.0,0.023656116798520088,0.023656116798520088,242,-0.0006287716096267104,-0.00045426905853673816,-2.0451717376708984,12.587,0.0,69,LAND,False,STANDBY,10,6
2026-09-29T18:34:37.010156,-35.3632626,149.1652375,0.003,-0.02,0.0,0.0,0.02369777299463749,0.023697784170508385,242,-0.0006286076968535781,-0.0004358748556114733,-2.045182466506958,12.587,0.0,69,LAND,False,STANDBY,10,6
2026-09-29T18:34:37.510836,-35.3632626,149.1652375,0.003,-0.02,0.0,0.0,0.023644650354981422,0.02364465408027172,242,-0.0006355957593768835,-0.00044076520134694874,-2.0451948642730713,12.587,0.0,69,LAND,False,STANDBY,10,6
2026-09-29T18:34:38.011605,-35.3632626,149.1652375,0.003,-0.02,0.0,0.0,0.02371951751410961,0.023719536140561104,242,-0.000636212236713618,-0.0004448203253559768,-2.0452113151550293,12.587,0.0,69,LAND,False,STANDBY,10,6
2026-09-29T18:34:38.511920,-35.3632626,149.1652375,0.003,-0.02,0.0,0.0,0.023774681612849236,0.023774689063429832,242,-0.0006393304793164134,-0.00044619670370593667,-2.045229434967041,12.587,0.0,69,LAND,False,STANDBY,10,6
2026-09-29T18:34:39.012394,-35.3632626,149.1652375,0.003,-0.02,0.0,0.0,0.023823359981179237,0.023823365569114685,242,-0.000632972049061209,-0.0004452822031453252,-2.0452423095703125,12.587,0.0,69,LAND,False,STANDBY,10,6
2026-09-29T18:34:39.512831,-35.3632626,149.1652375,0.003,-0.02,0.0,0.0,0.023754579946398735,0.02375461906194687,242,-0.0006305010174401104,-0.00044297039858065546,-2.045259475708008,12.587,0.0,69,LAND,False,STANDBY,10,6
2026-09-29T18:34:40.013416,-35.3632626,149.1652375,0.003,-0.02,0.0,0.0,0.023711325600743294,0.02371133305132389,242,-0.0006305975839495659,-0.00043649313738569617,-2.045271635055542,12.587,0.0,69,LAND,False,STANDBY,10,6
2026-09-29T18:34:40.513815,-35.3632626,149.1652375,0.003,-0.02,0.0,0.0,0.0237360130995512,0.02373645454645157,242,-0.0006377780227921903,-0.00044000946218147874,-2.045285224914551,12.587,0.0,69,LAND,False,STANDBY,10,6
2026-09-29T18:34:41.014487,-35.3632626,149.1652375,0.003,-0.02,0.0,0.0,0.023813683539628983,0.023813879117369652,242,-0.0006331339245662093,-0.0004354054981376976,-2.0452964305877686,12.587,0.0,69,LAND,False,STANDBY,10,6
2026-09-29T18:34:41.514828,-35.3632626,149.1652375,0.003,-0.02,0.0,0.0,0.02379515767097473,0.02379518188536167,242,-0.0006282561225816607,-0.0004375350254122168,-2.045311212539673,12.587,0.0,69,LAND,False,STANDBY,10,6
2026-09-29T18:34:42.015143,-35.3632626,149.1652375,0.003,-0.02,0.0,0.0,0.02384191006422043,0.023842064663767815,242,-0.0006299016531556845,-0.0004310185613576323,-2.045314073562622,12.587,0.0,69,LAND,False,STANDBY,10,6
2026-09-29T18:34:42.515936,-35.3632626,149.1652375,0.003,-0.02,0.0,0.0,0.02391265705227852,0.023913489654660225,242,-0.0006278975051827729,-0.00044253584928810596,-2.045321226119995,12.587,0.0,69,LAND,False,STANDBY,10,6
2026-09-29T18:34:43.016484,-35.3632626,149.1652375,0.003,-0.02,0.0,0.0,0.023910075426101685,0.023910660296678543,242,-0.0006209014682099223,-0.0004426051746122539,-2.045330286026001,12.587,0.0,69,LAND,False,STANDBY,10,6
2026-09-29T18:34:43.516825,-35.3632626,149.1652375,0.003,-0.02,0.0,0.0,0.023985818028450012,0.023985864594578743,242,-0.0006177537725307047,-0.00044264018652029335,-2.045337677001953,12.587,0.0,69,LAND,False,STANDBY,10,6
2026-09-29T18:34:44.017409,-35.3632626,149.1652375,0.003,-0.02,0.0,0.0,0.02386806346476078,0.023868074640631676,242,-0.0006142837228253484,-0.0004387696390040219,-2.045346975326538,12.587,0.0,69,LAND,False,STANDBY,10,6
2026-09-29T18:34:44.518155,-35.3632626,149.1652375,0.003,-0.02,0.0,0.0,0.0237506665289402,0.023751094937324524,242,-0.0006154251750558615,-0.00044155301293358207,-2.045351028442383,12.587,0.0,69,LAND,False,STANDBY,10,6
2026-09-29T18:34:45.018826,-35.3632626,149.1652375,0.003,-0.02,0.0,0.0,0.02370939590036869,0.023709997534751892,242,-0.0006125596119090915,-0.0004364366177469492,-2.0453600883483887,12.587,0.0,69,LAND,False,STANDBY,10,6
2026-09-29T18:34:45.519452,-35.3632626,149.1652375,0.003,-0.02,0.0,0.0,0.0237989854067564,0.02379930391907692,242,-0.000617779849562794,-0.00043644371908158064,-2.045366048812866,12.587,0.0,69,LAND,False,STANDBY,10,6
2026-09-29T18:34:46.020151,-35.3632626,149.1652375,0.003,-0.02,0.0,0.0,0.023701634258031845,0.02370183914899826,242,-0.000611522642429918,-0.0004297785344533622,-2.0453667640686035,12.587,0.0,69,LAND,False,STANDBY,10,6
2026-09-29T18:34:46.520879,-35.3632626,149.1652375,0.003,-0.02,0.0,0.0,0.023648958653211594,0.023649023845791817,242,-0.0006175219896249473,-0.00043646543053910136,-2.0453755855560303,12.587,0.0,69,LAND,False,STANDBY,10,6
2026-09-29T18:34:47.021624,-35.3632626,149.1652375,0.003,-0.02,0.0,0.0,0.023575477302074432,0.023575516417622566,242,-0.0006177750183269382,-0.00043601429206319153,-2.04538631439209,12.587,0.0,69,LAND,False,STANDBY,10,6
2026-09-29T18:34:47.522403,-35.3632626,149.1652375,0.003,-0.02,0.0,0.0,0.023767612874507904,0.02376765012741089,242,-0.0006205776589922607,-0.0004440475895535201,-2.0453927516937256,12.587,0.0,69,LAND,False,STANDBY,10,6
2026-09-29T18:34:48.022835,-35.3632626,149.1652375,0.003,-0.02,0.0,0.0,0.023703789338469505,0.023703809827566147,242,-0.0006146521773189306,-0.00044178820098750293,-2.0453906059265137,12.587,0.0,69,LAND,False,STANDBY,10,6
2026-09-29T18:34:48.523533,-35.3632626,149.1652375,0.003,-0.02,0.0,0.0,0.02382589876651764,0.023825952783226967,242,-0.0006225755205377936,-0.0004448730614967644,-2.045397996902466,12.587,0.0,69,LAND,False,STANDBY,10,6
2026-09-29T18:34:49.024226,-35.3632626,149.1652375,0.003,-0.02,0.0,0.0,0.02364652045071125,0.023646552115678787,242,-0.0006140173063613474,-0.0004431463312357664,-2.0454108715057373,12.587,0.0,69,LAND,False,STANDBY,10,6
2026-09-29T18:34:49.524826,-35.3632626,149.1652375,0.003,-0.02,0.0,0.0,0.02356729656457901,0.02356729842722416,242,-0.0006210934370756149,-0.00044177385279908776,-2.0454115867614746,12.587,0.0,69,LAND,False,STANDBY,10,6
2026-09-29T18:34:50.025125,-35.3632626,149.1652375,0.003,-0.02,0.0,0.0,0.023618381470441818,0.023618390783667564,242,-0.0006260616355575621,-0.0004371864488348365,-2.04541015625,12.587,0.0,69,LAND,False,STANDBY,10,6
2026-09-29T18:34:50.525908,-35.3632626,149.1652375,0.003,-0.02,0.0,0.0,0.023633725941181183,0.023633835837244987,242,-0.0006277427892200649,-0.00043905869824811816,-2.045413017272949,12.587,0.0,69,LAND,False,STANDBY,10,6
2026-09-29T18:34:51.026585,-35.3632626,149.1652375,0.003,-0.02,0.0,0.0,0.02372957020998001,0.023729683831334114,242,-0.0006288503063842654,-0.0004447901446837932,-2.045429229736328,12.587,0.0,69,LAND,False,STANDBY,10,6
2026-09-29T18:34:51.526942,-35.3632626,149.1652375,0.003,-0.02,0.0,0.0,0.023863602429628372,0.023863837122917175,242,-0.000626602559350431,-0.0004505684191826731,-2.0454325675964355,12.587,0.0,69,LAND,False,STANDBY,10,6
2026-09-29T18:34:52.027355,-35.3632626,149.1652375,0.003,-0.02,0.0,0.0,0.023963453248143196,0.02396368235349655,242,-0.0006229812279343605,-0.00044734738185070455,-2.045437812805176,12.587,0.0,69,LAND,False,STANDBY,10,6
2026-09-29T18:34:52.527828,-35.3632626,149.1652375,0.003,-0.02,0.0,0.0,0.02386660873889923,0.02386670745909214,242,-0.0006237198831513524,-0.000450111401733011,-2.0454373359680176,12.587,0.0,69,LAND,False,STANDBY,10,6
2026-09-29T18:34:53.028530,-35.3632626,149.1652375,0.003,-0.02,0.0,0.0,0.023872898891568184,0.023873133584856987,242,-0.0006182338111102581,-0.00045427848817780614,-2.0454418659210205,12.587,0.0,69,LAND,False,STANDBY,10,6
2026-09-29T18:34:53.529357,-35.3632626,149.1652375,0.003,-0.02,0.0,0.0,0.02386586368083954,0.02386600337922573,242,-0.0006180853233672678,-0.00046414328971877694,-2.045442819595337,12.587,0.0,69,LAND,False,STANDBY,10,6
2026-09-29T18:34:54.029948,-35.3632626,149.1652375,0.003,-0.02,0.0,0.0,0.023762132972478867,0.023762332275509834,242,-0.0006104139611124992,-0.0004611767071764916,-2.045436382293701,12.587,0.0,69,LAND,False,STANDBY,10,6
2026-09-29T18:34:54.530868,-35.3632626,149.1652375,0.003,-0.02,0.0,0.0,0.023691000416874886,0.023691607639193535,242,-0.0006052865064702928,-0.00047206052113324404,-2.0454349517822266,12.587,0.0,69,LAND,False,STANDBY,10,6
2026-09-29T18:34:55.031397,-35.3632626,149.1652375,0.003,-0.02,0.0,0.0,0.02384195849299431,0.023842792958021164,242,-0.0005998645792715251,-0.0004698843404185027,-2.0454370975494385,12.587,0.0,69,LAND,False,STANDBY,10,6
2026-09-29T18:34:55.532110,-35.3632626,149.1652375,0.003,-0.02,0.0,0.0,0.023896602913737297,0.023897619917988777,242,-0.000613727665040642,-0.0004681935242842883,-2.045440673828125,12.587,0.0,69,LAND,False,STANDBY,10,6
2026-09-29T18:34:56.032426,-35.3632626,149.1652375,0.003,-0.02,0.0,0.0,0.023958954960107803,0.023959733545780182,242,-0.000617855868767947,-0.0004626520676538348,-2.045438289642334,12.587,0.0,69,LAND,False,STANDBY,10,6
2026-09-29T18:34:56.532913,-35.3632626,149.1652375,0.003,-0.02,0.0,0.0,0.02382044494152069,0.023822398856282234,242,-0.0006199951749294996,-0.0004559223016258329,-2.045436143875122,12.587,0.0,69,LAND,False,STANDBY,10,6
2026-09-29T18:34:57.033340,-35.3632626,149.1652375,0.002,-0.02,0.0,0.0,0.023876091465353966,0.023878397420048714,242,-0.0006120086763985455,-0.0004503022355493158,-2.045436143875122,12.587,0.0,69,LAND,False,STANDBY,10,6
2026-09-29T18:34:57.534042,-35.3632626,149.1652375,0.002,-0.02,0.0,0.0,0.024040786549448967,0.024043425917625427,242,-0.0006215525208972394,-0.00045529581257142127,-2.04543399810791,12.587,0.0,69,LAND,False,STANDBY,10,6
2026-09-29T18:34:58.034550,-35.3632626,149.1652375,0.002,-0.02,0.0,0.0,0.023839227855205536,0.02384064719080925,242,-0.0006203405791893601,-0.0004416350566316396,-2.0454320907592773,12.587,0.0,69,LAND,False,STANDBY,10,6
2026-09-29T18:34:58.534908,-35.3632626,149.1652375,0.002,-0.02,0.0,0.0,0.02381058596074581,0.023812610656023026,242,-0.0006139343022368848,-0.0004436573653947562,-2.0454261302948,12.587,0.0,69,LAND,False,STANDBY,10,6
2026-09-29T18:34:59.035663,-35.3632626,149.1652375,0.002,-0.02,0.0,0.0,0.02369842678308487,0.023700237274169922,242,-0.0006144920480437577,-0.00043435426778160036,-2.045426607131958,12.587,0.0,69,LAND,False,STANDBY,10,6
2026-09-29T18:34:59.536068,-35.3632626,149.1652375,0.002,-0.02,0.0,0.0,0.02374597266316414,0.02374839596450329,242,-0.0006215475732460618,-0.0004334472178015858,-2.0454206466674805,12.587,0.0,69,LAND,False,STANDBY,10,6
2026-09-29T18:35:00.036827,-35.3632626,149.1652375,0.002,-0.02,0.0,0.0,0.02370750904083252,0.02370857261121273,242,-0.0006234496249817312,-0.00043097729212604463,-2.0454161167144775,12.587,0.0,69,LAND,False,STANDBY,10,6
2026-09-29T18:35:00.537594,-35.3632626,149.1652375,0.002,-0.02,0.0,0.0,0.023810705170035362,0.023811226710677147,242,-0.000628505542408675,-0.000434642075560987,-2.0454111099243164,12.587,0.0,69,LAND,False,STANDBY,10,6
2026-09-29T18:35:01.038223,-35.3632626,149.1652375,0.002,-0.02,0.0,0.0,0.02379647083580494,0.02379678003489971,242,-0.0006218381458893418,-0.00042846379801630974,-2.045412302017212,12.587,0.0,69,LAND,False,STANDBY,10,6
2026-09-29T18:35:01.538865,-35.3632626,149.1652375,0.002,-0.02,0.0,0.0,0.023793626576662064,0.023793647065758705,242,-0.0006191792199388146,-0.00043008895590901375,-2.045412063598633,12.587,0.0,69,LAND,False,STANDBY,10,6
2026-09-29T18:35:02.039608,-35.3632626,149.1652375,0.002,-0.02,0.0,0.0,0.02359919808804989,0.02359919808804989,242,-0.0006166825769469142,-0.00042650382965803146,-2.045398235321045,12.587,0.0,69,LAND,False,STANDBY,10,6
2026-09-29T18:35:02.540862,-35.3632626,149.1652375,0.003,-0.02,0.0,0.0,0.023729976266622543,0.023729998618364334,242,-0.0006209251005202532,-0.0004275148385204375,-2.0453944206237793,12.587,0.0,69,LAND,False,STANDBY,10,6
2026-09-29T18:35:03.041151,-35.3632626,149.1652375,0.003,-0.02,0.0,0.0,0.023586800321936607,0.023587236180901527,242,-0.0006149114342406392,-0.00043052391265518963,-2.0453851222991943,12.587,0.0,69,LAND,False,STANDBY,10,6
2026-09-29T18:35:03.541832,-35.3632626,149.1652375,0.003,-0.02,0.0,0.0,0.023547977209091187,0.023548169061541557,242,-0.0006218610797077417,-0.00044115600758232176,-2.0453875064849854,12.587,0.0,69,LAND,False,STANDBY,10,6
2026-09-29T18:35:04.042334,-35.3632626,149.1652375,0.003,-0.02,0.0,0.0,0.023627014830708504,0.023627467453479767,242,-0.0006119390018284321,-0.00043746063602156937,-2.0453832149505615,12.587,0.0,69,LAND,False,STANDBY,10,6
2026-09-29T18:35:04.543057,-35.3632626,149.1652375,0.003,-0.02,0.0,0.0,0.02352944388985634,0.02352973259985447,242,-0.0006134012946859002,-0.0004329477087594569,-2.0453789234161377,12.587,0.0,69,LAND,False,STANDBY,10,6
2026-09-29T18:35:05.043888,-35.3632626,149.1652375,0.003,-0.02,0.0,0.0,0.023490961641073227,0.02349170111119747,242,-0.0006167104584164917,-0.00042831580503843725,-2.0453720092773438,12.587,0.0,69,LAND,False,STANDBY,10,6
2026-09-29T18:35:05.544792,-35.3632626,149.1652375,0.003,-0.02,0.0,0.0,0.023459680378437042,0.02345976233482361,242,-0.0006223241798579693,-0.00042784694232977927,-2.0453848838806152,12.587,0.0,69,LAND,False,STANDBY,10,6
2026-09-29T18:35:06.045866,-35.3632626,149.1652375,0.003,-0.02,0.0,0.0,0.02352810837328434,0.02352813072502613,242,-0.0006315328646451235,-0.0004230754275340587,-2.0453789234161377,12.587,0.0,69,LAND,False,STANDBY,10,6
2026-09-29T18:35:06.546618,-35.3632626,149.1652375,0.003,-0.02,0.0,0.0,0.023565111681818962,0.023565135896205902,242,-0.0006370519986376166,-0.0004321688611526042,-2.045372724533081,12.587,0.0,69,LAND,False,STANDBY,10,6
2026-09-29T18:35:07.047263,-35.3632626,149.1652375,0.003,-0.02,0.0,0.0,0.023733321577310562,0.02373335510492325,242,-0.0006392760551534593,-0.0004354095144663006,-2.0453641414642334,12.587,0.0,69,LAND,False,STANDBY,10,6
2026-09-29T18:35:07.547879,-35.3632626,149.1652375,0.003,-0.02,0.0,0.0,0.023709245026111603,0.02370932139456272,242,-0.0006380692357197404,-0.00044077131315134466,-2.0453546047210693,12.587,0.0,69,LAND,False,STANDBY,10,6
2026-09-29T18:35:08.048582,-35.3632626,149.1652375,0.003,-0.02,0.0,0.0,0.02376352623105049,0.02376381680369377,242,-0.0006463864701800048,-0.0004390937101561576,-2.045358657836914,12.587,0.0,69,LAND,False,STANDBY,10,6
2026-09-29T18:35:08.549296,-35.3632626,149.1652375,0.003,-0.02,0.0,0.0,0.02380363829433918,0.02380380406975746,242,-0.0006536943255923688,-0.000433089880971238,-2.0453526973724365,12.587,0.0,69,LAND,False,STANDBY,10,6
2026-09-29T18:35:09.049925,-35.3632626,149.1652375,0.003,-0.02,0.0,0.0,0.023824434727430344,0.02382444217801094,242,-0.0006452673114836216,-0.00042576968553476036,-2.045348882675171,12.587,0.0,69,LAND,False,STANDBY,10,6
2026-09-29T18:35:09.550592,-35.3632626,149.1652375,0.003,-0.02,0.0,0.0,0.023938963189721107,0.023938963189721107,242,-0.0006468610372394323,-0.0004327215428929776,-2.045349597930908,12.587,0.0,69,LAND,False,STANDBY,10,6
2026-09-29T18:35:10.050939,-35.3632626,149.1652375,0.003,-0.02,0.0,0.0,0.02397715114057064,0.023977156728506088,242,-0.0006359781255014241,-0.0004286628682166338,-2.0453453063964844,12.587,0.0,69,LAND,False,STANDBY,10,6
2026-09-29T18:35:10.551633,-35.3632626,149.1652375,0.003,-0.02,0.0,0.0,0.023746125400066376,0.023746129125356674,242,-0.000626298482529819,-0.0004257047548890114,-2.0453460216522217,12.587,0.0,69,LAND,False,STANDBY,10,6
2026-09-29T18:35:11.051869,-35.3632626,149.1652375,0.003,-0.02,0.0,0.0,0.023767000064253807,0.023767000064253807,242,-0.0006191380671225488,-0.0004246203461661935,-2.045341968536377,12.587,0.0,69,LAND,False,STANDBY,10,6
2026-09-29T18:35:11.552148,-35.3632626,149.1652375,0.003,-0.02,0.0,0.0,0.023677878081798553,0.0236778873950243,242,-0.00061287812422961,-0.0004219633701723069,-2.045323371887207,12.587,0.0,69,LAND,False,STANDBY,10,6
2026-09-29T18:35:12.052820,-35.3632626,149.1652375,0.003,-0.02,0.0,0.0,0.02377117983996868,0.023771457374095917,242,-0.0006189612904563546,-0.00043008214561268687,-2.0453298091888428,12.587,0.0,69,LAND,False,STANDBY,10,6
2026-09-29T18:35:12.553531,-35.3632626,149.1652375,0.003,-0.02,0.0,0.0,0.023869222030043602,0.023869503289461136,242,-0.000619859725702554,-0.00043120491318404675,-2.045311689376831,12.587,0.0,69,LAND,False,STANDBY,10,6
2026-09-29T18:35:13.054168,-35.3632626,149.1652375,0.003,-0.02,0.0,0.0,0.023694459348917007,0.023694895207881927,242,-0.0006114639691077173,-0.0004194321809336543,-2.0453009605407715,12.587,0.0,69,LAND,False,STANDBY,10,6
2026-09-29T18:35:13.554823,-35.3632626,149.1652375,0.003,-0.02,0.0,0.0,0.023652302101254463,0.023653030395507812,242,-0.0006194160087034106,-0.00042266875971108675,-2.0452983379364014,12.587,0.0,69,LAND,False,STANDBY,10,6
2026-09-29T18:35:14.055129,-35.3632626,149.1652375,0.003,-0.02,0.0,0.0,0.023608796298503876,0.023608986288309097,242,-0.0006218355265446007,-0.00041862399666570127,-2.045290231704712,12.587,0.0,69,LAND,False,STANDBY,10,6
2026-09-29T18:35:14.555452,-35.3632626,149.1652375,0.003,-0.02,0.0,0.0,0.023672902956604958,0.023672904819250107,242,-0.0006298160878941417,-0.00042223476339131594,-2.045281410217285,12.587,0.0,69,LAND,False,STANDBY,10,6
2026-09-29T18:35:15.055914,-35.3632626,149.1652375,0.003,-0.02,0.0,0.0,0.023598402738571167,0.023598715662956238,242,-0.000628066947683692,-0.0004168236628174782,-2.0452725887298584,12.587,0.0,69,LAND,False,STANDBY,10,6
2026-09-29T18:35:15.556464,-35.3632626,149.1652375,0.003,-0.02,0.0,0.0,0.023579176515340805,0.023580089211463928,242,-0.0006273160688579082,-0.00042159523582085967,-2.0452582836151123,12.587,0.0,69,LAND,False,STANDBY,10,6
2026-09-29T18:35:16.057037,-35.3632626,149.1652375,0.003,-0.02,0.0,0.0,0.023344293236732483,0.02334550954401493,242,-0.0006276039057411253,-0.00042080727871507406,-2.0452470779418945,12.587,0.0,69,LAND,False,STANDBY,10,6
2026-09-29T18:35:16.557580,-35.3632626,149.1652375,0.003,-0.02,0.0,0.0,0.023284513503313065,0.023284802213311195,242,-0.0006216872716322541,-0.0004234446387272328,-2.045236349105835,12.587,0.0,69,LAND,False,STANDBY,10,6
2026-09-29T18:35:17.058131,-35.3632626,149.1652375,0.003,-0.02,0.0,0.0,0.02335262857377529,0.02335314080119133,242,-0.0006202600779943168,-0.0004239958361722529,-2.045229196548462,12.587,0.0,69,LAND,False,STANDBY,10,6
2026-09-29T18:35:17.558771,-35.3632626,149.1652375,0.003,-0.02,0.0,0.0,0.023322753608226776,0.023322761058807373,242,-0.0006283274851739407,-0.00043161556823179126,-2.045231819152832,12.587,0.0,69,LAND,False,STANDBY,10,6
2026-09-29T18:35:18.059157,-35.3632626,149.1652375,0.003,-0.02,0.0,0.0,0.023499619215726852,0.023499621078372,242,-0.0006291443132795393,-0.00043175002792850137,-2.0452234745025635,12.587,0.0,69,LAND,False,STANDBY,10,6
2026-09-29T18:35:18.559814,-35.3632626,149.1652375,0.003,-0.02,0.0,0.0,0.02347109094262123,0.02347121201455593,242,-0.0006325028371065855,-0.0004327992210164666,-2.045217275619507,12.587,0.0,69,LAND,False,STANDBY,10,6
2026-09-29T18:35:19.060506,-35.3632626,149.1652375,0.003,-0.02,0.0,0.0,0.023678351193666458,0.02367851696908474,242,-0.0006281731766648591,-0.0004389685927890241,-2.0452139377593994,12.587,0.0,69,LAND,False,STANDBY,10,6
2026-09-29T18:35:19.560826,-35.3632626,149.1652375,0.003,-0.02,0.0,0.0,0.02372501976788044,0.023725099861621857,242,-0.0006314821075648069,-0.0004342494939919561,-2.045208215713501,12.587,0.0,69,LAND,False,STANDBY,10,6
2026-09-29T18:35:20.061273,-35.3632626,149.1652375,0.003,-0.02,0.0,0.0,0.023841576650738716,0.02384159527719021,242,-0.0006396794342435896,-0.0004307137569412589,-2.045205593109131,12.587,0.0,69,LAND,False,STANDBY,10,6
2026-09-29T18:35:20.561869,-35.3632626,149.1652375,0.003,-0.02,0.0,0.0,0.02381422184407711,0.023814301937818527,242,-0.0006414297386072576,-0.0004362441541161388,-2.045206308364868,12.587,0.0,69,LAND,False,STANDBY,10,6
2026-09-29T18:35:21.062754,-35.3632626,149.1652375,0.003,-0.02,0.0,0.0,0.023953089490532875,0.023953258991241455,242,-0.0006408840417861938,-0.00043610294233076274,-2.0451910495758057,12.587,0.0,69,LAND,False,STANDBY,10,6
2026-09-29T18:35:21.563900,-35.3632626,149.1652375,0.003,-0.02,0.0,0.0,0.02391284704208374,0.02391309104859829,242,-0.0006412013899534941,-0.00044125260319560766,-2.0451819896698,12.587,0.0,69,LAND,False,STANDBY,10,6
2026-09-29T18:35:22.064622,-35.3632626,149.1652375,0.003,-0.02,0.0,0.0,0.024037407711148262,0.024037841707468033,242,-0.0006407005712389946,-0.00043504033237695694,-2.045173168182373,12.587,0.0,69,LAND,False,STANDBY,10,6
2026-09-29T18:35:22.565911,-35.3632626,149.1652375,0.003,-0.02,0.0,0.0,0.024022366851568222,0.024023501202464104,242,-0.0006447242922149599,-0.00043908593943342566,-2.045168399810791,12.587,0.0,69,LAND,False,STANDBY,10,6
2026-09-29T18:35:23.066892,-35.3632626,149.1652375,0.003,-0.02,0.0,0.0,0.02409585379064083,0.024096550419926643,242,-0.0006423306185752153,-0.0004362415347713977,-2.0451648235321045,12.587,0.0,69,LAND,False,STANDBY,10,6
2026-09-29T18:35:23.567419,-35.3632626,149.1652375,0.003,-0.02,0.0,0.0,0.02405996434390545,0.02406066656112671,242,-0.00063418346690014,-0.00043830080539919436,-2.0451576709747314,12.587,0.0,69,LAND,False,STANDBY,10,6
2026-09-29T18:35:24.067817,-35.3632626,149.1652375,0.003,-0.02,0.0,0.0,0.02396540902554989,0.023967573419213295,242,-0.0006344009889289737,-0.0004336395941209048,-2.0451500415802,12.587,0.0,69,LAND,False,STANDBY,10,6
2026-09-29T18:35:24.568992,-35.3632626,149.1652375,0.003,-0.02,0.0,0.0,0.024092456325888634,0.024093572050333023,242,-0.0006447262712754309,-0.0004347506328485906,-2.0451407432556152,12.587,0.0,69,LAND,False,STANDBY,10,6
2026-09-29T18:35:25.069965,-35.3632626,149.1652375,0.003,-0.02,0.0,0.0,0.024097206071019173,0.02409905567765236,242,-0.0006407818291336298,-0.00043161510257050395,-2.045135259628296,12.587,0.0,69,LAND,False,STANDBY,10,6
2026-09-29T18:35:25.570888,-35.3632626,149.1652375,0.003,-0.02,0.0,0.0,0.02417675405740738,0.024177908897399902,242,-0.0006398065597750247,-0.0004382336628623307,-2.0451245307922363,12.587,0.0,69,LAND,False,STANDBY,10,6
2026-09-29T18:35:26.071886,-35.3632626,149.1652375,0.002,-0.02,0.0,0.0,0.024126550182700157,0.024129429832100868,242,-0.0006352689815685153,-0.0004394352145027369,-2.0451135635375977,12.587,0.0,69,LAND,False,STANDBY,10,6
2026-09-29T18:35:26.572836,-35.3632626,149.1652375,0.002,-0.02,0.0,0.0,0.02412419207394123,0.024128545075654984,242,-0.0006361433188430965,-0.0004439149342942983,-2.0451059341430664,12.587,0.0,69,LAND,False,STANDBY,10,6
2026-09-29T18:35:27.074051,-35.3632626,149.1652375,0.002,-0.02,0.0,0.0,0.024143287912011147,0.024148862808942795,242,-0.0006283028633333743,-0.00043474551057443023,-2.0450963973999023,12.587,0.0,69,LAND,False,STANDBY,10,6
2026-09-29T18:35:27.574873,-35.3632626,149.1652375,0.002,-0.02,0.0,0.0,0.024006623774766922,0.024010159075260162,242,-0.000625524902716279,-0.0004379398305900395,-2.0450901985168457,12.587,0.0,69,LAND,False,STANDBY,10,6
2026-09-29T18:35:28.075639,-35.3632626,149.1652375,0.002,-0.02,0.0,0.0,0.023880351334810257,0.023883899673819542,242,-0.0006262034294195473,-0.00043770865886472166,-2.0450878143310547,12.587,0.0,69,LAND,False,STANDBY,10,6
2026-09-29T18:35:28.576212,-35.3632626,149.1652375,0.002,-0.02,0.0,0.0,0.02402316965162754,0.024025123566389084,242,-0.0006265759002417326,-0.0004428330867085606,-2.0450832843780518,12.587,0.0,69,LAND,False,STANDBY,10,6
2026-09-29T18:35:29.076832,-35.3632626,149.1652375,0.002,-0.02,0.0,0.0,0.024087699130177498,0.02408885397017002,242,-0.0006309840828180313,-0.00044533167965710163,-2.045069456100464,12.587,0.0,69,LAND,False,STANDBY,10,6
2026-09-29T18:35:29.577370,-35.3632626,149.1652375,0.002,-0.02,0.0,0.0,0.024183284491300583,0.02418353036046028,242,-0.0006379343685694039,-0.00043845330947078764,-2.0450663566589355,12.587,0.0,69,LAND,False,STANDBY,10,6
2026-09-29T18:35:30.077913,-35.3632626,149.1652375,0.002,-0.02,0.0,0.0,0.024016693234443665,0.02401682920753956,242,-0.0006287695723585784,-0.00043090578401461244,-2.0450546741485596,12.587,0.0,69,LAND,False,STANDBY,10,6
2026-09-29T18:35:30.578603,-35.3632626,149.1652375,0.002,-0.02,0.0,0.0,0.023737937211990356,0.023737939074635506,242,-0.0006313776248134673,-0.000439495372120291,-2.045046806335449,12.587,0.0,69,LAND,False,STANDBY,10,6
2026-09-29T18:35:31.078997,-35.3632626,149.1652375,0.002,-0.02,0.0,0.0,0.023818163201212883,0.02381821535527706,242,-0.0006284046685323119,-0.0004304341273382306,-2.04504132270813,12.587,0.0,69,LAND,False,STANDBY,10,6
2026-09-29T18:35:31.579518,-35.3632626,149.1652375,0.003,-0.02,0.0,0.0,0.02373790740966797,0.023738179355859756,242,-0.0006255548214539886,-0.00043332911445759237,-2.045034885406494,12.587,0.0,69,LAND,False,STANDBY,10,6
2026-09-29T18:35:32.080183,-35.3632626,149.1652375,0.003,-0.02,0.0,0.0,0.02366233803331852,0.023663269355893135,242,-0.0006201009964570403,-0.00043063570046797395,-2.0450222492218018,12.587,0.0,69,LAND,False,STANDBY,10,6
2026-09-29T18:35:32.581015,-35.3632626,149.1652375,0.003,-0.02,0.0,0.0,0.023468302562832832,0.02346942573785782,242,-0.0006177541217766702,-0.00043203955283388495,-2.045022964477539,12.587,0.0,69,LAND,False,STANDBY,10,6
2026-09-29T18:35:33.081622,-35.3632626,149.1652375,0.003,-0.02,0.0,0.0,0.02349778078496456,0.02349856309592724,242,-0.0006152738351374865,-0.0004367171204648912,-2.045027017593384,12.587,0.0,69,LAND,False,STANDBY,10,6
2026-09-29T18:35:33.582284,-35.3632626,149.1652375,0.003,-0.02,0.0,0.0,0.02354525774717331,0.023546308279037476,242,-0.0006174012087285519,-0.00044553724001161754,-2.0450148582458496,12.587,0.0,69,LAND,False,STANDBY,10,6
2026-09-29T18:35:34.082831,-35.3632626,149.1652375,0.003,-0.02,0.0,0.0,0.02359563484787941,0.023596730083227158,242,-0.0006106472574174404,-0.0004460923664737493,-2.0450055599212646,12.587,0.0,69,LAND,False,STANDBY,10,6
2026-09-29T18:35:34.583711,-35.3632626,149.1652375,0.003,-0.02,0.0,0.0,0.023649588227272034,0.02365041710436344,242,-0.0006112399278208613,-0.0004471998254302889,-2.0450007915496826,12.587,0.0,69,LAND,False,STANDBY,10,6
2026-09-29T18:35:35.084394,-35.3632626,149.1652375,0.003,-0.02,0.0,0.0,0.023676902055740356,0.023677852004766464,242,-0.0006147515960037708,-0.0004482779186218977,-2.044994592666626,12.587,0.0,69,LAND,False,STANDBY,10,6
2026-09-29T18:35:35.584983,-35.3632626,149.1652375,0.003,-0.02,0.0,0.0,0.02374492585659027,0.02374562993645668,242,-0.000611851632129401,-0.0004501655057538301,-2.044987201690674,12.587,0.0,69,LAND,False,STANDBY,10,6
2026-09-29T18:35:36.085829,-35.3632626,149.1652375,0.003,-0.02,0.0,0.0,0.023778073489665985,0.023778676986694336,242,-0.0006093410192988813,-0.00044170531327836215,-2.044984817504883,12.587,0.0,69,LAND,False,STANDBY,10,6
2026-09-29T18:35:36.586840,-35.3632626,149.1652375,0.003,-0.02,0.0,0.0,0.023644188418984413,0.023644357919692993,242,-0.0006098129670135677,-0.0004360452585387975,-2.0449721813201904,12.587,0.0,69,LAND,False,STANDBY,10,6
2026-09-29T18:35:37.087944,-35.3632626,149.1652375,0.003,-0.02,0.0,0.0,0.02363785170018673,0.023637911304831505,242,-0.0006071603274904191,-0.0004278163833077997,-2.044954776763916,12.587,0.0,69,LAND,False,STANDBY,10,6
2026-09-29T18:35:37.588434,-35.3632626,149.1652375,0.003,-0.02,0.0,0.0,0.023587943986058235,0.023587996140122414,242,-0.0006012928788550198,-0.0004298226849641651,-2.044945001602173,12.587,0.0,69,LAND,False,STANDBY,10,6
2026-09-29T18:35:38.088816,-35.3632626,149.1652375,0.003,-0.02,0.0,0.0,0.02354988269507885,0.023550206795334816,242,-0.0006041175220161676,-0.00043660023948177695,-2.0449326038360596,12.587,0.0,69,LAND,False,STANDBY,10,6
2026-09-29T18:35:38.589370,-35.3632626,149.1652375,0.003,-0.02,0.0,0.0,0.023548373952507973,0.023548532277345657,242,-0.0006091071991249919,-0.0004384598578326404,-2.044924020767212,12.587,0.0,69,LAND,False,STANDBY,10,6
2026-09-29T18:35:39.089866,-35.3632626,149.1652375,0.003,-0.02,0.0,0.0,0.023695286363363266,0.02369563654065132,242,-0.0006112076225690544,-0.0004335164267104119,-2.044919490814209,12.587,0.0,69,LAND,False,STANDBY,10,6
2026-09-29T18:35:39.590476,-35.3632626,149.1652375,0.003,-0.02,0.0,0.0,0.023537157103419304,0.02353912964463234,242,-0.0006091126706451178,-0.0004348147485870868,-2.044910192489624,12.587,0.0,69,LAND,False,STANDBY,10,6
2026-09-29T18:35:40.090884,-35.3632626,149.1652375,0.003,-0.02,0.0,0.0,0.02348453737795353,0.023485982790589333,242,-0.0006081701721996069,-0.00042871487676166,-2.0449020862579346,12.587,0.0,69,LAND,False,STANDBY,10,6
2026-09-29T18:35:40.591662,-35.3632626,149.1652375,0.003,-0.02,0.0,0.0,0.023559365421533585,0.023560579866170883,242,-0.0006127459346316755,-0.00044052748125977814,-2.044898271560669,12.587,0.0,69,LAND,False,STANDBY,10,6
2026-09-29T18:35:41.092298,-35.3632626,149.1652375,0.003,-0.02,0.0,0.0,0.02359919436275959,0.023600110784173012,242,-0.0006154703442007303,-0.0004443080979399383,-2.0448920726776123,12.587,0.0,69,LAND,False,STANDBY,10,6
2026-09-29T18:35:41.592825,-35.3632626,149.1652375,0.003,-0.02,0.0,0.0,0.02378813736140728,0.02378956414759159,242,-0.0006310808821581304,-0.00044620639528147876,-2.044884204864502,12.587,0.0,69,LAND,False,STANDBY,10,6
2026-09-29T18:35:42.093524,-35.3632626,149.1652375,0.003,-0.02,0.0,0.0,0.0237959623336792,0.023796742781996727,242,-0.0006307587609626353,-0.00044954620534554124,-2.0448803901672363,12.587,0.0,69,LAND,False,STANDBY,10,6
2026-09-29T18:35:42.594354,-35.3632626,149.1652375,0.003,-0.02,0.0,0.0,0.02400800585746765,0.024008410051465034,242,-0.0006318522500805557,-0.0004537441418506205,-2.0448696613311768,12.587,0.0,69,LAND,False,STANDBY,10,6
2026-09-29T18:35:43.095180,-35.3632626,149.1652375,0.003,-0.02,0.0,0.0,0.024104755371809006,0.024104760959744453,242,-0.0006265157135203481,-0.00045444880379363894,-2.044865608215332,12.587,0.0,69,LAND,False,STANDBY,10,6
2026-09-29T18:35:43.595935,-35.3632626,149.1652375,0.003,-0.02,0.0,0.0,0.024176832288503647,0.024177122861146927,242,-0.0006273578037507832,-0.00045091405627317727,-2.044856309890747,12.587,0.0,69,LAND,False,STANDBY,10,6
2026-09-29T18:35:44.096829,-35.3632626,149.1652375,0.003,-0.02,0.0,0.0,0.024117404595017433,0.02411777712404728,242,-0.0006171573768369853,-0.00045592800597660244,-2.0448505878448486,12.587,0.0,69,LAND,False,STANDBY,10,6
2026-09-29T18:35:44.597073,-35.3632626,149.1652375,0.003,-0.02,0.0,0.0,0.024209339171648026,0.024210719391703606,242,-0.0006208845879882574,-0.0004544207185972482,-2.0448455810546875,12.587,0.0,69,LAND,False,STANDBY,10,6
2026-09-29T18:35:45.097709,-35.3632626,149.1652375,0.003,-0.02,0.0,0.0,0.02412121370434761,0.024122608825564384,242,-0.0006304647540673614,-0.000451071304269135,-2.0448219776153564,12.587,0.0,69,LAND,False,STANDBY,10,6
2026-09-29T18:35:45.598405,-35.3632626,149.1652375,0.003,-0.02,0.0,0.0,0.02406325750052929,0.024064801633358,242,-0.0006347030284814537,-0.0004483077791519463,-2.044813871383667,12.587,0.0,69,LAND,False,STANDBY,10,6
2026-09-29T18:35:46.098966,-35.3632626,149.1652375,0.002,-0.02,0.0,0.0,0.02415427379310131,0.024155743420124054,242,-0.0006282733520492911,-0.0004421866324264556,-2.0447986125946045,12.587,0.0,69,LAND,False,STANDBY,10,6
2026-09-29T18:35:46.599730,-35.3632626,149.1652375,0.002,-0.02,0.0,0.0,0.024091443046927452,0.024092286825180054,242,-0.0006206459365785122,-0.0004366895882412791,-2.044790029525757,12.587,0.0,69,LAND,False,STANDBY,10,6
2026-09-29T18:35:47.100098,-35.3632626,149.1652375,0.002,-0.02,0.0,0.0,0.02391371876001358,0.023915108293294907,242,-0.0006126523949205875,-0.0004326961934566498,-2.044792652130127,12.587,0.0,69,LAND,False,STANDBY,10,6
2026-09-29T18:35:47.600932,-35.3632626,149.1652375,0.002,-0.02,0.0,0.0,0.023725450038909912,0.02372601628303528,242,-0.0006127574015408754,-0.00043692372855730355,-2.0447893142700195,12.587,0.0,69,LAND,False,STANDBY,10,6
2026-09-29T18:35:48.101475,-35.3632626,149.1652375,0.002,-0.02,0.0,0.0,0.023639794439077377,0.023640522733330727,242,-0.000610125542152673,-0.0004278607084415853,-2.0447769165039062,12.587,0.0,69,LAND,False,STANDBY,10,6
2026-09-29T18:35:48.602290,-35.3632626,149.1652375,0.002,-0.02,0.0,0.0,0.023541158065199852,0.023541847243905067,242,-0.000607490714173764,-0.0004228463221807033,-2.0447702407836914,12.587,0.0,69,LAND,False,STANDBY,10,6
2026-09-29T18:35:49.102831,-35.3632626,149.1652375,0.002,-0.02,0.0,0.0,0.023592809215188026,0.023594306781888008,242,-0.0006166017265059054,-0.00041682820301502943,-2.0447590351104736,12.587,0.0,69,LAND,False,STANDBY,10,6
2026-09-29T18:35:49.603670,-35.3632626,149.1652375,0.002,-0.02,0.0,0.0,0.02352146804332733,0.023521747440099716,242,-0.0006195330061018467,-0.0004085256368853152,-2.044746160507202,12.587,0.0,69,LAND,False,STANDBY,10,6
2026-09-29T18:35:50.104399,-35.3632626,149.1652375,0.002,-0.02,0.0,0.0,0.0235573872923851,0.02355743758380413,242,-0.0006211847066879272,-0.0004054101009387523,-2.044739246368408,12.587,0.0,69,LAND,False,STANDBY,10,6
2026-09-29T18:35:50.605045,-35.3632626,149.1652375,0.003,-0.02,0.0,0.0,0.02336699329316616,0.02336699888110161,242,-0.0006259153597056866,-0.00040435558184981346,-2.0447402000427246,12.587,0.0,69,LAND,False,STANDBY,10,6
2026-09-29T18:35:51.105680,-35.3632626,149.1652375,0.003,-0.02,0.0,0.0,0.02329089865088463,0.023290906101465225,242,-0.000618081190623343,-0.00039904192090034485,-2.044729709625244,12.587,0.0,69,LAND,False,STANDBY,10,6
2026-09-29T18:35:51.606352,-35.3632626,149.1652375,0.003,-0.02,0.0,0.0,0.023279275745153427,0.023279434069991112,242,-0.0006223780219443142,-0.00040238405927084386,-2.0447275638580322,12.587,0.0,69,LAND,False,STANDBY,10,6
2026-09-29T18:35:52.106822,-35.3632626,149.1652375,0.003,-0.02,0.0,0.0,0.023204682394862175,0.02320501022040844,242,-0.0006159096374176443,-0.0004066397959832102,-2.04472017288208,12.587,0.0,69,LAND,False,STANDBY,10,6
2026-09-29T18:35:52.607139,-35.3632626,149.1652375,0.003,-0.02,0.0,0.0,0.02336115948855877,0.023361284285783768,242,-0.0006088759982958436,-0.0004070359864272177,-2.0447165966033936,12.587,0.0,69,LAND,False,STANDBY,10,6
2026-09-29T18:35:53.107758,-35.3632626,149.1652375,0.003,-0.02,0.0,0.0,0.02341323345899582,0.023413801565766335,242,-0.0006063871551305056,-0.0004126506973989308,-2.044708013534546,12.587,0.0,69,LAND,False,STANDBY,10,6
2026-09-29T18:35:53.608411,-35.3632626,149.1652375,0.003,-0.02,0.0,0.0,0.02353592962026596,0.02353648841381073,242,-0.0006151138804852962,-0.0004272882652003318,-2.044705390930176,12.587,0.0,69,LAND,False,STANDBY,10,6
2026-09-29T18:35:54.109132,-35.3632626,149.1652375,0.003,-0.02,0.0,0.0,0.023537443950772285,0.023537689819931984,242,-0.0006029647774994373,-0.00042219561873935163,-2.0446956157684326,12.587,0.0,69,LAND,False,STANDBY,10,6
2026-09-29T18:35:54.609883,-35.3632626,149.1652375,0.003,-0.02,0.0,0.0,0.023573338985443115,0.023573534563183784,242,-0.000608953763730824,-0.0004189112805761397,-2.044687271118164,12.587,0.0,69,LAND,False,STANDBY,10,6
2026-09-29T18:35:55.110773,-35.3632626,149.1652375,0.003,-0.02,0.0,0.0,0.023542294278740883,0.023542430251836777,242,-0.0006107997614890337,-0.00041980959940701723,-2.0446808338165283,12.587,0.0,69,LAND,False,STANDBY,10,6
2026-09-29T18:35:55.611903,-35.3632626,149.1652375,0.003,-0.02,0.0,0.0,0.0236468855291605,0.023646937683224678,242,-0.0006164711667224765,-0.00042862544069066644,-2.0446767807006836,12.587,0.0,69,LAND,False,STANDBY,10,6
2026-09-29T18:35:56.113269,-35.3632626,149.1652375,0.003,-0.02,0.0,0.0,0.02366778440773487,0.02366788499057293,242,-0.0006144249928183854,-0.00044266192708164454,-2.0446739196777344,12.587,0.0,69,LAND,False,STANDBY,10,6
2026-09-29T18:35:56.614140,-35.3632626,149.1652375,0.003,-0.02,0.0,0.0,0.023788055405020714,0.02378826215863228,242,-0.0006058268481865525,-0.0004479581257328391,-2.0446600914001465,12.587,0.0,69,LAND,False,STANDBY,10,6
2026-09-29T18:35:57.114829,-35.3632626,149.1652375,0.003,-0.02,0.0,0.0,0.02369624562561512,0.02369629219174385,242,-0.0006033694953657687,-0.0004469988343771547,-2.044654130935669,12.587,0.0,69,LAND,False,STANDBY,10,6
2026-09-29T18:35:57.615585,-35.3632626,149.1652375,0.003,-0.02,0.0,0.0,0.023495454341173172,0.023495500907301903,242,-0.0006033661193214357,-0.0004467250546440482,-2.0446488857269287,12.587,0.0,69,LAND,False,STANDBY,10,6
2026-09-29T18:35:58.116264,-35.3632626,149.1652375,0.003,-0.02,0.0,0.0,0.023668792098760605,0.023668836802244186,242,-0.0006009928183630109,-0.0004371263785287738,-2.044642210006714,12.587,0.0,69,LAND,False,STANDBY,10,6
2026-09-29T18:35:58.617028,-35.3632626,149.1652375,0.003,-0.02,0.0,0.0,0.0236456710845232,0.023645751178264618,242,-0.0006031862576492131,-0.0004348480433691293,-2.044637680053711,12.587,0.0,69,LAND,False,STANDBY,10,6
2026-09-29T18:35:59.117842,-35.3632626,149.1652375,0.003,-0.02,0.0,0.0,0.023568881675601006,0.02356954663991928,242,-0.0005980824353173375,-0.0004342106985859573,-2.04463267326355,12.587,0.0,69,LAND,False,STANDBY,10,6
2026-09-29T18:35:59.618882,-35.3632626,149.1652375,0.003,-0.02,0.0,0.0,0.0235335361212492,0.023534053936600685,242,-0.0005995650426484644,-0.0004316536651458591,-2.0446267127990723,12.587,0.0,69,LAND,False,STANDBY,10,6
2026-09-29T18:36:00.119659,-35.3632626,149.1652375,0.003,-0.02,0.0,0.0,0.02349250391125679,0.02349264733493328,242,-0.0005921287229284644,-0.0004254706436768174,-2.04461407661438,12.587,0.0,69,LAND,False,STANDBY,10,6
2026-09-29T18:36:00.620146,-35.3632626,149.1652375,0.003,-0.02,0.0,0.0,0.023341644555330276,0.02334170788526535,242,-0.0005970700876787305,-0.00042412878246977925,-2.0446066856384277,12.587,0.0,69,LAND,False,STANDBY,10,6
2026-09-29T18:36:01.121219,-35.3632626,149.1652375,0.003,-0.02,0.0,0.0,0.023354804143309593,0.02335481159389019,242,-0.0005938919493928552,-0.00042434909846633673,-2.0446059703826904,12.587,0.0,69,LAND,False,STANDBY,10,6
2026-09-29T18:36:01.621956,-35.3632626,149.1652375,0.003,-0.02,0.0,0.0,0.023234620690345764,0.023234624415636063,242,-0.0006015811231918633,-0.0004311535449232906,-2.044595718383789,12.587,0.0,69,LAND,False,STANDBY,10,6
2026-09-29T18:36:02.122593,-35.3632626,149.1652375,0.003,-0.02,0.0,0.0,0.023403722792863846,0.023403724655508995,242,-0.0006018400890752673,-0.00043148730765096843,-2.0445990562438965,12.587,0.0,69,LAND,False,STANDBY,10,6
2026-09-29T18:36:02.623421,-35.3632626,149.1652375,0.003,-0.02,0.0,0.0,0.023415181785821915,0.02341564930975437,242,-0.0006042405148036778,-0.0004367027140688151,-2.0445926189422607,12.587,0.0,69,LAND,False,STANDBY,10,6
2026-09-29T18:36:03.123876,-35.3632626,149.1652375,0.003,-0.02,0.0,0.0,0.023503761738538742,0.02350548282265663,242,-0.0005926379817537963,-0.0004311914090067148,-2.0445854663848877,12.587,0.0,69,LAND,False,STANDBY,10,6
2026-09-29T18:36:03.624680,-35.3632626,149.1652375,0.003,-0.02,0.0,0.0,0.023428723216056824,0.02343003638088703,242,-0.0005961598944850266,-0.0004403441562317312,-2.0445783138275146,12.587,0.0,69,LAND,False,STANDBY,10,6
2026-09-29T18:36:04.125085,-35.3632626,149.1652375,0.003,-0.02,0.0,0.0,0.023478468880057335,0.023480214178562164,242,-0.0005946681485511363,-0.0004401596961542964,-2.0445733070373535,12.587,0.0,69,LAND,False,STANDBY,10,6
2026-09-29T18:36:04.625488,-35.3632626,149.1652375,0.002,-0.02,0.0,0.0,0.023552248254418373,0.02355443872511387,242,-0.0005989830242469907,-0.0004308368661440909,-2.0445613861083984,12.587,0.0,69,LAND,False,STANDBY,10,6
2026-09-29T18:36:05.126109,-35.3632626,149.1652375,0.002,-0.02,0.0,0.0,0.023494627326726913,0.023496348410844803,242,-0.0005961098941043019,-0.0004265613970346749,-2.0445566177368164,12.587,0.0,69,LAND,False,STANDBY,10,6
2026-09-29T18:36:05.626414,-35.3632626,149.1652375,0.002,-0.02,0.0,0.0,0.023430241271853447,0.023433078080415726,242,-0.0006024966714903712,-0.0004299240536056459,-2.044548749923706,12.587,0.0,69,LAND,False,STANDBY,10,6
2026-09-29T18:36:06.127068,-35.3632626,149.1652375,0.002,-0.02,0.0,0.0,0.023653794080018997,0.023656442761421204,242,-0.0006058920989744365,-0.000428851752076298,-2.0445430278778076,12.587,0.0,69,LAND,False,STANDBY,10,6
2026-09-29T18:36:06.627719,-35.3632626,149.1652375,0.002,-0.02,0.0,0.0,0.02387416549026966,0.02387668378651142,242,-0.0006104039493948221,-0.00043312308844178915,-2.044538736343384,12.587,0.0,69,LAND,False,STANDBY,10,6
2026-09-29T18:36:07.128352,-35.3632626,149.1652375,0.002,-0.02,0.0,0.0,0.023726893588900566,0.023729240521788597,242,-0.0006077211000956595,-0.0004296278057154268,-2.0445332527160645,12.587,0.0,69,LAND,False,STANDBY,10,6
2026-09-29T18:36:07.628939,-35.3632626,149.1652375,0.002,-0.02,0.0,0.0,0.023685337975621223,0.023687943816184998,242,-0.0006119322497397661,-0.0004409588291309774,-2.04451847076416,12.587,0.0,69,LAND,False,STANDBY,10,6
2026-09-29T18:36:08.129361,-35.3632626,149.1652375,0.002,-0.02,0.0,0.0,0.023631911724805832,0.023634765297174454,242,-0.0006188125698827207,-0.00043910410022363067,-2.044513702392578,12.587,0.0,69,LAND,False,STANDBY,10,6
2026-09-29T18:36:08.629895,-35.3632626,149.1652375,0.002,-0.02,0.0,0.0,0.02371259778738022,0.023714682087302208,242,-0.000627902103587985,-0.0004401804180815816,-2.0445055961608887,12.587,0.0,69,LAND,False,STANDBY,10,6
2026-09-29T18:36:09.130378,-35.3632626,149.1652375,0.002,-0.02,0.0,0.0,0.023745430633425713,0.023746689781546593,242,-0.0006208885461091995,-0.000436429341789335,-2.044499635696411,12.587,0.0,69,LAND,False,STANDBY,10,6
2026-09-29T18:36:09.630835,-35.3632626,149.1652375,0.002,-0.02,0.0,0.0,0.02376473881304264,0.02376607060432434,242,-0.000623605097644031,-0.00043746765004470944,-2.044487714767456,12.587,0.0,69,LAND,False,STANDBY,10,6
2026-09-29T18:36:10.131470,-35.3632626,149.1652375,0.002,-0.02,0.0,0.0,0.023624980822205544,0.023626169189810753,242,-0.0006134716095402837,-0.00042915347148664296,-2.044473886489868,12.587,0.0,69,LAND,False,STANDBY,10,6
2026-09-29T18:36:10.631827,-35.3632626,149.1652375,0.002,-0.02,0.0,0.0,0.023756975308060646,0.02375810220837593,242,-0.0006126024527475238,-0.00043635774636641145,-2.0444583892822266,12.587,0.0,69,LAND,False,STANDBY,10,6
2026-09-29T18:36:11.132402,-35.3632626,149.1652375,0.002,-0.02,0.0,0.0,0.02379617653787136,0.02379707060754299,242,-0.0006139369797892869,-0.00043392801308073103,-2.044448137283325,12.587,0.0,69,LAND,False,STANDBY,10,6
2026-09-29T18:36:11.633134,-35.3632626,149.1652375,0.002,-0.02,0.0,0.0,0.023917753249406815,0.023919006809592247,242,-0.0006127199158072472,-0.0004364827473182231,-2.044435501098633,12.587,0.0,69,LAND,False,STANDBY,10,6
2026-09-29T18:36:12.133982,-35.3632626,149.1652375,0.002,-0.02,0.0,0.0,0.023746643215417862,0.02374829538166523,242,-0.0006053460529074073,-0.0004353095719125122,-2.0444233417510986,12.587,0.0,69,LAND,False,STANDBY,10,6
2026-09-29T18:36:12.634992,-35.3632626,149.1652375,0.002,-0.02,0.0,0.0,0.02369280904531479,0.02369549684226513,242,-0.0006123551866039634,-0.0004306710616219789,-2.0444176197052,12.587,0.0,69,LAND,False,STANDBY,10,6
2026-09-29T18:36:13.135786,-35.3632626,149.1652375,0.002,-0.02,0.0,0.0,0.023662982508540154,0.023665130138397217,242,-0.00061777513474226,-0.00042825445416383445,-2.0444188117980957,12.587,0.0,69,LAND,False,STANDBY,10,6
2026-09-29T18:36:13.636634,-35.3632626,149.1652375,0.002,-0.02,0.0,0.0,0.023667342960834503,0.023668332025408745,242,-0.000618025369476527,-0.0004226137534715235,-2.0444138050079346,12.587,0.0,69,LAND,False,STANDBY,10,6
2026-09-29T18:36:14.136943,-35.3632626,149.1652375,0.002,-0.02,0.0,0.0,0.023628050461411476,0.02362850308418274,242,-0.0006124589708633721,-0.00041811366099864244,-2.044405221939087,12.587,0.0,69,LAND,False,STANDBY,10,6
2026-09-29T18:36:14.637429,-35.3632626,149.1652375,0.002,-0.02,0.0,0.0,0.02355869859457016,0.02355930767953396,242,-0.0006112849223427474,-0.0004245472664479166,-2.0444087982177734,12.587,0.0,69,LAND,False,STANDBY,10,6
2026-09-29T18:36:15.138116,-35.3632626,149.1652375,0.002,-0.02,0.0,0.0,0.02359578385949135,0.023597072809934616,242,-0.0006096081342548132,-0.0004268805496394634,-2.044398546218872,12.587,0.0,69,LAND,False,STANDBY,10,6
2026-09-29T18:36:15.638566,-35.3632626,149.1652375,0.002,-0.02,0.0,0.0,0.023397548124194145,0.02339930273592472,242,-0.0006084877531975508,-0.00042007415322586894,-2.0443966388702393,12.587,0.0,69,LAND,False,STANDBY,10,6
2026-09-29T18:36:16.139112,-35.3632626,149.1652375,0.002,-0.02,0.0,0.0,0.023431913927197456,0.02343417890369892,242,-0.0006078681908547878,-0.0004188421880826354,-2.0443830490112305,12.587,0.0,69,LAND,False,STANDBY,10,6
2026-09-29T18:36:16.639927,-35.3632626,149.1652375,0.002,-0.02,0.0,0.0,0.02339150197803974,0.023393936455249786,242,-0.0006156867602840066,-0.0004206538142170757,-2.044377088546753,12.587,0.0,69,LAND,False,STANDBY,10,6
2026-09-29T18:36:17.140897,-35.3632626,149.1652375,0.002,-0.02,0.0,0.0,0.023353323340415955,0.02335461415350437,242,-0.000614010845310986,-0.0004167718579992652,-2.0443694591522217,12.587,0.0,69,LAND,False,STANDBY,10,6
2026-09-29T18:36:17.641896,-35.3632626,149.1652375,0.002,-0.02,0.0,0.0,0.02337081916630268,0.023371046409010887,242,-0.0006189547711983323,-0.000420176365878433,-2.0443637371063232,12.587,0.0,69,LAND,False,STANDBY,10,6
2026-09-29T18:36:18.142949,-35.3632626,149.1652375,0.002,-0.02,0.0,0.0,0.023417090997099876,0.02341730147600174,242,-0.000610370363574475,-0.0004191710031591356,-2.044353485107422,12.587,0.0,69,LAND,False,STANDBY,10,6
2026-09-29T18:36:18.644072,-35.3632626,149.1652375,0.002,-0.02,0.0,0.0,0.0234659556299448,0.023466136306524277,242,-0.0006062073516659439,-0.00042955836397595704,-2.0443429946899414,12.587,0.0,69,LAND,False,STANDBY,10,6
2026-09-29T18:36:19.144888,-35.3632626,149.1652375,0.003,-0.02,0.0,0.0,0.023632362484931946,0.023633049800992012,242,-0.0006030183867551386,-0.0004257392429281026,-2.0443315505981445,12.587,0.0,69,LAND,False,STANDBY,10,6
2026-09-29T18:36:19.645832,-35.3632626,149.1652375,0.003,-0.02,0.0,0.0,0.023548688739538193,0.023549795150756836,242,-0.0006027404451742768,-0.0004234195512253791,-2.0443358421325684,12.587,0.0,69,LAND,False,STANDBY,10,6
2026-09-29T18:36:20.146607,-35.3632626,149.1652375,0.003,-0.02,0.0,0.0,0.023529866710305214,0.023531155660748482,242,-0.0005959231057204306,-0.0004206022422295064,-2.0443339347839355,12.587,0.0,69,LAND,False,STANDBY,10,6
2026-09-29T18:36:20.646982,-35.3632626,149.1652375,0.003,-0.02,0.0,0.0,0.023671532049775124,0.0236719511449337,242,-0.0006013988167978823,-0.00042553673847578466,-2.044325113296509,12.587,0.0,69,LAND,False,STANDBY,10,6
2026-09-29T18:36:21.147347,-35.3632626,149.1652375,0.003,-0.02,0.0,0.0,0.02360653690993786,0.023607367649674416,242,-0.0005993310478515923,-0.00041655421955510974,-2.0443196296691895,12.587,0.0,69,LAND,False,STANDBY,10,6
2026-09-29T18:36:21.647825,-35.3632626,149.1652375,0.003,-0.02,0.0,0.0,0.02356335148215294,0.023563681170344353,242,-0.0005996585823595524,-0.0004192565684206784,-2.0443148612976074,12.587,0.0,69,LAND,False,STANDBY,10,6
2026-09-29T18:36:22.148568,-35.3632626,149.1652375,0.003,-0.02,0.0,0.0,0.023405972868204117,0.02340610884130001,242,-0.0005964054143987596,-0.00042165571358054876,-2.0443108081817627,12.587,0.0,69,LAND,False,STANDBY,10,6
2026-09-29T18:36:22.649214,-35.3632626,149.1652375,0.003,-0.02,0.0,0.0,0.023441623896360397,0.023441750556230545,242,-0.0006070001400075853,-0.0004321472661104053,-2.0443007946014404,12.587,0.0,69,LAND,False,STANDBY,10,6
2026-09-29T18:36:23.149976,-35.3632626,149.1652375,0.003,-0.02,0.0,0.0,0.023566043004393578,0.023566175252199173,242,-0.0006126561784185469,-0.0004263130540493876,-2.044304370880127,12.587,0.0,69,LAND,False,STANDBY,10,6
2026-09-29T18:36:23.650541,-35.3632626,149.1652375,0.003,-0.02,0.0,0.0,0.023575665429234505,0.02357589825987816,242,-0.0006088337395340204,-0.0004378030716907233,-2.0443007946014404,12.587,0.0,69,LAND,False,STANDBY,10,6
2026-09-29T18:36:24.150901,-35.3632626,149.1652375,0.003,-0.02,0.0,0.0,0.02361585944890976,0.023616839200258255,242,-0.0006072890246286988,-0.0004350466770119965,-2.0442943572998047,12.587,0.0,69,LAND,False,STANDBY,10,6
2026-09-29T18:36:24.651848,-35.3632626,149.1652375,0.003,-0.02,0.0,0.0,0.02384723164141178,0.023848149925470352,242,-0.0006159769836813211,-0.00043248437577858567,-2.0442960262298584,12.587,0.0,69,LAND,False,STANDBY,10,6
2026-09-29T18:36:25.152654,-35.3632626,149.1652375,0.003,-0.02,0.0,0.0,0.023724567145109177,0.02372552827000618,242,-0.0006107987719587982,-0.0004323445609770715,-2.0442864894866943,12.587,0.0,69,LAND,False,STANDBY,10,6
2026-09-29T18:36:25.653615,-35.3632626,149.1652375,0.003,-0.02,0.0,0.0,0.023720646277070045,0.023721380159258842,242,-0.0006132175331003964,-0.0004324527981225401,-2.044280529022217,12.587,0.0,69,LAND,False,STANDBY,10,6
2026-09-29T18:36:26.154481,-35.3632626,149.1652375,0.003,-0.02,0.0,0.0,0.02365831658244133,0.023658502846956253,242,-0.000614764227066189,-0.000431869353633374,-2.0442750453948975,12.587,0.0,69,LAND,False,STANDBY,10,6
2026-09-29T18:36:26.654939,-35.3632626,149.1652375,0.003,-0.02,0.0,0.0,0.023515481501817703,0.02351580373942852,242,-0.0006209193379618227,-0.00043518777238205075,-2.0442657470703125,12.587,0.0,69,LAND,False,STANDBY,10,6
2026-09-29T18:36:27.156380,-35.3632626,149.1652375,0.003,-0.02,0.0,0.0,0.023652760311961174,0.023653168231248856,242,-0.0006195569294504821,-0.000440859526861459,-2.0442583560943604,12.587,0.0,69,LAND,False,STANDBY,10,6
2026-09-29T18:36:27.657841,-35.3632626,149.1652375,0.003,-0.02,0.0,0.0,0.023535341024398804,0.02353620156645775,242,-0.0006179107003845274,-0.0004434446746017784,-2.0442535877227783,12.587,0.0,69,LAND,False,STANDBY,10,6
2026-09-29T18:36:28.158526,-35.3632626,149.1652375,0.003,-0.02,0.0,0.0,0.023715173825621605,0.023715708404779434,242,-0.000607339374255389,-0.00044686440378427505,-2.0442543029785156,12.587,0.0,69,LAND,False,STANDBY,10,6
2026-09-29T18:36:28.659202,-35.3632626,149.1652375,0.003,-0.02,0.0,0.0,0.02366255223751068,0.023662954568862915,242,-0.0006104714702814817,-0.00044903982779942453,-2.0442471504211426,12.587,0.0,69,LAND,False,STANDBY,10,6
2026-09-29T18:36:29.159892,-35.3632626,149.1652375,0.003,-0.02,0.0,0.0,0.02376610040664673,0.02376624383032322,242,-0.0006068098009563982,-0.00045317193144001067,-2.0442471504211426,12.587,0.0,69,LAND,False,STANDBY,10,6
2026-09-29T18:36:29.660904,-35.3632626,149.1652375,0.003,-0.02,0.0,0.0,0.023749275133013725,0.02374928444623947,242,-0.0006035732803866267,-0.00046376706450246274,-2.0442442893981934,12.587,0.0,69,LAND,False,STANDBY,10,6
2026-09-29T18:36:30.161928,-35.3632626,149.1652375,0.003,-0.02,0.0,0.0,0.023745154961943626,0.02374519780278206,242,-0.0006034643156453967,-0.00045962363947182894,-2.044241428375244,12.587,0.0,69,LAND,False,STANDBY,10,6
2026-09-29T18:36:30.662835,-35.3632626,149.1652375,0.003,-0.02,0.0,0.0,0.023758435621857643,0.02375847101211548,242,-0.0005973359220661223,-0.0004592801269609481,-2.044236898422241,12.587,0.0,69,LAND,False,STANDBY,10,6
2026-09-29T18:36:31.163827,-35.3632626,149.1652375,0.003,-0.02,0.0,0.0,0.023862425237894058,0.02386249043047428,242,-0.0006025139009580016,-0.0004517613269854337,-2.0442278385162354,12.587,0.0,69,LAND,False,STANDBY,10,6
2026-09-29T18:36:31.664845,-35.3632626,149.1652375,0.003,-0.02,0.0,0.0,0.023866241797804832,0.023866619914770126,242,-0.0006057514692656696,-0.0004532558668870479,-2.044226884841919,12.587,0.0,69,LAND,False,STANDBY,10,6
2026-09-29T18:36:32.165836,-35.3632626,149.1652375,0.003,-0.02,0.0,0.0,0.023936333134770393,0.023936381563544273,242,-0.0006094701820984483,-0.00044475591857917607,-2.0442159175872803,12.587,0.0,69,LAND,False,STANDBY,10,6
2026-09-29T18:36:32.666822,-35.3632626,149.1652375,0.003,-0.02,0.0,0.0,0.023939557373523712,0.023939574137330055,242,-0.0006119780009612441,-0.0004434064612723887,-2.044212818145752,12.587,0.0,69,LAND,False,STANDBY,10,6
2026-09-29T18:36:33.167434,-35.3632626,149.1652375,0.003,-0.02,0.0,0.0,0.02402389422059059,0.024023905396461487,242,-0.0006126858643256128,-0.00044523089309222996,-2.0442090034484863,12.587,0.0,69,LAND,False,STANDBY,10,6
2026-09-29T18:36:33.667860,-35.3632626,149.1652375,0.003,-0.02,0.0,0.0,0.02391374483704567,0.023913830518722534,242,-0.0006196613539941609,-0.000442476972239092,-2.04420804977417,12.587,0.0,69,LAND,False,STANDBY,10,6
2026-09-29T18:36:34.168550,-35.3632626,149.1652375,0.003,-0.02,0.0,0.0,0.024040715768933296,0.024040764197707176,242,-0.0006119697354733944,-0.00044012366561219096,-2.044198989868164,12.587,0.0,69,LAND,False,STANDBY,10,6
2026-09-29T18:36:34.669208,-35.3632626,149.1652375,0.003,-0.02,0.0,0.0,0.023933982476592064,0.023934058845043182,242,-0.0006065352354198694,-0.00043940061004832387,-2.044194221496582,12.587,0.0,69,LAND,False,STANDBY,10,6
2026-09-29T18:36:35.169840,-35.3632626,149.1652375,0.003,-0.02,0.0,0.0,0.023978760465979576,0.023979006335139275,242,-0.0006057178252376616,-0.0004387308144941926,-2.0441839694976807,12.587,0.0,69,LAND,False,STANDBY,10,6
2026-09-29T18:36:35.670467,-35.3632626,149.1652375,0.003,-0.02,0.0,0.0,0.023915372788906097,0.023915937170386314,242,-0.0006077776197344065,-0.0004304833128117025,-2.0441811084747314,12.587,0.0,69,LAND,False,STANDBY,10,6
2026-09-29T18:36:36.170827,-35.3632626,149.1652375,0.003,-0.02,0.0,0.0,0.0238823052495718,0.02388257347047329,242,-0.0006039923755452037,-0.00042968764319084585,-2.0441789627075195,12.587,0.0,69,LAND,False,STANDBY,10,6
2026-09-29T18:36:36.671477,-35.3632626,149.1652375,0.003,-0.02,0.0,0.0,0.023820234462618828,0.023821748793125153,242,-0.0006001800647936761,-0.0004189384635537863,-2.0441815853118896,12.587,0.0,69,LAND,False,STANDBY,10,6
2026-09-29T18:36:37.171827,-35.3632626,149.1652375,0.003,-0.02,0.0,0.0,0.02367672510445118,0.023677807301282883,242,-0.0006043921457603574,-0.00040870715747587383,-2.0441837310791016,12.587,0.0,69,LAND,False,STANDBY,10,6
2026-09-29T18:36:37.672348,-35.3632626,149.1652375,0.003,-0.02,0.0,0.0,0.023502396419644356,0.02350323088467121,242,-0.0006125102518126369,-0.0004086876870132983,-2.0441784858703613,12.587,0.0,69,LAND,False,STANDBY,10,6
2026-09-29T18:36:38.172826,-35.3632626,149.1652375,0.003,-0.02,0.0,0.0,0.023446641862392426,0.02344725839793682,242,-0.000615407363511622,-0.00039973852108232677,-2.0441763401031494,12.587,0.0,69,LAND,False,STANDBY,10,6
2026-09-29T18:36:38.673486,-35.3632626,149.1652375,0.003,-0.02,0.0,0.0,0.02348504401743412,0.023486465215682983,242,-0.0006111736875027418,-0.0003958878805860877,-2.044180154800415,12.587,0.0,69,LAND,False,STANDBY,10,6
2026-09-29T18:36:39.174030,-35.3632626,149.1652375,0.003,-0.02,0.0,0.0,0.023084089159965515,0.023084649816155434,242,-0.0006111511611379683,-0.0003908181097358465,-2.0441739559173584,12.587,0.0,69,LAND,False,STANDBY,10,6
2026-09-29T18:36:39.674684,-35.3632626,149.1652375,0.003,-0.02,0.0,0.0,0.02319224923849106,0.023192254826426506,242,-0.0006248786230571568,-0.0003951395337935537,-2.0441741943359375,12.587,0.0,69,LAND,False,STANDBY,10,6
2026-09-29T18:36:40.175012,-35.3632626,149.1652375,0.003,-0.02,0.0,0.0,0.023388536646962166,0.02338855154812336,242,-0.0006158767500892282,-0.00039357171044684947,-2.04416823387146,12.587,0.0,69,LAND,False,STANDBY,10,6
2026-09-29T18:36:40.675935,-35.3632626,149.1652375,0.003,-0.02,0.0,0.0,0.023342035710811615,0.023342037573456764,242,-0.0006123664206825197,-0.00039524323074147105,-2.04417085647583,12.587,0.0,69,LAND,False,STANDBY,10,6
2026-09-29T18:36:41.176824,-35.3632626,149.1652375,0.003,-0.02,0.0,0.0,0.023257466033101082,0.02325746789574623,242,-0.0006084942142479122,-0.00039443428977392614,-2.044167995452881,12.587,0.0,69,LAND,False,STANDBY,10,6
2026-09-29T18:36:41.677514,-35.3632626,149.1652375,0.003,-0.02,0.0,0.0,0.02328844740986824,0.023288482800126076,242,-0.0006047369679436088,-0.00040204261313192546,-2.0441641807556152,12.587,0.0,69,LAND,False,STANDBY,10,6
2026-09-29T18:36:42.178164,-35.3632626,149.1652375,0.003,-0.02,0.0,0.0,0.02330164983868599,0.02330177091062069,242,-0.0006024264730513096,-0.00040331450873054564,-2.0441582202911377,12.587,0.0,69,LAND,False,STANDBY,10,6
2026-09-29T18:36:42.679040,-35.3632626,149.1652375,0.003,-0.02,0.0,0.0,0.023310687392950058,0.02331075258553028,242,-0.0006105620414018631,-0.00041083883843384683,-2.0441622734069824,12.587,0.0,69,LAND,False,STANDBY,10,6
2026-09-29T18:36:43.179316,-35.3632626,149.1652375,0.003,-0.02,0.0,0.0,0.023473327979445457,0.02347349189221859,242,-0.0006126940133981407,-0.0004092244489584118,-2.0441641807556152,12.587,0.0,69,LAND,False,STANDBY,10,6
2026-09-29T18:36:43.679831,-35.3632626,149.1652375,0.003,-0.02,0.0,0.0,0.023560352623462677,0.02356048673391342,242,-0.00061987986555323,-0.0004118313081562519,-2.0441737174987793,12.587,0.0,69,LAND,False,STANDBY,10,6
2026-09-29T18:36:44.180548,-35.3632626,149.1652375,0.003,-0.02,0.0,0.0,0.02354195900261402,0.023542173206806183,242,-0.0006160651100799441,-0.0004133302718400955,-2.044177770614624,12.587,0.0,69,LAND,False,STANDBY,10,6
2026-09-29T18:36:44.680826,-35.3632626,149.1652375,0.003,-0.02,0.0,0.0,0.02353346161544323,0.023533713072538376,242,-0.0006133256247267127,-0.00042011140612885356,-2.0441734790802,12.587,0.0,69,LAND,False,STANDBY,10,6
2026-09-29T18:36:45.181492,-35.3632626,149.1652375,0.003,-0.02,0.0,0.0,0.023571623489260674,0.023571660742163658,242,-0.0006079134182073176,-0.000416342809330672,-2.0441770553588867,12.587,0.0,69,LAND,False,STANDBY,10,6
2026-09-29T18:36:45.682056,-35.3632626,149.1652375,0.003,-0.02,0.0,0.0,0.02359878458082676,0.023598885163664818,242,-0.000612700532656163,-0.00041695008985698223,-2.044170379638672,12.587,0.0,69,LAND,False,STANDBY,10,6
2026-09-29T18:36:46.182794,-35.3632626,149.1652375,0.003,-0.02,0.0,0.0,0.023602889850735664,0.023602984845638275,242,-0.0006115284631960094,-0.0004144822305534035,-2.0441815853118896,12.587,0.0,69,LAND,False,STANDBY,10,6
2026-09-29T18:36:46.683364,-35.3632626,149.1652375,0.003,-0.02,0.0,0.0,0.023583827540278435,0.023583848029375076,242,-0.0006125075160525739,-0.00042186843347735703,-2.0441832542419434,12.587,0.0,69,LAND,False,STANDBY,10,6
2026-09-29T18:36:47.184026,-35.3632626,149.1652375,0.003,-0.02,0.0,0.0,0.023677539080381393,0.023677565157413483,242,-0.000596933183260262,-0.0004231903876643628,-2.044174909591675,12.587,0.0,69,LAND,False,STANDBY,10,6
2026-09-29T18:36:47.684598,-35.3632626,149.1652375,0.003,-0.02,0.0,0.0,0.02382528781890869,0.02382543310523033,242,-0.0005994586390443146,-0.0004286460462026298,-2.0441627502441406,12.587,0.0,69,LAND,False,STANDBY,10,6
2026-09-29T18:36:48.185013,-35.3632626,149.1652375,0.003,-0.02,0.0,0.0,0.023793121799826622,0.023793913424015045,242,-0.0005959707777947187,-0.00042972227674908936,-2.0441620349884033,12.587,0.0,69,LAND,False,STANDBY,10,6
2026-09-29T18:36:48.685778,-35.3632626,149.1652375,0.003,-0.02,0.0,0.0,0.02372587099671364,0.023726966232061386,242,-0.0005987717886455357,-0.00042820905218832195,-2.044156789779663,12.587,0.0,69,LAND,False,STANDBY,10,6
2026-09-29T18:36:49.186711,-35.3632626,149.1652375,0.003,-0.02,0.0,0.0,0.02370142564177513,0.023702913895249367,242,-0.0005929623148404062,-0.0004268385819159448,-2.044149160385132,12.587,0.0,69,LAND,False,STANDBY,10,6
2026-09-29T18:36:49.687224,-35.3632626,149.1652375,0.003,-0.02,0.0,0.0,0.023659570142626762,0.023660356178879738,242,-0.0005951520288363099,-0.0004278759297449142,-2.044142961502075,12.587,0.0,69,LAND,False,STANDBY,10,6
2026-09-29T18:36:50.187889,-35.3632626,149.1652375,0.003,-0.02,0.0,0.0,0.023725619539618492,0.023726223036646843,242,-0.0005982944276183844,-0.00042452712659724057,-2.0441441535949707,12.587,0.0,69,LAND,False,STANDBY,10,6
2026-09-29T18:36:50.688830,-35.3632626,149.1652375,0.003,-0.02,0.0,0.0,0.02365020662546158,0.023650718852877617,242,-0.0005993921658955514,-0.000431638618465513,-2.044137716293335,12.587,0.0,69,LAND,False,STANDBY,10,6
2026-09-29T18:36:51.189785,-35.3632626,149.1652375,0.003,-0.02,0.0,0.0,0.023456592112779617,0.023457631468772888,242,-0.0005896295770071447,-0.00042474010842852294,-2.0441386699676514,12.587,0.0,69,LAND,False,STANDBY,10,6
2026-09-29T18:36:51.690309,-35.3632626,149.1652375,0.003,-0.02,0.0,0.0,0.023409953340888023,0.023412270471453667,242,-0.0005977651453576982,-0.00042299932101741433,-2.0441396236419678,12.587,0.0,69,LAND,False,STANDBY,10,6
2026-09-29T18:36:52.190905,-35.3632626,149.1652375,0.002,-0.02,0.0,0.0,0.023423176258802414,0.023426024243235588,242,-0.0005976769025437534,-0.0004154233611188829,-2.0441341400146484,12.587,0.0,69,LAND,False,STANDBY,10,6
2026-09-29T18:36:52.691531,-35.3632626,149.1652375,0.002,-0.02,0.0,0.0,0.023475173860788345,0.023480402305722237,242,-0.0005980004207231104,-0.0004203362623229623,-2.0441341400146484,12.587,0.0,69,LAND,False,STANDBY,10,6
2026-09-29T18:36:53.192344,-35.3632626,149.1652375,0.002,-0.02,0.0,0.0,0.02352934330701828,0.023532047867774963,242,-0.0005929091712459922,-0.0004285649920348078,-2.0441298484802246,12.587,0.0,69,LAND,False,STANDBY,10,6
2026-09-29T18:36:53.693085,-35.3632626,149.1652375,0.002,-0.02,0.0,0.0,0.023511715233325958,0.023512834683060646,242,-0.000592751195654273,-0.00044046578113920987,-2.044121503829956,12.587,0.0,69,LAND,False,STANDBY,10,6
2026-09-29T18:36:54.193537,-35.3632626,149.1652375,0.002,-0.02,0.0,0.0,0.0233989879488945,0.02339957281947136,242,-0.000593717151787132,-0.00044424092629924417,-2.0441222190856934,12.587,0.0,69,LAND,False,STANDBY,10,6
2026-09-29T18:36:54.693883,-35.3632626,149.1652375,0.002,-0.02,0.0,0.0,0.023451050743460655,0.023451833054423332,242,-0.0005988920456729829,-0.0004404961073305458,-2.044124126434326,12.587,0.0,69,LAND,False,STANDBY,10,6
2026-09-29T18:36:55.194451,-35.3632626,149.1652375,0.002,-0.02,0.0,0.0,0.023589815944433212,0.023590242490172386,242,-0.0005989554338157177,-0.00043886195635423064,-2.044111728668213,12.587,0.0,69,LAND,False,STANDBY,10,6
2026-09-29T18:36:55.694832,-35.3632626,149.1652375,0.002,-0.02,0.0,0.0,0.023704396560788155,0.023704715073108673,242,-0.0006053379620425403,-0.00043030743836425245,-2.044110059738159,12.587,0.0,69,LAND,False,STANDBY,10,6
2026-09-29T18:36:56.195303,-35.3632626,149.1652375,0.002,-0.02,0.0,0.0,0.023742832243442535,0.023742837831377983,242,-0.0006030655931681395,-0.00042998872231692076,-2.0441112518310547,12.587,0.0,69,LAND,False,STANDBY,10,6
2026-09-29T18:36:56.696111,-35.3632626,149.1652375,0.002,-0.02,0.0,0.0,0.023675011470913887,0.023675208911299706,242,-0.0006097497534938157,-0.00042708354885689914,-2.0441126823425293,12.587,0.0,69,LAND,False,STANDBY,10,6
2026-09-29T18:36:57.196826,-35.3632626,149.1652375,0.003,-0.02,0.0,0.0,0.023732012137770653,0.023732060566544533,242,-0.000606115791015327,-0.00043178716441616416,-2.0441131591796875,12.587,0.0,69,LAND,False,STANDBY,10,6
2026-09-29T18:36:57.698176,-35.3632626,149.1652375,0.003,-0.02,0.0,0.0,0.023689867928624153,0.023690106347203255,242,-0.0006091264076530933,-0.00043264083797112107,-2.0441107749938965,12.587,0.0,69,LAND,False,STANDBY,10,6
2026-09-29T18:36:58.198934,-35.3632626,149.1652375,0.003,-0.02,0.0,0.0,0.023806340992450714,0.02380647324025631,242,-0.0006111815455369651,-0.00043557040044106543,-2.04411244392395,12.587,0.0,69,LAND,False,STANDBY,10,6
2026-09-29T18:36:58.700207,-35.3632626,149.1652375,0.003,-0.02,0.0,0.0,0.023807983845472336,0.023808186873793602,242,-0.0006221092189662158,-0.0004402519261930138,-2.0441153049468994,12.587,0.0,69,LAND,False,STANDBY,10,6
2026-09-29T18:36:59.201908,-35.3632626,149.1652375,0.003,-0.02,0.0,0.0,0.024076765403151512,0.024077020585536957,242,-0.0006329940515570343,-0.00043687084689736366,-2.044109344482422,12.587,0.0,69,LAND,False,STANDBY,10,6
2026-09-29T18:36:59.705910,-35.3632626,149.1652375,0.003,-0.02,0.0,0.0,0.023798195645213127,0.023798249661922455,242,-0.0006315389182418585,-0.0004373071133159101,-2.0441081523895264,12.587,0.0,69,LAND,False,STANDBY,10,6
2026-09-29T18:37:00.208779,-35.3632626,149.1652375,0.003,-0.02,0.0,0.0,0.024193869903683662,0.024194059893488884,242,-0.0006369086331687868,-0.00044705061009153724,-2.0441038608551025,12.587,0.0,69,LAND,False,STANDBY,10,6
2026-09-29T18:37:00.714022,-35.3632626,149.1652375,0.003,-0.02,0.0,0.0,0.02403729036450386,0.024037495255470276,242,-0.0006243077223189175,-0.0004454194859135896,-2.0440988540649414,12.587,0.0,69,LAND,False,STANDBY,10,6
2026-09-29T18:37:01.215207,-35.3632626,149.1652375,0.003,-0.02,0.0,0.0,0.024343937635421753,0.024344194680452347,242,-0.0006281827809289098,-0.0004490430583246052,-2.0441031455993652,12.587,0.0,69,LAND,False,STANDBY,10,6
2026-09-29T18:37:01.717938,-35.3632626,149.1652375,0.003,-0.02,0.0,0.0,0.024098170921206474,0.02409825474023819,242,-0.0006242666277103126,-0.00044965531560592353,-2.0441079139709473,12.587,0.0,69,LAND,False,STANDBY,10,6
2026-09-29T18:37:02.218963,-35.3632626,149.1652375,0.003,-0.02,0.0,0.0,0.024485154077410698,0.024485429748892784,242,-0.0006347991293296218,-0.0004578519146889448,-2.0440924167633057,12.587,0.0,69,LAND,False,STANDBY,10,6
2026-09-29T18:37:02.719447,-35.3632626,149.1652375,0.003,-0.02,0.0,0.0,0.024285174906253815,0.024285340681672096,242,-0.0006265832344070077,-0.0004519513458944857,-2.04408860206604,12.587,0.0,69,LAND,False,STANDBY,10,6
2026-09-29T18:37:03.220612,-35.3632626,149.1652375,0.003,-0.02,0.0,0.0,0.024328019469976425,0.024328427389264107,242,-0.0006230076542124152,-0.00044091546442359686,-2.0440781116485596,12.587,0.0,69,LAND,False,STANDBY,10,6
2026-09-29T18:37:03.721056,-35.3632626,149.1652375,0.003,-0.02,0.0,0.0,0.023883432149887085,0.023883963003754616,242,-0.0006014935788698494,-0.0004187774902675301,-2.0440635681152344,12.587,0.0,69,LAND,False,STANDBY,10,6
2026-09-29T18:37:04.221702,-35.3632626,149.1652375,0.003,-0.02,0.0,0.0,0.023944992572069168,0.023945875465869904,242,-0.0005839889054186642,-0.00040156132308766246,-2.0440452098846436,12.587,0.0,69,LAND,False,STANDBY,10,6
2026-09-29T18:37:04.722707,-35.3632626,149.1652375,0.003,-0.02,0.0,0.0,0.023359188809990883,0.023360909894108772,242,-0.0005467396695166826,-0.00036423574783839285,-2.0440123081207275,12.587,0.0,69,LAND,False,STANDBY,10,6
2026-09-29T18:37:05.223223,-35.3632626,149.1652375,0.002,-0.02,0.0,0.0,0.023083005100488663,0.023084569722414017,242,-0.0005098324036225677,-0.0003343862190376967,-2.043970823287964,12.587,0.0,69,LAND,False,STANDBY,10,6
2026-09-29T18:37:05.724375,-35.3632626,149.1652375,0.002,-0.02,0.0,0.0,0.022294161841273308,0.022294970229268074,242,-0.00047144200652837753,-0.0002927444875240326,-2.0439224243164062,12.587,0.0,69,LAND,False,STANDBY,10,6
2026-09-29T18:37:06.226688,-35.3632626,149.1652375,0.002,-0.02,0.0,0.0,0.021775322034955025,0.021775707602500916,242,-0.00043017425923608243,-0.00025399975129403174,-2.0438802242279053,12.587,0.0,69,LAND,False,STANDBY,10,6
2026-09-29T18:37:06.727379,-35.3632626,149.1652375,0.002,-0.01,0.0,0.0,0.020741304382681847,0.020741697400808334,242,-0.0003742222615983337,-0.00019883023924194276,-2.04382061958313,12.587,0.0,69,LAND,False,STANDBY,10,6
2026-09-29T18:37:07.227836,-35.3632626,149.1652375,0.003,-0.01,0.0,0.0,0.01995682716369629,0.01995696872472763,242,-0.0003229909634683281,-0.00015654132585041225,-2.0437541007995605,12.587,0.0,69,LAND,False,STANDBY,10,6
2026-09-29T18:37:07.730402,-35.3632626,149.1652375,0.003,-0.01,0.0,0.0,0.018624046817421913,0.01862410083413124,242,-0.00026373774744570255,-0.00010941753134829924,-2.043680429458618,12.587,0.0,69,LAND,False,STANDBY,10,6
2026-09-29T18:37:08.231163,-35.3632626,149.1652375,0.003,-0.01,0.0,0.0,0.017680395394563675,0.017680402845144272,242,-0.00021793576888740063,-5.235645949142054e-05,-2.043606996536255,12.587,0.0,69,LAND,False,STANDBY,10,6
2026-09-29T18:37:08.731769,-35.3632626,149.1652375,0.003,-0.01,0.0,0.0,0.016235683113336563,0.016235727816820145,242,-0.00016000473988242447,-8.156911235346342e-07,-2.0435290336608887,12.587,0.0,69,LAND,False,STANDBY,10,6
2026-09-29T18:37:09.232064,-35.3632626,149.1652375,0.003,-0.01,0.0,0.0,0.01522071473300457,0.015220919623970985,242,-0.00010582576942397282,4.514637839747593e-05,-2.0434415340423584,12.587,0.0,69,LAND,False,STANDBY,10,6
2026-09-29T18:37:09.734141,-35.3632626,149.1652375,0.003,-0.01,0.0,0.0,0.013766695745289326,0.013767408207058907,242,-4.857520980294794e-05,0.00010275998647557572,-2.0433521270751953,12.587,0.0,69,LAND,False,STANDBY,10,6
2026-09-29T18:37:10.238193,-35.3632626,149.1652375,0.003,-0.01,0.0,0.0,0.012825632467865944,0.012825952842831612,242,3.7749643979623215e-06,0.0001466879912186414,-2.0432538986206055,12.587,0.0,69,LAND,False,STANDBY,10,6
2026-09-29T18:37:10.738842,-35.3632626,149.1652375,0.003,-0.01,0.0,0.0,0.011494412086904049,0.011494752950966358,242,5.405613410403021e-05,0.0002031022304436192,-2.0431737899780273,12.587,0.0,69,LAND,False,STANDBY,10,6
2026-09-29T18:37:11.239724,-35.3632626,149.1652375,0.003,0.0,0.0,0.0,0.010553334839642048,0.010553368367254734,242,9.740604582475498e-05,0.00024540151935070753,-2.043069839477539,12.587,0.0,69,LAND,False,STANDBY,10,6
2026-09-29T18:37:11.741324,-35.3632626,149.1652375,0.003,0.0,0.0,0.0,0.00929086934775114,0.00929101649671793,242,0.00014520685363095254,0.0002982222649734467,-2.042961597442627,12.587,0.0,69,LAND,False,STANDBY,10,6
2026-09-29T18:37:12.245427,-35.3632626,149.1652375,0.003,0.0,0.0,0.0,0.008281034417450428,0.008281067945063114,242,0.00019823717593681067,0.0003452160453889519,-2.0428481101989746,12.587,0.0,69,LAND,False,STANDBY,10,6
2026-09-29T18:37:12.745823,-35.3632626,149.1652375,0.003,0.0,0.0,0.0,0.007135751657187939,0.007135765161365271,242,0.00024412125640083104,0.00039863615529611707,-2.042729377746582,12.587,0.0,69,LAND,False,STANDBY,10,6
2026-09-29T18:37:13.246463,-35.3632626,149.1652375,0.003,0.0,0.0,0.0,0.0061226533725857735,0.0061236051842570305,242,0.00028450676472857594,0.0004407059750519693,-2.0426156520843506,12.587,0.0,69,LAND,False,STANDBY,10,6
2026-09-29T18:37:13.747987,-35.3632626,149.1652375,0.003,0.0,0.0,0.0,0.005088948644697666,0.005089757964015007,242,0.00031996186589822173,0.00048234465066343546,-2.042484760284424,12.587,0.0,69,LAND,False,STANDBY,10,6
2026-09-29T18:37:14.251941,-35.3632626,149.1652375,0.003,0.0,0.0,0.0,0.004196514375507832,0.004197744652628899,242,0.0003579281910788268,0.0005281402845866978,-2.042353391647339,12.587,0.0,69,LAND,False,STANDBY,10,6
2026-09-29T18:37:14.752525,-35.3632626,149.1652375,0.003,0.0,0.0,0.0,0.0032326476648449898,0.0032343892380595207,242,0.00040111018461175263,0.0005730609991587698,-2.0422229766845703,12.587,0.0,69,LAND,False,STANDBY,10,6
2026-09-29T18:37:15.252841,-35.3632626,149.1652375,0.003,0.0,0.0,0.0,0.0024030779022723436,0.0024048571940511465,243,0.0004419113101903349,0.0006201281794346869,-2.0420823097229004,12.587,0.0,69,LAND,False,STANDBY,10,6
2026-09-29T18:37:15.753157,-35.3632626,149.1652375,0.003,0.0,0.0,0.0,0.0014176523545756936,0.0014183626044541597,243,0.0004790499806404114,0.0006613748264499009,-2.0419352054595947,12.587,0.0,69,LAND,False,STANDBY,10,6
2026-09-29T18:37:16.253824,-35.3632626,149.1652375,0.003,0.0,0.0,0.0,0.00045953417429700494,0.00047084144898690283,243,0.0005155996768735349,0.0007000575424171984,-2.041794776916504,12.587,0.0,69,LAND,False,STANDBY,10,6
2026-09-29T18:37:16.754526,-35.3632626,149.1652375,0.003,0.0,0.0,0.0,0.0002540679124649614,0.00026108635938726366,243,0.0005472942721098661,0.0007346966303884983,-2.0416433811187744,12.587,0.0,69,LAND,False,STANDBY,10,6
2026-09-29T18:37:17.254831,-35.3632626,149.1652375,0.003,0.0,0.0,0.0,0.0010327149648219347,0.0010333993704989552,243,0.0005885469145141542,0.000774188491050154,-2.041498899459839,12.587,0.0,69,LAND,False,STANDBY,10,6
2026-09-29T18:37:17.755492,-35.3632626,149.1652375,0.003,0.0,0.0,0.0,0.001886716578155756,0.0018871959764510393,243,0.0006209610146470368,0.0008147872285917401,-2.04134464263916,12.587,0.0,69,LAND,False,STANDBY,10,6
2026-09-29T18:37:18.255824,-35.3632625,149.1652375,0.003,0.0,0.0,0.0,0.0028009337838739157,0.0028010280802845955,243,0.0006582443602383137,0.0008479157695546746,-2.0411901473999023,12.587,0.0,69,LAND,False,STANDBY,10,6
2026-09-29T18:37:18.756194,-35.3632625,149.1652375,0.003,0.0,0.0,0.0,0.0035935475025326014,0.0035937284119427204,243,0.0006868624477647245,0.0008832584135234356,-2.041029691696167,12.587,0.0,69,LAND,False,STANDBY,10,6
2026-09-29T18:37:19.256826,-35.3632625,149.1652375,0.003,0.0,0.0,0.0,0.004253183491528034,0.0042542931623756886,243,0.000717737537343055,0.0009146897355094552,-2.040865182876587,12.587,0.0,69,LAND,False,STANDBY,10,6
2026-09-29T18:37:19.757367,-35.3632625,149.1652375,0.003,0.0,0.0,0.0,0.004883462563157082,0.004883989226073027,243,0.0007474515587091446,0.0009346095030196011,-2.040695905685425,12.587,0.0,69,LAND,False,STANDBY,10,6
2026-09-29T18:37:20.257983,-35.3632625,149.1652375,0.003,0.0,0.0,0.0,0.005531812086701393,0.005532331299036741,243,0.0007771336822770536,0.000958164397161454,-2.0405197143554688,12.587,0.0,69,LAND,False,STANDBY,10,6
2026-09-29T18:37:20.759478,-35.3632625,149.1652375,0.003,0.0,0.0,0.0,0.00601676432415843,0.0060179345309734344,243,0.0008004643605090678,0.0009806937305256724,-2.0403430461883545,12.587,0.0,69,LAND,False,STANDBY,10,6
2026-09-29T18:37:21.261406,-35.3632625,149.1652375,0.003,0.0,0.0,0.0,0.006579051725566387,0.006579187698662281,243,0.0008254589047282934,0.0010116116609424353,-2.040165424346924,12.587,0.0,69,LAND,False,STANDBY,10,6
2026-09-29T18:37:21.761901,-35.3632625,149.1652375,0.003,0.0,0.0,0.0,0.007068711332976818,0.0070689064450562,243,0.0008535152883268893,0.0010406116489320993,-2.0399789810180664,12.587,0.0,69,LAND,False,STANDBY,10,6
2026-09-29T18:37:22.262384,-35.3632625,149.1652375,0.003,0.0,0.0,0.0,0.007701870519667864,0.007701881695538759,243,0.0008782602963037789,0.001072153216227889,-2.0397965908050537,12.587,0.0,69,LAND,False,STANDBY,10,6
2026-09-29T18:37:22.762843,-35.3632625,149.1652375,0.003,0.0,0.0,0.0,0.008208803832530975,0.008208955638110638,243,0.0009050400694832206,0.0010883754584938288,-2.0396134853363037,12.587,0.0,69,LAND,False,STANDBY,10,6
2026-09-29T18:37:23.263368,-35.3632625,149.1652375,0.003,0.0,0.0,0.0,0.008832716383039951,0.008833304978907108,243,0.0009250378934666514,0.001114070531912148,-2.0394177436828613,12.587,0.0,69,LAND,False,STANDBY,10,6
2026-09-29T18:37:23.763837,-35.3632625,149.1652375,0.002,0.0,0.0,0.0,0.009171679615974426,0.009172098711133003,243,0.0009479154250584543,0.001123460358940065,-2.039228916168213,12.587,0.0,69,LAND,False,STANDBY,10,6
2026-09-29T18:37:24.264166,-35.3632625,149.1652375,0.002,0.0,0.0,0.0,0.009700436145067215,0.009700622409582138,243,0.0009651142754592001,0.0011482115369290113,-2.0390303134918213,12.587,0.0,69,LAND,False,STANDBY,10,6
2026-09-29T18:37:24.764729,-35.3632625,149.1652375,0.003,0.0,0.0,0.0,0.009918353520333767,0.00991849321871996,243,0.0009835005039349198,0.0011668881634250283,-2.038825511932373,12.587,0.0,69,LAND,False,STANDBY,10,6
2026-09-29T18:37:25.265418,-35.3632625,149.1652375,0.003,0.0,0.0,0.0,0.010376960039138794,0.010376979596912861,243,0.0009947237558662891,0.0011921700788661838,-2.0386288166046143,12.587,0.0,69,LAND,False,STANDBY,10,6
2026-09-29T18:37:25.765969,-35.3632625,149.1652375,0.003,0.01,0.0,0.0,0.010755251161754131,0.010755953378975391,243,0.0010129468282684684,0.0012024198658764362,-2.038421392440796,12.587,0.0,69,LAND,False,STANDBY,10,6
2026-09-29T18:37:26.266654,-35.3632625,149.1652375,0.003,0.01,0.0,0.0,0.011284956708550453,0.011285031214356422,243,0.00102904939558357,0.0012247995473444462,-2.0382161140441895,12.587,0.0,69,LAND,False,STANDBY,10,6
2026-09-29T18:37:26.767182,-35.3632625,149.1652375,0.003,0.01,0.0,0.0,0.01150453370064497,0.01150453370064497,243,0.0010501024080440402,0.001240861602127552,-2.038005828857422,12.587,0.0,69,LAND,False,STANDBY,10,6
2026-09-29T18:37:27.267835,-35.3632625,149.1652375,0.003,0.01,0.0,0.0,0.011896098032593727,0.011896111071109772,243,0.0010773598914965987,0.0012615000596269965,-2.0377962589263916,12.587,0.0,69,LAND,False,STANDBY,10,6
2026-09-29T18:37:27.768495,-35.3632625,149.1652375,0.003,0.01,0.0,0.0,0.012178911827504635,0.012179652228951454,243,0.0011045443825423717,0.0012757886433973908,-2.037583589553833,12.587,0.0,69,LAND,False,STANDBY,10,6
2026-09-29T18:37:28.268926,-35.3632625,149.1652375,0.002,0.01,0.0,0.0,0.012936105020344257,0.012938663363456726,243,0.0011264600325375795,0.0012933850521221757,-2.0373706817626953,12.587,0.0,69,LAND,False,STANDBY,10,6
2026-09-29T18:37:28.769572,-35.3632625,149.1652375,0.002,0.01,0.0,0.0,0.013228573836386204,0.013230842538177967,243,0.001145613263361156,0.0013141442323103547,-2.037163496017456,12.587,0.0,69,LAND,False,STANDBY,10,6
2026-09-29T18:37:29.269815,-35.3632625,149.1652375,0.002,0.01,0.0,0.0,0.013893583789467812,0.013894816860556602,243,0.0011661893222481012,0.0013329043285921216,-2.0369508266448975,12.587,0.0,69,LAND,False,STANDBY,10,6
2026-09-29T18:37:29.770471,-35.3632625,149.1652375,0.002,0.01,0.0,0.0,0.014216532930731773,0.014217349700629711,243,0.001183000043965876,0.0013459485489875078,-2.0367372035980225,12.587,0.0,69,LAND,False,STANDBY,10,6
2026-09-29T18:37:30.270826,-35.3632625,149.1652375,0.002,0.01,0.0,0.0,0.01457520853728056,0.014576940797269344,243,0.001193588599562645,0.0013611741596832871,-2.03651762008667,12.587,0.0,69,LAND,False,STANDBY,10,6
2026-09-29T18:37:30.771507,-35.3632625,149.1652375,0.002,0.01,0.0,0.0,0.014638211578130722,0.014642092399299145,243,0.0012074612313881516,0.0013649509055539966,-2.0362915992736816,12.587,0.0,69,LAND,False,STANDBY,10,6
2026-09-29T18:37:31.272363,-35.3632625,149.1652375,0.002,0.01,0.0,0.0,0.014971989206969738,0.01497555896639824,243,0.0012305998243391514,0.0013779732398688793,-2.0360724925994873,12.587,0.0,69,LAND,False,STANDBY,10,6
2026-09-29T18:37:31.772851,-35.3632625,149.1652375,0.002,0.01,0.0,0.0,0.015145617537200451,0.015149994753301144,243,0.001241368125192821,0.00138875434640795,-2.035846710205078,12.587,0.0,69,LAND,False,STANDBY,10,6
2026-09-29T18:37:32.273354,-35.3632624,149.1652375,0.002,0.01,0.0,0.0,0.015768779441714287,0.01577361859381199,243,0.0012545522768050432,0.0014093935023993254,-2.0356194972991943,12.587,0.0,69,LAND,False,STANDBY,10,6
2026-09-29T18:37:32.773893,-35.3632624,149.1652375,0.002,0.01,0.0,0.0,0.01589815504848957,0.01590118557214737,243,0.0012668479466810822,0.001428211689926684,-2.035385847091675,12.587,0.0,69,LAND,False,STANDBY,10,6
2026-09-29T18:37:33.274488,-35.3632624,149.1652375,0.002,0.01,0.0,0.0,0.016360118985176086,0.01636131852865219,243,0.0012771867914125323,0.0014414677862077951,-2.0351595878601074,12.587,0.0,69,LAND,False,STANDBY,10,6
2026-09-29T18:37:33.774843,-35.3632624,149.1652375,0.002,0.01,0.0,0.0,0.016492066904902458,0.01649307645857334,243,0.001282474840991199,0.00145230523776263,-2.0349411964416504,12.587,0.0,69,LAND,False,STANDBY,10,6
2026-09-29T18:37:34.275195,-35.3632624,149.1652375,0.002,0.01,0.0,0.0,0.0169393178075552,0.01693946123123169,243,0.0012857503024861217,0.0014537437818944454,-2.03470778465271,12.587,0.0,69,LAND,False,STANDBY,10,6
2026-09-29T18:37:34.775829,-35.3632624,149.1652375,0.002,0.01,0.0,0.0,0.017044536769390106,0.017044570297002792,243,0.0012913586106151342,0.001464443514123559,-2.0344796180725098,12.587,0.0,69,LAND,False,STANDBY,10,6
2026-09-29T18:37:35.276251,-35.3632624,149.1652375,0.002,0.01,0.0,0.0,0.01727517880499363,0.0172752495855093,243,0.0012993301497772336,0.001483769272454083,-2.0342535972595215,12.587,0.0,69,LAND,False,STANDBY,10,6
2026-09-29T18:37:35.776816,-35.3632624,149.1652375,0.002,0.01,0.0,0.0,0.01717889867722988,0.01717890426516533,243,0.0012955685378983617,0.0014872049214318395,-2.0340209007263184,12.587,0.0,69,LAND,False,STANDBY,10,6
2026-09-29T18:37:36.277075,-35.3632624,149.1652375,0.002,0.01,0.0,0.0,0.01750793866813183,0.017507947981357574,243,0.0013073338195681572,0.0014993102522566915,-2.0337960720062256,12.587,0.0,69,LAND,False,STANDBY,10,6
2026-09-29T18:37:36.777496,-35.3632624,149.1652375,0.002,0.01,0.0,0.0,0.01745828427374363,0.01745830848813057,243,0.0013092011213302612,0.0015061642043292522,-2.033557891845703,12.587,0.0,69,LAND,False,STANDBY,10,6
2026-09-29T18:37:37.278018,-35.3632624,149.1652375,0.002,0.01,0.0,0.0,0.01772483065724373,0.01772485300898552,243,0.0013250261545181274,0.001519574667327106,-2.0333328247070312,12.587,0.0,69,LAND,False,STANDBY,10,6
2026-09-29T18:37:37.778646,-35.3632624,149.1652375,0.002,0.01,0.0,0.0,0.017720231786370277,0.017720235511660576,243,0.0013262253487482667,0.0015163724310696125,-2.0331053733825684,12.587,0.0,69,LAND,False,STANDBY,10,6
2026-09-29T18:37:38.278817,-35.3632624,149.1652375,0.002,0.01,0.0,0.0,0.01814262382686138,0.01814262755215168,243,0.0013363150646910071,0.0015302712563425303,-2.032862663269043,12.587,0.0,69,LAND,False,STANDBY,10,6
2026-09-29T18:37:38.779413,-35.3632624,149.1652375,0.002,0.01,0.0,0.0,0.018033450469374657,0.018033452332019806,243,0.0013415137073025107,0.0015282788081094623,-2.032622814178467,12.587,0.0,69,LAND,False,STANDBY,10,6
2026-09-29T18:37:39.279823,-35.3632624,149.1652375,0.002,0.01,0.0,0.0,0.018397225067019463,0.01839723438024521,243,0.001351793296635151,0.0015380624681711197,-2.032388687133789,12.587,0.0,69,LAND,False,STANDBY,10,6
2026-09-29T18:37:39.780316,-35.3632624,149.1652375,0.002,0.01,0.0,0.0,0.01827668771147728,0.01827668957412243,243,0.0013623086269944906,0.0015425363089889288,-2.0321505069732666,12.587,0.0,69,LAND,False,STANDBY,10,6
2026-09-29T18:37:40.280942,-35.3632624,149.1652375,0.002,0.01,0.0,0.0,0.018600618466734886,0.018600640818476677,243,0.001372572616674006,0.0015643611550331116,-2.0319087505340576,12.587,0.0,69,LAND,False,STANDBY,10,6
2026-09-29T18:37:40.781309,-35.3632624,149.1652375,0.002,0.01,0.0,0.0,0.018598103895783424,0.018598344177007675,243,0.001372646656818688,0.0015776717336848378,-2.0316693782806396,12.587,0.0,69,LAND,False,STANDBY,10,6
2026-09-29T18:37:41.281829,-35.3632624,149.1652375,0.002,0.01,0.0,0.0,0.018993156030774117,0.0189931932836771,243,0.0013838071608915925,0.001585905672982335,-2.03143572807312,12.587,0.0,69,LAND,False,STANDBY,10,6
2026-09-29T18:37:41.782493,-35.3632624,149.1652375,0.002,0.01,0.0,0.0,0.01888788864016533,0.01888841763138771,243,0.0013879046309739351,0.0015904627507552505,-2.0311996936798096,12.587,0.0,69,LAND,False,STANDBY,10,6
2026-09-29T18:37:42.283007,-35.3632624,149.1652375,0.002,0.01,0.0,0.0,0.019290274009108543,0.019290508702397346,243,0.0014058755477890372,0.0015939329750835896,-2.0309627056121826,12.587,0.0,69,LAND,False,STANDBY,10,6
2026-09-29T18:37:42.783304,-35.3632624,149.1652375,0.002,0.01,0.0,0.0,0.019219450652599335,0.019219575449824333,243,0.0014138653641566634,0.0015956521965563297,-2.030717372894287,12.587,0.0,69,LAND,False,STANDBY,10,6
2026-09-29T18:37:43.283565,-35.3632624,149.1652375,0.002,0.01,0.0,0.0,0.01970859244465828,0.019708693027496338,243,0.0014292624546214938,0.0016119028441607952,-2.0304691791534424,12.587,0.0,69,LAND,False,STANDBY,10,6
2026-09-29T18:37:43.784492,-35.3632624,149.1652375,0.002,0.01,0.0,0.0,0.019736608490347862,0.01973664201796055,243,0.0014322217321023345,0.0016122240340337157,-2.0302300453186035,12.587,0.0,69,LAND,False,STANDBY,10,6
2026-09-29T18:37:44.285355,-35.3632624,149.1652375,0.002,0.01,0.0,0.0,0.020065797492861748,0.02006608247756958,243,0.0014429702423512936,0.001617209054529667,-2.0299952030181885,12.587,0.0,69,LAND,False,STANDBY,10,6
2026-09-29T18:37:44.786511,-35.3632624,149.1652375,0.003,0.01,0.0,0.0,0.019950928166508675,0.019951265305280685,243,0.0014486110303550959,0.0016221717232838273,-2.029754877090454,12.587,0.0,69,LAND,False,STANDBY,10,6
2026-09-29T18:37:45.286972,-35.3632624,149.1652375,0.003,0.01,0.0,0.0,0.020279545336961746,0.020279917865991592,243,0.0014604852767661214,0.0016358471475541592,-2.029512882232666,12.587,0.0,69,LAND,False,STANDBY,10,6
2026-09-29T18:37:45.787937,-35.3632624,149.1652375,0.003,0.01,0.0,0.0,0.02037074975669384,0.02037075161933899,243,0.0014643542235717177,0.0016390293603762984,-2.029268264770508,12.587,0.0,69,LAND,False,STANDBY,10,6
2026-09-29T18:37:46.288376,-35.3632624,149.1652375,0.003,0.01,0.0,0.0,0.020852776244282722,0.020852776244282722,243,0.0014822616940364242,0.0016529778949916363,-2.029026508331299,12.587,0.0,69,LAND,False,STANDBY,10,6
2026-09-29T18:37:46.789055,-35.3632624,149.1652375,0.003,0.01,0.0,0.0,0.02091839537024498,0.020918885245919228,243,0.001493231044150889,0.001652793725952506,-2.028789520263672,12.587,0.0,69,LAND,False,STANDBY,10,6
2026-09-29T18:37:47.289960,-35.3632624,149.1652375,0.002,0.02,0.0,0.0,0.02124624513089657,0.02124813012778759,243,0.001499721547588706,0.0016617114888504148,-2.028552532196045,12.587,0.0,69,LAND,False,STANDBY,10,6
2026-09-29T18:37:47.790883,-35.3632624,149.1652375,0.002,0.02,0.0,0.0,0.021089768037199974,0.021091405302286148,243,0.0014996528625488281,0.0016606093849986792,-2.028313636779785,12.587,0.0,69,LAND,False,STANDBY,10,6
2026-09-29T18:37:48.291776,-35.3632624,149.1652375,0.002,0.02,0.0,0.0,0.02148330770432949,0.02148468978703022,243,0.0015101158060133457,0.0016689079347997904,-2.0280792713165283,12.587,0.0,69,LAND,False,STANDBY,10,6
2026-09-29T18:37:48.793009,-35.3632624,149.1652375,0.002,0.02,0.0,0.0,0.0214955136179924,0.02149582840502262,243,0.00151155109051615,0.0016708639450371265,-2.0278382301330566,12.587,0.0,69,LAND,False,STANDBY,10,6
2026-09-29T18:37:49.293521,-35.3632624,149.1652375,0.002,0.02,0.0,0.0,0.021763350814580917,0.021763795986771584,243,0.0015203999355435371,0.001681218040175736,-2.027604818344116,12.587,0.0,69,LAND,False,STANDBY,10,6
2026-09-29T18:37:49.794090,-35.3632624,149.1652375,0.002,0.02,0.0,0.0,0.021760981529951096,0.02176193706691265,243,0.0015238390769809484,0.001684773713350296,-2.02736234664917,12.587,0.0,69,LAND,False,STANDBY,10,6
2026-09-29T18:37:50.294877,-35.3632624,149.1652375,0.002,0.02,0.0,0.0,0.021968945860862732,0.02196948602795601,243,0.001528660417534411,0.0016979117644950747,-2.0271284580230713,12.587,0.0,69,LAND,False,STANDBY,10,6
2026-09-29T18:37:50.795568,-35.3632624,149.1652375,0.002,0.02,0.0,0.0,0.021754389628767967,0.021754451096057892,243,0.0015266394475474954,0.0016933376900851727,-2.0268962383270264,12.587,0.0,69,LAND,False,STANDBY,10,6
2026-09-29T18:37:51.296826,-35.3632624,149.1652375,0.002,0.02,0.0,0.0,0.022183606401085854,0.022183610126376152,243,0.0015338711673393846,0.0016933035803958774,-2.026658058166504,12.587,0.0,69,LAND,False,STANDBY,10,6
2026-09-29T18:37:51.797410,-35.3632624,149.1652375,0.002,0.02,0.0,0.0,0.021907731890678406,0.021907785907387733,243,0.0015305937267839909,0.0016872441628947854,-2.0264225006103516,12.587,0.0,69,LAND,False,STANDBY,10,6
2026-09-29T18:37:52.297836,-35.3632624,149.1652375,0.002,0.02,0.0,0.0,0.022171147167682648,0.022171160206198692,243,0.0015271272277459502,0.0016922474605962634,-2.0261874198913574,12.587,0.0,69,LAND,False,STANDBY,10,6
2026-09-29T18:37:52.798417,-35.3632624,149.1652375,0.002,0.02,0.0,0.0,0.021969739347696304,0.021969890221953392,243,0.0015271829906851053,0.0016867498634383082,-2.0259482860565186,12.587,0.0,69,LAND,False,STANDBY,10,6
2026-09-29T18:37:53.298870,-35.3632624,149.1652375,0.002,0.02,0.0,0.0,0.022266428917646408,0.022266576066613197,243,0.0015337688382714987,0.00169662747066468,-2.025709867477417,12.587,0.0,69,LAND,False,STANDBY,10,6
2026-09-29T18:37:53.799678,-35.3632624,149.1652375,0.002,0.02,0.0,0.0,0.02202824503183365,0.022028306499123573,243,0.0015253087040036917,0.0016901465132832527,-2.02547287940979,12.587,0.0,69,LAND,False,STANDBY,10,6
2026-09-29T18:37:54.300389,-35.3632624,149.1652375,0.002,0.02,0.0,0.0,0.022283298894762993,0.02228337898850441,243,0.0015308449510484934,0.001691528013907373,-2.025237560272217,12.587,0.0,69,LAND,False,STANDBY,10,6
2026-09-29T18:37:54.800982,-35.3632624,149.1652375,0.002,0.02,0.0,0.0,0.021927155554294586,0.021927155554294586,243,0.0015300866216421127,0.0016876570880413055,-2.025010585784912,12.587,0.0,69,LAND,False,STANDBY,10,6
2026-09-29T18:37:55.301579,-35.3632624,149.1652375,0.002,0.02,0.0,0.0,0.022211644798517227,0.02221165969967842,243,0.001539743971079588,0.00170706189237535,-2.0247762203216553,12.587,0.0,69,LAND,False,STANDBY,10,6
2026-09-29T18:37:55.802312,-35.3632624,149.1652375,0.002,0.02,0.0,0.0,0.02212044596672058,0.02212044596672058,244,0.0015408494509756565,0.001712155295535922,-2.0245437622070312,12.587,0.0,69,LAND,False,STANDBY,10,6
2026-09-29T18:37:56.302851,-35.3632624,149.1652375,0.002,0.02,0.0,0.0,0.022498324513435364,0.022498352453112602,244,0.0015479369321838021,0.0017254295526072383,-2.024315595626831,12.587,0.0,69,LAND,False,STANDBY,10,6
2026-09-29T18:37:56.803551,-35.3632624,149.1652375,0.002,0.02,0.0,0.0,0.022310176864266396,0.022310223430395126,244,0.001542247598990798,0.001714977785013616,-2.0240914821624756,12.587,0.0,69,LAND,False,STANDBY,10,6
2026-09-29T18:37:57.304137,-35.3632624,149.1652375,0.002,0.02,0.0,0.0,0.022656919434666634,0.022656923159956932,244,0.001553715206682682,0.0017204739851877093,-2.02386474609375,12.587,0.0,69,LAND,False,STANDBY,10,6
2026-09-29T18:37:57.804587,-35.3632624,149.1652375,0.002,0.02,0.0,0.0,0.02245165966451168,0.022451719269156456,244,0.001546816318295896,0.0017167464829981327,-2.0236411094665527,12.587,0.0,69,LAND,False,STANDBY,10,6
2026-09-29T18:37:58.305172,-35.3632624,149.1652375,0.002,0.02,0.0,0.0,0.022783447057008743,0.02278384566307068,244,0.0015446178149431944,0.0017273662379011512,-2.0234172344207764,12.587,0.0,69,LAND,False,STANDBY,10,6
2026-09-29T18:37:58.805863,-35.3632624,149.1652375,0.002,0.02,0.0,0.0,0.022514261305332184,0.022515418007969856,244,0.0015390357002615929,0.0017325240187346935,-2.0231940746307373,12.587,0.0,69,LAND,False,STANDBY,10,6
2026-09-29T18:37:59.306637,-35.3632624,149.1652375,0.002,0.02,0.0,0.0,0.022624103352427483,0.022624829784035683,244,0.0015517905121669173,0.0017287745140492916,-2.022970676422119,12.587,0.0,69,LAND,False,STANDBY,10,6
2026-09-29T18:37:59.807101,-35.3632624,149.1652375,0.002,0.02,0.0,0.0,0.022317973896861076,0.022318648174405098,244,0.0015444121090695262,0.0017250097589567304,-2.0227479934692383,12.587,0.0,69,LAND,False,STANDBY,10,6
2026-09-29T18:38:00.307742,-35.3632624,149.1652375,0.002,0.02,0.0,0.0,0.022631416097283363,0.022632215172052383,244,0.001546560088172555,0.0017318802420049906,-2.022522211074829,12.587,0.0,69,LAND,False,STANDBY,10,6
2026-09-29T18:38:00.808317,-35.3632624,149.1652375,0.002,0.02,0.0,0.0,0.02234666235744953,0.02234721928834915,244,0.0015507013304159045,0.0017227261560037732,-2.0223004817962646,12.587,0.0,69,LAND,False,STANDBY,10,6
2026-09-29T18:38:01.308875,-35.3632624,149.1652375,0.002,0.02,0.0,0.0,0.02251495234668255,0.02251513861119747,244,0.0015512572135776281,0.001724583562463522,-2.022085666656494,12.587,0.0,69,LAND,False,STANDBY,10,6
2026-09-29T18:38:01.809827,-35.3632624,149.1652375,0.002,0.02,0.0,0.0,0.022318078204989433,0.022318534553050995,244,0.0015546531649306417,0.0017192234518006444,-2.021869659423828,12.587,0.0,69,LAND,False,STANDBY,10,6
2026-09-29T18:38:02.310468,-35.3632624,149.1652375,0.002,0.02,0.0,0.0,0.02261004038155079,0.02261032722890377,244,0.001552375266328454,0.0017184872413054109,-2.021646022796631,12.587,0.0,69,LAND,False,STANDBY,10,6
2026-09-29T18:38:02.810882,-35.3632624,149.1652375,0.002,0.02,0.0,0.0,0.022135058417916298,0.022135071456432343,244,0.001547868363559246,0.00171973230317235,-2.02143931388855,12.587,0.0,69,LAND,False,STANDBY,10,6
2026-09-29T18:38:03.311188,-35.3632624,149.1652375,0.002,0.02,0.0,0.0,0.022433500736951828,0.022433621808886528,244,0.0015634826850146055,0.001736783073283732,-2.0212185382843018,12.587,0.0,69,LAND,False,STANDBY,10,6
2026-09-29T18:38:03.812108,-35.3632624,149.1652375,0.002,0.02,0.0,0.0,0.022351471707224846,0.022351473569869995,244,0.0015682902885600924,0.0017416069749742746,-2.021013021469116,12.587,0.0,69,LAND,False,STANDBY,10,6
2026-09-29T18:38:04.313407,-35.3632624,149.1652375,0.002,0.02,0.0,0.0,0.022775165736675262,0.022775398567318916,244,0.0015793374041095376,0.0017420833464711905,-2.0208029747009277,12.587,0.0,69,LAND,False,STANDBY,10,6
2026-09-29T18:38:04.814210,-35.3632624,149.1652375,0.003,0.02,0.0,0.0,0.02262025512754917,0.02262079156935215,244,0.001575087197124958,0.001740370411425829,-2.0205869674682617,12.587,0.0,69,LAND,False,STANDBY,10,6
2026-09-29T18:38:05.315079,-35.3632624,149.1652375,0.003,0.02,0.0,0.0,0.022995997220277786,0.02299649454653263,244,0.0015786183066666126,0.0017486943397670984,-2.020371675491333,12.587,0.0,69,LAND,False,STANDBY,10,6
2026-09-29T18:38:05.815726,-35.3632624,149.1652375,0.003,0.02,0.0,0.0,0.02279365248978138,0.022794470191001892,244,0.0015751763712614775,0.0017442652024328709,-2.02016544342041,12.587,0.0,69,LAND,False,STANDBY,10,6
2026-09-29T18:38:06.316085,-35.3632624,149.1652375,0.003,0.02,0.0,0.0,0.023117689415812492,0.023118263110518456,244,0.0015846764435991645,0.0017524183494970202,-2.0199544429779053,12.587,0.0,69,LAND,False,STANDBY,10,6
2026-09-29T18:38:06.816901,-35.3632624,149.1652375,0.003,0.02,0.0,0.0,0.02290762960910797,0.022908346727490425,244,0.0015790483448654413,0.001748607843182981,-2.019746780395508,12.587,0.0,69,LAND,False,STANDBY,10,6
2026-09-29T18:38:07.318270,-35.3632624,149.1652375,0.003,0.02,0.0,0.0,0.023146335035562515,0.023147372528910637,244,0.001585164456628263,0.00175827881321311,-2.019540786743164,12.587,0.0,69,LAND,False,STANDBY,10,6
2026-09-29T18:38:07.818930,-35.3632624,149.1652375,0.003,0.02,0.0,0.0,0.023115765303373337,0.02311624586582184,244,0.001583176082931459,0.0017570690251886845,-2.019329071044922,12.587,0.0,69,LAND,False,STANDBY,10,6
2026-09-29T18:38:08.319870,-35.3632624,149.1652375,0.003,0.02,0.0,0.0,0.023406049236655235,0.023406321182847023,244,0.0015840232372283936,0.0017687332583591342,-2.0191237926483154,12.587,0.0,69,LAND,False,STANDBY,10,6
2026-09-29T18:38:08.820646,-35.3632624,149.1652375,0.003,0.02,0.0,0.0,0.02320774458348751,0.02320774644613266,244,0.0015697613125666976,0.0017626519547775388,-2.0189218521118164,12.587,0.0,69,LAND,False,STANDBY,10,6
2026-09-29T18:38:09.321467,-35.3632624,149.1652375,0.003,0.02,0.0,0.0,0.02352992072701454,0.023529985919594765,244,0.0015749149024486542,0.001772198360413313,-2.018714666366577,12.587,0.0,69,LAND,False,STANDBY,10,6
2026-09-29T18:38:09.822403,-35.3632624,149.1652375,0.003,0.02,0.0,0.0,0.02326194755733013,0.02326207421720028,244,0.001570196240209043,0.0017593340016901493,-2.0185139179229736,12.587,0.0,69,LAND,False,STANDBY,10,6
2026-09-29T18:38:10.323083,-35.3632624,149.1652375,0.003,0.02,0.0,0.0,0.023577138781547546,0.023577222600579262,244,0.0015736670466139913,0.0017665079794824123,-2.0183160305023193,12.587,0.0,69,LAND,False,STANDBY,10,6
2026-09-29T18:38:10.823470,-35.3632624,149.1652375,0.003,0.02,0.0,0.0,0.02335643209517002,0.02335645817220211,244,0.0015666361432522535,0.001761727500706911,-2.0181186199188232,12.587,0.0,69,LAND,False,STANDBY,10,6
2026-09-29T18:38:11.323937,-35.3632624,149.1652375,0.003,0.02,0.0,0.0,0.023707736283540726,0.02370794303715229,244,0.0015713815810158849,0.001760271959938109,-2.0179262161254883,12.587,0.0,69,LAND,False,STANDBY,10,6
2026-09-29T18:38:11.824887,-35.3632624,149.1652375,0.003,0.02,0.0,0.0,0.023368723690509796,0.023368798196315765,244,0.001571904169395566,0.0017512775957584381,-2.0177342891693115,12.587,0.0,69,LAND,False,STANDBY,10,6
2026-09-29T18:38:12.325657,-35.3632624,149.1652375,0.003,0.02,0.0,0.0,0.023506348952651024,0.023506494238972664,244,0.0015882113948464394,0.0017572884680703282,-2.017540693283081,12.587,0.0,69,LAND,False,STANDBY,10,6
2026-09-29T18:38:12.826465,-35.3632624,149.1652375,0.003,0.02,0.0,0.0,0.023265046998858452,0.02326521836221218,244,0.0015808924799785018,0.0017450241139158607,-2.0173537731170654,12.587,0.0,69,LAND,False,STANDBY,10,6
2026-09-29T18:38:13.326831,-35.3632624,149.1652375,0.003,0.02,0.0,0.0,0.023431118577718735,0.02343132160604,244,0.0015921462327241898,0.001743500353768468,-2.0171594619750977,12.587,0.0,69,LAND,False,STANDBY,10,6
2026-09-29T18:38:13.828167,-35.3632624,149.1652375,0.003,0.02,0.0,0.0,0.023161528632044792,0.023162247613072395,244,0.001592398271895945,0.0017473369371145964,-2.016968011856079,12.587,0.0,69,LAND,False,STANDBY,10,6
2026-09-29T18:38:14.328979,-35.3632624,149.1652375,0.003,0.02,0.0,0.0,0.02346348762512207,0.023463988676667213,244,0.0015984963392838836,0.0017509415047243237,-2.0167789459228516,12.587,0.0,69,LAND,False,STANDBY,10,6
2026-09-29T18:38:14.829554,-35.3632624,149.1652375,0.003,0.02,0.0,0.0,0.023175740614533424,0.023175783455371857,244,0.0015957813011482358,0.001739994273521006,-2.016587734222412,12.587,0.0,69,LAND,False,STANDBY,10,6
2026-09-29T18:38:15.330162,-35.3632624,149.1652375,0.003,0.02,0.0,0.0,0.02337084338068962,0.023370876908302307,244,0.001600263174623251,0.0017409774009138346,-2.016407012939453,12.587,0.0,69,LAND,False,STANDBY,10,6
2026-09-29T18:38:15.830673,-35.3632624,149.1652375,0.003,0.02,0.0,0.0,0.02320435829460621,0.023204779252409935,244,0.0016024101059883833,0.001736425794661045,-2.0162179470062256,12.587,0.0,69,LAND,False,STANDBY,10,6
2026-09-29T18:38:16.331004,-35.3632624,149.1652375,0.003,0.02,0.0,0.0,0.023399194702506065,0.023399634286761284,244,0.001608597463928163,0.0017434335313737392,-2.0160343647003174,12.587,0.0,69,LAND,False,STANDBY,10,6
2026-09-29T18:38:16.831442,-35.3632624,149.1652375,0.003,0.02,0.0,0.0,0.02326918952167034,0.023269934579730034,244,0.001600488554686308,0.0017403489910066128,-2.015850782394409,12.587,0.0,69,LAND,False,STANDBY,10,6
2026-09-29T18:38:17.332550,-35.3632624,149.1652375,0.003,0.02,0.0,0.0,0.023318802937865257,0.023319197818636894,244,0.001601923257112503,0.0017410978907719254,-2.0156705379486084,12.587,0.0,69,LAND,False,STANDBY,10,6
2026-09-29T18:38:17.833598,-35.3632624,149.1652375,0.003,0.02,0.0,0.0,0.02314087003469467,0.023141108453273773,244,0.0015905698528513312,0.0017387799452990294,-2.0154879093170166,12.587,0.0,69,LAND,False,STANDBY,10,6
2026-09-29T18:38:18.335472,-35.3632624,149.1652375,0.003,0.02,0.0,0.0,0.023381831124424934,0.02338266931474209,244,0.0015904284082353115,0.0017534606158733368,-2.0153019428253174,12.587,0.0,69,LAND,False,STANDBY,10,6
2026-09-29T18:38:18.836099,-35.3632624,149.1652375,0.003,0.02,0.0,0.0,0.023094259202480316,0.023094650357961655,244,0.0015837674727663398,0.0017520432593300939,-2.0151290893554688,12.587,0.0,69,LAND,False,STANDBY,10,6
2026-09-29T18:38:19.336775,-35.3632624,149.1652375,0.003,0.02,0.0,0.0,0.023323874920606613,0.02332453243434429,244,0.0015771551989018917,0.001763044623658061,-2.014954090118408,12.587,0.0,69,LAND,False,STANDBY,10,6
2026-09-29T18:38:19.837300,-35.3632624,149.1652375,0.003,0.02,0.0,0.0,0.023110391572117805,0.02311047352850437,244,0.0015703461831435561,0.0017636602278798819,-2.0147817134857178,12.587,0.0,69,LAND,False,STANDBY,10,6
2026-09-29T18:38:20.337955,-35.3632624,149.1652375,0.003,0.02,0.0,0.0,0.023362185806035995,0.023362254723906517,244,0.0015743424883112311,0.0017719630850479007,-2.0146074295043945,12.587,0.0,69,LAND,False,STANDBY,10,6
2026-09-29T18:38:20.838291,-35.3632624,149.1652375,0.003,0.02,0.0,0.0,0.023070039227604866,0.023070095106959343,244,0.0015708236023783684,0.00175816984847188,-2.0144388675689697,12.587,0.0,69,LAND,False,STANDBY,10,6
2026-09-29T18:38:21.338855,-35.3632624,149.1652375,0.003,0.02,0.0,0.0,0.02339605987071991,0.023396272212266922,244,0.0015738047659397125,0.001772986608557403,-2.0142629146575928,12.587,0.0,69,LAND,False,STANDBY,10,6
2026-09-29T18:38:21.839972,-35.3632624,149.1652375,0.003,0.02,0.0,0.0,0.02312553860247135,0.023125572130084038,244,0.0015651870053261518,0.0017620559083297849,-2.0140888690948486,12.587,0.0,69,LAND,False,STANDBY,10,6
2026-09-29T18:38:22.340708,-35.3632624,149.1652375,0.003,0.02,0.0,0.0,0.023459218442440033,0.02345931902527809,244,0.0015687919221818447,0.0017611916409805417,-2.013925313949585,12.587,0.0,69,LAND,False,STANDBY,10,6
2026-09-29T18:38:22.841477,-35.3632624,149.1652375,0.003,0.02,0.0,0.0,0.023119039833545685,0.023119410499930382,244,0.0015677745686843991,0.0017512753838673234,-2.013753652572632,12.587,0.0,69,LAND,False,STANDBY,10,6
2026-09-29T18:38:23.341847,-35.3632624,149.1652375,0.003,0.02,0.0,0.0,0.023362543433904648,0.023363564163446426,244,0.0015766458818688989,0.001760398969054222,-2.01359224319458,12.587,0.0,69,LAND,False,STANDBY,10,6
2026-09-29T18:38:23.842576,-35.3632624,149.1652375,0.002,0.02,0.0,0.0,0.023114662617444992,0.023115498945116997,244,0.0015765146818012,0.0017542658606544137,-2.013434886932373,12.587,0.0,69,LAND,False,STANDBY,10,6
2026-09-29T18:38:24.343197,-35.3632624,149.1652375,0.002,0.02,0.0,0.0,0.023401854559779167,0.023402221500873566,244,0.00158726389054209,0.0017586259637027979,-2.0132689476013184,12.587,0.0,69,LAND,False,STANDBY,10,6
2026-09-29T18:38:24.843823,-35.3632624,149.1652375,0.002,0.02,0.0,0.0,0.023206599056720734,0.02320663258433342,244,0.0015834156656637788,0.001758028520271182,-2.013108253479004,12.587,0.0,69,LAND,False,STANDBY,10,6
2026-09-29T18:38:25.344270,-35.3632624,149.1652375,0.002,0.02,0.0,0.0,0.023546162992715836,0.023546164855360985,244,0.0015914147952571511,0.0017672611866146326,-2.012937307357788,12.587,0.0,69,LAND,False,STANDBY,10,6
2026-09-29T18:38:25.844824,-35.3632624,149.1652375,0.002,0.02,0.0,0.0,0.02338704839348793,0.023387156426906586,244,0.001581821939907968,0.0017614535754546523,-2.012779474258423,12.587,0.0,69,LAND,False,STANDBY,10,6
2026-09-29T18:38:26.345331,-35.3632624,149.1652375,0.002,0.02,0.0,0.0,0.023611964657902718,0.02361210249364376,244,0.0015807709423825145,0.001775493728928268,-2.012617588043213,12.587,0.0,69,LAND,False,STANDBY,10,6
2026-09-29T18:38:26.846255,-35.3632624,149.1652375,0.002,0.02,0.0,0.0,0.023267164826393127,0.023267187178134918,244,0.0015835310332477093,0.0017806319519877434,-2.0124597549438477,12.587,0.0,69,LAND,False,STANDBY,10,6
2026-09-29T18:38:27.346885,-35.3632624,149.1652375,0.002,0.02,0.0,0.0,0.023652631789445877,0.023652633652091026,244,0.001589433872140944,0.0017819824861362576,-2.012303352355957,12.587,0.0,69,LAND,False,STANDBY,10,6
2026-09-29T18:38:27.847856,-35.3632624,149.1652375,0.002,0.02,0.0,0.0,0.02352738007903099,0.02352742664515972,244,0.0015932617243379354,0.0017794505693018436,-2.0121545791625977,12.587,0.0,69,LAND,False,STANDBY,10,6
2026-09-29T18:38:28.348546,-35.3632624,149.1652375,0.002,0.02,0.0,0.0,0.02387957274913788,0.02387995831668377,244,0.0015932833775877953,0.0017816326580941677,-2.0120060443878174,12.587,0.0,69,LAND,False,STANDBY,10,6
2026-09-29T18:38:28.849038,-35.3632624,149.1652375,0.002,0.02,0.0,0.0,0.02364177256822586,0.023642132058739662,244,0.001588697312399745,0.0017714517889544368,-2.011854648590088,12.587,0.0,69,LAND,False,STANDBY,10,6
2026-09-29T18:38:29.350034,-35.3632624,149.1652375,0.002,0.02,0.0,0.0,0.023942893370985985,0.023943202570080757,244,0.0015902651939541101,0.0017786399694159627,-2.0117130279541016,12.587,0.0,69,LAND,False,STANDBY,10,6
2026-09-29T18:38:29.850755,-35.3632624,149.1652375,0.002,0.02,0.0,0.0,0.023704206570982933,0.023704245686531067,244,0.0015865094028413296,0.001773239579051733,-2.0115668773651123,12.587,0.0,69,LAND,False,STANDBY,10,6
2026-09-29T18:38:30.351339,-35.3632624,149.1652375,0.002,0.02,0.0,0.0,0.023924274370074272,0.023924291133880615,244,0.0015866232570260763,0.0017854073084890842,-2.011425733566284,12.587,0.0,69,LAND,False,STANDBY,10,6
2026-09-29T18:38:30.851954,-35.3632624,149.1652375,0.002,0.02,0.0,0.0,0.023525623604655266,0.023525679484009743,244,0.0015847040340304375,0.001772871590219438,-2.0112857818603516,12.587,0.0,69,LAND,False,STANDBY,10,6
2026-09-29T18:38:31.352260,-35.3632624,149.1652375,0.002,0.02,0.0,0.0,0.02371635101735592,0.023716377094388008,244,0.0015823828289285302,0.0017717102309688926,-2.0111441612243652,12.587,0.0,69,LAND,False,STANDBY,10,6
2026-09-29T18:38:31.852830,-35.3632624,149.1652375,0.002,0.02,0.0,0.0,0.02317098341882229,0.023171037435531616,244,0.001584673416800797,0.0017719529569149017,-2.01101016998291,12.587,0.0,69,LAND,False,STANDBY,10,6
2026-09-29T18:38:32.353490,-35.3632624,149.1652375,0.002,0.02,0.0,0.0,0.023506294935941696,0.023506302386522293,244,0.0015965247293934226,0.0017773972358554602,-2.0108699798583984,12.587,0.0,69,LAND,False,STANDBY,10,6
2026-09-29T18:38:32.853845,-35.3632624,149.1652375,0.002,0.02,0.0,0.0,0.0232580304145813,0.023258082568645477,244,0.0015980402240529656,0.0017725261859595776,-2.010730504989624,12.587,0.0,69,LAND,False,STANDBY,10,6
2026-09-29T18:38:33.354309,-35.3632624,149.1652375,0.002,0.02,0.0,0.0,0.02370915748178959,0.023709163069725037,244,0.001603025128133595,0.001783770159818232,-2.0105955600738525,12.587,0.0,69,LAND,False,STANDBY,10,6
2026-09-29T18:38:33.854895,-35.3632624,149.1652375,0.003,0.02,0.0,0.0,0.023472463712096214,0.02347247302532196,244,0.0015970311360433698,0.0017667073989287019,-2.010456085205078,12.587,0.0,69,LAND,False,STANDBY,10,6
2026-09-29T18:38:34.355407,-35.3632624,149.1652375,0.003,0.02,0.0,0.0,0.02378665655851364,0.023786678910255432,244,0.0015989067032933235,0.0017768144607543945,-2.0103254318237305,12.587,0.0,69,LAND,False,STANDBY,10,6
2026-09-29T18:38:34.856012,-35.3632624,149.1652375,0.002,0.02,0.0,0.0,0.02357565425336361,0.023575790226459503,244,0.001590820262208581,0.001769471913576126,-2.0101945400238037,12.587,0.0,69,LAND,False,STANDBY,10,6
2026-09-29T18:38:35.356863,-35.3632624,149.1652375,0.002,0.02,0.0,0.0,0.02381177805364132,0.023811908438801765,244,0.0015986100770533085,0.0017836460610851645,-2.0100622177124023,12.587,0.0,69,LAND,False,STANDBY,10,6
2026-09-29T18:38:35.857671,-35.3632624,149.1652375,0.002,0.02,0.0,0.0,0.023660434409976006,0.02366114966571331,244,0.0015887428307905793,0.0017778929322957993,-2.0099353790283203,12.587,0.0,69,LAND,False,STANDBY,10,6
2026-09-29T18:38:36.358223,-35.3632624,149.1652375,0.002,0.02,0.0,0.0,0.023866774514317513,0.023867309093475342,244,0.001591308624483645,0.0017747749807313085,-2.0098092555999756,12.587,0.0,69,LAND,False,STANDBY,10,6
2026-09-29T18:38:36.858938,-35.3632624,149.1652375,0.002,0.02,0.0,0.0,0.023428060114383698,0.023428602144122124,244,0.0015829664189368486,0.0017687039216980338,-2.0096871852874756,12.587,0.0,69,LAND,False,STANDBY,10,6
2026-09-29T18:38:37.359366,-35.3632624,149.1652375,0.002,0.02,0.0,0.0,0.02380407229065895,0.0238043162971735,244,0.001587021048180759,0.0017834173049777746,-2.0095579624176025,12.587,0.0,69,LAND,False,STANDBY,10,6
2026-09-29T18:38:37.860517,-35.3632624,149.1652375,0.002,0.02,0.0,0.0,0.02342626452445984,0.023426441475749016,244,0.0015804290305823088,0.0017816697945818305,-2.0094361305236816,12.587,0.0,69,LAND,False,STANDBY,10,6
2026-09-29T18:38:38.361267,-35.3632624,149.1652375,0.002,0.02,0.0,0.0,0.023771466687321663,0.023772280663251877,244,0.0015877101104706526,0.001793168717995286,-2.0093138217926025,12.587,0.0,69,LAND,False,STANDBY,10,6
2026-09-29T18:38:38.861937,-35.3632624,149.1652375,0.002,0.02,0.0,0.0,0.02356000803411007,0.02356020174920559,244,0.001572835142724216,0.0017913288902491331,-2.0091941356658936,12.587,0.0,69,LAND,False,STANDBY,10,6
2026-09-29T18:38:39.362578,-35.3632624,149.1652375,0.002,0.02,0.0,0.0,0.023814691230654716,0.023815084248781204,244,0.001579690957441926,0.0017963030841201544,-2.0090768337249756,12.587,0.0,69,LAND,False,STANDBY,10,6
2026-09-29T18:38:39.862850,-35.3632624,149.1652375,0.002,0.02,0.0,0.0,0.023547517135739326,0.02354762703180313,244,0.0015765581047162414,0.0017892469186335802,-2.0089569091796875,12.587,0.0,69,LAND,False,STANDBY,10,6
2026-09-29T18:38:40.363527,-35.3632624,149.1652375,0.002,0.02,0.0,0.0,0.023787472397089005,0.023787539452314377,244,0.001581521355547011,0.0017838095081970096,-2.008842706680298,12.587,0.0,69,LAND,False,STANDBY,10,6
2026-09-29T18:38:40.863829,-35.3632624,149.1652375,0.002,0.02,0.0,0.0,0.023431509733200073,0.023431532084941864,244,0.0015781292458996177,0.0017771263374015689,-2.0087296962738037,12.587,0.0,69,LAND,False,STANDBY,10,6
2026-09-29T18:38:41.364550,-35.3632624,149.1652375,0.002,0.02,0.0,0.0,0.023645007982850075,0.023645052686333656,244,0.0015800588298588991,0.0017777427565306425,-2.008619785308838,12.587,0.0,69,LAND,False,STANDBY,10,6
2026-09-29T18:38:41.865130,-35.3632624,149.1652375,0.002,0.02,0.0,0.0,0.023281699046492577,0.02328193373978138,244,0.0015683450037613511,0.0017745820805430412,-2.00850772857666,12.587,0.0,69,LAND,False,STANDBY,10,6
2026-09-29T18:38:42.365898,-35.3632624,149.1652375,0.002,0.02,0.0,0.0,0.023533230647444725,0.023533646017313004,244,0.0015697660855948925,0.0017780145863071084,-2.008395195007324,12.587,0.0,69,LAND,False,STANDBY,10,6
2026-09-29T18:38:42.866830,-35.3632624,149.1652375,0.002,0.02,0.0,0.0,0.023288115859031677,0.023288296535611153,244,0.0015676211332902312,0.001768529531545937,-2.008288860321045,12.587,0.0,69,LAND,False,STANDBY,10,6
