timestamp,lat,lon,alt,velocity_x,velocity_y,velocity_z,ground_speed,air_speed,heading,roll,pitch,yaw,battery_voltage,battery_current,battery_level,mode,armed,system_status,satellites_visible,fix_type
2026-09-28T19:57:23.672459,-35.363262,149.1652372,9.518,-0.01,0.01,-0.77,0.02200150117278099,0.7744134664535522,352,0.00318911112844944,0.003038780763745308,-0.12874853610992432,12.587,27.08,98,GUIDED,True,ACTIVE,10,6
2026-09-28T19:57:24.173936,-35.363262,149.1652373,9.83,0.0,0.16,-0.4,0.1602020412683487,0.43280982971191406,352,0.1366528570652008,0.002396924654021859,-0.12848733365535736,12.587,25.75,98,GUIDED,True,ACTIVE,10,6
2026-09-28T19:57:24.674942,-35.3632616,149.1652409,9.917,0.16,1.28,0.0,1.2976441383361816,1.29764986038208,355,0.32288405299186707,-0.013525138609111309,-0.0842924639582634,12.587,28.58,98,GUIDED,True,ACTIVE,10,6
2026-09-28T19:57:25.175478,-35.3632605,149.1652516,9.901,0.34,2.6,0.03,2.6275594234466553,2.6277875900268555,19,0.2957890033721924,-0.15583615005016327,0.34870535135269165,12.587,29.74,98,GUIDED,True,ACTIVE,10,6
2026-09-28T19:57:25.676710,-35.3632586,149.165269,9.888,0.49,3.84,0.0,3.8727385997772217,3.8727424144744873,65,0.10540646314620972,-0.34999245405197144,1.1348745822906494,12.587,30.07,97,GUIDED,True,ACTIVE,10,6
2026-09-28T19:57:26.177374,-35.363256,149.1652931,9.892,0.69,5.0,-0.02,5.057679653167725,5.057748794555664,107,-0.16792944073677063,-0.38153600692749023,1.8735078573226929,12.587,30.41,97,GUIDED,True,ACTIVE,10,6
2026-09-28T19:57:26.678122,-35.3632525,149.1653236,9.9,0.88,6.21,-0.02,6.276416778564453,6.276461124420166,112,-0.21321602165699005,-0.41610991954803467,1.9552767276763916,12.587,30.99,97,GUIDED,True,ACTIVE,10,6
2026-09-28T19:57:27.178726,-35.3632481,149.1653607,9.909,1.04,7.35,-0.02,7.433094024658203,7.433135986328125,88,-0.035209398716688156,-0.5153713226318359,1.5505026578903198,12.587,31.4,97,GUIDED,True,ACTIVE,10,6
2026-09-28T19:57:27.679372,-35.3632433,149.1654036,9.92,1.05,8.27,-0.01,8.344124794006348,8.344145774841309,68,0.12162837386131287,-0.508406400680542,1.189686894416809,12.587,31.24,97,GUIDED,True,ACTIVE,10,6
2026-09-28T19:57:28.180028,-35.3632385,149.1654509,9.926,1.08,8.93,-0.01,8.997154235839844,8.997163772583008,70,0.07430141419172287,-0.5056700706481934,1.2376750707626343,12.587,30.9,97,GUIDED,True,ACTIVE,10,6
2026-09-28T19:57:28.680580,-35.3632333,149.1655011,9.93,1.22,9.29,0.0,9.372142791748047,9.372146606445312,85,-0.04289015755057335,-0.5155344009399414,1.485149621963501,12.587,30.74,97,GUIDED,True,ACTIVE,10,6
2026-09-28T19:57:29.181216,-35.3632274,149.1655532,9.93,1.39,9.57,0.0,9.675687789916992,9.675688743591309,90,-0.0631609857082367,-0.5141328573226929,1.581058382987976,12.587,30.74,96,GUIDED,True,ACTIVE,10,6
2026-09-28T19:57:29.681459,-35.363221,149.1656065,9.931,1.41,9.77,0.0,9.876036643981934,9.8760404586792,83,0.006086372304707766,-0.5179135799407959,1.460574984550476,12.587,30.65,96,GUIDED,True,ACTIVE,10,6
2026-09-28T19:57:30.182048,-35.3632148,149.1656607,9.934,1.33,9.91,0.0,10.000429153442383,10.000432968139648,77,0.045807451009750366,-0.5156773924827576,1.3493345975875854,12.587,30.65,96,GUIDED,True,ACTIVE,10,6
2026-09-28T19:57:30.682469,-35.3632089,149.1657157,9.937,1.3,10.01,0.0,10.099967956542969,10.099970817565918,79,0.01768425852060318,-0.5219346284866333,1.3834829330444336,12.587,30.65,96,GUIDED,True,ACTIVE,10,6
2026-09-28T19:57:31.183362,-35.3632029,149.1657712,9.94,1.35,10.07,0.0,10.171161651611328,10.171164512634277,84,-0.020245105028152466,-0.5193065404891968,1.469848394393921,12.587,30.57,96,GUIDED,True,ACTIVE,10,6
2026-09-28T19:57:31.683970,-35.3631966,149.1658269,9.945,1.41,10.1,0.0,10.198646545410156,10.198648452758789,84,-0.015161371789872646,-0.5148025155067444,1.481328010559082,12.587,30.49,96,GUIDED,True,ACTIVE,10,6
2026-09-28T19:57:32.184496,-35.3631903,149.1658827,9.949,1.39,10.09,0.0,10.189868927001953,10.18986988067627,81,0.011341487988829613,-0.5102779865264893,1.4297136068344116,12.587,30.41,96,GUIDED,True,ACTIVE,10,6
2026-09-28T19:57:32.685057,-35.3631841,149.1659383,9.955,1.35,10.06,0.0,10.158310890197754,10.158312797546387,80,0.01814226433634758,-0.5071063041687012,1.4017518758773804,12.587,30.32,96,GUIDED,True,ACTIVE,10,6
2026-09-28T19:57:33.185457,-35.363178,149.1659939,9.96,1.34,10.03,0.0,10.124135971069336,10.124135971069336,81,0.002532546641305089,-0.5044465065002441,1.4246306419372559,12.587,30.24,95,GUIDED,True,ACTIVE,10,6
2026-09-28T19:57:33.686051,-35.363172,149.1660492,9.964,1.36,9.99,0.0,10.086360931396484,10.086360931396484,83,-0.007384135387837887,-0.5026105046272278,1.4519991874694824,12.587,30.24,95,GUIDED,True,ACTIVE,10,6
2026-09-28T19:57:34.186728,-35.3631658,149.1661044,9.968,1.37,9.96,0.0,10.056290626525879,10.056291580200195,82,-0.0010959977516904473,-0.5017858147621155,1.448128342628479,12.587,30.24,95,GUIDED,True,ACTIVE,10,6
2026-09-28T19:57:34.687518,-35.3631596,149.1661593,9.971,1.36,9.93,0.0,10.027234077453613,10.02723503112793,81,0.007679271977394819,-0.5009481906890869,1.428224802017212,12.587,30.24,95,GUIDED,True,ACTIVE,10,6
2026-09-28T19:57:35.188274,-35.3631535,149.1662142,9.975,1.34,9.91,0.0,10.0089750289917,10.008976936340332,81,0.00768929161131382,-0.5017070174217224,1.4228960275650024,12.587,30.24,95,GUIDED,True,ACTIVE,10,6
2026-09-28T19:57:35.688813,-35.3631475,149.1662689,9.977,1.34,9.9,0.0,9.994324684143066,9.994327545166016,82,0.0016755498945713043,-0.5005177855491638,1.4339854717254639,12.587,30.24,95,GUIDED,True,ACTIVE,10,6
2026-09-28T19:57:36.189461,-35.3631414,149.1663236,9.98,1.35,9.89,0.0,9.986467361450195,9.986469268798828,82,-0.00011020520469173789,-0.5005822777748108,1.4419368505477905,12.587,30.24,95,GUIDED,True,ACTIVE,10,6
2026-09-28T19:57:36.690314,-35.3631353,149.1663783,9.983,1.35,9.88,0.0,9.97556209564209,9.975564956665039,82,0.00339999096468091,-0.5002224445343018,1.4378986358642578,12.587,30.24,95,GUIDED,True,ACTIVE,10,6
2026-09-28T19:57:37.191440,-35.3631292,149.1664327,9.986,1.35,9.87,0.0,9.971134185791016,9.971137046813965,81,0.006389331072568893,-0.5013726949691772,1.4302904605865479,12.587,30.24,94,GUIDED,True,ACTIVE,10,6
2026-09-28T19:57:37.692036,-35.3631231,149.1664875,9.988,1.34,9.87,0.0,9.968335151672363,9.968338966369629,81,0.005014666356146336,-0.5006940364837646,1.430354356765747,12.587,30.24,94,GUIDED,True,ACTIVE,10,6
2026-09-28T19:57:38.192747,-35.3631171,149.166542,9.99,1.34,9.88,0.0,9.97198486328125,9.971986770629883,82,0.0030910144560039043,-0.502399206161499,1.434826374053955,12.587,30.32,94,GUIDED,True,ACTIVE,10,6
2026-09-28T19:57:38.693628,-35.363111,149.1665965,9.993,1.35,9.88,0.0,9.97232723236084,9.97232723236084,82,0.003416743129491806,-0.501496434211731,1.4362711906433105,12.587,30.24,94,GUIDED,True,ACTIVE,10,6
2026-09-28T19:57:39.194549,-35.3631049,149.166651,9.995,1.35,9.88,0.0,9.973609924316406,9.973612785339355,82,0.004476460162550211,-0.5018818378448486,1.435104250907898,12.587,30.24,94,GUIDED,True,ACTIVE,10,6
2026-09-28T19:57:39.695110,-35.3630989,149.1667056,9.996,1.35,9.88,0.0,9.97436237335205,9.974364280700684,82,0.005809450056403875,-0.5039680600166321,1.4329537153244019,12.587,30.32,94,GUIDED,True,ACTIVE,10,6
2026-09-28T19:57:40.195602,-35.3630928,149.1667599,9.998,1.34,9.89,0.0,9.987894058227539,9.987896919250488,82,0.005644256714731455,-0.5066730976104736,1.4324275255203247,12.587,30.41,94,GUIDED,True,ACTIVE,10,6
2026-09-28T19:57:40.695900,-35.3630868,149.1668145,10.001,1.34,9.9,0.0,9.996493339538574,9.99649429321289,82,0.004924834705889225,-0.5041958689689636,1.4342213869094849,12.587,30.32,94,GUIDED,True,ACTIVE,10,6
2026-09-28T19:57:41.196459,-35.3630807,149.1668691,10.004,1.35,9.9,0.0,9.998249053955078,9.998250007629395,82,0.004610951989889145,-0.5043104887008667,1.4344730377197266,12.587,30.32,93,GUIDED,True,ACTIVE,10,6
2026-09-28T19:57:41.697146,-35.3630746,149.1669239,10.006,1.35,9.9,0.0,9.99515151977539,9.99515151977539,82,0.005248208064585924,-0.5025832653045654,1.4335194826126099,12.587,30.24,93,GUIDED,True,ACTIVE,10,6
2026-09-28T19:57:42.197837,-35.3630685,149.1669786,10.008,1.35,9.89,0.0,9.986892700195312,9.986893653869629,82,0.005322660319507122,-0.5022231340408325,1.433449149131775,12.587,30.24,93,GUIDED,True,ACTIVE,10,6
2026-09-28T19:57:42.698468,-35.3630624,149.1670333,10.01,1.35,9.88,0.0,9.978409767150879,9.978410720825195,82,0.005721228662878275,-0.49983689188957214,1.433374047279358,12.587,30.24,93,GUIDED,True,ACTIVE,10,6
2026-09-28T19:57:43.199172,-35.3630563,149.1670879,10.012,1.34,9.87,0.0,9.967964172363281,9.967965126037598,82,0.00596850598230958,-0.5005443692207336,1.433456301689148,12.587,30.24,93,GUIDED,True,ACTIVE,10,6
2026-09-28T19:57:43.699919,-35.3630503,149.1671426,10.015,1.34,9.87,0.0,9.963623046875,9.963624000549316,82,0.005658804904669523,-0.4998561143875122,1.4338395595550537,12.587,30.24,93,GUIDED,True,ACTIVE,10,6
2026-09-28T19:57:44.200511,-35.3630442,149.1671972,10.017,1.34,9.86,0.0,9.958381652832031,9.958382606506348,82,0.005799173843115568,-0.5001615881919861,1.433854341506958,12.587,30.24,93,GUIDED,True,ACTIVE,10,6
2026-09-28T19:57:44.701299,-35.3630381,149.1672517,10.02,1.33,9.81,0.0,9.907304763793945,9.907305717468262,82,0.005762816406786442,-0.46184176206588745,1.4337936639785767,12.587,29.74,93,GUIDED,True,ACTIVE,10,6
2026-09-28T19:57:45.202064,-35.3630322,149.167305,10.027,1.28,9.43,0.0,9.51805591583252,9.518057823181152,82,0.005767879541963339,-0.39788490533828735,1.433668613433838,12.587,28.66,92,GUIDED,True,ACTIVE,10,6
2026-09-28T19:57:45.702545,-35.3630266,149.1673558,10.032,1.21,8.91,0.0,8.995218276977539,8.995220184326172,82,0.005580675322562456,-0.3500445485115051,1.4337493181228638,12.587,28.25,92,GUIDED,True,ACTIVE,10,6
2026-09-28T19:57:46.203194,-35.3630213,149.1674035,10.031,1.13,8.34,0.01,8.417426109313965,8.41743278503418,82,0.0041439952328801155,-0.30263110995292664,1.4341435432434082,12.587,28.08,92,GUIDED,True,ACTIVE,10,6
2026-09-28T19:57:46.703747,-35.3630164,149.1674479,10.03,1.05,7.72,0.01,7.797407627105713,7.797415256500244,82,0.003225792432203889,-0.2519421875476837,1.434626579284668,12.587,27.91,92,GUIDED,True,ACTIVE,10,6
2026-09-28T19:57:47.204468,-35.3630119,149.1674888,10.028,0.96,7.06,0.0,7.129855155944824,7.129861831665039,82,0.002559824613854289,-0.19857504963874817,1.4346678256988525,12.587,27.91,92,GUIDED,True,ACTIVE,10,6
2026-09-28T19:57:47.705016,-35.3630079,149.167526,10.028,0.87,6.36,0.0,6.424964427947998,6.424971580505371,82,0.0016313486266881227,-0.14539530873298645,1.4345134496688843,12.587,27.91,92,GUIDED,True,ACTIVE,10,6
2026-09-28T19:57:48.205550,-35.3630042,149.1675592,10.027,0.78,5.63,0.0,5.689578056335449,5.689582347869873,82,0.0012961665634065866,-0.09300978481769562,1.4345943927764893,12.587,28.0,92,GUIDED,True,ACTIVE,10,6
2026-09-28T19:57:48.706142,-35.3630009,149.1675884,10.027,0.68,4.88,0.0,4.932246208190918,4.932249546051025,82,0.0016111956210806966,-0.04413822293281555,1.4349911212921143,12.587,28.0,92,GUIDED,True,ACTIVE,10,6
2026-09-28T19:57:49.207185,-35.3629982,149.1676133,10.027,0.58,4.11,0.0,4.156099796295166,4.156100273132324,82,0.001213808311149478,0.0020588834304362535,1.4349617958068848,12.587,28.16,91,GUIDED,True,ACTIVE,10,6
2026-09-28T19:57:49.708193,-35.3629959,149.1676338,10.027,0.47,3.32,0.0,3.3630244731903076,3.3630244731903076,82,0.0016878875903785229,0.04642536863684654,1.4349430799484253,12.587,28.16,91,GUIDED,True,ACTIVE,10,6
2026-09-28T19:57:50.209089,-35.362994,149.1676501,10.03,0.35,2.5,0.0,2.531035900115967,2.531035900115967,82,0.0023655749391764402,0.09288156777620316,1.4351046085357666,12.587,28.25,91,GUIDED,True,ACTIVE,10,6
2026-09-28T19:57:50.710237,-35.3629927,149.1676616,10.032,0.23,1.62,0.0,1.638484239578247,1.6384844779968262,82,0.00684530520811677,0.11335700005292892,1.4352036714553833,12.587,28.33,91,GUIDED,True,ACTIVE,10,6
2026-09-28T19:57:51.211164,-35.3629919,149.1676697,10.033,0.1,1.52,0.0,1.53327476978302,1.5332815647125244,83,0.03911123797297478,-0.1575804352760315,1.4571757316589355,12.587,28.41,91,GUIDED,True,ACTIVE,10,6
2026-09-28T19:57:51.712718,-35.3629916,149.1676809,10.032,0.03,2.64,0.0,2.641939163208008,2.6419403553009033,88,0.015179318375885487,-0.34154701232910156,1.552646279335022,12.587,29.82,91,GUIDED,True,ACTIVE,10,6
2026-09-28T19:57:52.213485,-35.3629914,149.1676989,10.035,0.0,3.88,0.0,3.8800885677337646,3.880089282989502,92,-0.008093873038887978,-0.3698168694972992,1.6224515438079834,12.587,29.82,91,GUIDED,True,ACTIVE,10,6
2026-09-28T19:57:52.714021,-35.3629912,149.1677232,10.036,-0.02,5.06,0.0,5.061534404754639,5.061534881591797,91,0.004219257738441229,-0.42500951886177063,1.5963062047958374,12.587,30.32,91,GUIDED,True,ACTIVE,10,6
2026-09-28T19:57:53.215697,-35.362991,149.1677541,10.036,-0.06,6.22,0.0,6.222957611083984,6.222957134246826,88,0.026153545826673508,-0.4365920424461365,1.5435549020767212,12.587,30.49,90,GUIDED,True,ACTIVE,10,6
2026-09-28T19:57:53.716241,-35.3629909,149.1677896,10.04,-0.09,6.53,0.0,6.535499095916748,6.535502910614014,88,0.019346795976161957,-0.26976996660232544,1.5428643226623535,12.587,28.25,90,GUIDED,True,ACTIVE,10,6
2026-09-28T19:57:54.217048,-35.3629911,149.1678251,10.038,-0.11,6.28,0.0,6.285304546356201,6.285312652587891,90,0.007991727441549301,-0.21387264132499695,1.5729334354400635,12.587,28.08,90,GUIDED,True,ACTIVE,10,6
2026-09-28T19:57:54.717462,-35.3629914,149.1678589,10.03,-0.1,5.89,0.01,5.8975114822387695,5.897520065307617,91,0.003245326690375805,-0.16890867054462433,1.5905545949935913,12.587,28.08,90,GUIDED,True,ACTIVE,10,6
2026-09-28T19:57:55.218051,-35.3629917,149.1678904,10.025,-0.09,5.4,0.0,5.4071221351623535,5.407124042510986,90,0.002864300273358822,-0.11709942668676376,1.580992579460144,12.587,28.0,90,GUIDED,True,ACTIVE,10,6
2026-09-28T19:57:55.718579,-35.362992,149.1679188,10.023,-0.07,4.81,0.0,4.811493873596191,4.811493873596191,89,0.0008342817891389132,-0.061574067920446396,1.5654007196426392,12.587,28.0,90,GUIDED,True,ACTIVE,10,6
2026-09-28T19:57:56.219199,-35.3629923,149.1679438,10.022,-0.05,4.11,0.0,4.114569187164307,4.114569664001465,89,-0.0010995223419740796,-0.0032541484106332064,1.564060926437378,12.587,28.08,90,GUIDED,True,ACTIVE,10,6
2026-09-28T19:57:56.720515,-35.3629925,149.1679646,10.023,-0.03,3.32,0.0,3.3253660202026367,3.3253672122955322,90,-0.0013827902730554342,0.054087474942207336,1.5732576847076416,12.587,28.16,90,GUIDED,True,ACTIVE,10,6
2026-09-28T19:57:57.220984,-35.3629926,149.1679808,10.024,-0.01,2.44,0.0,2.4445154666900635,2.44451904296875,90,5.6199329264927655e-05,0.11395625025033951,1.5785417556762695,12.587,28.33,90,GUIDED,True,ACTIVE,10,6
2026-09-28T19:57:57.721467,-35.3629926,149.1679918,10.026,-0.01,1.44,0.0,1.4409476518630981,1.4409536123275757,90,0.01691531389951706,0.1845243275165558,1.5761075019836426,12.587,28.58,89,GUIDED,True,ACTIVE,10,6
2026-09-28T19:57:58.221703,-35.3629933,149.1679964,10.028,-0.31,0.14,0.0,0.3437541425228119,0.34378930926322937,100,0.1300603151321411,0.2408328354358673,1.753674030303955,12.587,29.16,89,GUIDED,True,ACTIVE,10,6
2026-09-28T19:57:58.722075,-35.3629956,149.167994,10.03,-0.72,-1.12,0.0,1.3348917961120605,1.3348959684371948,134,0.26893505454063416,0.1271006464958191,2.3428354263305664,12.587,29.24,89,GUIDED,True,ACTIVE,10,6
2026-09-28T19:57:59.222665,-35.3629999,149.1679847,10.031,-1.18,-2.3,0.0,2.5884315967559814,2.5884320735931396,176,0.3086896538734436,-0.11209959536790848,3.0839762687683105,12.587,29.57,89,GUIDED,True,ACTIVE,10,6
2026-09-28T19:57:59.723345,-35.3630062,149.167969,10.031,-1.65,-3.44,0.0,3.8197567462921143,3.8197567462921143,212,0.19552552700042725,-0.30715709924697876,-2.566659688949585,12.587,29.82,89,GUIDED,True,ACTIVE,10,6
2026-09-28T19:58:00.223999,-35.3630146,149.1679471,10.031,-2.11,-4.52,0.0,4.998050212860107,4.998051166534424,238,0.040969446301460266,-0.4122936725616455,-2.1200308799743652,12.587,30.16,89,GUIDED,True,ACTIVE,10,6
2026-09-28T19:58:00.724578,-35.3630251,149.1679199,10.036,-2.49,-5.21,-0.01,5.776824951171875,5.7768449783325195,256,-0.05020340904593468,-0.2734290659427643,-1.810448408126831,12.587,28.66,89,GUIDED,True,ACTIVE,10,6
2026-09-28T19:58:01.225189,-35.3630362,149.1678915,10.038,-2.45,-5.06,0.0,5.628402233123779,5.628405570983887,254,-0.013829800300300121,-0.17103737592697144,-1.8340922594070435,12.587,28.0,89,GUIDED,True,ACTIVE,10,6
2026-09-28T19:58:01.725695,-35.3630466,149.1678645,10.034,-2.24,-4.71,0.01,5.217739582061768,5.2177534103393555,243,0.013581491075456142,-0.12241657078266144,-2.03883957862854,12.587,28.0,88,GUIDED,True,ACTIVE,10,6
2026-09-28T19:58:02.226241,-35.363056,149.1678396,10.028,-1.99,-4.27,0.0,4.715826034545898,4.715832233428955,236,0.006031267810612917,-0.07437984645366669,-2.1482460498809814,12.587,28.08,88,GUIDED,True,ACTIVE,10,6
2026-09-28T19:58:02.726770,-35.3630642,149.1678174,10.026,-1.74,-3.72,0.0,4.108578681945801,4.108579635620117,241,-0.008666185662150383,-0.02174823358654976,-2.0733351707458496,12.587,28.08,88,GUIDED,True,ACTIVE,10,6
2026-09-28T19:58:03.227076,-35.3630713,149.1677986,10.024,-1.47,-3.06,0.0,3.3969180583953857,3.396918296813965,247,-0.005436685401946306,0.03577557951211929,-1.9658931493759155,12.587,28.16,88,GUIDED,True,ACTIVE,10,6
2026-09-28T19:58:03.727471,-35.363077,149.1677838,10.024,-1.13,-2.3,0.0,2.567619562149048,2.5676207542419434,247,0.0012520698364824057,0.0996570885181427,-1.9608807563781738,12.587,28.33,88,GUIDED,True,ACTIVE,10,6
2026-09-28T19:58:04.228252,-35.363081,149.1677735,10.025,-0.73,-1.42,0.0,1.6036914587020874,1.6036990880966187,243,-0.0044453018344938755,0.1482752412557602,-2.027212142944336,12.587,28.41,88,GUIDED,True,ACTIVE,10,6
2026-09-28T19:58:04.728633,-35.3630833,149.1677678,10.026,-0.36,-0.66,0.0,0.7564277052879333,0.756449818611145,241,-0.007967562414705753,0.12311446666717529,-2.062244176864624,12.587,28.33,88,GUIDED,True,ACTIVE,10,6
2026-09-28T19:58:05.229234,-35.3630842,149.1677657,10.027,-0.12,-0.16,0.0,0.21001885831356049,0.21004828810691833,243,-0.0026665092445909977,0.07729581743478775,-2.0363070964813232,12.587,28.16,88,GUIDED,True,ACTIVE,10,6
2026-09-28T19:58:05.729453,-35.3630843,149.1677656,10.026,0.0,0.08,0.0,0.0829276591539383,0.08295952528715134,245,0.00040550011908635497,0.03773478791117668,-2.001511335372925,12.587,28.08,87,GUIDED,True,ACTIVE,10,6
2026-09-28T19:58:06.230067,-35.3630841,149.1677664,10.025,0.05,0.17,0.0,0.17923171818256378,0.1792631447315216,245,0.00048244951176457107,0.012256194837391376,-2.000965118408203,12.587,28.16,87,GUIDED,True,ACTIVE,10,6
2026-09-28T19:58:06.730703,-35.3630838,149.1677675,10.024,0.06,0.17,0.0,0.1833210587501526,0.18337363004684448,244,0.0014200557488948107,-0.00011698881280608475,-2.0229897499084473,12.587,28.08,87,GUIDED,True,ACTIVE,10,6
2026-09-28T19:58:07.231099,-35.3630835,149.1677685,10.025,0.05,0.13,0.0,0.15032437443733215,0.15038898587226868,243,0.0021473560482263565,-0.005012795329093933,-2.0337538719177246,12.587,28.08,87,GUIDED,True,ACTIVE,10,6
2026-09-28T19:58:07.731566,-35.3630833,149.1677693,10.025,0.04,0.09,0.0,0.10984911769628525,0.1099475622177124,243,0.0022930584382265806,-0.006202794145792723,-2.0248663425445557,12.587,28.08,87,GUIDED,True,ACTIVE,10,6
2026-09-28T19:58:08.232214,-35.3630831,149.1677699,10.025,0.04,0.06,0.0,0.07304226607084274,0.07315163314342499,244,0.0020622331649065018,-0.0059733400121331215,-2.013798952102661,12.587,28.08,87,GUIDED,True,ACTIVE,10,6
2026-09-28T19:58:08.732465,-35.363083,149.1677703,10.026,0.03,0.03,0.0,0.04558282718062401,0.04575757309794426,244,0.002159693744033575,-0.004582437686622143,-2.014122724533081,12.587,28.08,87,GUIDED,True,ACTIVE,10,6
2026-09-28T19:58:09.232858,-35.3630829,149.1677705,10.026,0.02,0.01,0.0,0.02991669252514839,0.030075836926698685,244,0.001854582573287189,-0.00319561711512506,-2.0213212966918945,12.587,28.08,87,GUIDED,True,ACTIVE,10,6
2026-09-28T19:58:09.733510,-35.3630828,149.1677707,10.027,0.02,0.0,0.0,0.02232816442847252,0.0225494634360075,244,0.0013425687793642282,-0.002222606912255287,-2.02455735206604,12.587,28.08,87,GUIDED,True,ACTIVE,10,6
2026-09-28T19:58:10.234020,-35.3630827,149.1677708,10.027,0.01,0.0,0.0,0.020595615729689598,0.020749669522047043,244,0.0014616322005167603,-0.0005655753193423152,-2.0218567848205566,12.587,28.08,86,GUIDED,True,ACTIVE,10,6
2026-09-28T19:58:10.734734,-35.3630827,149.1677708,10.027,0.01,0.0,0.0,0.019567737355828285,0.01967199146747589,244,0.0011393020395189524,0.00027148626395501196,-2.018009901046753,12.587,28.08,86,GUIDED,True,ACTIVE,10,6
2026-09-28T19:58:11.235580,-35.3630827,149.1677708,10.027,0.01,0.0,0.0,0.018826596438884735,0.018963271751999855,244,0.001217887969687581,-4.1164403228322044e-05,-2.0176405906677246,12.587,28.08,86,GUIDED,True,ACTIVE,10,6
2026-09-28T19:58:11.736227,-35.3630827,149.1677709,10.027,0.01,0.0,0.0,0.018537990748882294,0.018731247633695602,244,0.0010231614578515291,0.0006574861472472548,-2.0198190212249756,12.587,28.08,86,GUIDED,True,ACTIVE,10,6
2026-09-28T19:58:12.236761,-35.3630827,149.1677709,10.027,0.01,0.0,0.0,0.016222670674324036,0.01639011688530445,244,0.00048435162170790136,0.0006025249604135752,-2.02095365524292,12.587,28.08,86,GUIDED,True,ACTIVE,10,6
2026-09-28T19:58:12.737344,-35.3630826,149.1677709,10.027,0.01,0.0,0.0,0.015094929374754429,0.015233583748340607,244,0.0007942387601360679,0.00040288225864060223,-2.019714832305908,12.587,28.08,86,GUIDED,True,ACTIVE,10,6
2026-09-28T19:58:13.238019,-35.3630826,149.1677709,10.027,0.01,0.0,0.0,0.013214056380093098,0.01336466334760189,244,0.00016536495240870863,0.0002428634907118976,-2.019399404525757,12.587,28.08,86,GUIDED,True,ACTIVE,10,6
2026-09-28T19:58:13.738617,-35.3630826,149.1677709,10.027,0.01,0.0,0.0,0.010189391672611237,0.010420436039566994,244,0.0001699222921160981,0.0003907539648935199,-2.0199387073516846,12.587,28.08,86,GUIDED,True,ACTIVE,10,6
2026-09-28T19:58:14.239344,-35.3630825,149.1677709,10.027,0.0,0.0,0.0,0.007493551354855299,0.00787013117223978,244,1.458424776501488e-05,0.00020854994363617152,-2.019773006439209,12.587,28.08,85,GUIDED,True,ACTIVE,10,6
2026-09-28T19:58:14.739990,-35.3630825,149.1677709,10.027,0.0,0.0,0.0,0.005014761351048946,0.005353809334337711,244,6.12446092418395e-05,0.00019023328786715865,-2.0196874141693115,12.587,28.08,85,GUIDED,True,ACTIVE,10,6
2026-09-28T19:58:15.240504,-35.3630825,149.1677709,10.027,0.0,0.0,0.0,0.002753695473074913,0.0034267855808138847,244,7.165774150053039e-05,-5.181488813832402e-05,-2.019700527191162,12.587,28.08,85,GUIDED,True,ACTIVE,10,6
2026-09-28T19:58:15.741318,-35.3630825,149.1677709,10.027,0.0,0.0,0.0,0.0020091969054192305,0.002759671537205577,244,-0.00040457560680806637,-0.00013683451106771827,-2.0198171138763428,12.587,28.08,85,GUIDED,True,ACTIVE,10,6
2026-09-28T19:58:16.242245,-35.3630824,149.1677709,10.027,0.0,0.0,0.0,0.002926273038610816,0.003634663764387369,244,-0.0004930175491608679,-0.00013012367708142847,-2.0196075439453125,12.587,28.08,85,GUIDED,True,ACTIVE,10,6
2026-09-28T19:58:16.742824,-35.3630824,149.1677709,10.028,0.0,0.0,0.0,0.005508914589881897,0.00582432234659791,244,-0.00043686028220690787,-0.00021471800573635846,-2.0197994709014893,12.587,28.16,85,GUIDED,True,ACTIVE,10,6
2026-09-28T19:58:17.243453,-35.3630824,149.167771,10.028,0.0,0.0,0.0,0.007360393647104502,0.007601418066769838,244,-0.00029911077581346035,-2.6132793209399097e-05,-2.0196409225463867,12.587,28.08,85,GUIDED,True,ACTIVE,10,6
2026-09-28T19:58:17.744672,-35.3630824,149.167771,10.028,0.0,0.0,0.0,0.007918667048215866,0.008115041069686413,244,0.0001821977784857154,-0.0006525064236484468,-2.019541025161743,12.587,28.08,85,GUIDED,True,ACTIVE,10,6
2026-09-28T19:58:18.245526,-35.3630824,149.167771,10.028,0.0,0.0,0.0,0.009556354954838753,0.009649143554270267,244,0.0002783697855193168,-0.0007600918761454523,-2.0197691917419434,12.587,28.08,85,GUIDED,True,ACTIVE,10,6
2026-09-28T19:58:18.746131,-35.3630824,149.167771,10.028,0.0,0.0,0.0,0.01091016922146082,0.010951166041195393,244,0.0003456756821833551,-0.0006443074671551585,-2.0194931030273438,12.587,28.08,84,GUIDED,True,ACTIVE,10,6
2026-09-28T19:58:19.247103,-35.3630824,149.167771,10.029,0.0,0.0,0.0,0.01140940934419632,0.011433226056396961,244,0.00014519224350806326,-0.00018757651560008526,-2.019473075866699,12.587,28.16,84,GUIDED,True,ACTIVE,10,6
2026-09-28T19:58:19.747742,-35.3630824,149.167771,10.029,0.0,0.0,0.0,0.010670913383364677,0.010682033374905586,244,-7.667806130484678e-06,-0.00015876427642069757,-2.0195188522338867,12.587,28.16,84,GUIDED,True,ACTIVE,10,6
2026-09-28T19:58:20.248454,-35.3630824,149.167771,10.029,0.0,0.0,0.0,0.010491348803043365,0.010496755130589008,244,-0.00015933635586407036,-0.00030281420913524926,-2.0195844173431396,12.587,28.08,84,GUIDED,True,ACTIVE,10,6
2026-09-28T19:58:20.748895,-35.3630824,149.167771,10.029,0.0,0.0,0.0,0.010871844366192818,0.010876418091356754,244,-0.00014493735216092318,-0.0003121937916148454,-2.0194835662841797,12.587,28.08,84,GUIDED,True,ACTIVE,10,6
2026-09-28T19:58:21.249469,-35.3630824,149.167771,10.029,0.0,0.0,0.0,0.011082028970122337,0.011083143763244152,244,-0.000385324121452868,0.00022456063015852123,-2.01945424079895,12.587,28.08,84,GUIDED,True,ACTIVE,10,6
2026-09-28T19:58:21.750105,-35.3630824,149.167771,10.029,0.0,0.0,0.0,0.009802397340536118,0.009802775457501411,244,-0.0003479256120044738,0.00036917609395459294,-2.019505262374878,12.587,28.08,84,GUIDED,True,ACTIVE,10,6
2026-09-28T19:58:22.251252,-35.3630824,149.167771,10.029,0.0,0.0,0.0,0.00882946141064167,0.008837569504976273,244,-0.0003197668120265007,0.0003789011971093714,-2.019517660140991,12.587,28.08,84,GUIDED,True,ACTIVE,10,6
2026-09-28T19:58:22.753771,-35.3630824,149.167771,10.028,0.0,0.0,0.0,0.008557780645787716,0.008612948469817638,244,-0.000161958989338018,7.783954788465053e-05,-2.019456148147583,12.587,28.08,83,GUIDED,True,ACTIVE,10,6
2026-09-28T19:58:23.254084,-35.3630824,149.167771,10.028,0.0,0.0,0.0,0.00832966435700655,0.0084069250151515,244,-0.00010196879884460941,-6.234191096154973e-05,-2.0195322036743164,12.587,28.08,83,GUIDED,True,ACTIVE,10,6
2026-09-28T19:58:23.754827,-35.3630824,149.167771,10.028,0.0,0.0,0.0,0.008875858038663864,0.009008769877254963,244,-0.00029102040571160614,-0.0002261907357024029,-2.0195581912994385,12.587,28.16,83,GUIDED,True,ACTIVE,10,6
2026-09-28T19:58:24.255452,-35.3630824,149.167771,10.028,0.0,0.0,0.0,0.010043637827038765,0.010190824046730995,244,-0.0002672004047781229,-0.0003649674472399056,-2.019570827484131,12.587,28.08,83,GUIDED,True,ACTIVE,10,6
2026-09-28T19:58:24.756102,-35.3630824,149.167771,10.028,0.0,0.0,0.0,0.01066744513809681,0.010814915411174297,244,7.623645797139034e-05,-0.0008660853491164744,-2.01955509185791,12.587,28.16,83,GUIDED,True,ACTIVE,10,6
2026-09-28T19:58:25.256700,-35.3630824,149.167771,10.028,-0.01,0.0,0.0,0.012271281331777573,0.012394183315336704,244,0.00012015823449473828,-0.0009368915343657136,-2.019421339035034,12.587,28.08,83,GUIDED,True,ACTIVE,10,6
2026-09-28T19:58:25.757280,-35.3630824,149.1677711,10.028,-0.01,0.0,0.0,0.013599737547338009,0.013653182424604893,244,0.00017008349823299795,-0.0009486786439083517,-2.019470691680908,12.587,28.08,83,GUIDED,True,ACTIVE,10,6
2026-09-28T19:58:26.257566,-35.3630824,149.1677711,10.029,-0.01,-0.01,0.0,0.014909456484019756,0.014934133738279343,244,-9.433995728613809e-05,-0.0006964329513721168,-2.019547939300537,12.587,28.08,83,GUIDED,True,ACTIVE,10,6
2026-09-28T19:58:26.758528,-35.3630824,149.1677711,10.029,-0.01,-0.01,0.0,0.015244828537106514,0.015254110097885132,244,-0.0002174600085709244,-0.00043762780842371285,-2.0195465087890625,12.587,28.16,83,GUIDED,True,ACTIVE,10,6
2026-09-28T19:58:27.259267,-35.3630824,149.1677711,10.029,-0.01,-0.01,0.0,0.015165946446359158,0.015171151608228683,244,-0.0005497904494404793,-0.0005770916468463838,-2.019423246383667,12.587,28.16,82,GUIDED,True,ACTIVE,10,6
2026-09-28T19:58:27.760102,-35.3630823,149.1677711,10.029,-0.01,0.0,0.0,0.01622210629284382,0.01622461900115013,244,-0.000659076904412359,-0.0007258689729496837,-2.0194284915924072,12.587,28.08,82,GUIDED,True,ACTIVE,10,6
2026-09-28T19:58:28.261394,-35.3630823,149.1677711,10.029,-0.01,0.0,0.0,0.017700999975204468,0.017701394855976105,244,-0.0006710203597322106,-0.0006403426523320377,-2.0195069313049316,12.587,28.08,82,GUIDED,True,ACTIVE,10,6
2026-09-28T19:58:28.761777,-35.3630823,149.1677711,10.029,-0.01,0.0,0.0,0.018156491219997406,0.018157005310058594,244,-0.00047112139873206615,-0.00057841872330755,-2.019301652908325,12.587,28.08,82,GUIDED,True,ACTIVE,10,6
2026-09-28T19:58:29.262484,-35.3630823,149.1677711,10.029,-0.01,0.0,0.0,0.018009401857852936,0.018010195344686508,244,-0.00029220848227851093,-0.0004735695256385952,-2.019477128982544,12.587,28.08,82,GUIDED,True,ACTIVE,10,6
2026-09-28T19:58:29.763575,-35.3630823,149.1677711,10.029,-0.01,0.0,0.0,0.017360862344503403,0.017374038696289062,244,-0.00029342834022827446,-0.0005645417259074748,-2.019404649734497,12.587,28.08,82,GUIDED,True,ACTIVE,10,6
2026-09-28T19:58:30.264517,-35.3630823,149.1677711,10.028,-0.01,0.0,0.0,0.017393266782164574,0.017413819208741188,244,-0.00043465898488648236,-0.0002431016182526946,-2.0193803310394287,12.587,28.16,82,GUIDED,True,ACTIVE,10,6
2026-09-28T19:58:30.765423,-35.3630823,149.1677711,10.028,-0.01,0.0,0.0,0.01634710095822811,0.016398927196860313,244,-0.0005738518666476011,0.00014600498252548277,-2.0193936824798584,12.587,28.08,82,GUIDED,True,ACTIVE,10,6
2026-09-28T19:58:31.266070,-35.3630823,149.167771,10.028,-0.01,0.0,0.0,0.0151278767734766,0.01521774847060442,244,-0.0005984066519886255,7.907110557425767e-05,-2.019376516342163,12.587,28.08,81,GUIDED,True,ACTIVE,10,6
2026-09-28T19:58:31.766681,-35.3630823,149.167771,10.028,-0.01,0.0,0.0,0.014830868691205978,0.014902175404131413,244,-0.0006196264293976128,-6.626331014558673e-05,-2.0194034576416016,12.587,28.08,81,GUIDED,True,ACTIVE,10,6
2026-09-28T19:58:32.268351,-35.3630823,149.167771,10.029,-0.01,0.0,0.0,0.015006421133875847,0.015061910264194012,244,-0.0004960093065164983,-0.0004354892880655825,-2.019096851348877,12.587,28.16,81,GUIDED,True,ACTIVE,10,6
2026-09-28T19:58:32.769460,-35.3630823,149.167771,10.029,-0.01,0.0,0.0,0.015367362648248672,0.015386323444545269,244,-0.00039852067129686475,-0.00041279406286776066,-2.0195605754852295,12.587,28.08,81,GUIDED,True,ACTIVE,10,6
2026-09-28T19:58:33.270065,-35.3630823,149.167771,10.029,-0.01,0.0,0.0,0.015136498026549816,0.0151378707960248,244,-0.00047640365664847195,-0.0005729300901293755,-2.0195560455322266,12.587,28.16,81,GUIDED,True,ACTIVE,10,6
2026-09-28T19:58:33.771042,-35.3630823,149.167771,10.029,-0.01,0.0,0.0,0.016254432499408722,0.016256442293524742,244,-0.0002619638398755342,-0.0011305753141641617,-2.019379138946533,12.587,28.08,81,GUIDED,True,ACTIVE,10,6
2026-09-28T19:58:34.271570,-35.3630823,149.1677711,10.029,-0.01,0.0,0.0,0.016698263585567474,0.016700539737939835,244,-0.00012192247231723741,-0.001113017788156867,-2.0193233489990234,12.587,28.08,81,GUIDED,True,ACTIVE,10,6
2026-09-28T19:58:34.772236,-35.3630823,149.1677711,10.029,-0.01,0.0,0.0,0.017638834193348885,0.017638858407735825,244,-9.58746240939945e-05,-0.0011206225026398897,-2.0193703174591064,12.587,28.08,81,GUIDED,True,ACTIVE,10,6
2026-09-28T19:58:35.273306,-35.3630823,149.1677711,10.03,-0.01,-0.01,0.0,0.018796388059854507,0.018796388059854507,244,-0.0002920007100328803,-0.0007881670608185232,-2.019500255584717,12.587,28.08,80,GUIDED,True,ACTIVE,10,6
2026-09-28T19:58:35.774589,-35.3630823,149.1677711,10.03,-0.01,-0.01,0.0,0.01905004493892193,0.019050253555178642,244,-0.00038573023630306125,-0.0006538319285027683,-2.019231081008911,12.587,28.08,80,GUIDED,True,ACTIVE,10,6
2026-09-28T19:58:36.275704,-35.3630823,149.1677711,10.03,-0.01,-0.01,0.0,0.019019193947315216,0.01901993341743946,244,-0.000388794083846733,-0.0005753518198616803,-2.019505500793457,12.587,28.08,80,GUIDED,True,ACTIVE,10,6
2026-09-28T19:58:36.778234,-35.3630823,149.1677711,10.03,-0.01,0.0,0.0,0.018548406660556793,0.01855005882680416,244,-0.0005805725231766701,-0.0006373266805894673,-2.019444465637207,12.587,28.08,80,GUIDED,True,ACTIVE,10,6
2026-09-28T19:58:37.278652,-35.3630823,149.1677711,10.029,-0.01,0.0,0.0,0.018894078209996223,0.018894175067543983,244,-0.0008880245150066912,-0.0007886241073720157,-2.0194194316864014,12.587,28.08,80,GUIDED,True,ACTIVE,10,6
2026-09-28T19:58:37.779462,-35.3630823,149.1677711,10.029,-0.01,0.0,0.0,0.020292654633522034,0.020301340147852898,244,-0.0008279824978671968,-0.000794870313256979,-2.019336700439453,12.587,28.08,80,GUIDED,True,ACTIVE,10,6
2026-09-28T19:58:38.280317,-35.3630823,149.1677711,10.028,-0.01,0.0,0.0,0.021104196086525917,0.02112296223640442,244,-0.0007597809308208525,-0.0006740851677022874,-2.019367218017578,12.587,28.08,80,GUIDED,True,ACTIVE,10,6
2026-09-28T19:58:38.781460,-35.3630823,149.1677711,10.028,-0.02,0.0,0.0,0.02171807922422886,0.021750986576080322,244,-0.0006585387163795531,-0.0007388090598396957,-2.0193123817443848,12.587,28.08,80,GUIDED,True,ACTIVE,10,6
2026-09-28T19:58:39.281888,-35.3630823,149.1677711,10.028,-0.02,0.0,0.0,0.02168400026857853,0.021742625162005424,244,-0.0008203547331504524,-0.00012807174061890692,-2.0192835330963135,12.587,28.08,80,GUIDED,True,ACTIVE,10,6
2026-09-28T19:58:39.782469,-35.3630823,149.1677711,10.028,-0.01,0.0,0.0,0.0204828642308712,0.020537735894322395,244,-0.0008123535662889481,1.1321478268655483e-05,-2.01957106590271,12.587,28.08,79,GUIDED,True,ACTIVE,10,6
2026-09-28T19:58:40.284266,-35.3630823,149.167771,10.029,-0.01,0.0,0.0,0.019493984058499336,0.019526824355125427,244,-0.0008934072102420032,-4.7711393563076854e-05,-2.0191938877105713,12.587,28.08,79,GUIDED,True,ACTIVE,10,6
2026-09-28T19:58:40.786333,-35.3630823,149.167771,10.029,-0.01,0.0,0.0,0.01960138790309429,0.01960587128996849,244,-0.0008294852450489998,-0.0003134898142889142,-2.0192360877990723,12.587,28.08,79,GUIDED,True,ACTIVE,10,6
2026-09-28T19:58:41.287264,-35.3630823,149.167771,10.029,-0.01,0.0,0.0,0.019519919529557228,0.019530529156327248,244,-0.000649882887955755,-0.0005656955181621015,-2.0194687843322754,12.587,28.16,79,GUIDED,True,ACTIVE,10,6
2026-09-28T19:58:41.788004,-35.3630823,149.167771,10.029,-0.01,0.0,0.0,0.019646164029836655,0.01964855194091797,244,-0.0006598099134862423,-0.0006280469242483377,-2.0191681385040283,12.587,28.08,79,GUIDED,True,ACTIVE,10,6
2026-09-28T19:58:42.288665,-35.3630823,149.167771,10.029,-0.01,0.0,0.0,0.019525783136487007,0.019526435062289238,244,-0.0006928887451067567,-0.0006621953216381371,-2.019298791885376,12.587,28.08,79,GUIDED,True,ACTIVE,10,6
2026-09-28T19:58:42.789142,-35.3630823,149.167771,10.029,-0.01,0.0,0.0,0.02024752087891102,0.020247694104909897,244,-0.0003449362120591104,-0.0011853682808578014,-2.0193045139312744,12.587,28.16,79,GUIDED,True,ACTIVE,10,6
2026-09-28T19:58:43.289467,-35.3630823,149.1677711,10.03,-0.01,0.0,0.0,0.0201286431401968,0.0201286431401968,244,0.00011130091297673061,-0.0010173482587561011,-2.0193679332733154,12.587,28.08,79,GUIDED,True,ACTIVE,10,6
2026-09-28T19:58:43.789936,-35.3630823,149.1677711,10.03,-0.01,0.0,0.0,0.019554438069462776,0.01955476403236389,244,0.00015193289436865598,-0.0009343925048597157,-2.019282102584839,12.587,28.08,78,GUIDED,True,ACTIVE,10,6
2026-09-28T19:58:44.290511,-35.3630823,149.1677711,10.03,-0.01,-0.01,0.0,0.018661722540855408,0.0186617411673069,244,-0.00016402998880948871,-0.0007666714955121279,-2.0193071365356445,12.587,28.08,78,GUIDED,True,ACTIVE,10,6
2026-09-28T19:58:44.790882,-35.3630823,149.1677711,10.03,-0.01,-0.01,0.0,0.01876939833164215,0.01877080835402012,244,-0.0003925933560822159,-0.0007211885531432927,-2.019320487976074,12.587,28.08,78,GUIDED,True,ACTIVE,10,6
2026-09-28T19:58:45.291454,-35.3630823,149.1677711,10.03,-0.01,0.0,0.0,0.01845967210829258,0.018460588529706,244,-0.0004900553030893207,-0.0006942818290553987,-2.0192878246307373,12.587,28.08,78,GUIDED,True,ACTIVE,10,6
2026-09-28T19:58:45.792105,-35.3630823,149.1677711,10.029,-0.01,0.0,0.0,0.018832117319107056,0.01883450523018837,244,-0.0004937719204463065,-0.0006507594953291118,-2.0193355083465576,12.587,28.16,78,GUIDED,True,ACTIVE,10,6
2026-09-28T19:58:46.292668,-35.3630823,149.1677711,10.029,-0.01,0.0,0.0,0.018777141347527504,0.01877838373184204,244,-0.00047139168600551784,-0.0006493507535196841,-2.0193228721618652,12.587,28.08,78,GUIDED,True,ACTIVE,10,6
2026-09-28T19:58:46.793007,-35.3630823,149.1677711,10.029,-0.01,0.0,0.0,0.019280128180980682,0.019302550703287125,244,-0.0008531010244041681,-0.0007045252132229507,-2.019239902496338,12.587,28.08,78,GUIDED,True,ACTIVE,10,6
2026-09-28T19:58:47.293458,-35.3630823,149.1677711,10.028,-0.01,0.0,0.0,0.01981322467327118,0.019855545833706856,244,-0.001274992828257382,-0.00031660747481510043,-2.019296884536743,12.587,28.08,78,GUIDED,True,ACTIVE,10,6
2026-09-28T19:58:47.794085,-35.3630823,149.1677711,10.028,-0.02,0.0,0.0,0.020837511867284775,0.02087179757654667,244,-0.001200402737595141,-0.00016455630247946829,-2.019261598587036,12.587,28.08,77,GUIDED,True,ACTIVE,10,6
2026-09-28T19:58:48.295266,-35.3630823,149.167771,10.028,-0.02,0.0,0.0,0.02103634737432003,0.0210733599960804,244,-0.0010402436600998044,-0.00017082021804526448,-2.0193445682525635,12.587,28.08,77,GUIDED,True,ACTIVE,10,6
2026-09-28T19:58:48.796038,-35.3630823,149.167771,10.029,-0.02,0.0,0.0,0.02141408436000347,0.021433008834719658,244,-0.0009059528820216656,-0.0004877291794400662,-2.0194509029388428,12.587,28.08,77,GUIDED,True,ACTIVE,10,6
2026-09-28T19:58:49.296691,-35.3630823,149.167771,10.029,-0.02,0.0,0.0,0.021301401779055595,0.02130841463804245,244,-0.0007157660438679159,-0.0005217241123318672,-2.0191948413848877,12.587,28.08,77,GUIDED,True,ACTIVE,10,6
2026-09-28T19:58:49.797735,-35.3630823,149.167771,10.029,-0.02,0.0,0.0,0.021393973380327225,0.021399689838290215,244,-0.0007518060156144202,-0.0006320719257928431,-2.0192337036132812,12.587,28.16,77,GUIDED,True,ACTIVE,10,6
2026-09-28T19:58:50.298467,-35.3630823,149.167771,10.029,-0.02,0.0,0.0,0.021267566829919815,0.021270234137773514,244,-0.0006101833423599601,-0.0005654789856635034,-2.019360303878784,12.587,28.16,77,GUIDED,True,ACTIVE,10,6
2026-09-28T19:58:50.798971,-35.3630823,149.167771,10.029,-0.02,0.0,0.0,0.021343795582652092,0.021345987915992737,244,-0.0006783107528463006,-0.000965253624599427,-2.0191752910614014,12.587,28.08,77,GUIDED,True,ACTIVE,10,6
2026-09-28T19:58:51.299464,-35.3630823,149.167771,10.03,-0.02,0.0,0.0,0.021746410056948662,0.021746911108493805,244,-0.00042764097452163696,-0.0012767702573910356,-2.019263982772827,12.587,28.08,77,GUIDED,True,ACTIVE,10,6
2026-09-28T19:58:51.800045,-35.3630823,149.1677711,10.03,-0.02,0.0,0.0,0.022391727194190025,0.022391920909285545,244,-0.0003308320010546595,-0.0013262531720101833,-2.019268751144409,12.587,28.08,77,GUIDED,True,ACTIVE,10,6
2026-09-28T19:58:52.300461,-35.3630823,149.1677711,10.03,-0.02,-0.01,0.0,0.022984253242611885,0.022984253242611885,244,-0.0004986807471141219,-0.0011105862213298678,-2.01930832862854,12.587,28.08,76,GUIDED,True,ACTIVE,10,6
2026-09-28T19:58:52.801044,-35.3630823,149.1677711,10.03,-0.02,-0.01,0.0,0.023390276357531548,0.02339114248752594,244,-0.0007074683089740574,-0.0009122477495111525,-2.019270181655884,12.587,28.08,76,GUIDED,True,ACTIVE,10,6
2026-09-28T19:58:53.301574,-35.3630823,149.1677711,10.03,-0.02,0.0,0.0,0.022847913205623627,0.02285018563270569,244,-0.0006412622169591486,-0.0007025364902801812,-2.0192959308624268,12.587,28.08,76,GUIDED,True,ACTIVE,10,6
2026-09-28T19:58:53.802067,-35.3630823,149.1677711,10.03,-0.02,0.0,0.0,0.0227087140083313,0.02271069958806038,244,-0.0006361095583997667,-0.0008175353868864477,-2.019106864929199,12.587,28.08,76,GUIDED,True,ACTIVE,10,6
2026-09-28T19:58:54.302498,-35.3630823,149.1677711,10.03,-0.02,0.0,0.0,0.02219606563448906,0.022198379039764404,244,-0.00063895876519382,-0.0007090599392540753,-2.0193252563476562,12.587,28.08,76,GUIDED,True,ACTIVE,10,6
2026-09-28T19:58:54.803304,-35.3630823,149.1677711,10.03,-0.02,0.0,0.0,0.022561408579349518,0.0225630272179842,244,-0.0009750662720762193,-0.0004197778180241585,-2.019416093826294,12.587,28.16,76,GUIDED,True,ACTIVE,10,6
2026-09-28T19:58:55.303979,-35.3630823,149.1677711,10.03,-0.02,0.0,0.0,0.021894952282309532,0.02189510501921177,244,-0.0010075513273477554,-4.101859303773381e-05,-2.0192759037017822,12.587,28.08,76,GUIDED,True,ACTIVE,10,6
2026-09-28T19:58:55.804583,-35.3630823,149.167771,10.03,-0.02,0.0,0.0,0.02100329101085663,0.02100616879761219,244,-0.0009909747168421745,-4.644507134798914e-05,-2.01914381980896,12.587,28.08,76,GUIDED,True,ACTIVE,10,6
2026-09-28T19:58:56.305050,-35.3630823,149.167771,10.03,-0.02,0.0,0.0,0.020646104589104652,0.020646406337618828,244,-0.0009727455908432603,-0.00022028393868822604,-2.0194361209869385,12.587,28.08,75,GUIDED,True,ACTIVE,10,6
2026-09-28T19:58:56.805773,-35.3630823,149.167771,10.03,-0.02,0.0,0.0,0.02093633823096752,0.02093999832868576,244,-0.0008668733644299209,-0.00043195069883950055,-2.019211769104004,12.587,28.08,75,GUIDED,True,ACTIVE,10,6
2026-09-28T19:58:57.306178,-35.3630823,149.167771,10.03,-0.02,0.0,0.0,0.020663341507315636,0.020666813477873802,244,-0.0007276863325387239,-0.0006658519268967211,-2.0192770957946777,12.587,28.08,75,GUIDED,True,ACTIVE,10,6
2026-09-28T19:58:57.807421,-35.3630823,149.167771,10.029,-0.02,0.0,0.0,0.02093927562236786,0.020940272137522697,244,-0.0007042707875370979,-0.000595106917899102,-2.0193865299224854,12.587,28.16,75,GUIDED,True,ACTIVE,10,6
2026-09-28T19:58:58.308412,-35.3630823,149.167771,10.029,-0.02,0.0,0.0,0.020640728995203972,0.020657632499933243,244,-0.0007496356847696006,-0.0006165332742966712,-2.019174814224243,12.587,28.08,75,RTL,True,ACTIVE,10,6
2026-09-28T19:58:58.808818,-35.3630823,149.167771,10.04,-0.02,0.0,-0.08,0.02125009335577488,0.08347835391759872,244,-0.0007270645000971854,-0.0006572972633875906,-2.019277572631836,12.587,29.08,75,RTL,True,ACTIVE,10,6
2026-09-28T19:58:59.309471,-35.3630823,149.167771,10.146,-0.02,0.0,-0.37,0.021579831838607788,0.3760920464992523,244,-0.0007848230306990445,-0.0009180751512758434,-2.0193638801574707,12.587,30.49,75,RTL,True,ACTIVE,10,6
2026-09-28T19:58:59.809969,-35.3630823,149.167771,10.448,-0.02,0.0,-0.82,0.023584691807627678,0.8296877145767212,244,-0.0006711327587254345,-0.0013449231628328562,-2.019397735595703,12.587,31.32,75,RTL,True,ACTIVE,10,6
2026-09-28T19:59:00.310520,-35.3630823,149.167771,10.982,-0.02,0.0,-1.27,0.025537442415952682,1.2777104377746582,244,-0.00022285536397248507,-0.001622323296032846,-2.019235372543335,12.587,31.49,75,RTL,True,ACTIVE,10,6
2026-09-28T19:59:00.811150,-35.3630823,149.1677711,11.717,-0.02,-0.01,-1.56,0.026295751333236694,1.5673578977584839,244,-0.00032584992004558444,-0.0012353378115221858,-2.019151449203491,12.587,30.57,74,RTL,True,ACTIVE,10,6
2026-09-28T19:59:01.311473,-35.3630823,149.1677711,12.539,-0.02,-0.01,-1.62,0.026540378108620644,1.621271014213562,244,-0.000807656382676214,-0.0010513506131246686,-2.0191826820373535,12.587,29.33,74,RTL,True,ACTIVE,10,6
2026-09-28T19:59:01.812086,-35.3630823,149.1677711,13.355,-0.02,-0.03,-1.54,0.044406913220882416,1.5499298572540283,244,0.0063636102713644505,-0.019927453249692917,-2.0193259716033936,12.587,28.74,74,RTL,True,ACTIVE,10,6
2026-09-28T19:59:02.312854,-35.3630823,149.1677704,14.098,-0.04,-0.25,-1.3,0.2636333405971527,1.3316528797149658,244,0.027005651965737343,-0.07441368699073792,-2.0203566551208496,12.587,27.33,74,RTL,True,ACTIVE,10,6
2026-09-28T19:59:02.813496,-35.3630825,149.1677679,14.663,-0.08,-0.71,-0.84,0.7171561121940613,1.110032320022583,244,0.05029618740081787,-0.13604889810085297,-2.0227789878845215,12.587,26.08,74,RTL,True,ACTIVE,10,6
2026-09-28T19:59:03.313879,-35.3630828,149.1677623,14.979,-0.14,-1.39,-0.34,1.400375247001648,1.4415197372436523,243,0.07668548822402954,-0.20560690760612488,-2.027036428451538,12.587,26.08,74,RTL,True,ACTIVE,10,6
2026-09-28T19:59:03.814462,-35.3630836,149.1677523,15.064,-0.21,-2.32,0.01,2.331082820892334,2.3311281204223633,243,0.10313604027032852,-0.2737499475479126,-2.0331099033355713,12.587,27.66,74,RTL,True,ACTIVE,10,6
2026-09-28T19:59:04.314994,-35.3630846,149.1677366,15.033,-0.3,-3.46,0.09,3.4800796508789062,3.4814414978027344,243,0.12326300144195557,-0.32967016100883484,-2.039750337600708,12.587,29.66,74,RTL,True,ACTIVE,10,6
2026-09-28T19:59:04.815568,-35.3630861,149.1677144,15.001,-0.4,-4.62,0.03,4.637447834014893,4.637587070465088,242,0.1310310810804367,-0.3591432273387909,-2.043896436691284,12.587,30.24,73,RTL,True,ACTIVE,10,6
2026-09-28T19:59:05.316215,-35.363088,149.167686,14.992,-0.48,-5.71,0.0,5.73453950881958,5.73453950881958,242,0.14450745284557343,-0.40396207571029663,-2.050908327102661,12.587,30.41,73,RTL,True,ACTIVE,10,6
2026-09-28T19:59:05.816792,-35.3630903,149.1676516,14.992,-0.58,-6.8,0.0,6.8261308670043945,6.826134204864502,242,0.15945038199424744,-0.4495052993297577,-2.058628559112549,12.587,30.9,73,RTL,True,ACTIVE,10,6
2026-09-28T19:59:06.317062,-35.363093,149.1676114,14.993,-0.66,-7.75,0.0,7.784518241882324,7.7845234870910645,241,0.15938962996006012,-0.4641687273979187,-2.0609452724456787,12.587,30.99,73,RTL,True,ACTIVE,10,6
2026-09-28T19:59:06.817533,-35.3630961,149.1675665,14.993,-0.73,-8.51,0.0,8.543929100036621,8.543931007385254,241,0.15745198726654053,-0.4742428958415985,-2.0626542568206787,12.587,30.99,73,RTL,True,ACTIVE,10,6
2026-09-28T19:59:07.318167,-35.3630995,149.1675179,14.992,-0.78,-9.07,0.0,9.110779762268066,9.110783576965332,241,0.15304233133792877,-0.47636502981185913,-2.0631484985351562,12.587,30.9,73,RTL,True,ACTIVE,10,6
2026-09-28T19:59:07.818452,-35.363103,149.1674667,14.992,-0.82,-9.45,-0.01,9.487764358520508,9.487770080566406,241,0.14471082389354706,-0.4681725800037384,-2.061866044998169,12.587,30.65,73,RTL,True,ACTIVE,10,6
2026-09-28T19:59:08.319041,-35.3631068,149.167414,14.993,-0.85,-9.61,-0.01,9.657462120056152,9.657470703125,242,0.13231626152992249,-0.4498242735862732,-2.059044122695923,12.587,30.16,73,RTL,True,ACTIVE,10,6
2026-09-28T19:59:08.819471,-35.3631106,149.1673606,14.993,-0.87,-9.68,0.0,9.72165298461914,9.72165584564209,242,0.13284170627593994,-0.4539031684398651,-2.0596539974212646,12.587,30.16,72,RTL,True,ACTIVE,10,6
2026-09-28T19:59:09.320189,-35.3631145,149.167307,14.992,-0.88,-9.75,0.0,9.795557975769043,9.795559883117676,241,0.13425558805465698,-0.45651277899742126,-2.0600311756134033,12.587,30.24,72,RTL,True,ACTIVE,10,6
2026-09-28T19:59:09.820489,-35.3631184,149.167253,14.992,-0.89,-9.81,0.0,9.858941078186035,9.858943939208984,241,0.1351950764656067,-0.4570043683052063,-2.0602169036865234,12.587,30.16,72,RTL,True,ACTIVE,10,6
2026-09-28T19:59:10.321162,-35.3631224,149.1671988,14.992,-0.89,-9.85,0.0,9.89636516571045,9.896368026733398,241,0.13475960493087769,-0.4560495913028717,-2.0600368976593018,12.587,30.16,72,RTL,True,ACTIVE,10,6
2026-09-28T19:59:10.821785,-35.3631263,149.1671445,14.992,-0.89,-9.88,0.0,9.922575950622559,9.922578811645508,241,0.13482633233070374,-0.4565889239311218,-2.060117244720459,12.587,30.16,72,RTL,True,ACTIVE,10,6
2026-09-28T19:59:11.322580,-35.3631303,149.1670899,14.992,-0.89,-9.89,0.0,9.937368392944336,9.937370300292969,241,0.13410870730876923,-0.45490792393684387,-2.059950828552246,12.587,30.16,72,RTL,True,ACTIVE,10,6
2026-09-28T19:59:11.823457,-35.3631342,149.1670353,14.993,-0.88,-9.9,0.0,9.945755958557129,9.945756912231445,241,0.1336078941822052,-0.4549350142478943,-2.0599467754364014,12.587,30.16,72,RTL,True,ACTIVE,10,6
2026-09-28T19:59:12.324225,-35.3631382,149.1669808,14.993,-0.88,-9.9,0.0,9.947471618652344,9.947473526000977,242,0.1332840919494629,-0.45446422696113586,-2.059608221054077,12.587,30.16,72,RTL,True,ACTIVE,10,6
2026-09-28T19:59:12.824828,-35.3631421,149.1669263,14.993,-0.88,-9.91,0.0,9.950456619262695,9.950458526611328,242,0.13328205049037933,-0.45538631081581116,-2.0595357418060303,12.587,30.16,71,RTL,True,ACTIVE,10,6
2026-09-28T19:59:13.325457,-35.363146,149.1668716,14.994,-0.88,-9.91,0.0,9.95594310760498,9.955945014953613,241,0.13351501524448395,-0.4550836384296417,-2.0598537921905518,12.587,30.16,71,RTL,True,ACTIVE,10,6
2026-09-28T19:59:13.826369,-35.3631499,149.166817,14.994,-0.87,-9.92,0.0,9.96204662322998,9.962047576904297,241,0.1339350789785385,-0.4562108516693115,-2.0602920055389404,12.587,30.16,71,RTL,True,ACTIVE,10,6
2026-09-28T19:59:14.327116,-35.3631538,149.1667624,14.995,-0.87,-9.92,0.0,9.965742111206055,9.965743064880371,241,0.13316592574119568,-0.4556531310081482,-2.0598912239074707,12.587,30.07,71,RTL,True,ACTIVE,10,6
2026-09-28T19:59:14.827460,-35.3631577,149.1667077,14.996,-0.87,-9.93,0.0,9.970237731933594,9.97023868560791,241,0.13359585404396057,-0.45674946904182434,-2.060164213180542,12.587,30.16,71,RTL,True,ACTIVE,10,6
2026-09-28T19:59:15.328230,-35.3631616,149.1666532,14.996,-0.87,-9.93,0.0,9.976560592651367,9.976560592651367,241,0.13423919677734375,-0.4589942693710327,-2.0607752799987793,12.587,30.16,71,RTL,True,ACTIVE,10,6
2026-09-28T19:59:15.829058,-35.3631655,149.1665987,14.996,-0.87,-9.95,0.0,9.995733261108398,9.995733261108398,241,0.13620084524154663,-0.46263590455055237,-2.061202049255371,12.587,30.24,71,RTL,True,ACTIVE,10,6
2026-09-28T19:59:16.330044,-35.3631693,149.1665441,14.996,-0.87,-9.97,0.0,10.014958381652832,10.014958381652832,241,0.1351415514945984,-0.46106505393981934,-2.0606956481933594,12.587,30.24,70,RTL,True,ACTIVE,10,6
2026-09-28T19:59:16.830535,-35.3631732,149.1664893,14.997,-0.87,-9.98,0.0,10.023971557617188,10.023972511291504,241,0.13525234162807465,-0.4608767330646515,-2.060493230819702,12.587,30.24,70,RTL,True,ACTIVE,10,6
2026-09-28T19:59:17.331270,-35.3631771,149.1664343,14.998,-0.87,-9.98,0.0,10.026472091674805,10.026472091674805,241,0.13319292664527893,-0.4595911502838135,-2.0601491928100586,12.587,30.16,70,RTL,True,ACTIVE,10,6
2026-09-28T19:59:17.832035,-35.363181,149.1663794,15.0,-0.87,-9.98,0.0,10.021256446838379,10.021256446838379,241,0.13311366736888885,-0.45943683385849,-2.0606114864349365,12.587,30.16,70,RTL,True,ACTIVE,10,6
2026-09-28T19:59:18.332459,-35.3631849,149.1663245,15.0,-0.87,-9.97,0.0,10.016469955444336,10.016470909118652,241,0.13234563171863556,-0.45771756768226624,-2.0603086948394775,12.587,30.16,70,RTL,True,ACTIVE,10,6
2026-09-28T19:59:18.833036,-35.3631888,149.1662696,15.0,-0.87,-9.96,0.0,10.00617790222168,10.00617790222168,241,0.13201940059661865,-0.45829981565475464,-2.0601179599761963,12.587,30.16,70,RTL,True,ACTIVE,10,6
2026-09-28T19:59:19.333734,-35.3631927,149.1662146,15.0,-0.87,-9.96,0.0,10.002416610717773,10.002416610717773,241,0.13214051723480225,-0.4575032889842987,-2.059929132461548,12.587,30.16,70,RTL,True,ACTIVE,10,6
2026-09-28T19:59:19.834459,-35.3631966,149.1661597,15.0,-0.87,-9.95,0.0,9.99565315246582,9.99565315246582,241,0.13207823038101196,-0.45755791664123535,-2.0603089332580566,12.587,30.16,70,RTL,True,ACTIVE,10,6
2026-09-28T19:59:20.334922,-35.3632005,149.1661049,15.0,-0.87,-9.95,0.0,9.997171401977539,9.997171401977539,241,0.13211052119731903,-0.4579302668571472,-2.0604660511016846,12.587,30.16,69,RTL,True,ACTIVE,10,6
2026-09-28T19:59:20.835458,-35.3632044,149.1660501,15.0,-0.87,-9.95,0.0,9.993179321289062,9.993179321289062,241,0.13224361836910248,-0.45790502429008484,-2.0602402687072754,12.587,30.16,69,RTL,True,ACTIVE,10,6
2026-09-28T19:59:21.336063,-35.3632083,149.1659952,15.0,-0.87,-9.95,0.0,9.995490074157715,9.995490074157715,241,0.13239744305610657,-0.45849287509918213,-2.0599472522735596,12.587,30.16,69,RTL,True,ACTIVE,10,6
2026-09-28T19:59:21.836482,-35.3632122,149.1659403,15.0,-0.87,-9.95,0.0,9.993578910827637,9.993578910827637,241,0.13204436004161835,-0.4577159881591797,-2.0601346492767334,12.587,30.16,69,RTL,True,ACTIVE,10,6
2026-09-28T19:59:22.337115,-35.3632161,149.1658855,15.0,-0.87,-9.95,0.0,9.997182846069336,9.997182846069336,241,0.13250550627708435,-0.45843344926834106,-2.0604350566864014,12.587,30.16,69,RTL,True,ACTIVE,10,6
2026-09-28T19:59:22.837769,-35.36322,149.1658307,15.0,-0.87,-9.95,0.0,9.994418144226074,9.99441909790039,241,0.13179391622543335,-0.4581717550754547,-2.060293436050415,12.587,30.16,69,RTL,True,ACTIVE,10,6
2026-09-28T19:59:23.338453,-35.3632238,149.165776,15.001,-0.87,-9.95,0.0,9.997291564941406,9.997291564941406,241,0.13248836994171143,-0.459757924079895,-2.0602664947509766,12.587,30.16,69,RTL,True,ACTIVE,10,6
2026-09-28T19:59:23.839059,-35.3632277,149.165721,15.001,-0.87,-9.96,0.0,9.999629974365234,9.999629974365234,241,0.13134171068668365,-0.45867720246315,-2.060157060623169,12.587,30.16,69,RTL,True,ACTIVE,10,6
2026-09-28T19:59:24.339648,-35.3632316,149.1656662,15.002,-0.87,-9.96,0.0,10.003925323486328,10.003925323486328,241,0.13273702561855316,-0.45962822437286377,-2.0604968070983887,12.587,30.24,68,RTL,True,ACTIVE,10,6
2026-09-28T19:59:24.840279,-35.3632355,149.1656113,15.002,-0.87,-9.96,0.0,10.003731727600098,10.003731727600098,241,0.13155411183834076,-0.45852962136268616,-2.060635566711426,12.587,30.16,68,RTL,True,ACTIVE,10,6
2026-09-28T19:59:25.340804,-35.3632394,149.1655566,15.001,-0.87,-9.93,0.0,9.972234725952148,9.972234725952148,242,0.12266911566257477,-0.4390659034252167,-2.057858943939209,12.587,29.99,68,RTL,True,ACTIVE,10,6
2026-09-28T19:59:25.841454,-35.3632432,149.1655024,15.005,-0.84,-9.67,0.0,9.716068267822266,9.716072082519531,242,0.09770593047142029,-0.3873903453350067,-2.051332473754883,12.587,29.08,68,RTL,True,ACTIVE,10,6
2026-09-28T19:59:26.342100,-35.3632469,149.1654504,15.008,-0.81,-9.19,0.0,9.228215217590332,9.228215217590332,242,0.07069685310125351,-0.3242773115634918,-2.0453763008117676,12.587,28.33,68,RTL,True,ACTIVE,10,6
2026-09-28T19:59:26.842481,-35.3632504,149.1654016,15.008,-0.76,-8.47,0.0,8.509387969970703,8.50938892364502,243,0.03904059901833534,-0.23911812901496887,-2.0403904914855957,12.587,27.91,68,RTL,True,ACTIVE,10,6
2026-09-28T19:59:27.343120,-35.3632537,149.1653575,15.003,-0.69,-7.51,0.01,7.548273086547852,7.548285961151123,243,0.003962214570492506,-0.13262741267681122,-2.038148880004883,12.587,27.75,68,RTL,True,ACTIVE,10,6
2026-09-28T19:59:27.843706,-35.3632566,149.1653193,14.995,-0.6,-6.32,0.01,6.357773780822754,6.357802867889404,243,-0.024609491229057312,-0.030925268307328224,-2.0394599437713623,12.587,28.0,68,RTL,True,ACTIVE,10,6
2026-09-28T19:59:28.344334,-35.3632592,149.1652878,14.987,-0.5,-5.08,0.01,5.111711502075195,5.111726760864258,243,-0.041131798177957535,0.0462813638150692,-2.042062997817993,12.587,28.33,67,RTL,True,ACTIVE,10,6
2026-09-28T19:59:28.844726,-35.3632612,149.1652633,14.984,-0.38,-3.79,0.0,3.8194432258605957,3.8194432258605957,242,-0.058307938277721405,0.12011786550283432,-2.0458157062530518,12.587,28.49,67,RTL,True,ACTIVE,10,6
2026-09-28T19:59:29.345394,-35.3632627,149.1652459,14.987,-0.25,-2.5,-0.01,2.5187695026397705,2.5187971591949463,242,-0.06349687278270721,0.15655817091464996,-2.048218250274658,12.587,28.66,67,RTL,True,ACTIVE,10,6
2026-09-28T19:59:29.845575,-35.3632636,149.1652352,14.993,-0.13,-1.41,-0.01,1.4257831573486328,1.4258313179016113,242,-0.05479138344526291,0.14635542035102844,-2.047609329223633,12.587,28.49,67,RTL,True,ACTIVE,10,6
2026-09-28T19:59:30.346200,-35.363264,149.1652298,14.996,-0.03,-0.59,0.0,0.5940325260162354,0.5940656661987305,242,-0.04268967732787132,0.12087921798229218,-2.046283721923828,12.587,28.33,67,RTL,True,ACTIVE,10,6
2026-09-28T19:59:30.846772,-35.363264,149.1652282,14.996,0.03,-0.03,0.0,0.05299178883433342,0.05311015620827675,242,-0.027819843962788582,0.07963301986455917,-2.0448760986328125,12.587,28.25,67,RTL,True,ACTIVE,10,6
2026-09-28T19:59:31.347096,-35.3632638,149.165229,14.994,0.06,0.22,0.0,0.23981952667236328,0.2398196905851364,242,-0.010173763148486614,0.029724951833486557,-2.0440075397491455,12.587,28.08,67,RTL,True,ACTIVE,10,6
2026-09-28T19:59:31.847456,-35.3632634,149.1652304,14.991,0.06,0.24,0.0,0.25324636697769165,0.2532469928264618,242,0.00023289916862268,-0.0012852654326707125,-2.0437633991241455,12.587,28.08,67,RTL,True,ACTIVE,10,6
2026-09-28T19:59:32.347896,-35.363263,149.1652318,14.989,0.05,0.21,0.0,0.2231917530298233,0.22319689393043518,242,-0.0024471112992614508,-0.002722127130255103,-2.0435731410980225,12.587,28.08,67,RTL,True,ACTIVE,10,6
2026-09-28T19:59:32.848460,-35.3632627,149.1652331,14.989,0.02,0.18,0.0,0.18697521090507507,0.18700537085533142,242,-0.002831327961757779,-0.00541351456195116,-2.0432851314544678,12.587,28.08,66,RTL,True,ACTIVE,10,6
2026-09-28T19:59:33.348624,-35.3632624,149.1652341,14.99,0.0,0.14,0.0,0.14924165606498718,0.14927949011325836,242,-0.0027542884927242994,-0.006120082922279835,-2.043166399002075,12.587,28.08,66,RTL,True,ACTIVE,10,6
2026-09-28T19:59:33.849302,-35.3632622,149.165235,14.99,-0.01,0.11,0.0,0.1139943078160286,0.1140318438410759,242,-0.0028524429071694613,-0.0067057195119559765,-2.0435402393341064,12.587,28.08,66,RTL,True,ACTIVE,10,6
2026-09-28T19:59:34.349861,-35.3632621,149.1652356,14.991,-0.02,0.08,0.0,0.08652205765247345,0.0865536481142044,242,-0.0024451441131532192,-0.005551800597459078,-2.04382586479187,12.587,28.08,66,RTL,True,ACTIVE,10,6
2026-09-28T19:59:34.850477,-35.363262,149.165236,14.991,-0.03,0.05,0.0,0.06943243741989136,0.06947747617959976,242,-0.0023499608505517244,-0.004461922682821751,-2.043490409851074,12.587,28.08,66,RTL,True,ACTIVE,10,6
2026-09-28T19:59:35.351133,-35.363262,149.1652363,14.992,-0.04,0.04,0.0,0.05942176654934883,0.05946407839655876,242,-0.0021583365742117167,-0.0026995642110705376,-2.043724298477173,12.587,28.08,66,RTL,True,ACTIVE,10,6
2026-09-28T19:59:35.851457,-35.3632619,149.1652365,14.992,-0.04,0.03,0.0,0.0541423037648201,0.0541788712143898,242,-0.00207696296274662,-0.0016537195770069957,-2.0438690185546875,12.587,28.08,66,RTL,True,ACTIVE,10,6
2026-09-28T19:59:36.351917,-35.3632619,149.1652367,14.994,-0.04,0.02,0.0,0.04962365701794624,0.04963739961385727,242,-0.0014562993310391903,-0.0009018332930281758,-2.0433878898620605,12.587,28.08,66,RTL,True,ACTIVE,10,6
2026-09-28T19:59:36.852451,-35.3632619,149.1652368,14.984,-0.03,0.02,0.11,0.04559139162302017,0.12759412825107574,242,-0.0012197864707559347,-0.00037164788227528334,-2.04378604888916,12.587,25.92,65,RTL,True,ACTIVE,10,6
2026-09-28T19:59:37.352843,-35.363262,149.165237,14.799,-0.03,0.02,0.64,0.040167711675167084,0.6434750556945801,242,-0.00045101650175638497,-0.00042295778985135257,-2.044046401977539,12.587,24.51,65,RTL,True,ACTIVE,10,6
2026-09-28T19:59:37.853458,-35.363262,149.1652371,14.34,-0.02,0.01,1.19,0.033789437264204025,1.1920175552368164,242,0.00015007237379904836,-0.000166726007591933,-2.043940544128418,12.587,24.17,65,RTL,True,ACTIVE,10,6
2026-09-28T19:59:38.353806,-35.363262,149.1652371,13.621,-0.02,0.01,1.54,0.028013259172439575,1.5439947843551636,242,-0.00029780424665659666,0.0002150249929400161,-2.043724298477173,12.587,26.0,65,RTL,True,ACTIVE,10,6
2026-09-28T19:59:38.854457,-35.363262,149.1652372,12.826,-0.02,0.01,1.53,0.024329332634806633,1.5306214094161987,242,-0.0003572949208319187,-0.00017630169168114662,-2.043705701828003,12.587,27.25,65,RTL,True,ACTIVE,10,6
2026-09-28T19:59:39.354956,-35.363262,149.1652373,12.053,-0.01,0.01,1.46,0.02178267017006874,1.468178629875183,242,-0.0008752482244744897,-0.0007062305230647326,-2.04378604888916,12.587,27.25,65,RTL,True,ACTIVE,10,6
2026-09-28T19:59:39.855580,-35.363262,149.1652373,11.306,-0.01,0.0,1.38,0.020988881587982178,1.3892021179199219,242,-0.0008885544957593083,-0.0005998171982355416,-2.0437841415405273,12.587,28.16,65,RTL,True,ACTIVE,10,6
2026-09-28T19:59:40.355986,-35.363262,149.1652373,10.696,-0.01,0.0,0.92,0.020618822425603867,0.9257163405418396,242,-0.0008294377475976944,-0.00021995184943079948,-2.0437076091766357,12.587,30.41,65,RTL,True,ACTIVE,10,6
2026-09-28T19:59:40.856653,-35.363262,149.1652374,10.355,-0.02,0.0,0.46,0.020813116803765297,0.4614781439304352,242,-0.0009381288546137512,-0.0004274964448995888,-2.0437819957733154,12.587,29.41,65,RTL,True,ACTIVE,10,6
2026-09-28T19:59:41.357089,-35.363262,149.1652374,10.146,-0.01,0.0,0.4,0.020369181409478188,0.40810519456863403,242,-0.0009409337653778493,-0.00036586428177542984,-2.0438735485076904,12.587,27.66,64,RTL,True,ACTIVE,10,6
2026-09-28T19:59:41.857454,-35.363262,149.1652374,9.927,-0.02,0.0,0.46,0.021423906087875366,0.46937212347984314,242,-0.0011374722234904766,-0.0004231375060044229,-2.043882369995117,12.587,27.41,64,RTL,True,ACTIVE,10,6
2026-09-28T19:59:42.358007,-35.363262,149.1652374,9.683,-0.02,0.0,0.5,0.021206635981798172,0.5050240755081177,242,-0.0010349286021664739,-0.00026642807642929256,-2.043727159500122,12.587,27.66,64,RTL,True,ACTIVE,10,6
2026-09-28T19:59:42.858497,-35.363262,149.1652374,9.428,-0.02,0.0,0.5,0.022375645115971565,0.5099226832389832,242,-0.0008759430493228137,-0.0006856745458208025,-2.0436975955963135,12.587,27.75,64,RTL,True,ACTIVE,10,6
2026-09-28T19:59:43.359467,-35.363262,149.1652374,9.174,-0.02,0.0,0.5,0.02180616371333599,0.5057414770126343,242,-0.0009125973447225988,-0.0004765222256537527,-2.0438501834869385,12.587,27.83,64,RTL,True,ACTIVE,10,6
2026-09-28T19:59:43.859946,-35.363262,149.1652375,8.921,-0.02,0.0,0.5,0.022461161017417908,0.5013167858123779,242,-0.0015932760434225202,-0.0008272526902146637,-2.0438730716705322,12.587,27.75,64,RTL,True,ACTIVE,10,6
2026-09-28T19:59:44.360481,-35.363262,149.1652375,8.669,-0.02,0.0,0.49,0.025212788954377174,0.49862927198410034,242,-0.0017434559995308518,-0.0009317712392657995,-2.0436809062957764,12.587,27.83,64,RTL,True,ACTIVE,10,6
2026-09-28T19:59:44.860946,-35.363262,149.1652375,8.418,-0.02,0.0,0.49,0.027643663808703423,0.4971146285533905,242,-0.0014403321547433734,-0.0006824660231359303,-2.0437705516815186,12.587,27.75,64,RTL,True,ACTIVE,10,6
2026-09-28T19:59:45.361462,-35.363262,149.1652375,8.167,-0.02,0.0,0.49,0.028703846037387848,0.49595925211906433,242,-0.0013512521982192993,-0.0008922356646507978,-2.043830156326294,12.587,27.75,64,RTL,True,ACTIVE,10,6
2026-09-28T19:59:45.861907,-35.363262,149.1652375,7.916,-0.02,0.0,0.49,0.028940005227923393,0.4948993921279907,242,-0.001238473691046238,-8.481410623062402e-05,-2.043907403945923,12.587,27.75,63,RTL,True,ACTIVE,10,6
2026-09-28T19:59:46.362454,-35.363262,149.1652375,7.665,-0.02,0.0,0.49,0.029168270528316498,0.49412912130355835,242,-0.0012694576289504766,-0.0007751787197776139,-2.0439059734344482,12.587,27.75,63,RTL,True,ACTIVE,10,6
2026-09-28T19:59:46.863135,-35.363262,149.1652375,7.415,-0.02,0.0,0.49,0.028261026367545128,0.49360403418540955,242,-0.0013510009739547968,-0.00024808457237668335,-2.0439114570617676,12.587,27.75,63,RTL,True,ACTIVE,10,6
2026-09-28T19:59:47.363796,-35.363262,149.1652375,7.164,-0.02,0.0,0.49,0.026278890669345856,0.49308720231056213,242,-0.00022984972747508436,-0.0003277607902418822,-2.043790578842163,12.587,27.75,63,RTL,True,ACTIVE,10,6
2026-09-28T19:59:47.864749,-35.363262,149.1652375,6.913,-0.02,0.0,0.49,0.023646904155611992,0.4924422800540924,242,-0.00019180196977686137,-0.0004255434323567897,-2.043635368347168,12.587,27.75,63,RTL,True,ACTIVE,10,6
2026-09-28T19:59:48.366144,-35.363262,149.1652375,6.664,-0.02,0.0,0.49,0.02219981886446476,0.491176575422287,242,-0.0005547456094063818,-0.00028365437174215913,-2.0434048175811768,12.587,27.75,63,RTL,True,ACTIVE,10,6
2026-09-28T19:59:48.866896,-35.363262,149.1652375,6.412,-0.01,0.0,0.49,0.019306913018226624,0.4905220568180084,242,-0.00018692438607104123,-0.00010156063945032656,-2.043274164199829,12.587,27.75,63,RTL,True,ACTIVE,10,6
2026-09-28T19:59:49.367474,-35.363262,149.1652375,6.162,-0.01,0.0,0.48,0.019501611590385437,0.49017855525016785,242,-0.0014411747688427567,-0.00047901985817588866,-2.0431556701660156,12.587,27.75,63,RTL,True,ACTIVE,10,6
2026-09-28T19:59:49.869228,-35.363262,149.1652375,5.912,-0.02,0.0,0.48,0.020613346248865128,0.4898793697357178,242,-0.0005903986166231334,-0.0004962809616699815,-2.0431747436523438,12.587,27.75,62,RTL,True,ACTIVE,10,6
2026-09-28T19:59:50.369909,-35.363262,149.1652375,5.662,-0.02,0.0,0.48,0.020550835877656937,0.48955801129341125,242,-0.0009812084026634693,-0.00010062951332656667,-2.0432558059692383,12.587,27.75,62,RTL,True,ACTIVE,10,6
2026-09-28T19:59:50.871334,-35.363262,149.1652375,5.412,-0.02,0.0,0.48,0.020139630883932114,0.4894513785839081,242,-0.0007062514778226614,-0.0008142304141074419,-2.043511152267456,12.587,27.75,62,RTL,True,ACTIVE,10,6
2026-09-28T19:59:51.372133,-35.363262,149.1652375,5.162,-0.02,0.0,0.48,0.02042701095342636,0.48994767665863037,242,-0.0007757950224913657,-0.00055447977501899,-2.044015884399414,12.587,27.75,62,RTL,True,ACTIVE,10,6
2026-09-28T19:59:51.873128,-35.363262,149.1652375,4.912,-0.02,0.0,0.48,0.020286843180656433,0.48986127972602844,242,-0.00034631890594027936,-0.0011381651274859905,-2.044257640838623,12.587,27.75,62,RTL,True,ACTIVE,10,6
2026-09-28T19:59:52.373678,-35.363262,149.1652375,4.662,-0.02,0.0,0.48,0.02211819775402546,0.48967862129211426,242,-0.0008276504231616855,-0.0012393256183713675,-2.0441083908081055,12.587,27.75,62,RTL,True,ACTIVE,10,6
2026-09-28T19:59:52.874643,-35.363262,149.1652376,4.411,-0.02,0.0,0.48,0.023899802938103676,0.48979413509368896,242,-0.0014317508321255445,-0.0016727268230170012,-2.0437674522399902,12.587,27.75,62,RTL,True,ACTIVE,10,6
2026-09-28T19:59:53.375003,-35.363262,149.1652376,4.161,-0.02,0.0,0.48,0.026134220883250237,0.4895912706851959,242,-0.0015842777211219072,-0.000890512194018811,-2.043694257736206,12.587,27.75,62,RTL,True,ACTIVE,10,6
2026-09-28T19:59:53.875719,-35.363262,149.1652376,3.911,-0.02,0.0,0.48,0.027916738763451576,0.4897027313709259,242,-0.001340183662250638,-0.0007647728198207915,-2.043980836868286,12.587,27.75,62,RTL,True,ACTIVE,10,6
2026-09-28T19:59:54.375921,-35.363262,149.1652376,3.661,-0.02,0.0,0.48,0.0288940891623497,0.4893791079521179,242,-0.0017660075100138783,-0.00022152697783894837,-2.0439884662628174,12.587,27.75,61,RTL,True,ACTIVE,10,6
2026-09-28T19:59:54.880569,-35.363262,149.1652375,3.411,-0.02,0.0,0.48,0.029132956638932228,0.4897406995296478,242,-0.0014326422242447734,0.00010570930317044258,-2.043663740158081,12.587,27.75,61,RTL,True,ACTIVE,10,6
2026-09-28T19:59:55.381272,-35.363262,149.1652375,3.162,-0.02,0.0,0.48,0.02825453132390976,0.49015915393829346,242,-0.0013449449324980378,-0.0003752600750885904,-2.0438125133514404,12.587,27.75,61,RTL,True,ACTIVE,10,6
2026-09-28T19:59:55.881631,-35.363262,149.1652375,2.913,-0.02,0.0,0.49,0.02835223637521267,0.4911682605743408,242,-0.0013254121877253056,-0.0005669465172104537,-2.0440762042999268,12.587,27.75,61,RTL,True,ACTIVE,10,6
2026-09-28T19:59:56.381866,-35.363262,149.1652375,2.663,-0.02,0.0,0.49,0.027729924768209457,0.49081024527549744,242,-0.0004626795125659555,-0.00020142921130172908,-2.0436861515045166,12.587,27.75,61,RTL,True,ACTIVE,10,6
2026-09-28T19:59:56.882457,-35.363262,149.1652375,2.412,-0.02,0.0,0.49,0.02387566678225994,0.490643709897995,242,0.00012448870984371752,-3.536099029588513e-05,-2.043910503387451,12.587,27.75,61,RTL,True,ACTIVE,10,6
2026-09-28T19:59:57.383181,-35.363262,149.1652375,2.162,-0.01,0.0,0.48,0.019701113924384117,0.4902912378311157,242,-0.00020193173259031028,5.0372735131531954e-05,-2.0439534187316895,12.587,27.75,61,RTL,True,ACTIVE,10,6
2026-09-28T19:59:57.883461,-35.363262,149.1652375,1.912,-0.01,0.0,0.49,0.01851211115717888,0.490361750125885,242,-0.0007475142483599484,-0.00033752439776435494,-2.043713331222534,12.587,27.75,61,RTL,True,ACTIVE,10,6
2026-09-28T19:59:58.384798,-35.363262,149.1652375,1.662,-0.01,0.0,0.48,0.01839447021484375,0.4898074269294739,242,-0.0007336611161008477,-0.00043180162901990116,-2.044002056121826,12.587,27.75,60,RTL,True,ACTIVE,10,6
2026-09-28T19:59:58.886486,-35.363262,149.1652375,1.411,-0.01,0.0,0.48,0.01915307156741619,0.4896422028541565,242,-0.0008931403863243759,-0.0002581270528025925,-2.0435776710510254,12.587,27.75,60,RTL,True,ACTIVE,10,6
2026-09-28T19:59:59.387255,-35.363262,149.1652375,1.161,-0.01,0.0,0.48,0.019636476412415504,0.4894811809062958,242,-0.0009537668083794415,-0.00045584721374325454,-2.0437896251678467,12.587,27.75,60,RTL,True,ACTIVE,10,6
2026-09-28T19:59:59.887919,-35.363262,149.1652375,0.911,-0.02,0.0,0.48,0.02013993076980114,0.4892430603504181,242,-0.0007830848917365074,-0.0005093466606922448,-2.0437309741973877,12.587,27.75,60,LAND,True,ACTIVE,10,6
2026-09-28T20:00:00.389393,-35.363262,149.1652375,0.661,-0.02,0.0,0.48,0.02026558481156826,0.4890430271625519,242,-0.0007269647903740406,-0.000499360787216574,-2.0442593097686768,12.587,27.75,60,LAND,True,ACTIVE,10,6
2026-09-28T20:00:00.890458,-35.363262,149.1652375,0.411,-0.02,0.0,0.48,0.02077026665210724,0.4887356758117676,242,-0.0009301694226451218,-0.00030602855258621275,-2.043623447418213,12.587,27.75,60,LAND,True,ACTIVE,10,6
2026-09-28T20:00:01.391049,-35.363262,149.1652375,0.135,-0.02,0.0,0.65,0.021045319736003876,0.6543450355529785,242,-0.0010890765115618706,-0.00037664297269657254,-2.0432868003845215,12.587,26.0,60,LAND,True,ACTIVE,10,6
2026-09-28T20:00:01.891622,-35.363262,149.1652375,0.102,-0.02,0.0,-0.02,0.027268698439002037,0.034809086471796036,242,-0.0009672492742538452,-0.0005386744160205126,-2.043313980102539,12.587,0.0,60,LAND,True,ACTIVE,10,6
2026-09-28T20:00:02.392272,-35.363262,149.1652375,0.084,-0.02,0.0,0.0,0.026411494240164757,0.02654525451362133,242,-0.0009500175365246832,-0.0005220600869506598,-2.043330669403076,12.587,0.16,60,LAND,True,ACTIVE,10,6
2026-09-28T20:00:02.892699,-35.363262,149.1652375,0.077,-0.02,0.0,0.0,0.025909200310707092,0.027119455859065056,242,-0.0009425341850146651,-0.0005083678406663239,-2.0433454513549805,12.587,0.24,60,LAND,True,ACTIVE,10,6
2026-09-28T20:00:03.393364,-35.363262,149.1652375,0.069,-0.02,0.0,0.0,0.025240138173103333,0.026243984699249268,242,-0.0009359746472910047,-0.0004873756261076778,-2.0433731079101562,12.587,0.0,60,LAND,True,ACTIVE,10,6
2026-09-28T20:00:03.893704,-35.363262,149.1652375,0.053,-0.02,0.0,0.0,0.0249771885573864,0.02620379626750946,242,-0.0009105016360990703,-0.0005087956669740379,-2.0435874462127686,12.587,0.0,60,LAND,False,STANDBY,10,6
2026-09-28T20:00:04.393943,-35.363262,149.1652375,0.038,-0.02,0.0,0.0,0.024304838851094246,0.025740835815668106,242,-0.0008627967908978462,-0.0005146620678715408,-2.0438168048858643,12.587,0.0,60,LAND,False,STANDBY,10,6
2026-09-28T20:00:04.894579,-35.363262,149.1652375,0.027,-0.02,0.0,0.0,0.023670583963394165,0.025191988795995712,242,-0.0008144677267409861,-0.0005158995627425611,-2.0440514087677,12.587,0.0,60,LAND,False,STANDBY,10,6
2026-09-28T20:00:05.395085,-35.363262,149.1652375,0.019,-0.02,0.0,0.0,0.022190909832715988,0.023673610761761665,242,-0.000768715632148087,-0.0005059610120952129,-2.0442917346954346,12.587,0.0,60,LAND,False,STANDBY,10,6
2026-09-28T20:00:05.895720,-35.363262,149.1652375,0.013,-0.02,0.0,0.0,0.021289529278874397,0.022682534530758858,242,-0.0007379047456197441,-0.000516094674821943,-2.0445261001586914,12.587,0.0,60,LAND,False,STANDBY,10,6
2026-09-28T20:00:06.396343,-35.363262,149.1652375,0.009,-0.01,0.0,0.0,0.020309271290898323,0.021552132442593575,242,-0.0007136639324016869,-0.0005165886832401156,-2.04475736618042,12.587,0.0,60,LAND,False,STANDBY,10,6
2026-09-28T20:00:06.896871,-35.363262,149.1652375,0.006,-0.01,0.0,0.0,0.02007835917174816,0.021140003576874733,242,-0.0007123493123799562,-0.0005340877105481923,-2.0450010299682617,12.587,0.0,60,LAND,False,STANDBY,10,6
2026-09-28T20:00:07.397196,-35.363262,149.1652375,0.004,-0.01,0.0,0.0,0.019511686637997627,0.02040926367044449,242,-0.000717192655429244,-0.000547642819583416,-2.0452487468719482,12.587,0.0,60,LAND,False,STANDBY,10,6
2026-09-28T20:00:07.897782,-35.363262,149.1652375,0.002,-0.01,0.0,0.0,0.01969839259982109,0.02038346230983734,242,-0.0007267610053531826,-0.0005647486541420221,-2.045490264892578,12.587,0.0,60,LAND,False,STANDBY,10,6
2026-09-28T20:00:08.398266,-35.363262,149.1652375,0.001,-0.01,0.0,0.0,0.019810378551483154,0.02031588740646839,242,-0.000746430188883096,-0.0005806831759400666,-2.045731782913208,12.587,0.0,60,LAND,False,STANDBY,10,6
2026-09-28T20:00:08.898890,-35.363262,149.1652375,0.0,-0.01,0.0,0.0,0.0204350333660841,0.02078435942530632,242,-0.0007688786718063056,-0.00060789700364694,-2.0459630489349365,12.587,0.0,60,LAND,False,STANDBY,10,6
2026-09-28T20:00:09.399466,-35.363262,149.1652375,0.0,-0.01,0.0,0.0,0.020976951345801353,0.021221783012151718,242,-0.0007974524633027613,-0.000628506822977215,-2.0462021827697754,12.587,0.0,60,LAND,False,STANDBY,10,6
2026-09-28T20:00:09.899811,-35.363262,149.1652375,0.0,-0.02,0.0,0.0,0.02191585674881935,0.022072909399867058,242,-0.0008259028545580804,-0.0006493221735581756,-2.0464351177215576,12.587,0.0,60,LAND,False,STANDBY,10,6
2026-09-28T20:00:10.400474,-35.363262,149.1652375,0.0,-0.02,0.0,0.0,0.02230016142129898,0.02238229475915432,242,-0.0008495233487337828,-0.0006573318387381732,-2.0466701984405518,12.587,0.0,60,LAND,False,STANDBY,10,6
2026-09-28T20:00:10.901100,-35.363262,149.1652375,0.0,-0.02,0.0,0.0,0.023246724158525467,0.02328878827393055,242,-0.0008683190098963678,-0.0006772144697606564,-2.0469002723693848,12.587,0.0,60,LAND,False,STANDBY,10,6
2026-09-28T20:00:11.401384,-35.363262,149.1652375,0.0,-0.02,0.0,0.0,0.02342439629137516,0.023444049060344696,242,-0.0008796819020062685,-0.000680886092595756,-2.047126531600952,12.587,0.0,60,LAND,False,STANDBY,10,6
2026-09-28T20:00:11.901826,-35.363262,149.1652375,0.0,-0.02,0.0,0.0,0.02431218884885311,0.024316810071468353,242,-0.0009004497551359236,-0.0006916201091371477,-2.0473616123199463,12.587,0.0,60,LAND,False,STANDBY,10,6
2026-09-28T20:00:12.402461,-35.363262,149.1652375,0.0,-0.02,0.0,0.0,0.024295620620250702,0.024295663461089134,242,-0.0009171562269330025,-0.0006961083272472024,-2.0475876331329346,12.587,0.0,60,LAND,False,STANDBY,10,6
2026-09-28T20:00:12.902876,-35.363262,149.1652375,0.0,-0.02,0.0,0.0,0.024854697287082672,0.02485635317862034,242,-0.0009254348115064204,-0.0006956476718187332,-2.047818899154663,12.587,0.0,60,LAND,False,STANDBY,10,6
2026-09-28T20:00:13.403462,-35.363262,149.1652375,0.0,-0.02,0.0,0.0,0.024892505258321762,0.02490021102130413,242,-0.0009315086645074189,-0.0006917250575497746,-2.0480449199676514,12.587,0.0,60,LAND,False,STANDBY,10,6
2026-09-28T20:00:13.903978,-35.363262,149.1652375,0.001,-0.02,0.0,0.0,0.02526053786277771,0.02527628466486931,242,-0.0009394919616170228,-0.000699477328453213,-2.048271417617798,12.587,0.0,60,LAND,False,STANDBY,10,6
2026-09-28T20:00:14.404465,-35.363262,149.1652375,0.001,-0.02,0.0,0.0,0.02528086118400097,0.02530927211046219,242,-0.0009387889294885099,-0.000702747143805027,-2.0485024452209473,12.587,0.0,60,LAND,False,STANDBY,10,6
2026-09-28T20:00:14.905573,-35.363262,149.1652375,0.002,-0.02,0.0,0.0,0.025462986901402473,0.02549740858376026,242,-0.000942565908189863,-0.0007092902669683099,-2.048718214035034,12.587,0.0,60,LAND,False,STANDBY,10,6
2026-09-28T20:00:15.406677,-35.363262,149.1652375,0.002,-0.02,0.0,0.0,0.025342371314764023,0.025389157235622406,242,-0.0009328573360107839,-0.0007038315525278449,-2.0489330291748047,12.587,0.0,60,LAND,False,STANDBY,10,6
2026-09-28T20:00:15.907249,-35.363262,149.1652375,0.003,-0.02,0.0,0.0,0.025500688701868057,0.025559721514582634,242,-0.0009278357611037791,-0.0007058970513753593,-2.049144744873047,12.587,0.0,60,LAND,False,STANDBY,10,6
2026-09-28T20:00:16.407531,-35.363262,149.1652375,0.003,-0.02,0.0,0.0,0.02522617019712925,0.02530112862586975,242,-0.0009122834308072925,-0.0006945112836547196,-2.0493500232696533,12.587,0.0,60,LAND,False,STANDBY,10,6
2026-09-28T20:00:16.908190,-35.363262,149.1652375,0.004,-0.02,0.0,0.0,0.025172159075737,0.025255579501390457,242,-0.0009018635028041899,-0.0006935445708222687,-2.049553155899048,12.587,0.0,60,LAND,False,STANDBY,10,6
2026-09-28T20:00:17.408569,-35.363262,149.1652375,0.004,-0.02,0.0,0.0,0.02485736645758152,0.0249453317373991,242,-0.0008969000773504376,-0.0006875463877804577,-2.0497539043426514,12.587,0.0,60,LAND,False,STANDBY,10,6
2026-09-28T20:00:17.908996,-35.363262,149.1652375,0.004,-0.02,0.0,0.0,0.02497062087059021,0.025065138936042786,242,-0.0008943509310483932,-0.0006930171512067318,-2.04996919631958,12.587,0.0,60,LAND,False,STANDBY,10,6
2026-09-28T20:00:18.409458,-35.363262,149.1652375,0.005,-0.02,0.0,0.0,0.02457461878657341,0.024660630151629448,242,-0.0008825697004795074,-0.0006930713425390422,-2.050163745880127,12.587,0.0,60,LAND,False,STANDBY,10,6
2026-09-28T20:00:18.909622,-35.363262,149.1652375,0.005,-0.02,0.0,0.0,0.02464877814054489,0.024732448160648346,242,-0.0008797181071713567,-0.0006906868075020611,-2.050363063812256,12.587,0.0,60,LAND,False,STANDBY,10,6
2026-09-28T20:00:19.410282,-35.363262,149.1652375,0.005,-0.02,0.0,0.0,0.02449551783502102,0.02457641065120697,242,-0.0008793133310973644,-0.0006854170933365822,-2.050558567047119,12.587,0.0,60,LAND,False,STANDBY,10,6
2026-09-28T20:00:19.910695,-35.363262,149.1652375,0.005,-0.02,0.0,0.0,0.02449568174779415,0.024580765515565872,242,-0.0008784930687397718,-0.0006882622255943716,-2.050753355026245,12.587,0.0,60,LAND,False,STANDBY,10,6
2026-09-28T20:00:20.410903,-35.363262,149.1652375,0.005,-0.02,0.0,0.0,0.02417626418173313,0.02426961250603199,242,-0.000864751695189625,-0.0006928642396815121,-2.05094051361084,12.587,0.0,60,LAND,False,STANDBY,10,6
2026-09-28T20:00:20.911501,-35.363262,149.1652375,0.006,-0.02,0.0,0.0,0.024309491738677025,0.024406185373663902,242,-0.0008613351965323091,-0.0006906975177116692,-2.05112886428833,12.587,0.0,60,LAND,False,STANDBY,10,6
2026-09-28T20:00:21.411846,-35.363262,149.1652375,0.006,-0.02,0.0,0.0,0.02414923720061779,0.024239622056484222,242,-0.0008558182162232697,-0.0006908166687935591,-2.051314353942871,12.587,0.0,60,LAND,False,STANDBY,10,6
2026-09-28T20:00:21.912459,-35.363262,149.1652375,0.006,-0.02,0.0,0.0,0.02424386702477932,0.02433386817574501,242,-0.0008617147104814649,-0.0006966844666749239,-2.0514888763427734,12.587,0.0,60,LAND,False,STANDBY,10,6
2026-09-28T20:00:22.412978,-35.363262,149.1652375,0.006,-0.02,0.0,0.0,0.024030527099967003,0.0241100937128067,242,-0.000859112711623311,-0.0006988552631810308,-2.0516653060913086,12.587,0.0,60,LAND,False,STANDBY,10,6
2026-09-28T20:00:22.913525,-35.363262,149.1652375,0.006,-0.02,0.0,0.0,0.024161813780665398,0.024231504648923874,242,-0.0008654025150462985,-0.0006968953530304134,-2.0518405437469482,12.587,0.0,60,LAND,False,STANDBY,10,6
2026-09-28T20:00:23.413919,-35.363262,149.1652375,0.006,-0.02,0.0,0.0,0.024085231125354767,0.024154234677553177,242,-0.0008645888883620501,-0.0006897205021232367,-2.0520055294036865,12.587,0.0,60,LAND,False,STANDBY,10,6
2026-09-28T20:00:23.914453,-35.363262,149.1652375,0.006,-0.02,0.0,0.0,0.02432485856115818,0.02438918873667717,242,-0.0008662675390951335,-0.0006963242194615304,-2.0521795749664307,12.587,0.0,60,LAND,False,STANDBY,10,6
2026-09-28T20:00:24.414733,-35.363262,149.1652375,0.006,-0.02,0.0,0.0,0.024030139669775963,0.024090325459837914,242,-0.0008650986710563302,-0.0006880982546135783,-2.05234956741333,12.587,0.0,60,LAND,False,STANDBY,10,6
2026-09-28T20:00:24.915359,-35.363262,149.1652375,0.006,-0.02,0.0,0.0,0.024178093299269676,0.0242301132529974,242,-0.000860022206325084,-0.0006881674053147435,-2.0525102615356445,12.587,0.0,60,LAND,False,STANDBY,10,6
2026-09-28T20:00:25.415725,-35.363262,149.1652375,0.006,-0.02,0.0,0.0,0.023868562653660774,0.023921458050608635,242,-0.0008587592747062445,-0.0006818830734118819,-2.052670955657959,12.587,0.0,60,LAND,False,STANDBY,10,6
2026-09-28T20:00:25.916304,-35.363262,149.1652375,0.006,-0.02,0.0,0.0,0.024072345346212387,0.024117788299918175,242,-0.0008611420635133982,-0.0006840227288194001,-2.0528297424316406,12.587,0.0,60,LAND,False,STANDBY,10,6
2026-09-28T20:00:26.416457,-35.363262,149.1652375,0.006,-0.02,0.0,0.0,0.02408609725534916,0.024126389995217323,242,-0.0008606276242062449,-0.0006818671245127916,-2.0529897212982178,12.587,0.0,60,LAND,False,STANDBY,10,6
2026-09-28T20:00:26.917099,-35.363262,149.1652375,0.006,-0.02,0.0,0.0,0.024343159049749374,0.024382585659623146,242,-0.0008697555167600513,-0.0006926142959855497,-2.0531389713287354,12.587,0.0,60,LAND,False,STANDBY,10,6
2026-09-28T20:00:27.417790,-35.363262,149.1652375,0.005,-0.02,0.0,0.0,0.02409832924604416,0.024135064333677292,242,-0.0008674900745972991,-0.0006885819602757692,-2.0532925128936768,12.587,0.0,60,LAND,False,STANDBY,10,6
2026-09-28T20:00:27.918335,-35.363262,149.1652375,0.005,-0.02,0.0,0.0,0.02426544763147831,0.024303998798131943,242,-0.0008692246046848595,-0.0006923582404851913,-2.0534398555755615,12.587,0.0,60,LAND,False,STANDBY,10,6
2026-09-28T20:00:28.419223,-35.363262,149.1652375,0.005,-0.02,0.0,0.0,0.024151446297764778,0.024185365065932274,242,-0.0008642459870316088,-0.000684206432197243,-2.0535824298858643,12.587,0.0,60,LAND,False,STANDBY,10,6
2026-09-28T20:00:28.919694,-35.363262,149.1652375,0.005,-0.02,0.0,0.0,0.02450331300497055,0.024531686678528786,242,-0.0008651755633763969,-0.0006854646489955485,-2.053717851638794,12.587,0.0,60,LAND,False,STANDBY,10,6
2026-09-28T20:00:29.420486,-35.363262,149.1652375,0.005,-0.02,0.0,0.0,0.024265050888061523,0.024299131706357002,242,-0.0008670671377331018,-0.0006892670644447207,-2.053853750228882,12.587,0.0,60,LAND,False,STANDBY,10,6
2026-09-28T20:00:29.921177,-35.363262,149.1652375,0.005,-0.02,0.0,0.0,0.02445741556584835,0.024495190009474754,242,-0.0008622758323326707,-0.000685173727106303,-2.0539841651916504,12.587,0.0,60,LAND,False,STANDBY,10,6
2026-09-28T20:00:30.421493,-35.363262,149.1652375,0.005,-0.02,0.0,0.0,0.024335026741027832,0.024371378123760223,242,-0.0008665225468575954,-0.0006803630385547876,-2.0541152954101562,12.587,0.0,60,LAND,False,STANDBY,10,6
2026-09-28T20:00:30.922156,-35.363262,149.1652375,0.005,-0.02,0.0,0.0,0.024532940238714218,0.024561427533626556,242,-0.0008768299012444913,-0.0006753393681719899,-2.0542385578155518,12.587,0.0,60,LAND,False,STANDBY,10,6
2026-09-28T20:00:31.422602,-35.363262,149.1652375,0.005,-0.02,0.0,0.0,0.02432081662118435,0.02434581331908703,242,-0.000867615279275924,-0.0006685408297926188,-2.054366111755371,12.587,0.0,60,LAND,False,STANDBY,10,6
2026-09-28T20:00:31.923093,-35.363262,149.1652375,0.005,-0.02,0.0,0.0,0.024404048919677734,0.02443019300699234,242,-0.0008720475016161799,-0.0006667214911431074,-2.054490566253662,12.587,0.0,60,LAND,False,STANDBY,10,6
2026-09-28T20:00:32.423515,-35.363262,149.1652375,0.005,-0.02,0.0,0.0,0.02409214898943901,0.024119706824421883,242,-0.0008581257425248623,-0.0006635786849074066,-2.05460524559021,12.587,0.0,60,LAND,False,STANDBY,10,6
2026-09-28T20:00:32.924476,-35.363262,149.1652375,0.005,-0.02,0.0,0.0,0.0242400374263525,0.024264879524707794,242,-0.0008544987649656832,-0.0006634004530496895,-2.0547149181365967,12.587,0.0,60,LAND,False,STANDBY,10,6
2026-09-28T20:00:33.425140,-35.363262,149.1652375,0.005,-0.02,0.0,0.0,0.02396109513938427,0.023983336985111237,242,-0.0008506461745128036,-0.0006529491511173546,-2.054826498031616,12.587,0.0,60,LAND,False,STANDBY,10,6
2026-09-28T20:00:33.926069,-35.363262,149.1652375,0.005,-0.02,0.0,0.0,0.023944223299622536,0.023964127525687218,242,-0.0008478331728838384,-0.000658855598885566,-2.054935932159424,12.587,0.0,60,LAND,False,STANDBY,10,6
2026-09-28T20:00:34.426477,-35.363262,149.1652375,0.005,-0.02,0.0,0.0,0.02351474203169346,0.02353048510849476,242,-0.000839016807731241,-0.0006565105286426842,-2.0550341606140137,12.587,0.0,60,LAND,False,STANDBY,10,6
2026-09-28T20:00:34.927501,-35.363262,149.1652375,0.004,-0.02,0.0,0.0,0.023616839200258255,0.0236290842294693,242,-0.0008376758196391165,-0.0006545479991473258,-2.0551376342773438,12.587,0.0,60,LAND,False,STANDBY,10,6
2026-09-28T20:00:35.428495,-35.363262,149.1652375,0.004,-0.02,0.0,0.0,0.02337910421192646,0.023390203714370728,242,-0.0008398289210163057,-0.000657782657071948,-2.0552406311035156,12.587,0.0,60,LAND,False,STANDBY,10,6
2026-09-28T20:00:35.929305,-35.363262,149.1652375,0.004,-0.02,0.0,0.0,0.02355910837650299,0.023569641634821892,242,-0.0008403104729950428,-0.0006645888788625598,-2.0553336143493652,12.587,0.0,60,LAND,False,STANDBY,10,6
2026-09-28T20:00:36.429863,-35.363262,149.1652375,0.004,-0.02,0.0,0.0,0.02327960915863514,0.023290175944566727,242,-0.0008408017456531525,-0.0006661299848929048,-2.055426836013794,12.587,0.0,60,LAND,False,STANDBY,10,6
2026-09-28T20:00:36.930501,-35.363262,149.1652375,0.004,-0.02,0.0,0.0,0.023548979312181473,0.023557554930448532,242,-0.0008407107088714838,-0.0006758163799531758,-2.055518627166748,12.587,0.0,60,LAND,False,STANDBY,10,6
2026-09-28T20:00:37.431111,-35.363262,149.1652375,0.004,-0.02,0.0,0.0,0.023436738178133965,0.023444298654794693,242,-0.0008377085905522108,-0.0006762607372365892,-2.0556082725524902,12.587,0.0,60,LAND,False,STANDBY,10,6
2026-09-28T20:00:37.932031,-35.363262,149.1652375,0.004,-0.02,0.0,0.0,0.02354344166815281,0.02354852296411991,242,-0.0008386115659959614,-0.0006699206423945725,-2.0556931495666504,12.587,0.0,60,LAND,False,STANDBY,10,6
2026-09-28T20:00:38.432771,-35.363262,149.1652375,0.004,-0.02,0.0,0.0,0.023357266560196877,0.023364035412669182,242,-0.0008440949604846537,-0.0006717356154695153,-2.055767059326172,12.587,0.0,60,LAND,False,STANDBY,10,6
2026-09-28T20:00:38.933458,-35.363262,149.1652375,0.004,-0.02,0.0,0.0,0.023869266733527184,0.02387474849820137,242,-0.0008517317473888397,-0.0006754794158041477,-2.055850028991699,12.587,0.0,60,LAND,False,STANDBY,10,6
2026-09-28T20:00:39.434054,-35.363262,149.1652375,0.004,-0.02,0.0,0.0,0.023680223152041435,0.02368573285639286,242,-0.0008369613206014037,-0.0006716010975651443,-2.055927276611328,12.587,0.0,60,LAND,False,STANDBY,10,6
2026-09-28T20:00:39.934750,-35.363262,149.1652375,0.004,-0.02,0.0,0.0,0.023773202672600746,0.023781975731253624,242,-0.0008496128721162677,-0.0006777506787329912,-2.055994749069214,12.587,0.0,60,LAND,False,STANDBY,10,6
2026-09-28T20:00:40.435524,-35.363262,149.1652375,0.004,-0.02,0.0,0.0,0.023688605055212975,0.023698991164565086,242,-0.0008435817435383797,-0.0006749145104549825,-2.0560638904571533,12.587,0.0,60,LAND,False,STANDBY,10,6
2026-09-28T20:00:40.935907,-35.363262,149.1652375,0.004,-0.02,0.0,0.0,0.023875484243035316,0.023886263370513916,242,-0.0008468236774206161,-0.0006755020585842431,-2.0561273097991943,12.587,0.0,60,LAND,False,STANDBY,10,6
2026-09-28T20:00:41.436464,-35.363262,149.1652375,0.004,-0.02,0.0,0.0,0.023791495710611343,0.02380024828016758,242,-0.0008477531955577433,-0.0006742186960764229,-2.056192398071289,12.587,0.0,60,LAND,False,STANDBY,10,6
2026-09-28T20:00:41.937136,-35.363262,149.1652375,0.004,-0.02,0.0,0.0,0.024029769003391266,0.02403804287314415,242,-0.0008485146099701524,-0.0006750583997927606,-2.056253671646118,12.587,0.0,60,LAND,False,STANDBY,10,6
2026-09-28T20:00:42.438069,-35.363262,149.1652375,0.004,-0.02,0.0,0.0,0.02371090278029442,0.02372121438384056,242,-0.0008510941988788545,-0.0006683008978143334,-2.056307077407837,12.587,0.0,60,LAND,False,STANDBY,10,6
2026-09-28T20:00:42.938703,-35.363262,149.1652375,0.004,-0.02,0.0,0.0,0.023978115990757942,0.023988159373402596,242,-0.0008495148504152894,-0.0006719045341014862,-2.056368350982666,12.587,0.0,60,LAND,False,STANDBY,10,6
2026-09-28T20:00:43.439570,-35.363262,149.1652375,0.004,-0.02,0.0,0.0,0.0236680805683136,0.023678986355662346,242,-0.0008465870632790029,-0.0006698257639072835,-2.056424617767334,12.587,0.0,60,LAND,False,STANDBY,10,6
2026-09-28T20:00:43.940148,-35.363262,149.1652375,0.004,-0.02,0.0,0.0,0.023855656385421753,0.02386641688644886,242,-0.0008470501052215695,-0.0006705693085677922,-2.0564823150634766,12.587,0.0,60,LAND,False,STANDBY,10,6
2026-09-28T20:00:44.440853,-35.363262,149.1652375,0.004,-0.02,0.0,0.0,0.023784751072525978,0.023794908076524734,242,-0.0008525457815267146,-0.0006695388583466411,-2.056532859802246,12.587,0.0,60,LAND,False,STANDBY,10,6
2026-09-28T20:00:44.941553,-35.363262,149.1652375,0.004,-0.02,0.0,0.0,0.02393713779747486,0.02394704334437847,242,-0.000857537379488349,-0.0006723394035361707,-2.05659818649292,12.587,0.0,60,LAND,False,STANDBY,10,6
2026-09-28T20:00:45.442273,-35.363262,149.1652375,0.004,-0.02,0.0,0.0,0.023822033777832985,0.023831255733966827,242,-0.0008552062208764255,-0.0006809642072767019,-2.0566487312316895,12.587,0.0,60,LAND,False,STANDBY,10,6
2026-09-28T20:00:45.942623,-35.363262,149.1652375,0.004,-0.02,0.0,0.0,0.0240690428763628,0.024077313020825386,242,-0.0008543333970010281,-0.0006863008020445704,-2.056705951690674,12.587,0.0,60,LAND,False,STANDBY,10,6
2026-09-28T20:00:46.442910,-35.363262,149.1652375,0.004,-0.02,0.0,0.0,0.024008221924304962,0.02401665225625038,242,-0.0008476512739434838,-0.0006848063785582781,-2.0567493438720703,12.587,0.0,60,LAND,False,STANDBY,10,6
2026-09-28T20:00:46.943535,-35.363262,149.1652375,0.004,-0.02,0.0,0.0,0.024016493931412697,0.02402408793568611,242,-0.000850027659907937,-0.000683580175973475,-2.0567879676818848,12.587,0.0,60,LAND,False,STANDBY,10,6
2026-09-28T20:00:47.443984,-35.363262,149.1652375,0.004,-0.02,0.0,0.0,0.023756353184580803,0.023761803284287453,242,-0.0008450012537650764,-0.0006755960639566183,-2.0568275451660156,12.587,0.0,60,LAND,False,STANDBY,10,6
2026-09-28T20:00:47.944459,-35.363262,149.1652375,0.003,-0.02,0.0,0.0,0.02407289296388626,0.024075882509350777,242,-0.000841967819724232,-0.0006805945304222405,-2.0568654537200928,12.587,0.0,60,LAND,False,STANDBY,10,6
2026-09-28T20:00:48.444682,-35.363262,149.1652375,0.003,-0.02,0.0,0.0,0.023856574669480324,0.023859228938817978,242,-0.00084144581342116,-0.0006757986848242581,-2.0569028854370117,12.587,0.0,60,LAND,False,STANDBY,10,6
2026-09-28T20:00:48.945397,-35.363262,149.1652375,0.003,-0.02,0.0,0.0,0.024068180471658707,0.02406955137848854,242,-0.0008481019176542759,-0.000672911643050611,-2.056942939758301,12.587,0.0,60,LAND,False,STANDBY,10,6
2026-09-28T20:00:49.446136,-35.363262,149.1652375,0.003,-0.02,0.0,0.0,0.02379056066274643,0.02379145845770836,242,-0.000841268920339644,-0.0006671227165497839,-2.056973695755005,12.587,0.0,60,LAND,False,STANDBY,10,6
2026-09-28T20:00:49.946766,-35.363262,149.1652375,0.003,-0.02,0.0,0.0,0.023974603042006493,0.023975178599357605,242,-0.0008402164094150066,-0.0006680182996205986,-2.057001829147339,12.587,0.0,60,LAND,False,STANDBY,10,6
2026-09-28T20:00:50.447536,-35.363262,149.1652375,0.003,-0.02,0.0,0.0,0.023653948679566383,0.02365446649491787,242,-0.000837362022139132,-0.0006600992055609822,-2.057030439376831,12.587,0.0,60,LAND,False,STANDBY,10,6
2026-09-28T20:00:50.948463,-35.363262,149.1652375,0.003,-0.02,0.0,0.0,0.02381746470928192,0.02381913922727108,242,-0.0008321365457959473,-0.0006540959002450109,-2.0570645332336426,12.587,0.0,60,LAND,False,STANDBY,10,6
2026-09-28T20:00:51.449152,-35.363262,149.1652375,0.003,-0.02,0.0,0.0,0.023522494360804558,0.02352377213537693,242,-0.0008259072783403099,-0.0006565540679730475,-2.0570945739746094,12.587,0.0,60,LAND,False,STANDBY,10,6
2026-09-28T20:00:51.949811,-35.363262,149.1652375,0.003,-0.02,0.0,0.0,0.023792574182152748,0.023792900145053864,242,-0.0008314518490806222,-0.0006639594794251025,-2.057115316390991,12.587,0.0,60,LAND,False,STANDBY,10,6
2026-09-28T20:00:52.450489,-35.363262,149.1652375,0.003,-0.02,0.0,0.0,0.023431885987520218,0.023433608934283257,242,-0.00083259487291798,-0.0006647054688073695,-2.057140827178955,12.587,0.0,60,LAND,False,STANDBY,10,6
2026-09-28T20:00:52.951613,-35.363262,149.1652375,0.003,-0.02,0.0,0.0,0.023668520152568817,0.023670850321650505,242,-0.0008427576976828277,-0.0006636754260398448,-2.057166814804077,12.587,0.0,60,LAND,False,STANDBY,10,6
2026-09-28T20:00:53.452105,-35.363262,149.1652375,0.003,-0.02,0.0,0.0,0.02362428605556488,0.02362605556845665,242,-0.0008381126099266112,-0.0006624050438404083,-2.057188034057617,12.587,0.0,60,LAND,False,STANDBY,10,6
2026-09-28T20:00:53.952517,-35.363262,149.1652375,0.003,-0.02,0.0,0.0,0.02381507307291031,0.02381601370871067,242,-0.0008394687902182341,-0.0006682800012640655,-2.0572075843811035,12.587,0.0,60,LAND,False,STANDBY,10,6
2026-09-28T20:00:54.453173,-35.363262,149.1652375,0.003,-0.02,0.0,0.0,0.023658709600567818,0.02365921065211296,242,-0.0008421529782935977,-0.0006651693256571889,-2.0572240352630615,12.587,0.0,60,LAND,False,STANDBY,10,6
2026-09-28T20:00:54.953914,-35.363262,149.1652375,0.003,-0.02,0.0,0.0,0.023826098069548607,0.023826519027352333,242,-0.0008454647613689303,-0.0006629463168792427,-2.057237386703491,12.587,0.0,60,LAND,False,STANDBY,10,6
2026-09-28T20:00:55.454864,-35.363262,149.1652375,0.003,-0.02,0.0,0.0,0.02374746836721897,0.023747744038701057,242,-0.0008455995703116059,-0.0006535797729156911,-2.0572707653045654,12.587,0.0,60,LAND,False,STANDBY,10,6
2026-09-28T20:00:55.955509,-35.363262,149.1652375,0.003,-0.02,0.0,0.0,0.02385227009654045,0.023852650076150894,242,-0.0008536888053640723,-0.0006570304976776242,-2.057295322418213,12.587,0.0,60,LAND,False,STANDBY,10,6
2026-09-28T20:00:56.456489,-35.363262,149.1652375,0.003,-0.02,0.0,0.0,0.023755330592393875,0.02375536412000656,242,-0.0008571996004320681,-0.0006586454692296684,-2.0573129653930664,12.587,0.0,60,LAND,False,STANDBY,10,6
2026-09-28T20:00:56.957117,-35.363262,149.1652375,0.003,-0.02,0.0,0.0,0.023944513872265816,0.023945322260260582,242,-0.0008516773232258856,-0.0006612328579649329,-2.057328462600708,12.587,0.0,60,LAND,False,STANDBY,10,6
2026-09-28T20:00:57.457465,-35.363262,149.1652375,0.003,-0.02,0.0,0.0,0.02378496527671814,0.023786082863807678,242,-0.0008522580028511584,-0.0006603338988497853,-2.0573439598083496,12.587,0.0,60,LAND,False,STANDBY,10,6
2026-09-28T20:00:57.957991,-35.363262,149.1652375,0.003,-0.02,0.0,0.0,0.02387014776468277,0.023870551958680153,242,-0.000849040923640132,-0.0006663239910267293,-2.0573606491088867,12.587,0.0,60,LAND,False,STANDBY,10,6
2026-09-28T20:00:58.458629,-35.363262,149.1652375,0.003,-0.02,0.0,0.0,0.023800626397132874,0.023801101371645927,242,-0.0008428224246017635,-0.0006586466915905476,-2.057384967803955,12.587,0.0,60,LAND,False,STANDBY,10,6
2026-09-28T20:00:58.959399,-35.363262,149.1652375,0.002,-0.02,0.0,0.0,0.023931538686156273,0.02393154986202717,242,-0.0008406431297771633,-0.0006618026527576149,-2.057389974594116,12.587,0.0,60,LAND,False,STANDBY,10,6
2026-09-28T20:00:59.460408,-35.363262,149.1652375,0.002,-0.02,0.0,0.0,0.02361409179866314,0.02361416071653366,242,-0.0008396691991947591,-0.0006601467030122876,-2.0574088096618652,12.587,0.0,60,LAND,False,STANDBY,10,6
2026-09-28T20:00:59.961062,-35.363262,149.1652375,0.002,-0.02,0.0,0.0,0.023818733170628548,0.023818736895918846,242,-0.0008446666179224849,-0.0006749564781785011,-2.0574207305908203,12.587,0.0,60,LAND,False,STANDBY,10,6
2026-09-28T20:01:00.461678,-35.363262,149.1652375,0.002,-0.02,0.0,0.0,0.023768551647663116,0.023768551647663116,242,-0.0008512426866218448,-0.0006700244266539812,-2.057424783706665,12.587,0.0,60,LAND,False,STANDBY,10,6
2026-09-28T20:01:00.962511,-35.363262,149.1652375,0.002,-0.02,0.0,0.0,0.023910095915198326,0.023910105228424072,242,-0.0008525047451257706,-0.0006702443934045732,-2.057440757751465,12.587,0.0,60,LAND,False,STANDBY,10,6
2026-09-28T20:01:01.463293,-35.363262,149.1652375,0.002,-0.02,0.0,0.0,0.023569783195853233,0.023569786921143532,242,-0.0008477266528643668,-0.0006668596179224551,-2.057443857192993,12.587,0.0,60,LAND,False,STANDBY,10,6
2026-09-28T20:01:01.963885,-35.363262,149.1652375,0.002,-0.02,0.0,0.0,0.02387862280011177,0.02387865073978901,242,-0.0008519630646333098,-0.0006739473901689053,-2.057443618774414,12.587,0.0,60,LAND,False,STANDBY,10,6
2026-09-28T20:01:02.464772,-35.363262,149.1652375,0.002,-0.02,0.0,0.0,0.02378048188984394,0.023780500516295433,242,-0.0008472086628898978,-0.0006701164529658854,-2.0574495792388916,12.587,0.0,60,LAND,False,STANDBY,10,6
2026-09-28T20:01:02.965495,-35.363262,149.1652375,0.002,-0.02,0.0,0.0,0.024023430421948433,0.024023620411753654,242,-0.0008528818725608289,-0.0006731319008395076,-2.057457208633423,12.587,0.0,60,LAND,False,STANDBY,10,6
2026-09-28T20:01:03.466118,-35.363262,149.1652375,0.002,-0.02,0.0,0.0,0.023929832503199577,0.023929841816425323,242,-0.0008576100808568299,-0.0006764915306121111,-2.0574593544006348,12.587,0.0,60,LAND,False,STANDBY,10,6
2026-09-28T20:01:03.966475,-35.363262,149.1652375,0.002,-0.02,0.0,0.0,0.02414151094853878,0.02414151094853878,242,-0.0008595262188464403,-0.0006775270448997617,-2.0574634075164795,12.587,0.0,60,LAND,False,STANDBY,10,6
2026-09-28T20:01:04.466883,-35.363262,149.1652375,0.002,-0.02,0.0,0.0,0.024033529683947563,0.02403365448117256,242,-0.0008493919158354402,-0.0006797413807362318,-2.0574703216552734,12.587,0.0,60,LAND,False,STANDBY,10,6
2026-09-28T20:01:04.967541,-35.363262,149.1652375,0.002,-0.02,0.0,0.0,0.024104077368974686,0.02410409227013588,242,-0.0008425371488556266,-0.0006847790791653097,-2.0574841499328613,12.587,0.0,60,LAND,False,STANDBY,10,6
2026-09-28T20:01:05.468095,-35.363262,149.1652375,0.002,-0.02,0.0,0.0,0.023744434118270874,0.023745086044073105,242,-0.0008371323929168284,-0.0006834582891315222,-2.05749249458313,12.587,0.0,60,LAND,False,STANDBY,10,6
2026-09-28T20:01:05.968458,-35.363262,149.1652375,0.002,-0.02,0.0,0.0,0.024058381095528603,0.024058504030108452,242,-0.0008395033073611557,-0.0006846589967608452,-2.0574960708618164,12.587,0.0,60,LAND,False,STANDBY,10,6
2026-09-28T20:01:06.469173,-35.363262,149.1652375,0.002,-0.02,0.0,0.0,0.023754529654979706,0.02375456504523754,242,-0.0008323322399519384,-0.0006839654524810612,-2.057495594024658,12.587,0.0,60,LAND,False,STANDBY,10,6
2026-09-28T20:01:06.969578,-35.363262,149.1652375,0.002,-0.02,0.0,0.0,0.02405768260359764,0.02405768446624279,242,-0.0008373449090868235,-0.000684498343616724,-2.057495594024658,12.587,0.0,60,LAND,False,STANDBY,10,6
2026-09-28T20:01:07.470422,-35.363262,149.1652375,0.002,-0.02,0.0,0.0,0.02381644956767559,0.02381644956767559,242,-0.0008287404198199511,-0.0006707742577418685,-2.057488441467285,12.587,0.0,60,LAND,False,STANDBY,10,6
2026-09-28T20:01:07.971205,-35.363262,149.1652375,0.002,-0.02,0.0,0.0,0.024142012000083923,0.024142436683177948,242,-0.000828804331831634,-0.000668185530230403,-2.0574982166290283,12.587,0.0,60,LAND,False,STANDBY,10,6
2026-09-28T20:01:08.472584,-35.363262,149.1652375,0.002,-0.02,0.0,0.0,0.023908112198114395,0.023908741772174835,242,-0.0008288610260933638,-0.0006677374476566911,-2.0575029850006104,12.587,0.0,60,LAND,False,STANDBY,10,6
2026-09-28T20:01:08.973758,-35.363262,149.1652375,0.002,-0.02,0.0,0.0,0.023868434131145477,0.023868627846240997,242,-0.0008329502888955176,-0.0006675364566035569,-2.0575053691864014,12.587,0.0,60,LAND,False,STANDBY,10,6
2026-09-28T20:01:09.475075,-35.363262,149.1652375,0.002,-0.02,0.0,0.0,0.023625554516911507,0.023625753819942474,242,-0.0008351521100848913,-0.0006642465596087277,-2.0575101375579834,12.587,0.0,60,LAND,False,STANDBY,10,6
2026-09-28T20:01:09.976177,-35.363262,149.1652375,0.002,-0.02,0.0,0.0,0.023668322712183,0.023668915033340454,242,-0.0008422568207606673,-0.000665260769892484,-2.0575108528137207,12.587,0.0,60,LAND,False,STANDBY,10,6
2026-09-28T20:01:10.477133,-35.363262,149.1652375,0.002,-0.02,0.0,0.0,0.02361433021724224,0.023614659905433655,242,-0.0008425384876318276,-0.000661753467284143,-2.057511806488037,12.587,0.0,60,LAND,False,STANDBY,10,6
2026-09-28T20:01:10.977901,-35.363262,149.1652375,0.002,-0.02,0.0,0.0,0.023776546120643616,0.02377673238515854,242,-0.0008421511738561094,-0.0006579810869880021,-2.0575082302093506,12.587,0.0,60,LAND,False,STANDBY,10,6
2026-09-28T20:01:11.478467,-35.363262,149.1652375,0.002,-0.02,0.0,0.0,0.02365926466882229,0.023660343140363693,242,-0.000840721360873431,-0.0006553216371685266,-2.057504415512085,12.587,0.0,60,LAND,False,STANDBY,10,6
2026-09-28T20:01:11.979171,-35.363262,149.1652375,0.002,-0.02,0.0,0.0,0.023855170235037804,0.023855891078710556,242,-0.0008427338325418532,-0.000653147348202765,-2.057518720626831,12.587,0.0,60,LAND,False,STANDBY,10,6
2026-09-28T20:01:12.480115,-35.363262,149.1652375,0.002,-0.02,0.0,0.0,0.023692548274993896,0.023693880066275597,242,-0.0008402087260037661,-0.0006537115550599992,-2.0575180053710938,12.587,0.0,60,LAND,False,STANDBY,10,6
2026-09-28T20:01:12.981254,-35.363262,149.1652375,0.002,-0.02,0.0,0.0,0.023879121989011765,0.02388075925409794,242,-0.0008367099217139184,-0.0006565559888258576,-2.0575153827667236,12.587,0.0,60,LAND,False,STANDBY,10,6
2026-09-28T20:01:13.482261,-35.363262,149.1652375,0.002,-0.02,0.0,0.0,0.023642035201191902,0.02364375814795494,242,-0.0008229220984503627,-0.0006562630296684802,-2.057518243789673,12.587,0.0,60,LAND,False,STANDBY,10,6
2026-09-28T20:01:13.983032,-35.363262,149.1652375,0.002,-0.02,0.0,0.0,0.023758376017212868,0.023760005831718445,242,-0.0008263501804322004,-0.0006612122524529696,-2.0575170516967773,12.587,0.0,60,LAND,False,STANDBY,10,6
2026-09-28T20:01:14.484095,-35.363262,149.1652375,0.002,-0.02,0.0,0.0,0.02363053523004055,0.023631693795323372,242,-0.0008226939826272428,-0.0006604700465686619,-2.057509660720825,12.587,0.0,60,LAND,False,STANDBY,10,6
2026-09-28T20:01:14.985583,-35.363262,149.1652375,0.002,-0.02,0.0,0.0,0.02363516576588154,0.02363707683980465,242,-0.0008235706482082605,-0.0006597155006602407,-2.0575103759765625,12.587,0.0,60,LAND,False,STANDBY,10,6
2026-09-28T20:01:15.486456,-35.363262,149.1652375,0.002,-0.02,0.0,0.0,0.023443017154932022,0.023444607853889465,242,-0.0008197418646886945,-0.0006486137281171978,-2.0575003623962402,12.587,0.0,60,LAND,False,STANDBY,10,6
2026-09-28T20:01:15.986878,-35.363262,149.1652375,0.002,-0.02,0.0,0.0,0.023485003039240837,0.02348608337342739,242,-0.0008289796533063054,-0.0006586280069313943,-2.0574941635131836,12.587,0.0,60,LAND,False,STANDBY,10,6
2026-09-28T20:01:16.487128,-35.363262,149.1652375,0.002,-0.02,0.0,0.0,0.02332024835050106,0.023320667445659637,242,-0.0008296171436086297,-0.0006562030175700784,-2.057494878768921,12.587,0.0,60,LAND,False,STANDBY,10,6
2026-09-28T20:01:16.988333,-35.363262,149.1652375,0.002,-0.02,0.0,0.0,0.023692337796092033,0.023692511022090912,242,-0.0008392806630581617,-0.0006626596441492438,-2.057493209838867,12.587,0.0,60,LAND,False,STANDBY,10,6
2026-09-28T20:01:17.489122,-35.363262,149.1652375,0.002,-0.02,0.0,0.0,0.023546770215034485,0.023546965792775154,242,-0.0008334945305250585,-0.0006536396685987711,-2.0574986934661865,12.587,0.0,60,LAND,False,STANDBY,10,6
2026-09-28T20:01:17.989467,-35.363262,149.1652375,0.002,-0.02,0.0,0.0,0.023754624649882317,0.023754669353365898,242,-0.0008349662530235946,-0.0006511354586109519,-2.057494640350342,12.587,0.0,60,LAND,False,STANDBY,10,6
2026-09-28T20:01:18.490191,-35.363262,149.1652375,0.002,-0.02,0.0,0.0,0.023507794365286827,0.023508258163928986,242,-0.0008414351032115519,-0.0006444530445151031,-2.0574982166290283,12.587,0.0,60,LAND,False,STANDBY,10,6
2026-09-28T20:01:18.990922,-35.363262,149.1652375,0.002,-0.02,0.0,0.0,0.023825766518712044,0.023826448246836662,242,-0.0008553355000913143,-0.0006527191144414246,-2.05749249458313,12.587,0.0,60,LAND,False,STANDBY,10,6
2026-09-28T20:01:19.491707,-35.363262,149.1652375,0.002,-0.02,0.0,0.0,0.023653216660022736,0.023653600364923477,242,-0.0008551849168725312,-0.0006526251672767103,-2.0574915409088135,12.587,0.0,60,LAND,False,STANDBY,10,6
2026-09-28T20:01:19.993083,-35.363262,149.1652375,0.002,-0.02,0.0,0.0,0.02384021319448948,0.023840315639972687,242,-0.0008563616429455578,-0.0006531294784508646,-2.0574889183044434,12.587,0.0,60,LAND,False,STANDBY,10,6
2026-09-28T20:01:20.493565,-35.363262,149.1652375,0.002,-0.02,0.0,0.0,0.023830315098166466,0.023830726742744446,242,-0.0008505146251991391,-0.0006590767879970372,-2.0574917793273926,12.587,0.0,60,LAND,False,STANDBY,10,6
2026-09-28T20:01:20.994127,-35.363262,149.1652375,0.002,-0.02,0.0,0.0,0.023990949615836143,0.023991744965314865,242,-0.0008452251786366105,-0.0006660937215201557,-2.0574889183044434,12.587,0.0,60,LAND,False,STANDBY,10,6
2026-09-28T20:01:21.494712,-35.363262,149.1652375,0.002,-0.02,0.0,0.0,0.02384308911859989,0.023843396455049515,242,-0.0008461375837214291,-0.0006643342203460634,-2.057483196258545,12.587,0.0,60,LAND,False,STANDBY,10,6
2026-09-28T20:01:21.995458,-35.363262,149.1652375,0.002,-0.02,0.0,0.0,0.02412121556699276,0.024121517315506935,242,-0.0008443951373919845,-0.0006707363063469529,-2.057481288909912,12.587,0.0,60,LAND,False,STANDBY,10,6
2026-09-28T20:01:22.496023,-35.363262,149.1652375,0.002,-0.02,0.0,0.0,0.023929687216877937,0.023930924013257027,242,-0.0008389374706894159,-0.0006641318323090672,-2.057478666305542,12.587,0.0,60,LAND,False,STANDBY,10,6
2026-09-28T20:01:22.996528,-35.363262,149.1652375,0.002,-0.02,0.0,0.0,0.024011878296732903,0.024012455716729164,242,-0.0008391535375267267,-0.0006687435670755804,-2.057478427886963,12.587,0.0,60,LAND,False,STANDBY,10,6
2026-09-28T20:01:23.497021,-35.363262,149.1652375,0.002,-0.02,0.0,0.0,0.023938043043017387,0.023938694968819618,242,-0.0008317744359374046,-0.0006712274625897408,-2.0574710369110107,12.587,0.0,60,LAND,False,STANDBY,10,6
2026-09-28T20:01:23.997471,-35.363262,149.1652375,0.002,-0.02,0.0,0.0,0.0239716749638319,0.023972423747181892,242,-0.0008251317194662988,-0.0006788540631532669,-2.0574705600738525,12.587,0.0,60,LAND,False,STANDBY,10,6
2026-09-28T20:01:24.498251,-35.363262,149.1652375,0.002,-0.02,0.0,0.0,0.023704098537564278,0.023704426363110542,242,-0.0008273966377601027,-0.0006748678279109299,-2.057459592819214,12.587,0.0,60,LAND,False,STANDBY,10,6
2026-09-28T20:01:24.998795,-35.363262,149.1652375,0.002,-0.02,0.0,0.0,0.023888003081083298,0.02388877607882023,242,-0.0008282385533675551,-0.0006810679333284497,-2.0574605464935303,12.587,0.0,60,LAND,False,STANDBY,10,6
2026-09-28T20:01:25.499482,-35.363262,149.1652375,0.002,-0.02,0.0,0.0,0.023779144510626793,0.023779524490237236,242,-0.0008273251005448401,-0.0006839475245214999,-2.057459831237793,12.587,0.0,60,LAND,False,STANDBY,10,6
2026-09-28T20:01:26.000029,-35.363262,149.1652375,0.002,-0.02,0.0,0.0,0.023952357470989227,0.023953663185238838,242,-0.0008342287037521601,-0.000689583015628159,-2.0574495792388916,12.587,0.0,60,LAND,False,STANDBY,10,6
2026-09-28T20:01:26.500480,-35.363262,149.1652375,0.002,-0.02,0.0,0.0,0.02383805811405182,0.02383940853178501,242,-0.0008325775270350277,-0.0006943462649360299,-2.0574545860290527,12.587,0.0,60,LAND,False,STANDBY,10,6
2026-09-28T20:01:27.001240,-35.363262,149.1652375,0.002,-0.02,0.0,0.0,0.024104760959744453,0.02410624362528324,242,-0.0008271891274489462,-0.0006999964243732393,-2.057450771331787,12.587,0.0,60,LAND,False,STANDBY,10,6
2026-09-28T20:01:27.501979,-35.363262,149.1652375,0.003,-0.02,0.0,0.0,0.024064434692263603,0.024066101759672165,242,-0.0008252306724898517,-0.0006925968336872756,-2.05743670463562,12.587,0.0,60,LAND,False,STANDBY,10,6
2026-09-28T20:01:28.002799,-35.363262,149.1652375,0.003,-0.02,0.0,0.0,0.02414778247475624,0.024148693308234215,242,-0.0008190424996428192,-0.0006872095982544124,-2.0574307441711426,12.587,0.0,60,LAND,False,STANDBY,10,6
2026-09-28T20:01:28.503533,-35.363262,149.1652375,0.002,-0.02,0.0,0.0,0.023786988109350204,0.023787150159478188,242,-0.0008188390638679266,-0.0006788081373088062,-2.0574254989624023,12.587,0.0,60,LAND,False,STANDBY,10,6
2026-09-28T20:01:29.004299,-35.363262,149.1652375,0.002,-0.02,0.0,0.0,0.023992668837308884,0.023992741480469704,242,-0.0008193045505322516,-0.0006786808371543884,-2.0574228763580322,12.587,0.0,60,LAND,False,STANDBY,10,6
2026-09-28T20:01:29.505052,-35.363262,149.1652375,0.002,-0.02,0.0,0.0,0.023755045607686043,0.023755056783556938,242,-0.0008157746633514762,-0.0006758543895557523,-2.057417392730713,12.587,0.0,60,LAND,False,STANDBY,10,6
2026-09-28T20:01:30.005604,-35.363262,149.1652375,0.002,-0.02,0.0,0.0,0.02380192279815674,0.023802027106285095,242,-0.0008172899833880365,-0.0006812925566919148,-2.057410717010498,12.587,0.0,60,LAND,False,STANDBY,10,6
2026-09-28T20:01:30.506492,-35.363262,149.1652375,0.002,-0.02,0.0,0.0,0.023690026253461838,0.023690057918429375,242,-0.0008172318921424448,-0.0006761593394912779,-2.057408571243286,12.587,0.0,60,LAND,False,STANDBY,10,6
2026-09-28T20:01:31.007297,-35.363262,149.1652375,0.002,-0.02,0.0,0.0,0.02397434413433075,0.02397448569536209,242,-0.000817504886072129,-0.000669952598400414,-2.0574047565460205,12.587,0.0,60,LAND,False,STANDBY,10,6
2026-09-28T20:01:31.507906,-35.363262,149.1652375,0.002,-0.02,0.0,0.0,0.023657428100705147,0.02365749515593052,242,-0.0008088896283879876,-0.0006647599511779845,-2.0574073791503906,12.587,0.0,60,LAND,False,STANDBY,10,6
2026-09-28T20:01:32.008458,-35.363262,149.1652375,0.002,-0.02,0.0,0.0,0.02371818944811821,0.02371818944811821,242,-0.0008121097926050425,-0.00066751689882949,-2.0574092864990234,12.587,0.0,60,LAND,False,STANDBY,10,6
2026-09-28T20:01:32.509086,-35.363262,149.1652375,0.002,-0.02,0.0,0.0,0.023389503359794617,0.023389512673020363,242,-0.0008131131180562079,-0.0006655267789028585,-2.057401657104492,12.587,0.0,60,LAND,False,STANDBY,10,6
2026-09-28T20:01:33.009632,-35.363262,149.1652375,0.002,-0.02,0.0,0.0,0.023591874167323112,0.023592134937644005,242,-0.000822012429125607,-0.0006712255417369306,-2.057400703430176,12.587,0.0,60,LAND,False,STANDBY,10,6
2026-09-28T20:01:33.510407,-35.363262,149.1652375,0.002,-0.02,0.0,0.0,0.023386957123875618,0.02338697388768196,242,-0.0008254799176938832,-0.0006589736440218985,-2.0574042797088623,12.587,0.0,60,LAND,False,STANDBY,10,6
2026-09-28T20:01:34.011245,-35.363262,149.1652375,0.002,-0.02,0.0,0.0,0.02369065396487713,0.023691093549132347,242,-0.0008279184112325311,-0.0006617418839596212,-2.0573995113372803,12.587,0.0,60,LAND,False,STANDBY,10,6
2026-09-28T20:01:34.511632,-35.363262,149.1652375,0.002,-0.02,0.0,0.0,0.02355077490210533,0.02355135791003704,242,-0.0008285304065793753,-0.0006645750254392624,-2.057403087615967,12.587,0.0,60,LAND,False,STANDBY,10,6
2026-09-28T20:01:35.012148,-35.363262,149.1652375,0.002,-0.02,0.0,0.0,0.023822374641895294,0.023822421208024025,242,-0.0008323800866492093,-0.000670554640237242,-2.057408094406128,12.587,0.0,60,LAND,False,STANDBY,10,6
2026-09-28T20:01:35.512813,-35.363262,149.1652375,0.002,-0.02,0.0,0.0,0.02365737035870552,0.02365751564502716,242,-0.0008222090546041727,-0.0006616842583753169,-2.057405710220337,12.587,0.0,60,LAND,False,STANDBY,10,6
2026-09-28T20:01:36.013590,-35.363262,149.1652375,0.002,-0.02,0.0,0.0,0.023769639432430267,0.023769641295075417,242,-0.0008278432069346309,-0.0006672946037724614,-2.057401180267334,12.587,0.0,60,LAND,False,STANDBY,10,6
2026-09-28T20:01:36.514229,-35.363262,149.1652375,0.002,-0.02,0.0,0.0,0.0236416794359684,0.02364168129861355,242,-0.0008214241825044155,-0.000673525093588978,-2.0573983192443848,12.587,0.0,60,LAND,False,STANDBY,10,6
2026-09-28T20:01:37.014984,-35.363262,149.1652375,0.002,-0.02,0.0,0.0,0.02391243726015091,0.023912450298666954,242,-0.0008215727284550667,-0.000678199459798634,-2.0573935508728027,12.587,0.0,60,LAND,False,STANDBY,10,6
2026-09-28T20:01:37.515633,-35.363262,149.1652375,0.002,-0.02,0.0,0.0,0.023638684302568436,0.023638863116502762,242,-0.0008224252378568053,-0.0006740420358255506,-2.0573902130126953,12.587,0.0,60,LAND,False,STANDBY,10,6
2026-09-28T20:01:38.016730,-35.363262,149.1652375,0.002,-0.02,0.0,0.0,0.02381785213947296,0.02381790243089199,242,-0.0008290414116345346,-0.0006708602304570377,-2.057386636734009,12.587,0.0,60,LAND,False,STANDBY,10,6
2026-09-28T20:01:38.517550,-35.363262,149.1652375,0.002,-0.02,0.0,0.0,0.02371828258037567,0.023718560114502907,242,-0.0008242844487540424,-0.0006744888960383832,-2.057389736175537,12.587,0.0,60,LAND,False,STANDBY,10,6
2026-09-28T20:01:39.018206,-35.363262,149.1652375,0.002,-0.02,0.0,0.0,0.023923024535179138,0.02392304688692093,242,-0.0008240463212132454,-0.0006700868252664804,-2.057387113571167,12.587,0.0,60,LAND,False,STANDBY,10,6
2026-09-28T20:01:39.518456,-35.363262,149.1652375,0.002,-0.02,0.0,0.0,0.023675231263041496,0.023675255477428436,242,-0.0008146556210704148,-0.000660182791762054,-2.0573890209198,12.587,0.0,60,LAND,False,STANDBY,10,6
2026-09-28T20:01:40.018958,-35.363262,149.1652375,0.002,-0.02,0.0,0.0,0.02383657544851303,0.023836586624383926,242,-0.0008130517089739442,-0.0006606217939406633,-2.0573840141296387,12.587,0.0,60,LAND,False,STANDBY,10,6
2026-09-28T20:01:40.519512,-35.363262,149.1652375,0.002,-0.02,0.0,0.0,0.023560915142297745,0.023561082780361176,242,-0.000816255109384656,-0.0006572940037585795,-2.0573890209198,12.587,0.0,60,LAND,False,STANDBY,10,6
2026-09-28T20:01:41.020211,-35.363262,149.1652375,0.002,-0.02,0.0,0.0,0.023753870278596878,0.02375423163175583,242,-0.0008161275181919336,-0.0006625740206800401,-2.0573854446411133,12.587,0.0,60,LAND,False,STANDBY,10,6
2026-09-28T20:01:41.522219,-35.363262,149.1652375,0.002,-0.02,0.0,0.0,0.023709964007139206,0.02371084690093994,242,-0.0008201104938052595,-0.0006699342629872262,-2.0573995113372803,12.587,0.0,60,LAND,False,STANDBY,10,6
2026-09-28T20:01:42.022714,-35.363262,149.1652375,0.002,-0.02,0.0,0.0,0.024013865739107132,0.024014955386519432,242,-0.0008257930167019367,-0.0006740094977430999,-2.0573971271514893,12.587,0.0,60,LAND,False,STANDBY,10,6
2026-09-28T20:01:42.523462,-35.363262,149.1652375,0.002,-0.02,0.0,0.0,0.02392895519733429,0.023929594084620476,242,-0.0008169205393642187,-0.0006698612705804408,-2.0573980808258057,12.587,0.0,60,LAND,False,STANDBY,10,6
2026-09-28T20:01:43.024490,-35.363262,149.1652375,0.002,-0.02,0.0,0.0,0.024034010246396065,0.02403462678194046,242,-0.0008145710453391075,-0.000674522016197443,-2.057394504547119,12.587,0.0,60,LAND,False,STANDBY,10,6
2026-09-28T20:01:43.525543,-35.363262,149.1652375,0.002,-0.02,0.0,0.0,0.023675911128520966,0.02367619052529335,242,-0.0008107527391985059,-0.0006725097773596644,-2.0573925971984863,12.587,0.0,60,LAND,False,STANDBY,10,6
2026-09-28T20:01:44.026480,-35.363262,149.1652375,0.002,-0.02,0.0,0.0,0.023777127265930176,0.023778211325407028,242,-0.0008150733774527907,-0.000670270761474967,-2.05739164352417,12.587,0.0,60,LAND,False,STANDBY,10,6
2026-09-28T20:01:44.527506,-35.363262,149.1652375,0.002,-0.02,0.0,0.0,0.02350335195660591,0.02350391261279583,242,-0.0008137684199027717,-0.0006638719351030886,-2.057391405105591,12.587,0.0,60,LAND,False,STANDBY,10,6
2026-09-28T20:01:45.028456,-35.363262,149.1652375,0.002,-0.02,0.0,0.0,0.023650072515010834,0.02365088276565075,242,-0.0008157296106219292,-0.0006666001863777637,-2.05739164352417,12.587,0.0,60,LAND,False,STANDBY,10,6
2026-09-28T20:01:45.529464,-35.363262,149.1652375,0.002,-0.02,0.0,0.0,0.02349969558417797,0.023500975221395493,242,-0.000811243720818311,-0.0006698514334857464,-2.057374954223633,12.587,0.0,60,LAND,False,STANDBY,10,6
2026-09-28T20:01:46.030570,-35.363262,149.1652375,0.002,-0.02,0.0,0.0,0.02377740480005741,0.023778563365340233,242,-0.0008136040414683521,-0.0006683295941911638,-2.057373046875,12.587,0.0,60,LAND,False,STANDBY,10,6
2026-09-28T20:01:46.531823,-35.363262,149.1652375,0.002,-0.02,0.0,0.0,0.02362486720085144,0.023625586181879044,242,-0.0008158558048307896,-0.0006662163650617003,-2.057373046875,12.587,0.0,60,LAND,False,STANDBY,10,6
2026-09-28T20:01:47.032618,-35.363262,149.1652375,0.002,-0.02,0.0,0.0,0.0238653514534235,0.023865802213549614,242,-0.0008246093057096004,-0.0006675792974419892,-2.0573763847351074,12.587,0.0,60,LAND,False,STANDBY,10,6
2026-09-28T20:01:47.533385,-35.363262,149.1652375,0.002,-0.02,0.0,0.0,0.023624049499630928,0.02362414263188839,242,-0.0008179669384844601,-0.0006540605681948364,-2.057380437850952,12.587,0.0,60,LAND,False,STANDBY,10,6
2026-09-28T20:01:48.034179,-35.363262,149.1652375,0.002,-0.02,0.0,0.0,0.02381480112671852,0.023814953863620758,242,-0.000820862886030227,-0.0006527118966914713,-2.0573742389678955,12.587,0.0,60,LAND,False,STANDBY,10,6
2026-09-28T20:01:48.535160,-35.363262,149.1652375,0.002,-0.02,0.0,0.0,0.023408280685544014,0.02340831235051155,242,-0.0008195301634259522,-0.0006463489844463766,-2.057375192642212,12.587,0.0,60,LAND,False,STANDBY,10,6
2026-09-28T20:01:49.037365,-35.363262,149.1652375,0.002,-0.02,0.0,0.0,0.023589614778757095,0.023589957505464554,242,-0.0008225131896324456,-0.0006474717520177364,-2.057375431060791,12.587,0.0,60,LAND,False,STANDBY,10,6
2026-09-28T20:01:49.538580,-35.363262,149.1652375,0.002,-0.02,0.0,0.0,0.023622585460543633,0.023623399436473846,242,-0.0008260972099378705,-0.0006471743690781295,-2.0573785305023193,12.587,0.0,60,LAND,False,STANDBY,10,6
2026-09-28T20:01:50.040403,-35.363262,149.1652375,0.002,-0.02,0.0,0.0,0.023678136989474297,0.023679587990045547,242,-0.0008231362444348633,-0.0006510900566354394,-2.0573806762695312,12.587,0.0,60,LAND,False,STANDBY,10,6
2026-09-28T20:01:50.541090,-35.363262,149.1652375,0.002,-0.02,0.0,0.0,0.023548008874058723,0.02354823797941208,242,-0.000820489542093128,-0.0006491615204140544,-2.057380199432373,12.587,0.0,60,LAND,False,STANDBY,10,6
2026-09-28T20:01:51.041621,-35.363262,149.1652375,0.002,-0.02,0.0,0.0,0.023690365254878998,0.023690711706876755,242,-0.0008232096442952752,-0.00065969442948699,-2.0573713779449463,12.587,0.0,60,LAND,False,STANDBY,10,6
2026-09-28T20:01:51.542465,-35.363262,149.1652375,0.002,-0.02,0.0,0.0,0.02358270436525345,0.02358309179544449,242,-0.0008363008382730186,-0.0006559396279044449,-2.0573747158050537,12.587,0.0,60,LAND,False,STANDBY,10,6
2026-09-28T20:01:52.043646,-35.363262,149.1652375,0.002,-0.02,0.0,0.0,0.023785166442394257,0.023785308003425598,242,-0.0008390370639972389,-0.000656997028272599,-2.057375907897949,12.587,0.0,60,LAND,False,STANDBY,10,6
2026-09-28T20:01:52.544481,-35.363262,149.1652375,0.002,-0.02,0.0,0.0,0.0237151887267828,0.023715196177363396,242,-0.0008236823487095535,-0.0006540931644849479,-2.0573763847351074,12.587,0.0,60,LAND,False,STANDBY,10,6
2026-09-28T20:01:53.045148,-35.363262,149.1652375,0.002,-0.02,0.0,0.0,0.02379572205245495,0.023796159774065018,242,-0.0008289939723908901,-0.000648977467790246,-2.0573790073394775,12.587,0.0,60,LAND,False,STANDBY,10,6
2026-09-28T20:01:53.545804,-35.363262,149.1652375,0.002,-0.02,0.0,0.0,0.02365616336464882,0.023656213656067848,242,-0.0008192406385205686,-0.0006390812923200428,-2.0573952198028564,12.587,0.0,60,LAND,False,STANDBY,10,6
2026-09-28T20:01:54.047467,-35.363262,149.1652375,0.002,-0.02,0.0,0.0,0.02374427206814289,0.023744288831949234,242,-0.0008174374816007912,-0.0006404957384802401,-2.0573923587799072,12.587,0.0,60,LAND,False,STANDBY,10,6
2026-09-28T20:01:54.548115,-35.363262,149.1652375,0.002,-0.02,0.0,0.0,0.023484492674469948,0.023484541103243828,242,-0.0008126847096718848,-0.0006423320737667382,-2.0573949813842773,12.587,0.0,60,LAND,False,STANDBY,10,6
2026-09-28T20:01:55.048851,-35.363262,149.1652375,0.002,-0.02,0.0,0.0,0.023469330742955208,0.023469429463148117,242,-0.0008175536640919745,-0.0006445313920266926,-2.0573923587799072,12.587,0.0,60,LAND,False,STANDBY,10,6
2026-09-28T20:01:55.550099,-35.363262,149.1652375,0.002,-0.02,0.0,0.0,0.02324937842786312,0.023249387741088867,242,-0.0008151914807967842,-0.0006407660548575222,-2.0573840141296387,12.587,0.0,60,LAND,False,STANDBY,10,6
2026-09-28T20:01:56.050517,-35.363262,149.1652375,0.002,-0.02,0.0,0.0,0.023389406502246857,0.023389851674437523,242,-0.0008246579673141241,-0.0006419580895453691,-2.057384729385376,12.587,0.0,60,LAND,False,STANDBY,10,6
2026-09-28T20:01:56.552455,-35.363262,149.1652375,0.002,-0.02,0.0,0.0,0.023294182494282722,0.02329445816576481,242,-0.000829324300866574,-0.000649136200081557,-2.057382345199585,12.587,0.0,60,LAND,False,STANDBY,10,6
2026-09-28T20:01:57.053046,-35.363262,149.1652375,0.002,-0.02,0.0,0.0,0.02343684434890747,0.023437080904841423,242,-0.0008385487599298358,-0.0006604916998185217,-2.0573770999908447,12.587,0.0,60,LAND,False,STANDBY,10,6
2026-09-28T20:01:57.553453,-35.363262,149.1652375,0.002,-0.02,0.0,0.0,0.023295987397432327,0.023296445608139038,242,-0.0008349227136932313,-0.0006568293320015073,-2.0573716163635254,12.587,0.0,60,LAND,False,STANDBY,10,6
2026-09-28T20:01:58.054098,-35.363262,149.1652375,0.002,-0.02,0.0,0.0,0.023501066491007805,0.023501284420490265,242,-0.0008334171725437045,-0.0006663664244115353,-2.057372808456421,12.587,0.0,60,LAND,False,STANDBY,10,6
2026-09-28T20:01:58.554468,-35.363262,149.1652375,0.002,-0.02,0.0,0.0,0.023700693622231483,0.023700697347521782,242,-0.0008338824845850468,-0.0006693419418297708,-2.057370185852051,12.587,0.0,60,LAND,False,STANDBY,10,6
2026-09-28T20:01:59.054766,-35.363262,149.1652375,0.002,-0.02,0.0,0.0,0.02391367405653,0.023913677781820297,242,-0.0008319721091538668,-0.000678360287565738,-2.057375431060791,12.587,0.0,60,LAND,False,STANDBY,10,6
2026-09-28T20:01:59.555245,-35.363262,149.1652375,0.002,-0.02,0.0,0.0,0.02395211160182953,0.023952113464474678,242,-0.0008303377544507384,-0.0006758332019671798,-2.0573770999908447,12.587,0.0,60,LAND,False,STANDBY,10,6
2026-09-28T20:02:00.055886,-35.363262,149.1652375,0.002,-0.02,0.0,0.0,0.02421155385673046,0.024211686104536057,242,-0.0008438960649073124,-0.0006748281884938478,-2.0573782920837402,12.587,0.0,60,LAND,False,STANDBY,10,6
2026-09-28T20:02:00.556494,-35.363262,149.1652375,0.002,-0.02,0.0,0.0,0.024266500025987625,0.024266693741083145,242,-0.0008448012522421777,-0.00067328562727198,-2.057384729385376,12.587,0.0,60,LAND,False,STANDBY,10,6
2026-09-28T20:02:01.057158,-35.363262,149.1652375,0.002,-0.02,0.0,0.0,0.024247681722044945,0.02424868755042553,242,-0.0008390116272494197,-0.0006604926311410964,-2.0573768615722656,12.587,0.0,60,LAND,False,STANDBY,10,6
2026-09-28T20:02:01.557509,-35.363262,149.1652375,0.002,-0.02,0.0,0.0,0.024063829332590103,0.02406511828303337,242,-0.0008282209164462984,-0.0006499494193121791,-2.057373523712158,12.587,0.0,60,LAND,False,STANDBY,10,6
2026-09-28T20:02:02.059080,-35.363262,149.1652375,0.002,-0.02,0.0,0.0,0.02415485307574272,0.0241569671779871,242,-0.000826499133836478,-0.0006566807860508561,-2.0573768615722656,12.587,0.0,60,LAND,False,STANDBY,10,6
2026-09-28T20:02:02.559736,-35.363262,149.1652375,0.002,-0.02,0.0,0.0,0.02389410324394703,0.0238950252532959,242,-0.000814831058960408,-0.0006468062638305128,-2.057370662689209,12.587,0.0,60,LAND,False,STANDBY,10,6
2026-09-28T20:02:03.060519,-35.363262,149.1652375,0.002,-0.02,0.0,0.0,0.02383538708090782,0.023835549131035805,242,-0.0008241519099101424,-0.0006510856910608709,-2.0573573112487793,12.587,0.0,60,LAND,False,STANDBY,10,6
2026-09-28T20:02:03.561458,-35.363262,149.1652375,0.002,-0.02,0.0,0.0,0.02355734445154667,0.023557772859930992,242,-0.0008124466403387487,-0.0006467775674536824,-2.057361602783203,12.587,0.0,60,LAND,False,STANDBY,10,6
2026-09-28T20:02:04.061854,-35.363262,149.1652375,0.002,-0.02,0.0,0.0,0.023524070158600807,0.023524075746536255,242,-0.000819007633253932,-0.0006517494330182672,-2.0573642253875732,12.587,0.0,60,LAND,False,STANDBY,10,6
2026-09-28T20:02:04.562520,-35.363262,149.1652375,0.002,-0.02,0.0,0.0,0.023370595648884773,0.023370664566755295,242,-0.000804168579634279,-0.0006477251299656928,-2.0573630332946777,12.587,0.0,60,LAND,False,STANDBY,10,6
2026-09-28T20:02:05.063269,-35.363262,149.1652375,0.002,-0.02,0.0,0.0,0.023503324016928673,0.023503340780735016,242,-0.0008101330022327602,-0.000653064635116607,-2.0573534965515137,12.587,0.0,60,LAND,False,STANDBY,10,6
2026-09-28T20:02:05.564161,-35.363262,149.1652375,0.002,-0.02,0.0,0.0,0.0232711099088192,0.023271257057785988,242,-0.0008031813777051866,-0.0006471052765846252,-2.0573508739471436,12.587,0.0,60,LAND,False,STANDBY,10,6
2026-09-28T20:02:06.068456,-35.363262,149.1652375,0.002,-0.02,0.0,0.0,0.02338460646569729,0.02338460646569729,242,-0.0008104841690510511,-0.0006437973352149129,-2.0573501586914062,12.587,0.0,60,LAND,False,STANDBY,10,6
2026-09-28T20:02:06.569120,-35.363262,149.1652375,0.002,-0.02,0.0,0.0,0.023252971470355988,0.02325301431119442,242,-0.0008039625827223063,-0.0006395075470209122,-2.0573410987854004,12.587,0.0,60,LAND,False,STANDBY,10,6
2026-09-28T20:02:07.069590,-35.363262,149.1652375,0.002,-0.02,0.0,0.0,0.023474346846342087,0.02347438409924507,242,-0.000813628314062953,-0.000646843109279871,-2.057335376739502,12.587,0.0,60,LAND,False,STANDBY,10,6
2026-09-28T20:02:07.570275,-35.363262,149.1652375,0.002,-0.02,0.0,0.0,0.02339089661836624,0.02339089848101139,242,-0.0008057267405092716,-0.0006496321875602007,-2.057330369949341,12.587,0.0,60,LAND,False,STANDBY,10,6
2026-09-28T20:02:08.070484,-35.363262,149.1652375,0.002,-0.02,0.0,0.0,0.02350562810897827,0.023505643010139465,242,-0.0008107085013762116,-0.0006554583669640124,-2.0573413372039795,12.587,0.0,60,LAND,False,STANDBY,10,6
2026-09-28T20:02:08.571226,-35.363262,149.1652375,0.002,-0.02,0.0,0.0,0.023441646248102188,0.02344208024442196,242,-0.0008140935678966343,-0.0006511402316391468,-2.057342529296875,12.587,0.0,60,LAND,False,STANDBY,10,6
2026-09-28T20:02:09.071505,-35.363262,149.1652375,0.002,-0.02,0.0,0.0,0.02358955703675747,0.02359011210501194,242,-0.0008138538687489927,-0.0006578196189366281,-2.0573461055755615,12.587,0.0,60,LAND,False,STANDBY,10,6
2026-09-28T20:02:09.572032,-35.363262,149.1652375,0.002,-0.02,0.0,0.0,0.023449931293725967,0.023450493812561035,242,-0.0008170832879841328,-0.0006582544301636517,-2.0573506355285645,12.587,0.0,60,LAND,False,STANDBY,10,6
2026-09-28T20:02:10.072531,-35.363262,149.1652375,0.002,-0.02,0.0,0.0,0.023522479459643364,0.023523475974798203,242,-0.0008255538996309042,-0.0006592769641429186,-2.057339906692505,12.587,0.0,60,LAND,False,STANDBY,10,6
2026-09-28T20:02:10.573346,-35.363262,149.1652375,0.002,-0.02,0.0,0.0,0.023620160296559334,0.02362106367945671,242,-0.0008273806306533515,-0.0006575147272087634,-2.05733585357666,12.587,0.0,60,LAND,False,STANDBY,10,6
2026-09-28T20:02:11.076469,-35.363262,149.1652375,0.002,-0.02,0.0,0.0,0.023734200745821,0.02373499609529972,242,-0.0008317753672599792,-0.0006608584662899375,-2.0573298931121826,12.587,0.0,60,LAND,False,STANDBY,10,6
2026-09-28T20:02:11.576862,-35.363262,149.1652375,0.002,-0.02,0.0,0.0,0.023709028959274292,0.023709958419203758,242,-0.0008254767162725329,-0.000655812444165349,-2.0573205947875977,12.587,0.0,60,LAND,False,STANDBY,10,6
2026-09-28T20:02:12.077501,-35.363262,149.1652375,0.002,-0.02,0.0,0.0,0.023798134177923203,0.023799017071723938,242,-0.0008323182701133192,-0.0006601772038266063,-2.0573174953460693,12.587,0.0,60,LAND,False,STANDBY,10,6
2026-09-28T20:02:12.578242,-35.363262,149.1652375,0.002,-0.02,0.0,0.0,0.023775091394782066,0.023776259273290634,242,-0.0008322263602167368,-0.0006528454832732677,-2.0573155879974365,12.587,0.0,60,LAND,False,STANDBY,10,6
2026-09-28T20:02:13.078497,-35.363262,149.1652375,0.002,-0.02,0.0,0.0,0.023822566494345665,0.02382368966937065,242,-0.0008396494085900486,-0.00066268106456846,-2.0573127269744873,12.587,0.0,60,LAND,False,STANDBY,10,6
2026-09-28T20:02:13.579369,-35.363262,149.1652375,0.002,-0.02,0.0,0.0,0.023815074935555458,0.023815227672457695,242,-0.0008332424913533032,-0.0006560297915711999,-2.057321071624756,12.587,0.0,60,LAND,False,STANDBY,10,6
2026-09-28T20:02:14.080111,-35.363262,149.1652375,0.002,-0.02,0.0,0.0,0.02382742613554001,0.023827427998185158,242,-0.0008365256944671273,-0.0006583555368706584,-2.057318925857544,12.587,0.0,60,LAND,False,STANDBY,10,6
2026-09-28T20:02:14.581028,-35.363262,149.1652375,0.002,-0.02,0.0,0.0,0.02381138503551483,0.02381141483783722,242,-0.0008312278660014272,-0.0006552222184836864,-2.057319402694702,12.587,0.0,60,LAND,False,STANDBY,10,6
2026-09-28T20:02:15.081934,-35.363262,149.1652375,0.002,-0.02,0.0,0.0,0.0238739512860775,0.023873962461948395,242,-0.0008376300684176385,-0.0006523270276375115,-2.057319164276123,12.587,0.0,60,LAND,False,STANDBY,10,6
2026-09-28T20:02:15.582581,-35.363262,149.1652375,0.002,-0.02,0.0,0.0,0.023820821195840836,0.02382083795964718,242,-0.0008410412119701505,-0.0006532323895953596,-2.0573160648345947,12.587,0.0,60,LAND,False,STANDBY,10,6
2026-09-28T20:02:16.083402,-35.363262,149.1652375,0.002,-0.02,0.0,0.0,0.023817691951990128,0.023817699402570724,242,-0.000844607362523675,-0.0006585695664398372,-2.0573081970214844,12.587,0.0,60,LAND,False,STANDBY,10,6
2026-09-28T20:02:16.584071,-35.363262,149.1652375,0.002,-0.02,0.0,0.0,0.023813098669052124,0.023813098669052124,242,-0.0008326223469339311,-0.0006564148934558034,-2.057313919067383,12.587,0.0,60,LAND,False,STANDBY,10,6
2026-09-28T20:02:17.084513,-35.363262,149.1652375,0.002,-0.02,0.0,0.0,0.02386842668056488,0.023868776857852936,242,-0.0008402063976973295,-0.0006598359323106706,-2.057316780090332,12.587,0.0,60,LAND,False,STANDBY,10,6
2026-09-28T20:02:17.585465,-35.363262,149.1652375,0.002,-0.02,0.0,0.0,0.023685213178396225,0.023685485124588013,242,-0.0008374885655939579,-0.0006555397994816303,-2.0573220252990723,12.587,0.0,60,LAND,False,STANDBY,10,6
2026-09-28T20:02:18.085904,-35.363262,149.1652375,0.002,-0.02,0.0,0.0,0.023895200341939926,0.02389528788626194,242,-0.000838541251141578,-0.0006598454201593995,-2.05732798576355,12.587,0.0,60,LAND,False,STANDBY,10,6
2026-09-28T20:02:18.586545,-35.363262,149.1652375,0.002,-0.02,0.0,0.0,0.02380962111055851,0.023809634149074554,242,-0.000835361541248858,-0.0006577878957614303,-2.05732798576355,12.587,0.0,60,LAND,False,STANDBY,10,6
2026-09-28T20:02:19.087016,-35.363262,149.1652375,0.002,-0.02,0.0,0.0,0.024151237681508064,0.024151252582669258,242,-0.0008459457894787192,-0.0006620803033001721,-2.0573232173919678,12.587,0.0,60,LAND,False,STANDBY,10,6
2026-09-28T20:02:19.587915,-35.363262,149.1652375,0.002,-0.02,0.0,0.0,0.024028366431593895,0.024028385058045387,242,-0.000833648256957531,-0.0006659112987108529,-2.057314157485962,12.587,0.0,60,LAND,False,STANDBY,10,6
2026-09-28T20:02:20.088677,-35.363262,149.1652375,0.002,-0.02,0.0,0.0,0.024163205176591873,0.024163290858268738,242,-0.0008325091912411153,-0.0006729253800585866,-2.05731201171875,12.587,0.0,60,LAND,False,STANDBY,10,6
2026-09-28T20:02:20.589500,-35.363262,149.1652375,0.002,-0.02,0.0,0.0,0.02404584363102913,0.024046069011092186,242,-0.0008274100837297738,-0.000675023184157908,-2.05731201171875,12.587,0.0,60,LAND,False,STANDBY,10,6
2026-09-28T20:02:21.090129,-35.363262,149.1652375,0.002,-0.02,0.0,0.0,0.02417101338505745,0.024171248078346252,242,-0.0008362720254808664,-0.0006793526699766517,-2.05731463432312,12.587,0.0,60,LAND,False,STANDBY,10,6
2026-09-28T20:02:21.590348,-35.363262,149.1652375,0.002,-0.02,0.0,0.0,0.024008380249142647,0.024009035900235176,242,-0.0008303985232487321,-0.0006769446772523224,-2.0573015213012695,12.587,0.0,60,LAND,False,STANDBY,10,6
2026-09-28T20:02:22.091148,-35.363262,149.1652375,0.002,-0.02,0.0,0.0,0.02412564493715763,0.024125969037413597,242,-0.0008316418970935047,-0.0006781367119401693,-2.057298421859741,12.587,0.0,60,LAND,False,STANDBY,10,6
2026-09-28T20:02:22.592062,-35.363262,149.1652375,0.002,-0.02,0.0,0.0,0.024073876440525055,0.024074161425232887,242,-0.0008297454915009439,-0.0006716432399116457,-2.057302236557007,12.587,0.0,60,LAND,False,STANDBY,10,6
2026-09-28T20:02:23.092923,-35.363262,149.1652375,0.002,-0.02,0.0,0.0,0.024127453565597534,0.024127718061208725,242,-0.0008288332028314471,-0.0006719468510709703,-2.0573031902313232,12.587,0.0,60,LAND,False,STANDBY,10,6
2026-09-28T20:02:23.593613,-35.363262,149.1652375,0.002,-0.02,0.0,0.0,0.023910822346806526,0.023911647498607635,242,-0.0008351714932359755,-0.0006621230859309435,-2.0573019981384277,12.587,0.0,60,LAND,False,STANDBY,10,6
2026-09-28T20:02:24.093851,-35.363262,149.1652375,0.002,-0.02,0.0,0.0,0.02397819794714451,0.023978527635335922,242,-0.0008414402254857123,-0.0006511257379315794,-2.0573041439056396,12.587,0.0,60,LAND,False,STANDBY,10,6
2026-09-28T20:02:24.594463,-35.363262,149.1652375,0.002,-0.02,0.0,0.0,0.023615920916199684,0.023616250604391098,242,-0.0008403990650549531,-0.0006442679441533983,-2.0573008060455322,12.587,0.0,60,LAND,False,STANDBY,10,6
2026-09-28T20:02:25.095223,-35.363262,149.1652375,0.002,-0.02,0.0,0.0,0.023720361292362213,0.023720799013972282,242,-0.0008481199620291591,-0.0006458582356572151,-2.0572917461395264,12.587,0.0,60,LAND,False,STANDBY,10,6
2026-09-28T20:02:25.595957,-35.363262,149.1652375,0.002,-0.02,0.0,0.0,0.02359788864850998,0.023598089814186096,242,-0.0008380142971873283,-0.0006410058704204857,-2.0572946071624756,12.587,0.0,60,LAND,False,STANDBY,10,6
2026-09-28T20:02:26.097069,-35.363262,149.1652375,0.002,-0.02,0.0,0.0,0.02364903874695301,0.023649096488952637,242,-0.0008488364983350039,-0.0006451814551837742,-2.0573008060455322,12.587,0.0,60,LAND,False,STANDBY,10,6
2026-09-28T20:02:26.598141,-35.363262,149.1652375,0.002,-0.02,0.0,0.0,0.02366960048675537,0.02367018349468708,242,-0.0008397401543334126,-0.0006415799143724144,-2.0572967529296875,12.587,0.0,60,LAND,False,STANDBY,10,6
2026-09-28T20:02:27.098581,-35.363262,149.1652375,0.002,-0.02,0.0,0.0,0.0236956924200058,0.02369575761258602,242,-0.0008447861182503402,-0.000639960344415158,-2.057300329208374,12.587,0.0,60,LAND,False,STANDBY,10,6
2026-09-28T20:02:27.599552,-35.363262,149.1652375,0.002,-0.02,0.0,0.0,0.023738976567983627,0.023739438503980637,242,-0.0008413178147748113,-0.0006326764705590904,-2.0572967529296875,12.587,0.0,60,LAND,False,STANDBY,10,6
2026-09-28T20:02:28.100220,-35.363262,149.1652375,0.002,-0.02,0.0,0.0,0.0236539077013731,0.023653969168663025,242,-0.0008434277842752635,-0.0006374360527843237,-2.0572869777679443,12.587,0.0,60,LAND,False,STANDBY,10,6
2026-09-28T20:02:28.600871,-35.363262,149.1652375,0.002,-0.02,0.0,0.0,0.02364346757531166,0.02364349365234375,242,-0.0008380287326872349,-0.0006360826082527637,-2.0572850704193115,12.587,0.0,60,LAND,False,STANDBY,10,6
2026-09-28T20:02:29.101462,-35.363262,149.1652375,0.002,-0.02,0.0,0.0,0.02377549186348915,0.0237756185233593,242,-0.0008404285181313753,-0.0006505083874799311,-2.057281732559204,12.587,0.0,60,LAND,False,STANDBY,10,6
2026-09-28T20:02:29.601924,-35.363262,149.1652375,0.002,-0.02,0.0,0.0,0.023689616471529007,0.023690197616815567,242,-0.0008343605441041291,-0.0006446015904657543,-2.057284355163574,12.587,0.0,60,LAND,False,STANDBY,10,6
2026-09-28T20:02:30.102499,-35.363262,149.1652375,0.002,-0.02,0.0,0.0,0.023843713104724884,0.023844406008720398,242,-0.0008280319161713123,-0.0006413457449525595,-2.0572798252105713,12.587,0.0,60,LAND,False,STANDBY,10,6
2026-09-28T20:02:30.602892,-35.363262,149.1652375,0.002,-0.02,0.0,0.0,0.023658232763409615,0.02365855500102043,242,-0.0008243487682193518,-0.0006365971639752388,-2.0572803020477295,12.587,0.0,60,LAND,False,STANDBY,10,6
2026-09-28T20:02:31.103681,-35.363262,149.1652375,0.002,-0.02,0.0,0.0,0.023892899975180626,0.02389387972652912,242,-0.000829953933134675,-0.0006426041363738477,-2.0572774410247803,12.587,0.0,60,LAND,False,STANDBY,10,6
2026-09-28T20:02:31.604363,-35.363262,149.1652375,0.002,-0.02,0.0,0.0,0.023714957758784294,0.02371532842516899,242,-0.0008223901968449354,-0.0006332738557830453,-2.0572757720947266,12.587,0.0,60,LAND,False,STANDBY,10,6
2026-09-28T20:02:32.104731,-35.363262,149.1652375,0.002,-0.02,0.0,0.0,0.02358703315258026,0.023587051779031754,242,-0.0008300570189021528,-0.0006303091067820787,-2.05727481842041,12.587,0.0,60,LAND,False,STANDBY,10,6
2026-09-28T20:02:32.605476,-35.363262,149.1652375,0.002,-0.02,0.0,0.0,0.023342223837971687,0.023342227563261986,242,-0.0008213448454625905,-0.0006314304191619158,-2.057274341583252,12.587,0.0,60,LAND,False,STANDBY,10,6
2026-09-28T20:02:33.106400,-35.363262,149.1652375,0.002,-0.02,0.0,0.0,0.023575544357299805,0.023575974628329277,242,-0.000820527842734009,-0.0006393999792635441,-2.05726957321167,12.587,0.0,60,LAND,False,STANDBY,10,6
2026-09-28T20:02:33.607110,-35.363262,149.1652375,0.002,-0.02,0.0,0.0,0.0235140360891819,0.023515058681368828,242,-0.0008157307165674865,-0.0006389222107827663,-2.057270050048828,12.587,0.0,60,LAND,False,STANDBY,10,6
2026-09-28T20:02:34.108042,-35.363262,149.1652375,0.002,-0.02,0.0,0.0,0.0237614493817091,0.023761995136737823,242,-0.0008279820904135704,-0.0006475249538198113,-2.057278633117676,12.587,0.0,60,LAND,False,STANDBY,10,6
2026-09-28T20:02:34.608562,-35.363262,149.1652375,0.002,-0.02,0.0,0.0,0.023690149188041687,0.023690981790423393,242,-0.0008260167087428272,-0.0006466128979809582,-2.0572731494903564,12.587,0.0,60,LAND,False,STANDBY,10,6
2026-09-28T20:02:35.108797,-35.363262,149.1652375,0.002,-0.02,0.0,0.0,0.02398156002163887,0.023982631042599678,242,-0.0008328108815476298,-0.0006546166841872036,-2.0572733879089355,12.587,0.0,60,LAND,False,STANDBY,10,6
2026-09-28T20:02:35.609541,-35.363262,149.1652375,0.002,-0.02,0.0,0.0,0.02391822077333927,0.023918522521853447,242,-0.0008249585516750813,-0.0006554609863087535,-2.0572762489318848,12.587,0.0,60,LAND,False,STANDBY,10,6
2026-09-28T20:02:36.110609,-35.363262,149.1652375,0.002,-0.02,0.0,0.0,0.024113187566399574,0.024113286286592484,242,-0.0008281089249067008,-0.0006601284840144217,-2.0572621822357178,12.587,0.0,60,LAND,False,STANDBY,10,6
2026-09-28T20:02:36.611906,-35.363262,149.1652375,0.002,-0.02,0.0,0.0,0.023914776742458344,0.02391503006219864,242,-0.0008236748399212956,-0.000656125252135098,-2.0572593212127686,12.587,0.0,60,LAND,False,STANDBY,10,6
2026-09-28T20:02:37.112566,-35.363262,149.1652375,0.002,-0.02,0.0,0.0,0.023932352662086487,0.023932557553052902,242,-0.0008319892804138362,-0.0006571534322574735,-2.0572569370269775,12.587,0.0,60,LAND,False,STANDBY,10,6
2026-09-28T20:02:37.613385,-35.363262,149.1652375,0.002,-0.02,0.0,0.0,0.023793945088982582,0.02379421517252922,242,-0.0008341536740772426,-0.0006527248187921941,-2.0572526454925537,12.587,0.0,60,LAND,False,STANDBY,10,6
2026-09-28T20:02:38.114735,-35.363262,149.1652375,0.002,-0.02,0.0,0.0,0.023963747546076775,0.02396404929459095,242,-0.0008338604238815606,-0.0006563079077750444,-2.057243824005127,12.587,0.0,60,LAND,False,STANDBY,10,6
2026-09-28T20:02:38.615399,-35.363262,149.1652375,0.002,-0.02,0.0,0.0,0.023869303986430168,0.023870011791586876,242,-0.0008293676655739546,-0.0006504508783109486,-2.0572452545166016,12.587,0.0,60,LAND,False,STANDBY,10,6
2026-09-28T20:02:39.116206,-35.363262,149.1652375,0.002,-0.02,0.0,0.0,0.024078087881207466,0.024078313261270523,242,-0.0008323053480125964,-0.0006552640115842223,-2.0572409629821777,12.587,0.0,60,LAND,False,STANDBY,10,6
2026-09-28T20:02:39.616454,-35.363262,149.1652375,0.002,-0.02,0.0,0.0,0.02386489138007164,0.023865707218647003,242,-0.0008265959331765771,-0.0006535775610245764,-2.0572350025177,12.587,0.0,60,LAND,False,STANDBY,10,6
2026-09-28T20:02:40.116879,-35.363262,149.1652375,0.002,-0.02,0.0,0.0,0.023869561031460762,0.023870907723903656,242,-0.0008220064337365329,-0.0006603309884667397,-2.0572314262390137,12.587,0.0,60,LAND,False,STANDBY,10,6
2026-09-28T20:02:40.617633,-35.363262,149.1652375,0.002,-0.02,0.0,0.0,0.02367992326617241,0.02368074841797352,242,-0.0008143061422742903,-0.0006513283005915582,-2.057223320007324,12.587,0.0,60,LAND,False,STANDBY,10,6
2026-09-28T20:02:41.118288,-35.363262,149.1652375,0.002,-0.02,0.0,0.0,0.02357279323041439,0.023573629558086395,242,-0.0008229802479036152,-0.0006532417610287666,-2.057220935821533,12.587,0.0,60,LAND,False,STANDBY,10,6
2026-09-28T20:02:41.618979,-35.363262,149.1652375,0.002,-0.02,0.0,0.0,0.023597128689289093,0.023597776889801025,242,-0.0008228198275901377,-0.0006487451028078794,-2.0572280883789062,12.587,0.0,60,LAND,False,STANDBY,10,6
2026-09-28T20:02:42.119487,-35.363262,149.1652375,0.002,-0.02,0.0,0.0,0.023747416213154793,0.023747961968183517,242,-0.0008303466602228582,-0.000652882969006896,-2.0572195053100586,12.587,0.0,60,LAND,False,STANDBY,10,6
2026-09-28T20:02:42.620279,-35.363262,149.1652375,0.002,-0.02,0.0,0.0,0.023717708885669708,0.02371772564947605,242,-0.0008304842049255967,-0.0006579357432201505,-2.0572164058685303,12.587,0.0,60,LAND,False,STANDBY,10,6
2026-09-28T20:02:43.120651,-35.363262,149.1652375,0.002,-0.02,0.0,0.0,0.023882854729890823,0.023882880806922913,242,-0.0008318561012856662,-0.0006537142326124012,-2.0572128295898438,12.587,0.0,60,LAND,False,STANDBY,10,6
2026-09-28T20:02:43.621071,-35.363262,149.1652375,0.002,-0.02,0.0,0.0,0.02395794168114662,0.02395804412662983,242,-0.0008355544996447861,-0.0006518636364489794,-2.057204246520996,12.587,0.0,60,LAND,False,STANDBY,10,6
2026-09-28T20:02:44.121467,-35.363262,149.1652375,0.002,-0.02,0.0,0.0,0.023986365646123886,0.02398676425218582,242,-0.0008357640472240746,-0.0006574979634024203,-2.0571930408477783,12.587,0.0,60,LAND,False,STANDBY,10,6
2026-09-28T20:02:44.622393,-35.363262,149.1652375,0.002,-0.02,0.0,0.0,0.023829132318496704,0.02382958121597767,242,-0.0008294590516015887,-0.0006572684505954385,-2.0571885108947754,12.587,0.0,60,LAND,False,STANDBY,10,6
2026-09-28T20:02:45.123286,-35.363262,149.1652375,0.002,-0.02,0.0,0.0,0.02394813485443592,0.02394813671708107,242,-0.0008316020248457789,-0.0006589484983123839,-2.0571844577789307,12.587,0.0,60,LAND,False,STANDBY,10,6
2026-09-28T20:02:45.623768,-35.363262,149.1652375,0.002,-0.02,0.0,0.0,0.02387821301817894,0.02387826517224312,242,-0.0008294286672025919,-0.0006550344405695796,-2.0571858882904053,12.587,0.0,60,LAND,False,STANDBY,10,6
2026-09-28T20:02:46.124204,-35.363262,149.1652375,0.002,-0.02,0.0,0.0,0.02400660701096058,0.024006657302379608,242,-0.0008261967450380325,-0.0006560175097547472,-2.05717396736145,12.587,0.0,60,LAND,False,STANDBY,10,6
2026-09-28T20:02:46.624463,-35.363262,149.1652375,0.002,-0.02,0.0,0.0,0.023786600679159164,0.023786691948771477,242,-0.0008134126546792686,-0.0006524619529955089,-2.0571672916412354,12.587,0.0,60,LAND,False,STANDBY,10,6
2026-09-28T20:02:47.125521,-35.363262,149.1652375,0.002,-0.02,0.0,0.0,0.023806726559996605,0.023806730285286903,242,-0.0008122025756165385,-0.0006537247099913657,-2.057169198989868,12.587,0.0,60,LAND,False,STANDBY,10,6
2026-09-28T20:02:47.626264,-35.363262,149.1652375,0.002,-0.02,0.0,0.0,0.0235837884247303,0.023583797737956047,242,-0.000809250574093312,-0.0006375518860295415,-2.057163953781128,12.587,0.0,60,LAND,False,STANDBY,10,6
2026-09-28T20:02:48.126880,-35.363262,149.1652375,0.002,-0.02,0.0,0.0,0.023616278544068336,0.023616282269358635,242,-0.000809866760391742,-0.0006412072689272463,-2.057159423828125,12.587,0.0,60,LAND,False,STANDBY,10,6
2026-09-28T20:02:48.627287,-35.363262,149.1652375,0.002,-0.02,0.0,0.0,0.023366665467619896,0.02336672507226467,242,-0.0008084536530077457,-0.0006389248883351684,-2.057152032852173,12.587,0.0,60,LAND,False,STANDBY,10,6
2026-09-28T20:02:49.128114,-35.363262,149.1652375,0.002,-0.02,0.0,0.0,0.023576408624649048,0.023576442152261734,242,-0.0008058499661274254,-0.0006408171611838043,-2.057154655456543,12.587,0.0,60,LAND,False,STANDBY,10,6
2026-09-28T20:02:49.628780,-35.363262,149.1652375,0.002,-0.02,0.0,0.0,0.02340524271130562,0.02340525947511196,242,-0.0008059352403506637,-0.0006369560142047703,-2.057154655456543,12.587,0.0,60,LAND,False,STANDBY,10,6
2026-09-28T20:02:50.129407,-35.363262,149.1652375,0.002,-0.02,0.0,0.0,0.023565515875816345,0.023565704002976418,242,-0.0008127930923365057,-0.0006495988345704973,-2.0571601390838623,12.587,0.0,60,LAND,False,STANDBY,10,6
2026-09-28T20:02:50.630338,-35.363262,149.1652375,0.002,-0.02,0.0,0.0,0.0234964732080698,0.023496737703680992,242,-0.0008159239077940583,-0.0006501284660771489,-2.0571606159210205,12.587,0.0,60,LAND,False,STANDBY,10,6
2026-09-28T20:02:51.131243,-35.363262,149.1652375,0.002,-0.02,0.0,0.0,0.023578131571412086,0.023578502237796783,242,-0.0008167547639459372,-0.0006624861853197217,-2.0571682453155518,12.587,0.0,60,LAND,False,STANDBY,10,6
2026-09-28T20:02:51.631818,-35.363262,149.1652375,0.002,-0.02,0.0,0.0,0.023424159735441208,0.02342519722878933,242,-0.0008121591527014971,-0.0006566480733454227,-2.057162284851074,12.587,0.0,60,LAND,False,STANDBY,10,6
2026-09-28T20:02:52.133126,-35.363262,149.1652375,0.002,-0.02,0.0,0.0,0.02343432605266571,0.02343522198498249,242,-0.0008201673626899719,-0.0006617566104978323,-2.05716609954834,12.587,0.0,60,LAND,False,STANDBY,10,6
2026-09-28T20:02:52.634078,-35.363262,149.1652375,0.002,-0.02,0.0,0.0,0.023527706041932106,0.023529300466179848,242,-0.0008193052490241826,-0.0006685919361189008,-2.057175636291504,12.587,0.0,60,LAND,False,STANDBY,10,6
2026-09-28T20:02:53.135069,-35.363262,149.1652375,0.002,-0.02,0.0,0.0,0.023728027939796448,0.023728538304567337,242,-0.0008315830491483212,-0.0006757386145181954,-2.057171583175659,12.587,0.0,60,LAND,False,STANDBY,10,6
2026-09-28T20:02:53.635677,-35.363262,149.1652375,0.002,-0.02,0.0,0.0,0.02378152310848236,0.023781854659318924,242,-0.0008324927766807377,-0.0006649236893281341,-2.0571601390838623,12.587,0.0,60,LAND,False,STANDBY,10,6
2026-09-28T20:02:54.136462,-35.363262,149.1652375,0.002,-0.02,0.0,0.0,0.0239495187997818,0.023949526250362396,242,-0.000838321226183325,-0.0006625643582083285,-2.057152032852173,12.587,0.0,60,LAND,False,STANDBY,10,6
2026-09-28T20:02:54.638501,-35.363262,149.1652375,0.002,-0.02,0.0,0.0,0.02372957207262516,0.02373073622584343,242,-0.0008252669358626008,-0.0006482181488536298,-2.057143449783325,12.587,0.0,60,LAND,False,STANDBY,10,6
2026-09-28T20:02:55.139601,-35.363262,149.1652375,0.002,-0.02,0.0,0.0,0.02363995835185051,0.023640815168619156,242,-0.0008034469792619348,-0.0006368501926772296,-2.0571255683898926,12.587,0.0,60,LAND,False,STANDBY,10,6
2026-09-28T20:02:55.640863,-35.363262,149.1652375,0.002,-0.02,0.0,0.0,0.02343987487256527,0.02344042994081974,242,-0.0007735470426268876,-0.0006077119614928961,-2.057105541229248,12.587,0.0,60,LAND,False,STANDBY,10,6
2026-09-28T20:02:56.141816,-35.363262,149.1652375,0.002,-0.02,0.0,0.0,0.02316409908235073,0.023165874183177948,242,-0.000748456281144172,-0.0005725871887989342,-2.057070732116699,12.587,0.0,60,LAND,False,STANDBY,10,6
2026-09-28T20:02:56.642820,-35.363262,149.1652375,0.002,-0.02,0.0,0.0,0.02246266044676304,0.02246524952352047,242,-0.0007035620510578156,-0.0005300146876834333,-2.0570240020751953,12.587,0.0,60,LAND,False,STANDBY,10,6
2026-09-28T20:02:57.143458,-35.363262,149.1652375,0.002,-0.02,0.0,0.0,0.021694468334317207,0.02169783227145672,242,-0.0006669603171758354,-0.0004998159711249173,-2.0569846630096436,12.587,0.0,60,LAND,False,STANDBY,10,6
2026-09-28T20:02:57.643990,-35.363262,149.1652375,0.002,-0.02,0.0,0.0,0.020873337984085083,0.020877191796898842,242,-0.0006208716076798737,-0.00045771122677251697,-2.056934356689453,12.587,0.0,60,LAND,False,STANDBY,10,6
2026-09-28T20:02:58.144691,-35.363262,149.1652375,0.002,-0.01,0.0,0.0,0.02030632644891739,0.0203110221773386,242,-0.0005714918370358646,-0.0004206310259178281,-2.056877851486206,12.587,0.0,60,LAND,False,STANDBY,10,6
2026-09-28T20:02:58.646278,-35.363262,149.1652375,0.001,-0.01,0.0,0.0,0.01930590160191059,0.019309895113110542,242,-0.0005195933044888079,-0.000368831300875172,-2.056814670562744,12.587,0.0,60,LAND,False,STANDBY,10,6
2026-09-28T20:02:59.146851,-35.363262,149.1652375,0.001,-0.01,0.0,0.0,0.01839018054306507,0.018392356112599373,242,-0.00047610982437618077,-0.0003165713860653341,-2.0567479133605957,12.587,0.0,60,LAND,False,STANDBY,10,6
2026-09-28T20:02:59.647452,-35.363262,149.1652375,0.001,-0.01,0.0,0.0,0.01720060408115387,0.017203601077198982,242,-0.00042326221591793,-0.0002581988519523293,-2.0566720962524414,12.587,0.0,60,LAND,False,STANDBY,10,6
2026-09-28T20:03:00.147837,-35.363262,149.1652375,0.001,-0.01,0.0,0.0,0.01623302884399891,0.01623411476612091,242,-0.00036841793917119503,-0.00020711662364192307,-2.0565903186798096,12.587,0.0,60,LAND,False,STANDBY,10,6
2026-09-28T20:03:00.648228,-35.363262,149.1652375,0.002,-0.01,0.0,0.0,0.01479815598577261,0.014799324795603752,242,-0.000317153986543417,-0.00014126066525932401,-2.0565059185028076,12.587,0.0,60,LAND,False,STANDBY,10,6
2026-09-28T20:03:01.149112,-35.363262,149.1652375,0.002,-0.01,0.0,0.0,0.01369310449808836,0.013695623725652695,242,-0.0002691546396818012,-9.360647527500987e-05,-2.0564141273498535,12.587,0.0,60,LAND,False,STANDBY,10,6
2026-09-28T20:03:01.649859,-35.363262,149.1652375,0.002,-0.01,0.0,0.0,0.012420015409588814,0.012424790300428867,242,-0.00021277042105793953,-3.9085403841454536e-05,-2.0563220977783203,12.587,0.0,60,LAND,False,STANDBY,10,6
2026-09-28T20:03:02.150464,-35.363262,149.1652375,0.001,-0.01,0.0,0.0,0.011296235024929047,0.011299025267362595,242,-0.0001651159836910665,1.4441640132645261e-06,-2.0562210083007812,12.587,0.0,60,LAND,False,STANDBY,10,6
2026-09-28T20:03:02.651179,-35.363262,149.1652375,0.001,0.0,0.0,0.0,0.010017874650657177,0.010019524022936821,242,-0.00011569296475499868,5.691907063010149e-05,-2.056117296218872,12.587,0.0,60,LAND,False,STANDBY,10,6
2026-09-28T20:03:03.152397,-35.363262,149.1652375,0.002,0.0,0.0,0.0,0.008846842683851719,0.008849150501191616,242,-6.299278174992651e-05,9.807423339225352e-05,-2.0560033321380615,12.587,0.0,60,LAND,False,STANDBY,10,6
2026-09-28T20:03:03.653464,-35.363262,149.1652375,0.002,0.0,0.0,0.0,0.007697306107729673,0.0076996576972305775,242,-4.118417564313859e-06,0.00014127034228295088,-2.055889129638672,12.587,0.0,60,LAND,False,STANDBY,10,6
2026-09-28T20:03:04.154460,-35.363262,149.1652375,0.002,0.0,0.0,0.0,0.006719306576997042,0.006720162928104401,242,3.4612232411745936e-05,0.00019439373863860965,-2.055772542953491,12.587,0.0,60,LAND,False,STANDBY,10,6
2026-09-28T20:03:04.655385,-35.363262,149.1652375,0.002,0.0,0.0,0.0,0.005727300886064768,0.005730803124606609,242,8.248464291682467e-05,0.00023726539802737534,-2.055664300918579,12.587,0.0,60,LAND,False,STANDBY,10,6
2026-09-28T20:03:05.156153,-35.363262,149.1652375,0.002,0.0,0.0,0.0,0.004835978616029024,0.00484396331012249,242,0.00011829920549644157,0.0002700026670936495,-2.055530309677124,12.587,0.0,60,LAND,False,STANDBY,10,6
2026-09-28T20:03:05.657302,-35.363262,149.1652375,0.002,0.0,0.0,0.0,0.0038702504243701696,0.0038735854905098677,242,0.0001660878479015082,0.00031657423824071884,-2.055398464202881,12.587,0.0,60,LAND,False,STANDBY,10,6
2026-09-28T20:03:06.158063,-35.363262,149.1652375,0.002,0.0,0.0,0.0,0.002959479345008731,0.0029629331547766924,242,0.00020506685541477054,0.00036159000592306256,-2.055267572402954,12.587,0.0,60,LAND,False,STANDBY,10,6
2026-09-28T20:03:06.658629,-35.363262,149.1652375,0.002,0.0,0.0,0.0,0.001963954884558916,0.0019671639893203974,242,0.0002475664659868926,0.00040469065424986184,-2.055119752883911,12.587,0.0,60,LAND,False,STANDBY,10,6
2026-09-28T20:03:07.158895,-35.363262,149.1652375,0.002,0.0,0.0,0.0,0.001296781119890511,0.0013000688049942255,242,0.00028168625431135297,0.0004478013433981687,-2.0549721717834473,12.587,0.0,60,LAND,False,STANDBY,10,6
2026-09-28T20:03:07.659523,-35.363262,149.1652375,0.002,0.0,0.0,0.0,0.00034732031053863466,0.0003505247295834124,242,0.00031554242013953626,0.00048472610069438815,-2.0548293590545654,12.587,0.0,60,LAND,False,STANDBY,10,6
2026-09-28T20:03:08.160189,-35.363262,149.1652375,0.002,0.0,0.0,0.0,0.0004908520495519042,0.0004934308817610145,242,0.0003469889343250543,0.000516540021635592,-2.054663896560669,12.587,0.0,60,LAND,False,STANDBY,10,6
2026-09-28T20:03:08.661230,-35.363262,149.1652375,0.002,0.0,0.0,0.0,0.0012819282710552216,0.001284568919800222,242,0.0003872585075441748,0.0005573116359300911,-2.0545125007629395,12.587,0.0,60,LAND,False,STANDBY,10,6
2026-09-28T20:03:09.162062,-35.363262,149.1652375,0.002,0.0,0.0,0.0,0.002056724391877651,0.0020591593347489834,242,0.000414365524193272,0.0005911662592552602,-2.054360866546631,12.587,0.0,60,LAND,False,STANDBY,10,6
2026-09-28T20:03:09.662459,-35.3632619,149.1652375,0.002,0.0,0.0,0.0,0.0027396799996495247,0.002739913063123822,242,0.0004470046260394156,0.0006266162381507456,-2.054197311401367,12.587,0.0,60,LAND,False,STANDBY,10,6
2026-09-28T20:03:10.163042,-35.3632619,149.1652375,0.002,0.0,0.0,0.0,0.0034636480268090963,0.003467201255261898,242,0.00047133886255323887,0.0006610697018913925,-2.05403208732605,12.587,0.0,60,LAND,False,STANDBY,10,6
2026-09-28T20:03:10.663663,-35.3632619,149.1652375,0.002,0.0,0.0,0.0,0.004194140434265137,0.004199762362986803,242,0.0005035416106693447,0.0006978499004617333,-2.0538671016693115,12.587,0.0,60,LAND,False,STANDBY,10,6
2026-09-28T20:03:11.164467,-35.3632619,149.1652375,0.002,0.0,0.0,0.0,0.004894585348665714,0.004900635685771704,242,0.0005334041779860854,0.0007241577841341496,-2.0537047386169434,12.587,0.0,60,LAND,False,STANDBY,10,6
2026-09-28T20:03:11.665218,-35.3632619,149.1652375,0.002,0.0,0.0,0.0,0.005455227568745613,0.00545800244435668,242,0.0005652510444633663,0.0007499835337512195,-2.0535271167755127,12.587,0.0,60,LAND,False,STANDBY,10,6
2026-09-28T20:03:12.165920,-35.3632619,149.1652375,0.002,0.0,0.0,0.0,0.006197119597345591,0.006202178541570902,242,0.0005962686846032739,0.0007793637923896313,-2.0533447265625,12.587,0.0,60,LAND,False,STANDBY,10,6
2026-09-28T20:03:12.666537,-35.3632619,149.1652375,0.001,0.0,0.0,0.0,0.006844152230769396,0.006847690790891647,242,0.0006147141684778035,0.0008037769584916532,-2.053163766860962,12.587,0.0,60,LAND,False,STANDBY,10,6
2026-09-28T20:03:13.167459,-35.3632619,149.1652375,0.001,0.0,0.0,0.0,0.007317415438592434,0.007323022000491619,242,0.000643615669105202,0.0008314987644553185,-2.052973508834839,12.587,0.0,60,LAND,False,STANDBY,10,6
2026-09-28T20:03:13.668023,-35.3632619,149.1652375,0.001,0.0,0.0,0.0,0.007771236356347799,0.007777263876050711,242,0.0006614861194975674,0.0008612371748313308,-2.052788734436035,12.587,0.0,60,LAND,False,STANDBY,10,6
2026-09-28T20:03:14.168462,-35.3632619,149.1652375,0.001,0.0,0.0,0.0,0.008385524153709412,0.008388207294046879,242,0.0007022771751508117,0.0008815585169941187,-2.0525965690612793,12.587,0.0,60,LAND,False,STANDBY,10,6
2026-09-28T20:03:14.669289,-35.3632619,149.1652375,0.001,0.0,0.0,0.0,0.008929659612476826,0.008930648677051067,242,0.000732527463696897,0.0009038036805577576,-2.052405595779419,12.587,0.0,60,LAND,False,STANDBY,10,6
2026-09-28T20:03:15.169712,-35.3632619,149.1652375,0.001,0.0,0.0,0.0,0.009452997706830502,0.009453494101762772,242,0.0007533212774433196,0.0009230290306732059,-2.0522141456604004,12.587,0.0,60,LAND,False,STANDBY,10,6
2026-09-28T20:03:15.670509,-35.3632619,149.1652375,0.001,0.0,0.0,0.0,0.00983219500631094,0.009832927957177162,242,0.0007771400269120932,0.0009389001061208546,-2.0520198345184326,12.587,0.0,60,LAND,False,STANDBY,10,6
2026-09-28T20:03:16.171168,-35.3632619,149.1652375,0.001,0.0,0.0,0.0,0.010339624248445034,0.010339922271668911,242,0.0008059347164817154,0.0009596106829121709,-2.0518248081207275,12.587,0.0,60,LAND,False,STANDBY,10,6
2026-09-28T20:03:16.671994,-35.3632619,149.1652375,0.001,0.01,0.0,0.0,0.010904750786721706,0.01090479176491499,242,0.0008271363913081586,0.0009805983863770962,-2.051621675491333,12.587,0.0,60,LAND,False,STANDBY,10,6
2026-09-28T20:03:17.172745,-35.3632619,149.1652375,0.002,0.01,0.0,0.0,0.0114839943125844,0.011484185233712196,242,0.0008380116778425872,0.0010020778281614184,-2.0514209270477295,12.587,0.0,60,LAND,False,STANDBY,10,6
2026-09-28T20:03:17.673406,-35.3632619,149.1652375,0.002,0.01,0.0,0.0,0.011908433400094509,0.011908996850252151,242,0.0008578826091252267,0.001021018368192017,-2.0512068271636963,12.587,0.0,60,LAND,False,STANDBY,10,6
2026-09-28T20:03:18.174326,-35.3632619,149.1652375,0.002,0.01,0.0,0.0,0.012366065755486488,0.012366221286356449,242,0.0008854286279529333,0.0010341230081394315,-2.050994873046875,12.587,0.0,60,LAND,False,STANDBY,10,6
2026-09-28T20:03:18.675149,-35.3632619,149.1652375,0.002,0.01,0.0,0.0,0.01256582885980606,0.0125658567994833,242,0.0008989821071736515,0.001046311343088746,-2.0507776737213135,12.587,0.0,60,LAND,False,STANDBY,10,6
2026-09-28T20:03:19.176008,-35.3632619,149.1652375,0.002,0.01,0.0,0.0,0.013138624839484692,0.013138733804225922,242,0.00091802969109267,0.0010700157145038247,-2.0505683422088623,12.587,0.0,60,LAND,False,STANDBY,10,6
2026-09-28T20:03:19.676588,-35.3632619,149.1652375,0.002,0.01,0.0,0.0,0.013506576418876648,0.013506933115422726,242,0.0009397725225426257,0.0010796523420140147,-2.050353527069092,12.587,0.0,60,LAND,False,STANDBY,10,6
2026-09-28T20:03:20.177206,-35.3632619,149.1652375,0.002,0.01,0.0,0.0,0.013936899602413177,0.013937266543507576,242,0.0009551213006488979,0.001095032668672502,-2.0501410961151123,12.587,0.0,60,LAND,False,STANDBY,10,6
2026-09-28T20:03:20.677486,-35.3632619,149.1652375,0.002,0.01,0.0,0.0,0.014183612540364265,0.014183998107910156,242,0.0009603933431208134,0.0011034755734726787,-2.0499165058135986,12.587,0.0,60,LAND,False,STANDBY,10,6
2026-09-28T20:03:21.178669,-35.3632619,149.1652375,0.002,0.01,0.0,0.0,0.014345403760671616,0.014345438219606876,242,0.0009717662469483912,0.0011183316819369793,-2.049692392349243,12.587,0.0,60,LAND,False,STANDBY,10,6
2026-09-28T20:03:21.679719,-35.3632619,149.1652375,0.002,0.01,0.0,0.0,0.014562546275556087,0.014562559314072132,242,0.000977164600044489,0.0011348702246323228,-2.049473285675049,12.587,0.0,60,LAND,False,STANDBY,10,6
2026-09-28T20:03:22.180119,-35.3632619,149.1652375,0.002,0.01,0.0,0.0,0.01487390324473381,0.014873909763991833,242,0.0009923313045874238,0.0011497803498059511,-2.0492453575134277,12.587,0.0,60,LAND,False,STANDBY,10,6
2026-09-28T20:03:22.680851,-35.3632619,149.1652375,0.002,0.01,0.0,0.0,0.01499736588448286,0.014997533522546291,242,0.0009907608618959785,0.0011694547720253468,-2.049020767211914,12.587,0.0,60,LAND,False,STANDBY,10,6
2026-09-28T20:03:23.181532,-35.3632618,149.1652375,0.002,0.01,0.0,0.0,0.015236444771289825,0.015236700884997845,242,0.0010019297478720546,0.001190582406707108,-2.0487916469573975,12.587,0.0,60,LAND,False,STANDBY,10,6
2026-09-28T20:03:23.682097,-35.3632618,149.1652375,0.002,0.01,0.0,0.0,0.015541467815637589,0.015542279928922653,242,0.0010105128167197108,0.0012008302146568894,-2.0485620498657227,12.587,0.0,60,LAND,False,STANDBY,10,6
2026-09-28T20:03:24.182609,-35.3632618,149.1652375,0.002,0.01,0.0,0.0,0.0157823134213686,0.015784110873937607,242,0.001027920050546527,0.0012096911668777466,-2.0483310222625732,12.587,0.0,60,LAND,False,STANDBY,10,6
2026-09-28T20:03:24.683169,-35.3632618,149.1652375,0.001,0.01,0.0,0.0,0.015909241512417793,0.015912219882011414,242,0.0010341804008930922,0.0012095448328182101,-2.0481040477752686,12.587,0.0,60,LAND,False,STANDBY,10,6
2026-09-28T20:03:25.183538,-35.3632618,149.1652375,0.001,0.01,0.0,0.0,0.016361722722649574,0.01636253483593464,242,0.001051349681802094,0.0012244820827618241,-2.047869920730591,12.587,0.0,60,LAND,False,STANDBY,10,6
2026-09-28T20:03:25.684285,-35.3632618,149.1652375,0.001,0.01,0.0,0.0,0.01654960960149765,0.016550259664654732,242,0.0010628587333485484,0.0012238913914188743,-2.047642946243286,12.587,0.0,60,LAND,False,STANDBY,10,6
2026-09-28T20:03:26.185370,-35.3632618,149.1652375,0.001,0.01,0.0,0.0,0.01678074151277542,0.016780849546194077,242,0.0010768172796815634,0.0012396287638694048,-2.04740834236145,12.587,0.0,60,LAND,False,STANDBY,10,6
2026-09-28T20:03:26.686002,-35.3632618,149.1652375,0.001,0.01,0.0,0.0,0.01694209687411785,0.0169421024620533,242,0.001087543903850019,0.0012402511201798916,-2.047171115875244,12.587,0.0,60,LAND,False,STANDBY,10,6
2026-09-28T20:03:27.186460,-35.3632618,149.1652375,0.002,0.01,0.0,0.0,0.017273958772420883,0.017274731770157814,242,0.0011089425534009933,0.0012502255849540234,-2.0469295978546143,12.587,0.0,60,LAND,False,STANDBY,10,6
2026-09-28T20:03:27.686755,-35.3632618,149.1652375,0.002,0.01,0.0,0.0,0.01741963066160679,0.0174216628074646,242,0.0011186286574229598,0.0012564546195790172,-2.046692371368408,12.587,0.0,60,LAND,False,STANDBY,10,6
2026-09-28T20:03:28.187530,-35.3632618,149.1652375,0.002,0.01,0.0,0.0,0.017757711932063103,0.017759041860699654,242,0.0011294690193608403,0.001269376603886485,-2.0464515686035156,12.587,0.0,60,LAND,False,STANDBY,10,6
2026-09-28T20:03:28.688381,-35.3632618,149.1652375,0.002,0.01,0.0,0.0,0.017882732674479485,0.01788460649549961,242,0.0011347174877300858,0.001279810443520546,-2.0462093353271484,12.587,0.0,60,LAND,False,STANDBY,10,6
2026-09-28T20:03:29.189225,-35.3632618,149.1652375,0.002,0.01,0.0,0.0,0.018085191026329994,0.018086448311805725,242,0.001135672559030354,0.001294020563364029,-2.0459678173065186,12.587,0.0,60,LAND,False,STANDBY,10,6
2026-09-28T20:03:29.689712,-35.3632618,149.1652375,0.002,0.01,0.0,0.0,0.01817147806286812,0.018172459676861763,242,0.001141514629125595,0.0013046064414083958,-2.0457348823547363,12.587,0.0,60,LAND,False,STANDBY,10,6
2026-09-28T20:03:30.190453,-35.3632618,149.1652375,0.002,0.01,0.0,0.0,0.018454186618328094,0.01845497265458107,242,0.001153219840489328,0.001319213886745274,-2.0455009937286377,12.587,0.0,60,LAND,False,STANDBY,10,6
2026-09-28T20:03:30.690956,-35.3632618,149.1652375,0.002,0.01,0.0,0.0,0.01856594905257225,0.01856650970876217,242,0.0011659219162538648,0.0013192510232329369,-2.0452609062194824,12.587,0.0,60,LAND,False,STANDBY,10,6
2026-09-28T20:03:31.191713,-35.3632618,149.1652375,0.002,0.01,0.0,0.0,0.01881805621087551,0.018818825483322144,242,0.0011780653148889542,0.0013341711601242423,-2.045029640197754,12.587,0.0,60,LAND,False,STANDBY,10,6
2026-09-28T20:03:31.691939,-35.3632618,149.1652375,0.002,0.01,0.0,0.0,0.018950115889310837,0.018950138241052628,242,0.0011826304253190756,0.0013386431382969022,-2.0447866916656494,12.587,0.0,60,LAND,False,STANDBY,10,6
2026-09-28T20:03:32.192536,-35.3632618,149.1652375,0.002,0.01,0.0,0.0,0.019288187846541405,0.0192882027477026,242,0.0011904382845386863,0.001355198328383267,-2.0445494651794434,12.587,0.0,60,LAND,False,STANDBY,10,6
2026-09-28T20:03:32.693077,-35.3632618,149.1652375,0.002,0.01,0.0,0.0,0.019306644797325134,0.019306672737002373,242,0.0011843357933685184,0.0013597395736724138,-2.044311285018921,12.587,0.0,60,LAND,False,STANDBY,10,6
2026-09-28T20:03:33.193466,-35.3632618,149.1652375,0.002,0.01,0.0,0.0,0.019499391317367554,0.019499938935041428,242,0.0011909597087651491,0.0013726168544963002,-2.0440733432769775,12.587,0.0,60,LAND,False,STANDBY,10,6
2026-09-28T20:03:33.693999,-35.3632618,149.1652375,0.002,0.01,0.0,0.0,0.019357213750481606,0.019358782097697258,242,0.0011901096440851688,0.0013717410620301962,-2.0438344478607178,12.587,0.0,60,LAND,False,STANDBY,10,6
2026-09-28T20:03:34.194568,-35.3632618,149.1652375,0.002,0.01,0.0,0.0,0.019538773223757744,0.019539467990398407,242,0.0012070375960320234,0.0013745356118306518,-2.043598175048828,12.587,0.0,60,LAND,False,STANDBY,10,6
2026-09-28T20:03:34.695399,-35.3632618,149.1652375,0.002,0.01,0.0,0.0,0.019625911489129066,0.019626177847385406,242,0.0012055482948198915,0.0013742884621024132,-2.0433576107025146,12.587,0.0,60,LAND,False,STANDBY,10,6
2026-09-28T20:03:35.196139,-35.3632618,149.1652375,0.002,0.01,0.0,0.0,0.01976761221885681,0.019768066704273224,242,0.00121360644698143,0.001391009078361094,-2.0431110858917236,12.587,0.0,60,LAND,False,STANDBY,10,6
2026-09-28T20:03:35.697380,-35.3632618,149.1652375,0.002,0.01,0.0,0.0,0.0198906771838665,0.019892072305083275,242,0.0012157846940681338,0.0013953510206192732,-2.042875051498413,12.587,0.0,60,LAND,False,STANDBY,10,6
2026-09-28T20:03:36.198335,-35.3632618,149.1652375,0.002,0.01,0.0,0.0,0.020031796768307686,0.02003231830894947,242,0.001223074272274971,0.0014093969948589802,-2.0426316261291504,12.587,0.0,60,LAND,False,STANDBY,10,6
2026-09-28T20:03:36.698555,-35.3632618,149.1652375,0.002,0.01,0.0,0.0,0.020206652581691742,0.020206885412335396,242,0.0012314306804910302,0.001412038691341877,-2.0423929691314697,12.587,0.0,60,LAND,False,STANDBY,10,6
2026-09-28T20:03:37.199617,-35.3632618,149.1652375,0.002,0.01,0.0,0.0,0.02040836401283741,0.020408380776643753,243,0.0012465105392038822,0.0014209338696673512,-2.042149782180786,12.587,0.0,60,LAND,False,STANDBY,10,6
2026-09-28T20:03:37.700549,-35.3632618,149.1652375,0.002,0.01,0.0,0.0,0.020542152225971222,0.020542189478874207,243,0.0012484272010624409,0.0014257978182286024,-2.041919469833374,12.587,0.0,60,LAND,False,STANDBY,10,6
2026-09-28T20:03:38.201610,-35.3632618,149.1652375,0.002,0.01,0.0,0.0,0.020827660337090492,0.020827800035476685,243,0.0012594087747856975,0.001437676721252501,-2.0416741371154785,12.587,0.0,60,LAND,False,STANDBY,10,6
2026-09-28T20:03:38.702334,-35.3632618,149.1652375,0.002,0.01,0.0,0.0,0.020788848400115967,0.02078908495604992,243,0.0012640287168323994,0.0014355835737660527,-2.0414340496063232,12.587,0.0,60,LAND,False,STANDBY,10,6
2026-09-28T20:03:39.203030,-35.3632618,149.1652375,0.002,0.01,0.0,0.0,0.020911145955324173,0.020911836996674538,243,0.001273313071578741,0.0014427740825340152,-2.041192054748535,12.587,0.0,60,LAND,False,STANDBY,10,6
2026-09-28T20:03:39.703467,-35.3632618,149.1652375,0.002,0.01,0.0,0.0,0.02107444778084755,0.02107464149594307,243,0.0012777263764292002,0.0014408145798370242,-2.040945291519165,12.587,0.0,60,LAND,False,STANDBY,10,6
2026-09-28T20:03:40.204179,-35.3632618,149.1652375,0.002,0.02,0.0,0.0,0.0214445311576128,0.021444812417030334,243,0.0012884994503110647,0.0014507458545267582,-2.040713310241699,12.587,0.0,60,LAND,False,STANDBY,10,6
2026-09-28T20:03:40.704933,-35.3632618,149.1652375,0.002,0.02,0.0,0.0,0.021450908854603767,0.021451540291309357,243,0.001283484511077404,0.0014554528752341866,-2.0404741764068604,12.587,0.0,60,LAND,False,STANDBY,10,6
2026-09-28T20:03:41.205682,-35.3632618,149.1652375,0.002,0.02,0.0,0.0,0.021588249132037163,0.021589506417512894,243,0.0012876178370788693,0.0014562945580109954,-2.0402355194091797,12.587,0.0,60,LAND,False,STANDBY,10,6
2026-09-28T20:03:41.706448,-35.3632618,149.1652375,0.002,0.02,0.0,0.0,0.021547015756368637,0.021547535434365273,243,0.0012919326545670629,0.0014530322514474392,-2.040003538131714,12.587,0.0,60,LAND,False,STANDBY,10,6
2026-09-28T20:03:42.206914,-35.3632618,149.1652375,0.002,0.02,0.0,0.0,0.021840395405888557,0.02184092067182064,243,0.0012902432354167104,0.0014590268256142735,-2.0397677421569824,12.587,0.0,60,LAND,False,STANDBY,10,6
2026-09-28T20:03:42.707463,-35.3632618,149.1652375,0.002,0.02,0.0,0.0,0.021777110174298286,0.021778037771582603,243,0.001285589998587966,0.0014561077114194632,-2.0395312309265137,12.587,0.0,60,LAND,False,STANDBY,10,6
2026-09-28T20:03:43.208053,-35.3632618,149.1652375,0.001,0.02,0.0,0.0,0.02194172888994217,0.021942414343357086,243,0.001294858637265861,0.0014623466413468122,-2.0392889976501465,12.587,0.0,60,LAND,False,STANDBY,10,6
2026-09-28T20:03:43.708497,-35.3632618,149.1652375,0.001,0.02,0.0,0.0,0.021805021911859512,0.02180674485862255,243,0.001297744340263307,0.0014607227640226483,-2.039058208465576,12.587,0.0,60,LAND,False,STANDBY,10,6
2026-09-28T20:03:44.209065,-35.3632618,149.1652375,0.001,0.02,0.0,0.0,0.021910693496465683,0.021911688148975372,243,0.0013133202446624637,0.0014642000896856189,-2.0388195514678955,12.587,0.0,60,LAND,False,STANDBY,10,6
2026-09-28T20:03:44.709722,-35.3632618,149.1652375,0.001,0.02,0.0,0.0,0.021847620606422424,0.021848956122994423,243,0.0013159455265849829,0.0014647917123511434,-2.0385825634002686,12.587,0.0,60,LAND,False,STANDBY,10,6
2026-09-28T20:03:45.210483,-35.3632618,149.1652375,0.001,0.02,0.0,0.0,0.022020144388079643,0.022020842880010605,243,0.001315980451181531,0.0014659905573353171,-2.038348436355591,12.587,0.0,60,LAND,False,STANDBY,10,6
2026-09-28T20:03:45.711382,-35.3632618,149.1652375,0.001,0.02,0.0,0.0,0.02196870557963848,0.021969448775053024,243,0.0013182698749005795,0.001464501372538507,-2.0381128787994385,12.587,0.0,60,LAND,False,STANDBY,10,6
2026-09-28T20:03:46.211922,-35.3632618,149.1652375,0.001,0.02,0.0,0.0,0.0221461933106184,0.022146916016936302,243,0.001326733734458685,0.0014757425524294376,-2.037886142730713,12.587,0.0,60,LAND,False,STANDBY,10,6
2026-09-28T20:03:46.712510,-35.3632618,149.1652375,0.001,0.02,0.0,0.0,0.022074393928050995,0.022075632587075233,243,0.0013299079146236181,0.001479349797591567,-2.037651538848877,12.587,0.0,60,LAND,False,STANDBY,10,6
2026-09-28T20:03:47.212739,-35.3632618,149.1652375,0.001,0.02,0.0,0.0,0.02241080068051815,0.022411784157156944,243,0.0013322741724550724,0.0014801016077399254,-2.0374255180358887,12.587,0.0,60,LAND,False,STANDBY,10,6
2026-09-28T20:03:47.713485,-35.3632618,149.1652375,0.001,0.02,0.0,0.0,0.022206244990229607,0.022206950932741165,243,0.0013277113903313875,0.0014869535807520151,-2.037199020385742,12.587,0.0,60,LAND,False,STANDBY,10,6
2026-09-28T20:03:48.214324,-35.3632618,149.1652375,0.001,0.02,0.0,0.0,0.02221864089369774,0.02221897430717945,243,0.001334617380052805,0.001487565110437572,-2.0369741916656494,12.587,0.0,60,LAND,False,STANDBY,10,6
2026-09-28T20:03:48.715183,-35.3632618,149.1652375,0.001,0.02,0.0,0.0,0.022268885746598244,0.022269709035754204,243,0.0013325680047273636,0.0014939617831259966,-2.036740303039551,12.587,0.0,60,LAND,False,STANDBY,10,6
2026-09-28T20:03:49.215462,-35.3632618,149.1652375,0.001,0.02,0.0,0.0,0.02221163548529148,0.02221253328025341,243,0.0013415938010439277,0.0014918082160875201,-2.0365142822265625,12.587,0.0,60,LAND,False,STANDBY,10,6
2026-09-28T20:03:49.715805,-35.3632618,149.1652375,0.001,0.02,0.0,0.0,0.02231910638511181,0.022319983690977097,243,0.0013438403839245439,0.0014954553917050362,-2.0362985134124756,12.587,0.0,60,LAND,False,STANDBY,10,6
2026-09-28T20:03:50.216661,-35.3632618,149.1652375,0.001,0.02,0.0,0.0,0.022437749430537224,0.02243817038834095,243,0.001343047828413546,0.00150867342017591,-2.0360729694366455,12.587,0.0,60,LAND,False,STANDBY,10,6
2026-09-28T20:03:50.717583,-35.3632618,149.1652375,0.001,0.02,0.0,0.0,0.022516286000609398,0.022516287863254547,243,0.0013481935020536184,0.0015120464377105236,-2.0358500480651855,12.587,0.0,60,LAND,False,STANDBY,10,6
2026-09-28T20:03:51.218462,-35.3632618,149.1652375,0.001,0.02,0.0,0.0,0.022664610296487808,0.022664669901132584,243,0.0013543461682274938,0.0015207186806946993,-2.035630464553833,12.587,0.0,60,LAND,False,STANDBY,10,6
2026-09-28T20:03:51.719282,-35.3632618,149.1652375,0.002,0.02,0.0,0.0,0.022628303617239,0.022628303617239,243,0.001352335442788899,0.0015220309142023325,-2.035407781600952,12.587,0.0,60,LAND,False,STANDBY,10,6
2026-09-28T20:03:52.219974,-35.3632618,149.1652375,0.002,0.02,0.0,0.0,0.022929981350898743,0.022930216044187546,243,0.0013547902926802635,0.0015236823819577694,-2.0351877212524414,12.587,0.0,60,LAND,False,STANDBY,10,6
2026-09-28T20:03:52.720459,-35.3632618,149.1652375,0.002,0.02,0.0,0.0,0.023010872304439545,0.02301175892353058,243,0.0013545072870329022,0.001510685426183045,-2.034964084625244,12.587,0.0,60,LAND,False,STANDBY,10,6
2026-09-28T20:03:53.221198,-35.3632618,149.1652375,0.002,0.02,0.0,0.0,0.023093316704034805,0.023095181211829185,243,0.0013652436900883913,0.0015187292592599988,-2.0347402095794678,12.587,0.0,60,LAND,False,STANDBY,10,6
2026-09-28T20:03:53.721922,-35.3632618,149.1652375,0.002,0.02,0.0,0.0,0.023027004674077034,0.02302836999297142,243,0.0013603309635072947,0.0015088749350979924,-2.03452205657959,12.587,0.0,60,LAND,False,STANDBY,10,6
2026-09-28T20:03:54.222461,-35.3632618,149.1652375,0.002,0.02,0.0,0.0,0.023189660161733627,0.02319161593914032,243,0.0013657152885571122,0.0015074843540787697,-2.034306526184082,12.587,0.0,60,LAND,False,STANDBY,10,6
2026-09-28T20:03:54.723060,-35.3632618,149.1652375,0.002,0.02,0.0,0.0,0.02316141687333584,0.02316277287900448,243,0.0013583992840722203,0.0015071958769112825,-2.034075975418091,12.587,0.0,60,LAND,False,STANDBY,10,6
2026-09-28T20:03:55.223548,-35.3632618,149.1652375,0.002,0.02,0.0,0.0,0.023235822096467018,0.023236766457557678,243,0.0013646166771650314,0.0015055492985993624,-2.0338544845581055,12.587,0.0,60,LAND,False,STANDBY,10,6
2026-09-28T20:03:55.724524,-35.3632618,149.1652375,0.002,0.02,0.0,0.0,0.023050567135214806,0.02305089682340622,243,0.0013541866792365909,0.001494947704486549,-2.033637285232544,12.587,0.0,60,LAND,False,STANDBY,10,6
2026-09-28T20:03:56.225588,-35.3632618,149.1652375,0.002,0.02,0.0,0.0,0.02290543168783188,0.022905660793185234,243,0.0013539135688915849,0.0015025307657197118,-2.0334267616271973,12.587,0.0,60,LAND,False,STANDBY,10,6
2026-09-28T20:03:56.726110,-35.3632618,149.1652375,0.002,0.02,0.0,0.0,0.022722985595464706,0.02272305265069008,243,0.001350085949525237,0.001501715276390314,-2.033220052719116,12.587,0.0,60,LAND,False,STANDBY,10,6
2026-09-28T20:03:57.227529,-35.3632618,149.1652375,0.002,0.02,0.0,0.0,0.02293393574655056,0.022933989763259888,243,0.0013588281581178308,0.001510433852672577,-2.0330088138580322,12.587,0.0,60,LAND,False,STANDBY,10,6
2026-09-28T20:03:57.728116,-35.3632618,149.1652375,0.002,0.02,0.0,0.0,0.022827332839369774,0.022827334702014923,243,0.0013561529340222478,0.001512881019152701,-2.032801389694214,12.587,0.0,60,LAND,False,STANDBY,10,6
2026-09-28T20:03:58.228955,-35.3632618,149.1652375,0.002,0.02,0.0,0.0,0.023074695840477943,0.023074917495250702,243,0.0013574670301750302,0.00151316006667912,-2.0325844287872314,12.587,0.0,60,LAND,False,STANDBY,10,6
2026-09-28T20:03:58.729664,-35.3632618,149.1652375,0.002,0.02,0.0,0.0,0.023021819069981575,0.023021938279271126,243,0.0013540356885641813,0.0015052193775773048,-2.032376527786255,12.587,0.0,60,LAND,False,STANDBY,10,6
2026-09-28T20:03:59.230112,-35.3632618,149.1652375,0.002,0.02,0.0,0.0,0.02317722886800766,0.02317776530981064,243,0.0013558901846408844,0.0015161586925387383,-2.0321686267852783,12.587,0.0,60,LAND,False,STANDBY,10,6
2026-09-28T20:03:59.731095,-35.3632618,149.1652375,0.002,0.02,0.0,0.0,0.02304067835211754,0.023040935397148132,243,0.001348759513348341,0.0015234469901770353,-2.0319647789001465,12.587,0.0,60,LAND,False,STANDBY,10,6
2026-09-28T20:04:00.231668,-35.3632618,149.1652375,0.002,0.02,0.0,0.0,0.023129168897867203,0.023129446431994438,243,0.0013454791624099016,0.0015265913680195808,-2.0317564010620117,12.587,0.0,60,LAND,False,STANDBY,10,6
2026-09-28T20:04:00.732221,-35.3632618,149.1652375,0.002,0.02,0.0,0.0,0.022888053208589554,0.0228887889534235,243,0.0013484270311892033,0.0015167294768616557,-2.0315487384796143,12.587,0.0,60,LAND,False,STANDBY,10,6
2026-09-28T20:04:01.233138,-35.3632618,149.1652375,0.002,0.02,0.0,0.0,0.023024484515190125,0.023024749010801315,243,0.0013525955146178603,0.0015198993496596813,-2.0313479900360107,12.587,0.0,60,LAND,False,STANDBY,10,6
2026-09-28T20:04:01.734133,-35.3632618,149.1652375,0.002,0.02,0.0,0.0,0.02292524091899395,0.022925425320863724,243,0.00134150474332273,0.0015128223458305001,-2.0311458110809326,12.587,0.0,60,LAND,False,STANDBY,10,6
2026-09-28T20:04:02.234796,-35.3632618,149.1652375,0.002,0.02,0.0,0.0,0.023029426112771034,0.023029662668704987,243,0.0013504036469385028,0.0015127707738429308,-2.0309507846832275,12.587,0.0,60,LAND,False,STANDBY,10,6
2026-09-28T20:04:02.735560,-35.3632618,149.1652375,0.002,0.02,0.0,0.0,0.02264433540403843,0.022644612938165665,243,0.0013525414979085326,0.0015078810974955559,-2.0307559967041016,12.587,0.0,60,LAND,False,STANDBY,10,6
2026-09-28T20:04:03.236458,-35.3632618,149.1652375,0.002,0.02,0.0,0.0,0.022706447169184685,0.022707028314471245,243,0.0013543992536142468,0.0015115250134840608,-2.0305700302124023,12.587,0.0,60,LAND,False,STANDBY,10,6
2026-09-28T20:04:03.737062,-35.3632618,149.1652375,0.002,0.02,0.0,0.0,0.022713476791977882,0.02271374687552452,243,0.0013544142711907625,0.001502312021329999,-2.0303704738616943,12.587,0.0,60,LAND,False,STANDBY,10,6
2026-09-28T20:04:04.237631,-35.3632618,149.1652375,0.002,0.02,0.0,0.0,0.02285715751349926,0.022857481613755226,243,0.001362093142233789,0.0015123308403417468,-2.030177593231201,12.587,0.0,60,LAND,False,STANDBY,10,6
2026-09-28T20:04:04.738647,-35.3632618,149.1652375,0.002,0.02,0.0,0.0,0.022936668246984482,0.02293667569756508,243,0.0013575906632468104,0.0015112939290702343,-2.029986619949341,12.587,0.0,60,LAND,False,STANDBY,10,6
2026-09-28T20:04:05.239271,-35.3632618,149.1652375,0.002,0.02,0.0,0.0,0.023010216653347015,0.02301022782921791,243,0.0013607550645247102,0.0015180273912847042,-2.0297951698303223,12.587,0.0,60,LAND,False,STANDBY,10,6
2026-09-28T20:04:05.740606,-35.3632618,149.1652375,0.002,0.02,0.0,0.0,0.022927355021238327,0.022927360609173775,243,0.0013624279526993632,0.0015207803808152676,-2.0296037197113037,12.587,0.0,60,LAND,False,STANDBY,10,6
2026-09-28T20:04:06.241856,-35.3632618,149.1652375,0.002,0.02,0.0,0.0,0.023078856989741325,0.02307908609509468,243,0.0013660240219905972,0.0015282026724889874,-2.0294101238250732,12.587,0.0,60,LAND,False,STANDBY,10,6
2026-09-28T20:04:06.742527,-35.3632618,149.1652375,0.002,0.02,0.0,0.0,0.023099204525351524,0.023099666461348534,243,0.0013582130195572972,0.0015220020432025194,-2.0292184352874756,12.587,0.0,60,LAND,False,STANDBY,10,6
2026-09-28T20:04:07.243603,-35.3632618,149.1652375,0.002,0.02,0.0,0.0,0.023337123915553093,0.02333749644458294,243,0.001368715544231236,0.001531281159259379,-2.0290329456329346,12.587,0.0,60,LAND,False,STANDBY,10,6
2026-09-28T20:04:07.744659,-35.3632618,149.1652375,0.002,0.02,0.0,0.0,0.02314804121851921,0.023148486390709877,243,0.0013672433560714126,0.0015202611684799194,-2.0288500785827637,12.587,0.0,60,LAND,False,STANDBY,10,6
2026-09-28T20:04:08.245470,-35.3632618,149.1652375,0.002,0.02,0.0,0.0,0.02337619662284851,0.023376893252134323,243,0.0013710821513086557,0.0015212125144898891,-2.0286636352539062,12.587,0.0,60,LAND,False,STANDBY,10,6
2026-09-28T20:04:08.746512,-35.3632618,149.1652375,0.002,0.02,0.0,0.0,0.02325574867427349,0.023256132379174232,243,0.0013688828330487013,0.0015089316293597221,-2.0284829139709473,12.587,0.0,60,LAND,False,STANDBY,10,6
2026-09-28T20:04:09.247518,-35.3632618,149.1652375,0.002,0.02,0.0,0.0,0.023220082744956017,0.02322065271437168,243,0.0013772830134257674,0.0015152262058109045,-2.0282986164093018,12.587,0.0,60,LAND,False,STANDBY,10,6
2026-09-28T20:04:09.748906,-35.3632618,149.1652375,0.002,0.02,0.0,0.0,0.023141629993915558,0.023141808807849884,243,0.0013775735860690475,0.0015042646555230021,-2.02811336517334,12.587,0.0,60,LAND,False,STANDBY,10,6
2026-09-28T20:04:10.250269,-35.3632618,149.1652375,0.002,0.02,0.0,0.0,0.023318184539675713,0.023318877443671227,243,0.0013878599274903536,0.0015120621537789702,-2.02793550491333,12.587,0.0,60,LAND,False,STANDBY,10,6
2026-09-28T20:04:10.751229,-35.3632618,149.1652375,0.002,0.02,0.0,0.0,0.02317121811211109,0.023171594366431236,243,0.0013880474725738168,0.0014995604287832975,-2.0277585983276367,12.587,0.0,60,LAND,False,STANDBY,10,6
2026-09-28T20:04:11.251807,-35.3632618,149.1652375,0.002,0.02,0.0,0.0,0.02332286164164543,0.02332334965467453,243,0.001397084561176598,0.0015083539765328169,-2.0275769233703613,12.587,0.0,60,LAND,False,STANDBY,10,6
2026-09-28T20:04:11.752965,-35.3632618,149.1652375,0.002,0.02,0.0,0.0,0.02320934645831585,0.023209603503346443,243,0.0013900724006816745,0.0015059916768223047,-2.0273938179016113,12.587,0.0,60,LAND,False,STANDBY,10,6
2026-09-28T20:04:12.253628,-35.3632618,149.1652375,0.002,0.02,0.0,0.0,0.023376524448394775,0.023376621305942535,243,0.0013973163440823555,0.0015120899770408869,-2.027221441268921,12.587,0.0,60,LAND,False,STANDBY,10,6
2026-09-28T20:04:12.754458,-35.3632618,149.1652375,0.002,0.02,0.0,0.0,0.023285526782274246,0.023285571485757828,243,0.0013973450986668468,0.0015061001759022474,-2.027043342590332,12.587,0.0,60,LAND,False,STANDBY,10,6
2026-09-28T20:04:13.255154,-35.3632618,149.1652375,0.002,0.02,0.0,0.0,0.023562278598546982,0.023563062772154808,243,0.001399268745444715,0.0015075738774612546,-2.02687406539917,12.587,0.0,60,LAND,False,STANDBY,10,6
2026-09-28T20:04:13.755724,-35.3632618,149.1652375,0.002,0.02,0.0,0.0,0.023276668041944504,0.02327771857380867,243,0.001388460281305015,0.0014978082617744803,-2.026702642440796,12.587,0.0,60,LAND,False,STANDBY,10,6
2026-09-28T20:04:14.256392,-35.3632618,149.1652375,0.002,0.02,0.0,0.0,0.023380810394883156,0.023381739854812622,243,0.0013951424043625593,0.0015042269369587302,-2.026535749435425,12.587,0.0,60,LAND,False,STANDBY,10,6
2026-09-28T20:04:14.756921,-35.3632618,149.1652375,0.002,0.02,0.0,0.0,0.023258870467543602,0.023259619250893593,243,0.0014011311577633023,0.0015025971224531531,-2.0263595581054688,12.587,0.0,60,LAND,False,STANDBY,10,6
2026-09-28T20:04:15.257450,-35.3632618,149.1652375,0.002,0.02,0.0,0.0,0.02312398888170719,0.02312488481402397,243,0.0013972786255180836,0.0015107846120372415,-2.026195526123047,12.587,0.0,60,LAND,False,STANDBY,10,6
2026-09-28T20:04:15.758161,-35.3632618,149.1652375,0.001,0.02,0.0,0.0,0.02317894995212555,0.0231807678937912,243,0.0013944406528025866,0.001509753055870533,-2.026024341583252,12.587,0.0,60,LAND,False,STANDBY,10,6
2026-09-28T20:04:16.258715,-35.3632618,149.1652375,0.001,0.02,0.0,0.0,0.023141250014305115,0.023142000660300255,243,0.0013918951153755188,0.0015167391393333673,-2.025864362716675,12.587,0.0,60,LAND,False,STANDBY,10,6
2026-09-28T20:04:16.758915,-35.3632618,149.1652375,0.001,0.02,0.0,0.0,0.023100458085536957,0.02310161478817463,243,0.001380518777295947,0.0015143867349252105,-2.025696039199829,12.587,0.0,60,LAND,False,STANDBY,10,6
2026-09-28T20:04:17.259581,-35.3632618,149.1652375,0.001,0.02,0.0,0.0,0.023175952956080437,0.023177383467555046,243,0.0013834667624905705,0.0015238693449646235,-2.0255444049835205,12.587,0.0,60,LAND,False,STANDBY,10,6
2026-09-28T20:04:17.760055,-35.3632618,149.1652375,0.001,0.02,0.0,0.0,0.023251092061400414,0.023251904174685478,243,0.001379644963890314,0.0015253882156684995,-2.0253732204437256,12.587,0.0,60,LAND,False,STANDBY,10,6
2026-09-28T20:04:18.261128,-35.3632618,149.1652375,0.001,0.02,0.0,0.0,0.02328573539853096,0.02328643575310707,243,0.0013805592898279428,0.001536632888019085,-2.0252201557159424,12.587,0.0,60,LAND,False,STANDBY,10,6
2026-09-28T20:04:18.761710,-35.3632618,149.1652375,0.001,0.02,0.0,0.0,0.02330995351076126,0.023311009630560875,243,0.0013807134237140417,0.0015335840871557593,-2.0250649452209473,12.587,0.0,60,LAND,False,STANDBY,10,6
2026-09-28T20:04:19.262457,-35.3632618,149.1652375,0.001,0.02,0.0,0.0,0.023453468456864357,0.02345469780266285,243,0.0013906490057706833,0.0015393339563161135,-2.024911880493164,12.587,0.0,60,LAND,False,STANDBY,10,6
2026-09-28T20:04:19.763324,-35.3632618,149.1652375,0.001,0.02,0.0,0.0,0.023374397307634354,0.0233752578496933,243,0.001374089508317411,0.001543372985906899,-2.024763345718384,12.587,0.0,60,LAND,False,STANDBY,10,6
2026-09-28T20:04:20.264360,-35.3632618,149.1652375,0.001,0.02,0.0,0.0,0.023465510457754135,0.023466669023036957,244,0.0013752718223258853,0.0015495651168748736,-2.0246124267578125,12.587,0.0,60,LAND,False,STANDBY,10,6
2026-09-28T20:04:20.765479,-35.3632618,149.1652375,0.001,0.02,0.0,0.0,0.02342074178159237,0.023422256112098694,244,0.0013781990855932236,0.0015452641528099775,-2.024467945098877,12.587,0.0,60,LAND,False,STANDBY,10,6
2026-09-28T20:04:21.266122,-35.3632618,149.1652375,0.001,0.02,0.0,0.0,0.023515034466981888,0.023516708984971046,244,0.00138273520860821,0.0015399741241708398,-2.024317979812622,12.587,0.0,60,LAND,False,STANDBY,10,6
2026-09-28T20:04:21.766467,-35.3632618,149.1652375,0.001,0.02,0.0,0.0,0.023569978773593903,0.023571603000164032,244,0.0013748975470662117,0.0015328893205150962,-2.0241787433624268,12.587,0.0,60,LAND,False,STANDBY,10,6
2026-09-28T20:04:22.267259,-35.3632618,149.1652375,0.001,0.02,0.0,0.0,0.02359679900109768,0.023598099127411842,244,0.0013740494614467025,0.001534267794340849,-2.0240321159362793,12.587,0.0,60,LAND,False,STANDBY,10,6
2026-09-28T20:04:22.768104,-35.3632618,149.1652375,0.001,0.02,0.0,0.0,0.023369114845991135,0.023369694128632545,244,0.0013724641175940633,0.0015272580785676837,-2.0238876342773438,12.587,0.0,60,LAND,False,STANDBY,10,6
2026-09-28T20:04:23.269206,-35.3632618,149.1652375,0.001,0.02,0.0,0.0,0.023503443226218224,0.023503601551055908,244,0.0013819115702062845,0.0015377107774838805,-2.023746967315674,12.587,0.0,60,LAND,False,STANDBY,10,6
2026-09-28T20:04:23.769950,-35.3632618,149.1652375,0.001,0.02,0.0,0.0,0.02331770956516266,0.023317743092775345,244,0.0013789255172014236,0.001521086203865707,-2.023606777191162,12.587,0.0,60,LAND,False,STANDBY,10,6
2026-09-28T20:04:24.270613,-35.3632618,149.1652375,0.001,0.02,0.0,0.0,0.02330612763762474,0.023306259885430336,244,0.0013866008957847953,0.0015205132076516747,-2.0234694480895996,12.587,0.0,60,LAND,False,STANDBY,10,6
2026-09-28T20:04:24.771344,-35.3632618,149.1652375,0.001,0.02,0.0,0.0,0.02321711555123329,0.02321738377213478,244,0.0013805131893604994,0.0015141888288781047,-2.0233302116394043,12.587,0.0,60,LAND,False,STANDBY,10,6
2026-09-28T20:04:25.272403,-35.3632618,149.1652375,0.001,0.02,0.0,0.0,0.02330589108169079,0.023305999115109444,244,0.0013841543113812804,0.0015164570650085807,-2.0231995582580566,12.587,0.0,60,LAND,False,STANDBY,10,6
2026-09-28T20:04:25.773947,-35.3632618,149.1652375,0.001,0.02,0.0,0.0,0.023265743628144264,0.023265749216079712,244,0.001381564186885953,0.0015086201019585133,-2.0230627059936523,12.587,0.0,60,LAND,False,STANDBY,10,6
2026-09-28T20:04:26.274770,-35.3632618,149.1652375,0.001,0.02,0.0,0.0,0.023424075916409492,0.023424096405506134,244,0.0013949299464002252,0.0015105516649782658,-2.02292799949646,12.587,0.0,60,LAND,False,STANDBY,10,6
2026-09-28T20:04:26.775577,-35.3632618,149.1652375,0.001,0.02,0.0,0.0,0.023343967273831367,0.023343976587057114,244,0.0013900030171498656,0.0015176058514043689,-2.022789716720581,12.587,0.0,60,LAND,False,STANDBY,10,6
2026-09-28T20:04:27.276585,-35.3632618,149.1652375,0.002,0.02,0.0,0.0,0.02332533709704876,0.02332548424601555,244,0.0014025819255039096,0.0015175489243119955,-2.022667169570923,12.587,0.0,60,LAND,False,STANDBY,10,6
2026-09-28T20:04:27.777545,-35.3632618,149.1652375,0.002,0.02,0.0,0.0,0.02336469106376171,0.023365650326013565,244,0.0013908870751038194,0.0015205986564978957,-2.0225331783294678,12.587,0.0,60,LAND,False,STANDBY,10,6
2026-09-28T20:04:28.278544,-35.3632618,149.1652375,0.002,0.02,0.0,0.0,0.02348593808710575,0.023486999794840813,244,0.0013910508714616299,0.0015247263945639133,-2.0224099159240723,12.587,0.0,60,LAND,False,STANDBY,10,6
2026-09-28T20:04:28.779937,-35.3632618,149.1652375,0.002,0.02,0.0,0.0,0.02339363656938076,0.02339530549943447,244,0.001389574259519577,0.001523408223874867,-2.0222890377044678,12.587,0.0,60,LAND,False,STANDBY,10,6
2026-09-28T20:04:29.281110,-35.3632618,149.1652375,0.002,0.02,0.0,0.0,0.023517098277807236,0.023518698289990425,244,0.0013914910377934575,0.0015244975220412016,-2.0221621990203857,12.587,0.0,60,LAND,False,STANDBY,10,6
2026-09-28T20:04:29.781776,-35.3632618,149.1652375,0.002,0.02,0.0,0.0,0.023325050249695778,0.02332592010498047,244,0.0013882792554795742,0.001529826782643795,-2.022041082382202,12.587,0.0,60,LAND,False,STANDBY,10,6
2026-09-28T20:04:30.282497,-35.3632618,149.1652375,0.002,0.02,0.0,0.0,0.02341078408062458,0.023411301895976067,244,0.0013867809902876616,0.0015247929841279984,-2.021921396255493,12.587,0.0,60,LAND,False,STANDBY,10,6
2026-09-28T20:04:30.783278,-35.3632618,149.1652375,0.002,0.02,0.0,0.0,0.023417163640260696,0.023417845368385315,244,0.0013816097052767873,0.0015353576745837927,-2.0218100547790527,12.587,0.0,60,LAND,False,STANDBY,10,6
2026-09-28T20:04:31.283859,-35.3632618,149.1652375,0.002,0.02,0.0,0.0,0.023458510637283325,0.023458950221538544,244,0.0013815423008054495,0.0015404651639983058,-2.0216944217681885,12.587,0.0,60,LAND,False,STANDBY,10,6
2026-09-28T20:04:31.784458,-35.3632618,149.1652375,0.002,0.02,0.0,0.0,0.023473180830478668,0.02347337082028389,244,0.0013703488511964679,0.0015288005815818906,-2.0215721130371094,12.587,0.0,60,LAND,False,STANDBY,10,6
2026-09-28T20:04:32.284977,-35.3632618,149.1652375,0.002,0.02,0.0,0.0,0.023451149463653564,0.02345133200287819,244,0.0013683037832379341,0.001536942203529179,-2.021463632583618,12.587,0.0,60,LAND,False,STANDBY,10,6
2026-09-28T20:04:32.785589,-35.3632618,149.1652375,0.002,0.02,0.0,0.0,0.023437460884451866,0.0234374962747097,244,0.0013628514716401696,0.0015371586196124554,-2.0213491916656494,12.587,0.0,60,LAND,False,STANDBY,10,6
2026-09-28T20:04:33.286145,-35.3632618,149.1652375,0.002,0.02,0.0,0.0,0.023437274619936943,0.02343739941716194,244,0.001360714086331427,0.0015460128197446465,-2.021242141723633,12.587,0.0,60,LAND,False,STANDBY,10,6
2026-09-28T20:04:33.786680,-35.3632618,149.1652375,0.002,0.02,0.0,0.0,0.02328866347670555,0.023288844153285027,244,0.0013616422656923532,0.001541200210340321,-2.021135091781616,12.587,0.0,60,LAND,False,STANDBY,10,6
2026-09-28T20:04:34.287638,-35.3632618,149.1652375,0.002,0.02,0.0,0.0,0.023385006934404373,0.023385167121887207,244,0.0013632539194077253,0.0015492765232920647,-2.021026849746704,12.587,0.0,60,LAND,False,STANDBY,10,6
2026-09-28T20:04:34.788463,-35.3632618,149.1652375,0.002,0.02,0.0,0.0,0.023373406380414963,0.023373540490865707,244,0.0013625564752146602,0.0015499007422477007,-2.0209250450134277,12.587,0.0,60,LAND,False,STANDBY,10,6
2026-09-28T20:04:35.289161,-35.3632618,149.1652375,0.002,0.02,0.0,0.0,0.023517046123743057,0.023517122492194176,244,0.0013686302118003368,0.0015516731655225158,-2.0208182334899902,12.587,0.0,60,LAND,False,STANDBY,10,6
2026-09-28T20:04:35.789457,-35.3632618,149.1652375,0.002,0.02,0.0,0.0,0.023493368178606033,0.02349432185292244,244,0.0013715284876525402,0.0015507993521168828,-2.020714282989502,12.587,0.0,60,LAND,False,STANDBY,10,6
2026-09-28T20:04:36.290208,-35.3632618,149.1652375,0.002,0.02,0.0,0.0,0.023761596530675888,0.023761829361319542,244,0.001375995809212327,0.001560705597512424,-2.0206093788146973,12.587,0.0,60,LAND,False,STANDBY,10,6
2026-09-28T20:04:36.790744,-35.3632618,149.1652375,0.002,0.02,0.0,0.0,0.023622537031769753,0.023622553795576096,244,0.001365684438496828,0.0015605938388034701,-2.0205078125,12.587,0.0,60,LAND,False,STANDBY,10,6
2026-09-28T20:04:37.291544,-35.3632618,149.1652375,0.002,0.02,0.0,0.0,0.02365167625248432,0.02365167997777462,244,0.0013684963341802359,0.0015620593912899494,-2.0204036235809326,12.587,0.0,60,LAND,False,STANDBY,10,6
2026-09-28T20:04:37.792305,-35.3632618,149.1652375,0.002,0.02,0.0,0.0,0.023570096120238304,0.023570118471980095,244,0.0013614688068628311,0.0015587888192385435,-2.0203094482421875,12.587,0.0,60,LAND,False,STANDBY,10,6
2026-09-28T20:04:38.293052,-35.3632618,149.1652375,0.002,0.02,0.0,0.0,0.023657893761992455,0.023657992482185364,244,0.0013635358773171902,0.001559506286866963,-2.0202038288116455,12.587,0.0,60,LAND,False,STANDBY,10,6
2026-09-28T20:04:38.793594,-35.3632618,149.1652375,0.002,0.02,0.0,0.0,0.02352583222091198,0.023526189848780632,244,0.00136288208886981,0.001558191841468215,-2.0201005935668945,12.587,0.0,60,LAND,False,STANDBY,10,6
2026-09-28T20:04:39.294112,-35.3632618,149.1652375,0.002,0.02,0.0,0.0,0.02365332841873169,0.023653680458664894,244,0.0013733505038544536,0.0015716812340542674,-2.020007371902466,12.587,0.0,60,LAND,False,STANDBY,10,6
2026-09-28T20:04:39.794531,-35.3632618,149.1652375,0.002,0.02,0.0,0.0,0.023556550964713097,0.023557238280773163,244,0.0013689873740077019,0.0015665192622691393,-2.0199193954467773,12.587,0.0,60,LAND,False,STANDBY,10,6
2026-09-28T20:04:40.295279,-35.3632618,149.1652375,0.002,0.02,0.0,0.0,0.02364128828048706,0.02364244870841503,244,0.0013716387329623103,0.0015648623229935765,-2.0198299884796143,12.587,0.0,60,LAND,False,STANDBY,10,6
2026-09-28T20:04:40.796106,-35.3632618,149.1652375,0.002,0.02,0.0,0.0,0.02349896915256977,0.02349964901804924,244,0.001365332747809589,0.0015598838217556477,-2.019737720489502,12.587,0.0,60,LAND,False,STANDBY,10,6
2026-09-28T20:04:41.296821,-35.3632618,149.1652375,0.002,0.02,0.0,0.0,0.023661822080612183,0.023662304505705833,244,0.0013727847253903747,0.0015639235498383641,-2.019648313522339,12.587,0.0,60,LAND,False,STANDBY,10,6
2026-09-28T20:04:41.797275,-35.3632618,149.1652375,0.002,0.02,0.0,0.0,0.023584628477692604,0.023584837093949318,244,0.0013603675179183483,0.0015572367701679468,-2.0195505619049072,12.587,0.0,60,LAND,False,STANDBY,10,6
2026-09-28T20:04:42.298222,-35.3632618,149.1652375,0.002,0.02,0.0,0.0,0.023560045287013054,0.023560656234622,244,0.0013522757217288017,0.0015588243259117007,-2.019408941268921,12.587,0.0,60,LAND,False,STANDBY,10,6
2026-09-28T20:04:42.799348,-35.3632618,149.1652375,0.002,0.02,0.0,0.0,0.02350856177508831,0.023508641868829727,244,0.0013523577945306897,0.0015561723848804832,-2.0193684101104736,12.587,0.0,60,LAND,False,STANDBY,10,6
2026-09-28T20:04:43.300172,-35.3632618,149.1652375,0.002,0.02,0.0,0.0,0.023658782243728638,0.02365940809249878,244,0.0013550182338804007,0.0015578215243294835,-2.019237995147705,12.587,0.0,60,LAND,False,STANDBY,10,6
2026-09-28T20:04:43.800470,-35.3632618,149.1652375,0.002,0.02,0.0,0.0,0.023401711136102676,0.023402094841003418,244,0.0013612634502351284,0.0015630366979166865,-2.0192012786865234,12.587,0.0,60,LAND,False,STANDBY,10,6
2026-09-28T20:04:44.301662,-35.3632618,149.1652375,0.002,0.02,0.0,0.0,0.02332601137459278,0.02332650125026703,244,0.0013729564379900694,0.0015677319606766105,-2.019078254699707,12.587,0.0,60,LAND,False,STANDBY,10,6
2026-09-28T20:04:44.802736,-35.3632618,149.1652375,0.002,0.02,0.0,0.0,0.02359423041343689,0.02359464205801487,244,0.0013826211215928197,0.0015707479324191809,-2.0190043449401855,12.587,0.0,60,LAND,False,STANDBY,10,6
2026-09-28T20:04:45.303462,-35.3632618,149.1652375,0.002,0.02,0.0,0.0,0.023516559973359108,0.02351684682071209,244,0.0013824185589328408,0.0015604743966832757,-2.0189199447631836,12.587,0.0,60,LAND,False,STANDBY,10,6
2026-09-28T20:04:45.804257,-35.3632618,149.1652375,0.002,0.02,0.0,0.0,0.0237827617675066,0.023782795295119286,244,0.0013831965625286102,0.0015581976622343063,-2.018838882446289,12.587,0.0,60,LAND,False,STANDBY,10,6
2026-09-28T20:04:46.305280,-35.3632618,149.1652375,0.002,0.02,0.0,0.0,0.023618383333086967,0.023618383333086967,244,0.0013843849301338196,0.0015532004181295633,-2.0187575817108154,12.587,0.0,60,LAND,False,STANDBY,10,6
2026-09-28T20:04:46.806212,-35.3632618,149.1652375,0.002,0.02,0.0,0.0,0.023960819467902184,0.023960907012224197,244,0.0013851044932380319,0.0015478215645998716,-2.0186853408813477,12.587,0.0,60,LAND,False,STANDBY,10,6
2026-09-28T20:04:47.307751,-35.3632618,149.1652375,0.002,0.02,0.0,0.0,0.023691851645708084,0.023692062124609947,244,0.0013871106784790754,0.0015457301633432508,-2.018608570098877,12.587,0.0,60,LAND,False,STANDBY,10,6
2026-09-28T20:04:47.808699,-35.3632618,149.1652375,0.002,0.02,0.0,0.0,0.023977680131793022,0.02397768385708332,244,0.0014017834328114986,0.0015493660466745496,-2.018540382385254,12.587,0.0,60,LAND,False,STANDBY,10,6
2026-09-28T20:04:48.309378,-35.3632618,149.1652375,0.002,0.02,0.0,0.0,0.023716414347290993,0.023716511204838753,244,0.00139948062133044,0.0015477637061849236,-2.018465280532837,12.587,0.0,60,LAND,False,STANDBY,10,6
2026-09-28T20:04:48.810472,-35.3632618,149.1652375,0.002,0.02,0.0,0.0,0.023947283625602722,0.02394774742424488,244,0.0014061527326703072,0.001548491301946342,-2.0183918476104736,12.587,0.0,60,LAND,False,STANDBY,10,6
2026-09-28T20:04:49.311769,-35.3632618,149.1652375,0.002,0.02,0.0,0.0,0.023885618895292282,0.023886116221547127,244,0.001401603571139276,0.0015484488103538752,-2.0183064937591553,12.587,0.0,60,LAND,False,STANDBY,10,6
2026-09-28T20:04:49.813574,-35.3632618,149.1652375,0.002,0.02,0.0,0.0,0.024148866534233093,0.024149104952812195,244,0.001401438727043569,0.0015528866788372397,-2.0182342529296875,12.587,0.0,60,LAND,False,STANDBY,10,6
2026-09-28T20:04:50.314254,-35.3632618,149.1652375,0.002,0.02,0.0,0.0,0.023963695392012596,0.023963812738656998,244,0.0013993020402267575,0.0015456099063158035,-2.0181562900543213,12.587,0.0,60,LAND,False,STANDBY,10,6
2026-09-28T20:04:50.814802,-35.3632618,149.1652375,0.002,0.02,0.0,0.0,0.024011092260479927,0.024011192843317986,244,0.0013992354506626725,0.0015412905486300588,-2.018083333969116,12.587,0.0,60,LAND,False,STANDBY,10,6
2026-09-28T20:04:51.315467,-35.3632618,149.1652375,0.002,0.02,0.0,0.0,0.023830819875001907,0.0238308385014534,244,0.0014033060288056731,0.0015400388510897756,-2.018012523651123,12.587,0.0,60,LAND,False,STANDBY,10,6
2026-09-28T20:04:51.816203,-35.3632618,149.1652375,0.002,0.02,0.0,0.0,0.023966537788510323,0.023966537788510323,244,0.0014044420095160604,0.0015390542102977633,-2.0179405212402344,12.587,0.0,60,LAND,False,STANDBY,10,6
2026-09-28T20:04:52.316460,-35.3632618,149.1652375,0.002,0.02,0.0,0.0,0.02375754900276661,0.02375756949186325,244,0.0014023066032677889,0.0015412142965942621,-2.0178709030151367,12.587,0.0,60,LAND,False,STANDBY,10,6
2026-09-28T20:04:52.817176,-35.3632618,149.1652375,0.002,0.02,0.0,0.0,0.02398826740682125,0.02398826740682125,244,0.0013969067949801683,0.0015469157369807363,-2.0178158283233643,12.587,0.0,60,LAND,False,STANDBY,10,6
2026-09-28T20:04:53.319180,-35.3632618,149.1652375,0.002,0.02,0.0,0.0,0.023903880268335342,0.02390391007065773,244,0.001405410817824304,0.0015408415347337723,-2.0177464485168457,12.587,0.0,60,LAND,False,STANDBY,10,6
2026-09-28T20:04:53.819831,-35.3632618,149.1652375,0.002,0.02,0.0,0.0,0.02410372719168663,0.024104135110974312,244,0.001409270684234798,0.0015405294252559543,-2.0176749229431152,12.587,0.0,60,LAND,False,STANDBY,10,6
2026-09-28T20:04:54.320462,-35.3632618,149.1652375,0.002,0.02,0.0,0.0,0.023934856057167053,0.02393488958477974,244,0.0014068851014599204,0.0015327768633142114,-2.0176169872283936,12.587,0.0,60,LAND,False,STANDBY,10,6
2026-09-28T20:04:54.821081,-35.3632618,149.1652375,0.002,0.02,0.0,0.0,0.024034032598137856,0.02403443306684494,244,0.001399677013978362,0.0015297222416847944,-2.0175373554229736,12.587,0.0,60,LAND,False,STANDBY,10,6
2026-09-28T20:04:55.321932,-35.3632618,149.1652375,0.002,0.02,0.0,0.0,0.023853270336985588,0.023853659629821777,244,0.001373909180983901,0.0015359367243945599,-2.0174803733825684,12.587,0.0,60,LAND,False,STANDBY,10,6
2026-09-28T20:04:55.823581,-35.3632618,149.1652375,0.002,0.02,0.0,0.0,0.02393552102148533,0.023935968056321144,244,0.0013813376426696777,0.0015416665701195598,-2.017415761947632,12.587,0.0,60,LAND,False,STANDBY,10,6
2026-09-28T20:04:56.323840,-35.3632618,149.1652375,0.002,0.02,0.0,0.0,0.023589249700307846,0.023589320480823517,244,0.0013778434367850423,0.0015354930656030774,-2.017359733581543,12.587,0.0,60,LAND,False,STANDBY,10,6
2026-09-28T20:04:56.824528,-35.3632618,149.1652375,0.002,0.02,0.0,0.0,0.023534689098596573,0.02353501319885254,244,0.0013819907326251268,0.0015419968403875828,-2.017299175262451,12.587,0.0,60,LAND,False,STANDBY,10,6
2026-09-28T20:04:57.325171,-35.3632618,149.1652375,0.001,0.02,0.0,0.0,0.023263145238161087,0.023264119401574135,244,0.0013803234323859215,0.0015371462795883417,-2.017244577407837,12.587,0.0,60,LAND,False,STANDBY,10,6
2026-09-28T20:04:57.825958,-35.3632618,149.1652375,0.001,0.02,0.0,0.0,0.02354096993803978,0.023541390895843506,244,0.001385215320624411,0.0015445699682459235,-2.0171830654144287,12.587,0.0,60,LAND,False,STANDBY,10,6
2026-09-28T20:04:58.326648,-35.3632618,149.1652375,0.001,0.02,0.0,0.0,0.02330959402024746,0.023311324417591095,244,0.0013789021177217364,0.001543155056424439,-2.017124652862549,12.587,0.0,60,LAND,False,STANDBY,10,6
2026-09-28T20:04:58.827233,-35.3632618,149.1652375,0.001,0.02,0.0,0.0,0.023526186123490334,0.023526886478066444,244,0.001384861534461379,0.0015491904923692346,-2.01707124710083,12.587,0.0,60,LAND,False,STANDBY,10,6
2026-09-28T20:04:59.327744,-35.3632618,149.1652375,0.001,0.02,0.0,0.0,0.023321205750107765,0.023321550339460373,244,0.0013772364472970366,0.0015426919562742114,-2.017012596130371,12.587,0.0,60,LAND,False,STANDBY,10,6
2026-09-28T20:04:59.828516,-35.3632618,149.1652375,0.001,0.02,0.0,0.0,0.023543907329440117,0.02354416623711586,244,0.0013826321810483932,0.0015513923717662692,-2.0169639587402344,12.587,0.0,60,LAND,False,STANDBY,10,6
2026-09-28T20:05:00.329071,-35.3632618,149.1652375,0.001,0.02,0.0,0.0,0.02327549271285534,0.023276355117559433,244,0.001384418341331184,0.0015470613725483418,-2.016904830932617,12.587,0.0,60,LAND,False,STANDBY,10,6
2026-09-28T20:05:00.829619,-35.3632618,149.1652375,0.001,0.02,0.0,0.0,0.023561427369713783,0.02356249839067459,244,0.0013911653077229857,0.0015476108528673649,-2.0168535709381104,12.587,0.0,60,LAND,False,STANDBY,10,6
2026-09-28T20:05:01.331345,-35.3632618,149.1652375,0.001,0.02,0.0,0.0,0.023404421284794807,0.023405686020851135,244,0.001386114046908915,0.0015529684023931623,-2.0168044567108154,12.587,0.0,60,LAND,False,STANDBY,10,6
2026-09-28T20:05:01.831976,-35.3632618,149.1652375,0.001,0.02,0.0,0.0,0.023849135264754295,0.023849792778491974,244,0.001387518597766757,0.0015599525067955256,-2.016754150390625,12.587,0.0,60,LAND,False,STANDBY,10,6
2026-09-28T20:05:02.332464,-35.3632618,149.1652375,0.001,0.02,0.0,0.0,0.023753903806209564,0.023754678666591644,244,0.0013827636139467359,0.0015563226770609617,-2.0167062282562256,12.587,0.0,60,LAND,False,STANDBY,10,6
2026-09-28T20:05:02.834465,-35.3632618,149.1652375,0.001,0.02,0.0,0.0,0.024091456085443497,0.024092186242341995,244,0.0013790815137326717,0.001555822091177106,-2.01666522026062,12.587,0.0,60,LAND,False,STANDBY,10,6
2026-09-28T20:05:03.336007,-35.3632618,149.1652375,0.001,0.02,0.0,0.0,0.02387024462223053,0.023871252313256264,244,0.0013711153296753764,0.0015521905152127147,-2.0166215896606445,12.587,0.0,60,LAND,False,STANDBY,10,6
2026-09-28T20:05:03.836524,-35.3632618,149.1652375,0.001,0.02,0.0,0.0,0.02388673461973667,0.023887647315859795,244,0.0013722573639824986,0.0015541696920990944,-2.016570568084717,12.587,0.0,60,LAND,False,STANDBY,10,6
2026-09-28T20:05:04.337368,-35.3632618,149.1652375,0.001,0.02,0.0,0.0,0.023729441687464714,0.023730086162686348,244,0.0013689531479030848,0.0015475588152185082,-2.0165300369262695,12.587,0.0,60,LAND,False,STANDBY,10,6
2026-09-28T20:05:04.838725,-35.3632618,149.1652375,0.001,0.02,0.0,0.0,0.023703983053565025,0.023705249652266502,244,0.0013716492103412747,0.0015459194546565413,-2.016484260559082,12.587,0.0,60,LAND,False,STANDBY,10,6
2026-09-28T20:05:05.339684,-35.3632618,149.1652375,0.001,0.02,0.0,0.0,0.02354368008673191,0.023545151576399803,244,0.0013616775395348668,0.0015536810969933867,-2.0164427757263184,12.587,0.0,60,LAND,False,STANDBY,10,6
2026-09-28T20:05:05.840490,-35.3632618,149.1652375,0.001,0.02,0.0,0.0,0.023684242740273476,0.02368548884987831,244,0.0013654499780386686,0.0015620974591001868,-2.0163967609405518,12.587,0.0,60,LAND,False,STANDBY,10,6
2026-09-28T20:05:06.341573,-35.3632618,149.1652375,0.001,0.02,0.0,0.0,0.023552490398287773,0.023553956300020218,244,0.001369135337881744,0.0015682006487622857,-2.0163564682006836,12.587,0.0,60,LAND,False,STANDBY,10,6
2026-09-28T20:05:06.842567,-35.3632618,149.1652375,0.001,0.02,0.0,0.0,0.02371765859425068,0.023718319833278656,244,0.001376860891468823,0.001565220532938838,-2.016322135925293,12.587,0.0,60,LAND,False,STANDBY,10,6
2026-09-28T20:05:07.343535,-35.3632618,149.1652375,0.001,0.02,0.0,0.0,0.02367462031543255,0.023674629628658295,244,0.0013746427139267325,0.0015715558547526598,-2.016279697418213,12.587,0.0,60,LAND,False,STANDBY,10,6
2026-09-28T20:05:07.844454,-35.3632618,149.1652375,0.001,0.02,0.0,0.0,0.02386445738375187,0.023864492774009705,244,0.0013721388531848788,0.0015754482010379434,-2.016242265701294,12.587,0.0,60,LAND,False,STANDBY,10,6
2026-09-28T20:05:08.344985,-35.3632618,149.1652375,0.001,0.02,0.0,0.0,0.023841753602027893,0.023842157796025276,244,0.0013676966773346066,0.0015757556539028883,-2.0162065029144287,12.587,0.0,60,LAND,False,STANDBY,10,6
2026-09-28T20:05:08.845458,-35.3632618,149.1652375,0.002,0.02,0.0,0.0,0.023834461346268654,0.023835647851228714,244,0.0013668675674125552,0.0015756619395688176,-2.016165018081665,12.587,0.0,60,LAND,False,STANDBY,10,6
2026-09-28T20:05:09.345987,-35.3632618,149.1652375,0.002,0.02,0.0,0.0,0.023672588169574738,0.023673946037888527,244,0.001368415541946888,0.0015715560875833035,-2.016120433807373,12.587,0.0,60,LAND,False,STANDBY,10,6
2026-09-28T20:05:09.846572,-35.3632618,149.1652375,0.002,0.02,0.0,0.0,0.023938637226819992,0.02393997088074684,244,0.0013775122351944447,0.001567179337143898,-2.016082763671875,12.587,0.0,60,LAND,False,STANDBY,10,6
2026-09-28T20:05:10.347000,-35.3632618,149.1652375,0.002,0.02,0.0,0.0,0.023696204647421837,0.0236966609954834,244,0.0013755400432273746,0.0015602828934788704,-2.0160465240478516,12.587,0.0,60,LAND,False,STANDBY,10,6
2026-09-28T20:05:10.847510,-35.3632618,149.1652375,0.002,0.02,0.0,0.0,0.02396285906434059,0.023963237181305885,244,0.0013847360387444496,0.0015591317787766457,-2.0160138607025146,12.587,0.0,60,LAND,False,STANDBY,10,6
2026-09-28T20:05:11.348172,-35.3632618,149.1652375,0.002,0.02,0.0,0.0,0.023547638207674026,0.023548109456896782,244,0.0013846491929143667,0.0015558447921648622,-2.0159807205200195,12.587,0.0,60,LAND,False,STANDBY,10,6
2026-09-28T20:05:11.848983,-35.3632618,149.1652375,0.002,0.02,0.0,0.0,0.02376498095691204,0.023766161873936653,244,0.0013830101815983653,0.0015548575902357697,-2.0159518718719482,12.587,0.0,60,LAND,False,STANDBY,10,6
2026-09-28T20:05:12.349466,-35.3632618,149.1652375,0.002,0.02,0.0,0.0,0.02354639768600464,0.02354675531387329,244,0.0013763009337708354,0.0015449033817276359,-2.015929937362671,12.587,0.0,60,LAND,False,STANDBY,10,6
2026-09-28T20:05:12.850054,-35.3632618,149.1652375,0.002,0.02,0.0,0.0,0.02378693036735058,0.023787083104252815,244,0.0013835899299010634,0.0015426776371896267,-2.0159006118774414,12.587,0.0,60,LAND,False,STANDBY,10,6
2026-09-28T20:05:13.350466,-35.3632618,149.1652375,0.002,0.02,0.0,0.0,0.02347562648355961,0.02347613498568535,244,0.0013839289313182235,0.0015365887666121125,-2.015864133834839,12.587,0.0,60,LAND,False,STANDBY,10,6
2026-09-28T20:05:13.850996,-35.3632618,149.1652375,0.002,0.02,0.0,0.0,0.023820094764232635,0.023820407688617706,244,0.001385998330079019,0.0015330370515584946,-2.015827178955078,12.587,0.0,60,LAND,False,STANDBY,10,6
2026-09-28T20:05:14.351577,-35.3632618,149.1652375,0.002,0.02,0.0,0.0,0.02357785776257515,0.023578129708766937,244,0.001383501454256475,0.0015333974733948708,-2.0157968997955322,12.587,0.0,60,LAND,False,STANDBY,10,6
2026-09-28T20:05:14.852332,-35.3632618,149.1652375,0.002,0.02,0.0,0.0,0.023814355954527855,0.02381441742181778,244,0.0013805304188281298,0.0015356420772150159,-2.0157601833343506,12.587,0.0,60,LAND,False,STANDBY,10,6
2026-09-28T20:05:15.353066,-35.3632618,149.1652375,0.002,0.02,0.0,0.0,0.0235173050314188,0.023517580702900887,244,0.0013799045700579882,0.0015321769751608372,-2.015732765197754,12.587,0.0,60,LAND,False,STANDBY,10,6
2026-09-28T20:05:15.853625,-35.3632618,149.1652375,0.002,0.02,0.0,0.0,0.02368837594985962,0.02368929050862789,244,0.0013960731448605657,0.001536108902655542,-2.0157103538513184,12.587,0.0,60,LAND,False,STANDBY,10,6
2026-09-28T20:05:16.355684,-35.3632618,149.1652375,0.002,0.02,0.0,0.0,0.02351866476237774,0.023519692942500114,244,0.0013904654188081622,0.0015375080984085798,-2.0156798362731934,12.587,0.0,60,LAND,False,STANDBY,10,6
2026-09-28T20:05:16.857260,-35.3632618,149.1652375,0.002,0.02,0.0,0.0,0.02378985472023487,0.023790845647454262,244,0.0013911264250054955,0.001553037902340293,-2.015650510787964,12.587,0.0,60,LAND,False,STANDBY,10,6
2026-09-28T20:05:17.357770,-35.3632618,149.1652375,0.002,0.02,0.0,0.0,0.02366652898490429,0.02366732619702816,244,0.0013897486496716738,0.0015487669734284282,-2.0156242847442627,12.587,0.0,60,LAND,False,STANDBY,10,6
2026-09-28T20:05:17.858469,-35.3632618,149.1652375,0.002,0.02,0.0,0.0,0.02402896247804165,0.024029327556490898,244,0.0013924728846177459,0.001566920313052833,-2.015596628189087,12.587,0.0,60,LAND,False,STANDBY,10,6
2026-09-28T20:05:18.359303,-35.3632618,149.1652375,0.002,0.02,0.0,0.0,0.023889964446425438,0.023890258744359016,244,0.0013934859307482839,0.001562632154673338,-2.0155646800994873,12.587,0.0,60,LAND,False,STANDBY,10,6
2026-09-28T20:05:18.859450,-35.3632618,149.1652375,0.002,0.02,0.0,0.0,0.024066893383860588,0.024067353457212448,244,0.0013925435487180948,0.0015654814196750522,-2.0155467987060547,12.587,0.0,60,LAND,False,STANDBY,10,6
2026-09-28T20:05:19.360040,-35.3632618,149.1652375,0.002,0.02,0.0,0.0,0.023995285853743553,0.02399580553174019,244,0.0013844078639522195,0.0015637128381058574,-2.015522003173828,12.587,0.0,60,LAND,False,STANDBY,10,6
2026-09-28T20:05:19.860449,-35.3632618,149.1652375,0.002,0.02,0.0,0.0,0.024087533354759216,0.024089250713586807,244,0.0013831584947183728,0.0015587224625051022,-2.015498399734497,12.587,0.0,60,LAND,False,STANDBY,10,6
2026-09-28T20:05:20.360918,-35.3632618,149.1652375,0.002,0.02,0.0,0.0,0.023919038474559784,0.023920083418488503,244,0.0013763144379481673,0.0015536978607997298,-2.0154714584350586,12.587,0.0,60,LAND,False,STANDBY,10,6
2026-09-28T20:05:20.861464,-35.3632618,149.1652375,0.002,0.02,0.0,0.0,0.024029172956943512,0.024029742926359177,244,0.0013835013378411531,0.0015508047072216868,-2.0154426097869873,12.587,0.0,60,LAND,False,STANDBY,10,6
2026-09-28T20:05:21.361894,-35.3632618,149.1652375,0.002,0.02,0.0,0.0,0.023904236033558846,0.023904237896203995,244,0.00138657761272043,0.00154992809984833,-2.015422821044922,12.587,0.0,60,LAND,False,STANDBY,10,6
2026-09-28T20:05:21.862555,-35.3632618,149.1652375,0.002,0.02,0.0,0.0,0.02405489608645439,0.02405489794909954,244,0.001375440857373178,0.001548331812955439,-2.0153937339782715,12.587,0.0,60,LAND,False,STANDBY,10,6
2026-09-28T20:05:22.363278,-35.3632618,149.1652375,0.002,0.02,0.0,0.0,0.02386503666639328,0.023865053430199623,244,0.0013723790179938078,0.001539597986266017,-2.0153865814208984,12.587,0.0,60,LAND,False,STANDBY,10,6
2026-09-28T20:05:22.864029,-35.3632618,149.1652375,0.002,0.02,0.0,0.0,0.02394472435116768,0.023944856598973274,244,0.001378603046759963,0.001540651428513229,-2.0153658390045166,12.587,0.0,60,LAND,False,STANDBY,10,6
2026-09-28T20:05:23.365206,-35.3632618,149.1652375,0.002,0.02,0.0,0.0,0.023590143769979477,0.02359042316675186,244,0.0013753798557445407,0.0015461243456229568,-2.0153439044952393,12.587,0.0,60,LAND,False,STANDBY,10,6
2026-09-28T20:05:23.866043,-35.3632618,149.1652375,0.002,0.02,0.0,0.0,0.023839568719267845,0.023839730769395828,244,0.0013780168956145644,0.001557294512167573,-2.0153188705444336,12.587,0.0,60,LAND,False,STANDBY,10,6
2026-09-28T20:05:24.366460,-35.3632618,149.1652375,0.002,0.02,0.0,0.0,0.02373925969004631,0.023739269003272057,244,0.0013718121917918324,0.0015576736768707633,-2.0153069496154785,12.587,0.0,60,LAND,False,STANDBY,10,6
2026-09-28T20:05:24.866773,-35.3632618,149.1652375,0.002,0.02,0.0,0.0,0.02395910769701004,0.023959189653396606,244,0.0013807412469759583,0.001561354729346931,-2.015296697616577,12.587,0.0,60,LAND,False,STANDBY,10,6
2026-09-28T20:05:25.367460,-35.3632618,149.1652375,0.002,0.02,0.0,0.0,0.023877818137407303,0.023878004401922226,244,0.0013777201529592276,0.001554768648929894,-2.0152766704559326,12.587,0.0,60,LAND,False,STANDBY,10,6
2026-09-28T20:05:25.868074,-35.3632618,149.1652375,0.002,0.02,0.0,0.0,0.023844588547945023,0.023844685405492783,244,0.001389573561027646,0.0015526111237704754,-2.015265941619873,12.587,0.0,60,LAND,False,STANDBY,10,6
2026-09-28T20:05:26.368801,-35.3632618,149.1652375,0.002,0.02,0.0,0.0,0.02357541024684906,0.0235754381865263,244,0.0013914486626163125,0.0015490608057007194,-2.0152502059936523,12.587,0.0,60,LAND,False,STANDBY,10,6
2026-09-28T20:05:26.869776,-35.3632618,149.1652375,0.002,0.02,0.0,0.0,0.02392222359776497,0.023922225460410118,244,0.0013980636140331626,0.0015583183849230409,-2.015239715576172,12.587,0.0,60,LAND,False,STANDBY,10,6
2026-09-28T20:05:27.370464,-35.3632618,149.1652375,0.002,0.02,0.0,0.0,0.02371872216463089,0.023718757554888725,244,0.0013927279505878687,0.0015613932628184557,-2.0152230262756348,12.587,0.0,60,LAND,False,STANDBY,10,6
2026-09-28T20:05:27.871345,-35.3632618,149.1652375,0.002,0.02,0.0,0.0,0.023928552865982056,0.023928606882691383,244,0.00139617791865021,0.0015647794352844357,-2.0152108669281006,12.587,0.0,60,LAND,False,STANDBY,10,6
2026-09-28T20:05:28.372061,-35.3632618,149.1652375,0.002,0.02,0.0,0.0,0.02399948611855507,0.023999672383069992,244,0.0013984715333208442,0.0015670653665438294,-2.0152018070220947,12.587,0.0,60,LAND,False,STANDBY,10,6
2026-09-28T20:05:28.872785,-35.3632618,149.1652375,0.002,0.02,0.0,0.0,0.024183455854654312,0.024183886125683784,244,0.0014003667747601867,0.0015629508998245,-2.0151922702789307,12.587,0.0,60,LAND,False,STANDBY,10,6
2026-09-28T20:05:29.373413,-35.3632618,149.1652375,0.002,0.02,0.0,0.0,0.023954074829816818,0.02395416796207428,244,0.001391987083479762,0.0015549954259768128,-2.0151872634887695,12.587,0.0,60,LAND,False,STANDBY,10,6
2026-09-28T20:05:29.873939,-35.3632618,149.1652375,0.002,0.02,0.0,0.0,0.02411586232483387,0.024116123095154762,244,0.0014020075323060155,0.0015456198016181588,-2.0151681900024414,12.587,0.0,60,LAND,False,STANDBY,10,6
2026-09-28T20:05:30.374750,-35.3632618,149.1652375,0.002,0.02,0.0,0.0,0.024110307916998863,0.024110687896609306,244,0.0014005366247147322,0.0015432373620569706,-2.0151562690734863,12.587,0.0,60,LAND,False,STANDBY,10,6
2026-09-28T20:05:30.875237,-35.3632618,149.1652375,0.002,0.02,0.0,0.0,0.024125872179865837,0.02412644401192665,244,0.0014015799388289452,0.0015381448902189732,-2.01513934135437,12.587,0.0,60,LAND,False,STANDBY,10,6
2026-09-28T20:05:31.375752,-35.3632618,149.1652375,0.002,0.02,0.0,0.0,0.023867487907409668,0.023867931216955185,244,0.0013958679046481848,0.0015361786354333162,-2.0151302814483643,12.587,0.0,60,LAND,False,STANDBY,10,6
2026-09-28T20:05:31.876306,-35.3632618,149.1652375,0.002,0.02,0.0,0.0,0.023920251056551933,0.023920360952615738,244,0.001394207589328289,0.0015346468426287174,-2.015122175216675,12.587,0.0,60,LAND,False,STANDBY,10,6
2026-09-28T20:05:32.376874,-35.3632618,149.1652375,0.002,0.02,0.0,0.0,0.0238870307803154,0.02388714998960495,244,0.0014058370143175125,0.0015400670235976577,-2.015115261077881,12.587,0.0,60,LAND,False,STANDBY,10,6
2026-09-28T20:05:32.877458,-35.3632618,149.1652375,0.002,0.02,0.0,0.0,0.024117428809404373,0.02411843091249466,244,0.0013990101870149374,0.0015384919242933393,-2.0151009559631348,12.587,0.0,60,LAND,False,STANDBY,10,6
2026-09-28T20:05:33.378116,-35.3632618,149.1652375,0.002,0.02,0.0,0.0,0.02399107813835144,0.023993181064724922,244,0.0013957771006971598,0.0015341632533818483,-2.015089273452759,12.587,0.0,60,LAND,False,STANDBY,10,6
2026-09-28T20:05:33.878994,-35.3632618,149.1652375,0.002,0.02,0.0,0.0,0.02404826506972313,0.024051571264863014,244,0.0013944044476374984,0.0015432537766173482,-2.015082597732544,12.587,0.0,60,LAND,False,STANDBY,10,6
2026-09-28T20:05:34.379552,-35.3632618,149.1652375,0.002,0.02,0.0,0.0,0.023976000025868416,0.02397768199443817,244,0.0013898914912715554,0.0015392944915220141,-2.0150723457336426,12.587,0.0,60,LAND,False,STANDBY,10,6
2026-09-28T20:05:34.880884,-35.3632618,149.1652375,0.002,0.02,0.0,0.0,0.0240416768938303,0.02404349111020565,244,0.0013975321780890226,0.0015400423435494304,-2.015068292617798,12.587,0.0,60,LAND,False,STANDBY,10,6
2026-09-28T20:05:35.381460,-35.3632618,149.1652375,0.002,0.02,0.0,0.0,0.023833641782402992,0.023834623396396637,244,0.0013932023430243134,0.0015359329991042614,-2.0150578022003174,12.587,0.0,60,LAND,False,STANDBY,10,6
2026-09-28T20:05:35.881983,-35.3632618,149.1652375,0.002,0.02,0.0,0.0,0.023974480107426643,0.023974888026714325,244,0.001387999625876546,0.0015385167207568884,-2.0150461196899414,12.587,0.0,60,LAND,False,STANDBY,10,6
2026-09-28T20:05:36.382530,-35.3632618,149.1652375,0.002,0.02,0.0,0.0,0.023924799636006355,0.023924823850393295,244,0.0013812389224767685,0.0015371553599834442,-2.015028953552246,12.587,0.0,60,LAND,False,STANDBY,10,6
2026-09-28T20:05:36.883201,-35.3632618,149.1652375,0.002,0.02,0.0,0.0,0.024047991260886192,0.024048004299402237,244,0.0013756676344200969,0.0015370299806818366,-2.0150153636932373,12.587,0.0,60,LAND,False,STANDBY,10,6
2026-09-28T20:05:37.383905,-35.3632618,149.1652375,0.002,0.02,0.0,0.0,0.023781685158610344,0.023781729862093925,244,0.0013676921371370554,0.0015360132092610002,-2.0150034427642822,12.587,0.0,60,LAND,False,STANDBY,10,6
2026-09-28T20:05:37.884853,-35.3632618,149.1652375,0.002,0.02,0.0,0.0,0.02380385808646679,0.02380404807627201,244,0.0013610376045107841,0.0015330527676269412,-2.0149998664855957,12.587,0.0,60,LAND,False,STANDBY,10,6
2026-09-28T20:05:38.385722,-35.3632618,149.1652375,0.002,0.02,0.0,0.0,0.023374225944280624,0.0233748909085989,244,0.0013444689102470875,0.001536219147965312,-2.0150017738342285,12.587,0.0,60,LAND,False,STANDBY,10,6
2026-09-28T20:05:38.886699,-35.3632618,149.1652375,0.002,0.02,0.0,0.0,0.0234997496008873,0.02349994331598282,244,0.0013410995015874505,0.0015424357261508703,-2.015003204345703,12.587,0.0,60,LAND,False,STANDBY,10,6
2026-09-28T20:05:39.387454,-35.3632618,149.1652375,0.002,0.02,0.0,0.0,0.02334107831120491,0.023341936990618706,244,0.0013364513870328665,0.0015341723337769508,-2.0149881839752197,12.587,0.0,60,LAND,False,STANDBY,10,6
2026-09-28T20:05:39.889143,-35.3632618,149.1652375,0.002,0.02,0.0,0.0,0.023452280089259148,0.02345399558544159,244,0.0013408511877059937,0.0015415195375680923,-2.014986038208008,12.587,0.0,60,LAND,False,STANDBY,10,6
2026-09-28T20:05:40.390165,-35.3632618,149.1652375,0.002,0.02,0.0,0.0,0.023137254640460014,0.023138035088777542,244,0.0013431390980258584,0.0015485334442928433,-2.0149848461151123,12.587,0.0,60,LAND,False,STANDBY,10,6
2026-09-28T20:05:40.891502,-35.3632618,149.1652375,0.002,0.02,0.0,0.0,0.02352643571794033,0.02352677471935749,244,0.0013563820393756032,0.001554173300974071,-2.014979839324951,12.587,0.0,60,LAND,False,STANDBY,10,6
2026-09-28T20:05:41.392095,-35.3632618,149.1652375,0.002,0.02,0.0,0.0,0.02337499149143696,0.023375563323497772,244,0.0013511941069737077,0.001544418977573514,-2.0149738788604736,12.587,0.0,60,LAND,False,STANDBY,10,6
2026-09-28T20:05:41.892498,-35.3632618,149.1652375,0.002,0.02,0.0,0.0,0.023632099851965904,0.023632191121578217,244,0.0013550457078963518,0.0015503967879340053,-2.014969825744629,12.587,0.0,60,LAND,False,STANDBY,10,6
2026-09-28T20:05:42.392820,-35.3632618,149.1652375,0.002,0.02,0.0,0.0,0.02329525351524353,0.023295318707823753,244,0.0013518191408365965,0.00154788582585752,-2.0149648189544678,12.587,0.0,60,LAND,False,STANDBY,10,6
2026-09-28T20:05:42.893490,-35.3632618,149.1652375,0.002,0.02,0.0,0.0,0.02346695587038994,0.023466987535357475,244,0.0013573653995990753,0.001542245619930327,-2.0149686336517334,12.587,0.0,60,LAND,False,STANDBY,10,6
2026-09-28T20:05:43.394690,-35.3632618,149.1652375,0.002,0.02,0.0,0.0,0.023299269378185272,0.023299338296055794,244,0.0013625603169202805,0.001532073481939733,-2.0149648189544678,12.587,0.0,60,LAND,False,STANDBY,10,6
2026-09-28T20:05:43.895698,-35.3632618,149.1652375,0.002,0.02,0.0,0.0,0.023486755788326263,0.023486878722906113,244,0.0013649207539856434,0.0015378075186163187,-2.0149686336517334,12.587,0.0,60,LAND,False,STANDBY,10,6
2026-09-28T20:05:44.396457,-35.3632618,149.1652375,0.002,0.02,0.0,0.0,0.023163793608546257,0.023163985460996628,244,0.0013646518345922232,0.0015319290105253458,-2.0149686336517334,12.587,0.0,60,LAND,False,STANDBY,10,6
2026-09-28T20:05:44.896786,-35.3632618,149.1652375,0.002,0.02,0.0,0.0,0.023507026955485344,0.023507218807935715,244,0.001374399638734758,0.001537697738967836,-2.0149734020233154,12.587,0.0,60,LAND,False,STANDBY,10,6
2026-09-28T20:05:45.397519,-35.3632618,149.1652375,0.002,0.02,0.0,0.0,0.02333465777337551,0.023334691300988197,244,0.0013715048553422093,0.0015400651609525084,-2.0149738788604736,12.587,0.0,60,LAND,False,STANDBY,10,6
2026-09-28T20:05:45.898680,-35.3632618,149.1652375,0.002,0.02,0.0,0.0,0.023621266707777977,0.023621372878551483,244,0.0013748634373769164,0.0015433894004672766,-2.0149765014648438,12.587,0.0,60,LAND,False,STANDBY,10,6
2026-09-28T20:05:46.401016,-35.3632618,149.1652375,0.002,0.02,0.0,0.0,0.023586813360452652,0.02358683943748474,244,0.0013761030277237296,0.0015443082666024566,-2.0149760246276855,12.587,0.0,60,LAND,False,STANDBY,10,6
2026-09-28T20:05:46.902569,-35.3632618,149.1652375,0.002,0.02,0.0,0.0,0.023809919133782387,0.023809930309653282,244,0.0013838107697665691,0.0015439681010320783,-2.014979600906372,12.587,0.0,60,LAND,False,STANDBY,10,6
2026-09-28T20:05:47.403477,-35.3632618,149.1652375,0.002,0.02,0.0,0.0,0.023720208555459976,0.023720238357782364,244,0.001378565444611013,0.00154555169865489,-2.0149755477905273,12.587,0.0,60,LAND,False,STANDBY,10,6
2026-09-28T20:05:47.905255,-35.3632618,149.1652375,0.002,0.02,0.0,0.0,0.024000871926546097,0.024000875651836395,244,0.001381647540256381,0.001540532917715609,-2.0149779319763184,12.587,0.0,60,LAND,False,STANDBY,10,6
2026-09-28T20:05:48.406771,-35.3632618,149.1652375,0.002,0.02,0.0,0.0,0.023750420659780502,0.023750420659780502,244,0.0013834821293130517,0.001535744871944189,-2.014976978302002,12.587,0.0,60,LAND,False,STANDBY,10,6
2026-09-28T20:05:48.907732,-35.3632618,149.1652375,0.002,0.02,0.0,0.0,0.02397458627820015,0.023974759504199028,244,0.0013838466256856918,0.0015406780876219273,-2.014975070953369,12.587,0.0,60,LAND,False,STANDBY,10,6
2026-09-28T20:05:49.408859,-35.3632618,149.1652375,0.002,0.02,0.0,0.0,0.02365296706557274,0.02365315705537796,244,0.001380590838380158,0.0015455285320058465,-2.014979839324951,12.587,0.0,60,LAND,False,STANDBY,10,6
2026-09-28T20:05:49.909472,-35.3632618,149.1652375,0.002,0.02,0.0,0.0,0.02389957569539547,0.023899778723716736,244,0.0013780688168480992,0.001554677146486938,-2.0149741172790527,12.587,0.0,60,LAND,False,STANDBY,10,6
2026-09-28T20:05:50.409903,-35.3632618,149.1652375,0.002,0.02,0.0,0.0,0.02363663911819458,0.02363666519522667,244,0.001371051068417728,0.0015579120954498649,-2.0149755477905273,12.587,0.0,60,LAND,False,STANDBY,10,6
2026-09-28T20:05:50.910499,-35.3632618,149.1652375,0.002,0.02,0.0,0.0,0.023928560316562653,0.023928701877593994,244,0.0013761450536549091,0.00155712163541466,-2.0149800777435303,12.587,0.0,60,LAND,False,STANDBY,10,6
2026-09-28T20:05:51.411227,-35.3632618,149.1652375,0.002,0.02,0.0,0.0,0.023758752271533012,0.023758765310049057,244,0.0013756921980530024,0.0015510993544012308,-2.014977216720581,12.587,0.0,60,LAND,False,STANDBY,10,6
2026-09-28T20:05:51.911770,-35.3632618,149.1652375,0.002,0.02,0.0,0.0,0.0239615086466074,0.02396155707538128,244,0.0013747813645750284,0.00155955133959651,-2.0149729251861572,12.587,0.0,60,LAND,False,STANDBY,10,6
2026-09-28T20:05:52.412650,-35.3632618,149.1652375,0.002,0.02,0.0,0.0,0.02367357537150383,0.023673586547374725,244,0.0013710588682442904,0.0015564227942377329,-2.0149800777435303,12.587,0.0,60,LAND,False,STANDBY,10,6
2026-09-28T20:05:52.913271,-35.3632618,149.1652375,0.002,0.02,0.0,0.0,0.02370944805443287,0.023709457367658615,244,0.001383632537908852,0.001558666117489338,-2.0149800777435303,12.587,0.0,60,LAND,False,STANDBY,10,6
2026-09-28T20:05:53.413981,-35.3632618,149.1652375,0.002,0.02,0.0,0.0,0.023533308878540993,0.02353351004421711,244,0.0013767234049737453,0.001564321224577725,-2.0149881839752197,12.587,0.0,60,LAND,False,STANDBY,10,6
2026-09-28T20:05:53.914447,-35.3632618,149.1652375,0.002,0.02,0.0,0.0,0.023911574855446815,0.023912256583571434,244,0.0013716251123696566,0.0015661579091101885,-2.0149965286254883,12.587,0.0,60,LAND,False,STANDBY,10,6
2026-09-28T20:05:54.415060,-35.3632618,149.1652375,0.002,0.02,0.0,0.0,0.023697709664702415,0.0236984696239233,244,0.001375691150315106,0.0015694962348788977,-2.015002727508545,12.587,0.0,60,LAND,False,STANDBY,10,6
2026-09-28T20:05:54.916238,-35.3632618,149.1652375,0.002,0.02,0.0,0.0,0.023925891146063805,0.02392694354057312,244,0.0013789308723062277,0.0015692737651988864,-2.0150065422058105,12.587,0.0,60,LAND,False,STANDBY,10,6
2026-09-28T20:05:55.416889,-35.3632618,149.1652375,0.002,0.02,0.0,0.0,0.023690110072493553,0.023690443485975266,244,0.001373356324620545,0.0015613342402502894,-2.0150203704833984,12.587,0.0,60,LAND,False,STANDBY,10,6
2026-09-28T20:05:55.917499,-35.3632618,149.1652375,0.002,0.02,0.0,0.0,0.023948274552822113,0.023948507383465767,244,0.0013804566115140915,0.0015657510375604033,-2.015017509460449,12.587,0.0,60,LAND,False,STANDBY,10,6
2026-09-28T20:05:56.418230,-35.3632618,149.1652375,0.002,0.02,0.0,0.0,0.023851029574871063,0.02385152317583561,244,0.0013785312185063958,0.0015617978060618043,-2.0150201320648193,12.587,0.0,60,LAND,False,STANDBY,10,6
2026-09-28T20:05:56.919899,-35.3632618,149.1652375,0.001,0.02,0.0,0.0,0.024110352620482445,0.02411123365163803,244,0.0013861507177352905,0.001562632736749947,-2.015028715133667,12.587,0.0,60,LAND,False,STANDBY,10,6
2026-09-28T20:05:57.420869,-35.3632618,149.1652375,0.001,0.02,0.0,0.0,0.023997249081730843,0.023997897282242775,244,0.0013845945941284299,0.0015627729007974267,-2.0150299072265625,12.587,0.0,60,LAND,False,STANDBY,10,6
2026-09-28T20:05:57.921786,-35.3632618,149.1652375,0.001,0.02,0.0,0.0,0.024266503751277924,0.024266529828310013,244,0.0013895550509914756,0.0015597769524902105,-2.015035390853882,12.587,0.0,60,LAND,False,STANDBY,10,6
2026-09-28T20:05:58.422460,-35.3632618,149.1652375,0.002,0.02,0.0,0.0,0.023887256160378456,0.023887302726507187,244,0.0013859177706763148,0.001551712630316615,-2.0150365829467773,12.587,0.0,60,LAND,False,STANDBY,10,6
2026-09-28T20:05:58.923344,-35.3632618,149.1652375,0.002,0.02,0.0,0.0,0.0241067074239254,0.024106750264763832,244,0.0013844901695847511,0.001555618830025196,-2.015037775039673,12.587,0.0,60,LAND,False,STANDBY,10,6
2026-09-28T20:05:59.423887,-35.3632618,149.1652375,0.002,0.02,0.0,0.0,0.023967158049345016,0.023967282846570015,244,0.001374865067191422,0.001550859771668911,-2.015044927597046,12.587,0.0,60,LAND,False,STANDBY,10,6
2026-09-28T20:05:59.925032,-35.3632618,149.1652375,0.002,0.02,0.0,0.0,0.023967158049345016,0.023967282846570015,244,0.001374865067191422,0.001550859771668911,-2.015044927597046,12.587,0.0,60,LAND,False,STANDBY,10,6
