timestamp,lat,lon,alt,velocity_x,velocity_y,velocity_z,ground_speed,air_speed,heading,roll,pitch,yaw,battery_voltage,battery_current,battery_level,mode,armed,system_status,satellites_visible,fix_type
2026-09-29T18:28:52.500337,-35.363262,149.1652372,9.58,-0.01,0.01,-0.73,0.021765951067209244,0.7322714924812317,352,0.0030396285001188517,0.0032403641380369663,-0.1289045810699463,12.587,27.08,98,GUIDED,True,ACTIVE,10,6
2026-09-29T18:28:53.000865,-35.363262,149.1652372,9.884,-0.01,0.01,-0.44,0.01913856528699398,0.44321635365486145,352,0.0021452701184898615,0.003213660791516304,-0.12899668514728546,12.587,26.67,98,GUIDED,True,ACTIVE,10,6
2026-09-29T18:28:53.501541,-35.363262,149.1652372,10.029,-0.01,0.01,-0.1,0.01629813015460968,0.10927807539701462,352,0.002725308993831277,0.003084981581196189,-0.1290418654680252,12.587,26.25,98,GUIDED,True,ACTIVE,10,6
2026-09-29T18:28:54.001937,-35.363262,149.1652372,10.026,-0.01,0.01,0.07,0.015046436339616776,0.07194828987121582,352,0.0026722492184489965,0.002896749647334218,-0.12896867096424103,12.587,27.58,98,GUIDED,True,ACTIVE,10,6
2026-09-29T18:28:54.502457,-35.363262,149.1652373,9.987,-0.01,0.0,0.04,0.014393831603229046,0.04610893875360489,352,0.0029057045467197895,0.002903598127886653,-0.12896980345249176,12.587,28.41,97,GUIDED,True,ACTIVE,10,6
2026-09-29T18:28:55.003015,-35.363262,149.1652373,9.971,-0.01,0.0,0.0,0.013914451003074646,0.01707514375448227,352,0.002978784963488579,0.003652677172794938,-0.12903118133544922,12.587,28.33,97,GUIDED,True,ACTIVE,10,6
2026-09-29T18:28:55.503269,-35.363262,149.1652373,9.972,-0.01,0.01,-0.02,0.016779949888586998,0.03294821083545685,352,0.0035575409419834614,0.0035358655732125044,-0.1290302276611328,12.587,28.16,97,GUIDED,True,ACTIVE,10,6
2026-09-29T18:28:56.004032,-35.363262,149.1652372,9.978,-0.01,0.01,-0.02,0.018223538994789124,0.031155956909060478,352,0.004238825291395187,0.0035014075692743063,-0.12899771332740784,12.587,28.08,97,GUIDED,True,ACTIVE,10,6
2026-09-29T18:28:56.504674,-35.363262,149.1652372,9.98,-0.01,0.01,-0.01,0.022044548764824867,0.029601816087961197,352,0.0045934016816318035,0.0034653570037335157,-0.12903207540512085,12.587,28.08,97,GUIDED,True,ACTIVE,10,6
2026-09-29T18:28:57.005107,-35.363262,149.1652372,9.982,-0.01,0.02,-0.01,0.025818713009357452,0.03086879476904869,352,0.004565437790006399,0.0035268706269562244,-0.12916411459445953,12.587,28.08,97,GUIDED,True,ACTIVE,10,6
2026-09-29T18:28:57.505676,-35.363262,149.1652371,9.984,-0.01,0.02,-0.01,0.02919752150774002,0.032956562936306,352,0.004313222132623196,0.0036065850872546434,-0.12906070053577423,12.587,28.08,97,GUIDED,True,ACTIVE,10,6
2026-09-29T18:28:58.006205,-35.363262,149.1652371,9.985,-0.01,0.02,-0.01,0.03161349147558212,0.0346766859292984,352,0.003957543056458235,0.004057763144373894,-0.1289285570383072,12.587,28.08,97,GUIDED,True,ACTIVE,10,6
2026-09-29T18:28:58.506825,-35.3632619,149.1652371,9.986,-0.01,0.02,-0.01,0.03386630490422249,0.036431197077035904,352,0.0036028006579726934,0.004438605159521103,-0.1290711611509323,12.587,28.08,96,GUIDED,True,ACTIVE,10,6
2026-09-29T18:28:59.007433,-35.3632619,149.1652371,9.986,-0.02,0.02,-0.01,0.03598001226782799,0.0381748303771019,352,0.0035445084795355797,0.004315534606575966,-0.12896201014518738,12.587,28.16,96,GUIDED,True,ACTIVE,10,6
2026-09-29T18:28:59.507937,-35.3632619,149.1652371,9.987,-0.02,0.02,-0.01,0.037122149020433426,0.039076067507267,352,0.003610798856243491,0.003907063510268927,-0.12909947335720062,12.587,28.08,96,GUIDED,True,ACTIVE,10,6
2026-09-29T18:29:00.008572,-35.3632619,149.1652371,9.987,-0.02,0.02,-0.01,0.03813374415040016,0.04005271568894386,352,0.0038855618331581354,0.0036305557005107403,-0.12887687981128693,12.587,28.08,96,GUIDED,True,ACTIVE,10,6
2026-09-29T18:29:00.509172,-35.3632619,149.1652371,9.988,-0.02,0.02,-0.01,0.037940848618745804,0.03969716653227806,352,0.0038186332676559687,0.0034338519908487797,-0.12895722687244415,12.587,28.16,96,GUIDED,True,ACTIVE,10,6
2026-09-29T18:29:01.009409,-35.3632619,149.1652371,9.989,-0.02,0.02,-0.01,0.03814632073044777,0.039627425372600555,352,0.003803544444963336,0.003444066969677806,-0.12902842462062836,12.587,28.08,96,GUIDED,True,ACTIVE,10,6
2026-09-29T18:29:01.509827,-35.3632619,149.1652371,9.99,-0.02,0.02,0.0,0.037780970335006714,0.039048388600349426,352,0.0034501890186220407,0.0032661487348377705,-0.1290234476327896,12.587,28.08,96,GUIDED,True,ACTIVE,10,6
2026-09-29T18:29:02.010063,-35.3632619,149.1652371,9.99,-0.02,0.02,0.0,0.03697814792394638,0.03808193653821945,352,0.0032919440418481827,0.003237574128434062,-0.1290661245584488,12.587,28.16,96,GUIDED,True,ACTIVE,10,6
2026-09-29T18:29:02.510693,-35.3632619,149.1652371,9.991,-0.02,0.02,0.0,0.03531941771507263,0.03622065857052803,352,0.002769096288830042,0.003150607692077756,-0.12921452522277832,12.587,28.16,96,GUIDED,True,ACTIVE,10,6
2026-09-29T18:29:03.011230,-35.3632619,149.1652371,9.992,-0.02,0.02,0.0,0.033588849008083344,0.034438714385032654,352,0.0025359734427183867,0.003052182961255312,-0.12904712557792664,12.587,28.08,95,GUIDED,True,ACTIVE,10,6
2026-09-29T18:29:03.511854,-35.3632619,149.1652371,9.993,-0.02,0.02,0.0,0.030683284625411034,0.03142566233873367,352,0.0025488408282399178,0.0020563395228236914,-0.1290331333875656,12.587,28.08,95,GUIDED,True,ACTIVE,10,6
2026-09-29T18:29:04.012491,-35.3632618,149.1652373,10.021,0.17,0.18,-0.22,0.2596185505390167,0.3433266878128052,352,0.12318196892738342,-0.10861923545598984,-0.13602201640605927,12.587,31.07,95,GUIDED,True,ACTIVE,10,6
2026-09-29T18:29:04.512852,-35.3632588,149.1652405,10.266,1.19,1.02,-0.77,1.5750911235809326,1.7565847635269165,355,0.19362342357635498,-0.19784578680992126,-0.07586867362260818,12.587,33.31,95,GUIDED,True,ACTIVE,10,6
2026-09-29T18:29:05.013304,-35.3632512,149.1652482,10.795,2.15,1.82,-1.31,2.8250489234924316,3.1153199672698975,25,0.07210394740104675,-0.27855461835861206,0.45311594009399414,12.587,33.56,95,GUIDED,True,ACTIVE,10,6
2026-09-29T18:29:05.514469,-35.3632397,149.1652601,11.581,3.05,2.58,-1.8,4.00085973739624,4.388928413391113,58,-0.1003858670592308,-0.30672377347946167,1.0292119979858398,12.587,34.39,95,GUIDED,True,ACTIVE,10,6
2026-09-29T18:29:06.014827,-35.3632239,149.1652763,12.623,3.98,3.33,-2.27,5.1940202713012695,5.671815395355225,59,-0.11466695368289948,-0.3422189950942993,1.0412719249725342,12.587,35.56,95,GUIDED,True,ACTIVE,10,6
2026-09-29T18:29:06.515264,-35.3632042,149.1652965,13.831,4.84,4.04,-2.39,6.306902885437012,6.744990825653076,41,-0.0018792107002809644,-0.4291577935218811,0.7161271572113037,12.587,33.73,94,GUIDED,True,ACTIVE,10,6
2026-09-29T18:29:07.015978,-35.3631805,149.1653208,15.032,5.71,4.82,-2.28,7.484014511108398,7.824892044067383,28,0.0902693048119545,-0.49080148339271545,0.49597233533859253,12.587,34.48,94,GUIDED,True,ACTIVE,10,6
2026-09-29T18:29:07.516611,-35.3631529,149.1653494,16.182,6.59,5.56,-2.2,8.635465621948242,8.91259479522705,34,0.03194563090801239,-0.5166566967964172,0.6057062149047852,12.587,35.47,94,GUIDED,True,ACTIVE,10,6
2026-09-29T18:29:08.017252,-35.3631218,149.1653814,17.314,7.17,5.95,-2.18,9.322688102722168,9.576355934143066,44,-0.04326053336262703,-0.4704860746860504,0.7824200391769409,12.587,34.56,94,GUIDED,True,ACTIVE,10,6
2026-09-29T18:29:08.517836,-35.3630887,149.1654148,18.441,7.45,6.13,-2.17,9.652725219726562,9.894518852233887,44,-0.0260463859885931,-0.4677208364009857,0.7744500637054443,12.587,34.23,94,GUIDED,True,ACTIVE,10,6
2026-09-29T18:29:09.018826,-35.3630547,149.1654493,19.562,7.6,6.31,-2.16,9.884726524353027,10.119379043579102,38,0.019939851015806198,-0.4714920222759247,0.6654265522956848,12.587,34.31,94,GUIDED,True,ACTIVE,10,6
2026-09-29T18:29:09.519433,-35.3630202,149.1654847,20.68,7.71,6.46,-2.16,10.063389778137207,10.293355941772461,36,0.022886890918016434,-0.47251224517822266,0.6363236904144287,12.587,34.31,94,GUIDED,True,ACTIVE,10,6
2026-09-29T18:29:10.019918,-35.3629852,149.1655206,21.8,7.74,6.47,-2.17,10.100430488586426,10.33281421661377,39,-0.004616187885403633,-0.4260331094264984,0.6944085359573364,12.587,33.73,93,GUIDED,True,ACTIVE,10,6
2026-09-29T18:29:10.520574,-35.3629508,149.1655557,22.926,7.47,6.2,-2.17,9.715606689453125,9.956253051757812,41,-0.00949352327734232,-0.36782610416412354,0.7293784618377686,12.587,32.15,93,GUIDED,True,ACTIVE,10,6
2026-09-29T18:29:11.021100,-35.3629181,149.1655889,24.037,7.07,5.86,-2.14,9.189332962036133,9.436783790588379,40,0.0033304004464298487,-0.32328104972839355,0.7067002058029175,12.587,31.4,93,GUIDED,True,ACTIVE,10,6
2026-09-29T18:29:11.521651,-35.3628874,149.1656202,25.127,6.59,5.49,-2.09,8.58918571472168,8.840875625610352,38,0.008466538973152637,-0.278865247964859,0.6771406531333923,12.587,30.65,93,GUIDED,True,ACTIVE,10,6
2026-09-29T18:29:12.021828,-35.3628589,149.1656494,26.181,6.08,5.08,-1.99,7.933344841003418,8.181326866149902,38,0.003527014283463359,-0.23185685276985168,0.6793574094772339,12.587,29.74,93,GUIDED,True,ACTIVE,10,6
2026-09-29T18:29:12.522467,-35.3628326,149.1656764,27.161,5.54,4.62,-1.76,7.217062473297119,7.430912494659424,40,-0.0006821975694037974,-0.18417270481586456,0.6986304521560669,12.587,28.33,93,GUIDED,True,ACTIVE,10,6
2026-09-29T18:29:13.023003,-35.3628088,149.1657007,28.004,4.97,4.14,-1.48,6.476973056793213,6.645906448364258,40,0.00034165216493420303,-0.1347733438014984,0.7058519124984741,12.587,27.75,93,GUIDED,True,ACTIVE,10,6
2026-09-29T18:29:13.523832,-35.3627877,149.1657223,28.706,4.39,3.65,-1.2,5.716900825500488,5.843419551849365,39,0.0022040747571736574,-0.08672255277633667,0.6972912549972534,12.587,27.41,93,GUIDED,True,ACTIVE,10,6
2026-09-29T18:29:14.024690,-35.3627692,149.1657412,29.265,3.8,3.16,-0.93,4.946707725524902,5.034971714019775,39,0.001927857520058751,-0.04009770229458809,0.6885820627212524,12.587,27.25,92,GUIDED,True,ACTIVE,10,6
2026-09-29T18:29:14.525451,-35.3627533,149.1657574,29.686,3.19,2.65,-0.66,4.160894393920898,4.21384334564209,39,0.0007081624353304505,0.006005436182022095,0.6897217035293579,12.587,27.0,92,GUIDED,True,ACTIVE,10,6
2026-09-29T18:29:15.026434,-35.3627403,149.1657708,29.96,2.58,2.14,-0.37,3.363886833190918,3.3849856853485107,39,0.0014702428597956896,0.05228269100189209,0.6960023045539856,12.587,26.67,92,GUIDED,True,ACTIVE,10,6
2026-09-29T18:29:15.527082,-35.36273,149.1657812,30.072,1.94,1.61,-0.05,2.531426429748535,2.5319342613220215,40,0.002012590179219842,0.10326119512319565,0.6984786987304688,12.587,26.58,92,GUIDED,True,ACTIVE,10,6
2026-09-29T18:29:16.027437,-35.3627228,149.1657885,30.056,1.22,1.0,0.07,1.5780385732650757,1.5797210931777954,39,-0.008849343284964561,0.1873224526643753,0.6953596472740173,12.587,28.41,92,GUIDED,True,ACTIVE,10,6
2026-09-29T18:29:16.528460,-35.3627194,149.1657916,30.023,0.3,0.04,0.02,0.30749329924583435,0.3083062171936035,34,-0.06158863753080368,0.24934163689613342,0.5994145274162292,12.587,29.33,92,GUIDED,True,ACTIVE,10,6
2026-09-29T18:29:17.029087,-35.3627199,149.1657894,30.014,-0.55,-0.92,-0.01,1.0748933553695679,1.0750006437301636,11,-0.17474369704723358,0.22136205434799194,0.19525808095932007,12.587,29.33,92,GUIDED,True,ACTIVE,10,6
2026-09-29T18:29:17.529713,-35.362724,149.1657818,30.017,-1.35,-1.87,-0.02,2.310351610183716,2.3104612827301025,340,-0.2926289439201355,0.10605999827384949,-0.3383556306362152,12.587,29.41,92,GUIDED,True,ACTIVE,10,6
2026-09-29T18:29:18.030474,-35.3627316,149.165769,30.022,-2.09,-2.8,-0.01,3.5061395168304443,3.506186008453369,306,-0.339188814163208,-0.09735337644815445,-0.9383700489997864,12.587,29.66,91,GUIDED,True,ACTIVE,10,6
2026-09-29T18:29:18.531200,-35.3627427,149.165751,30.024,-2.85,-3.76,-0.01,4.725401878356934,4.725413799285889,275,-0.2656121850013733,-0.2923353314399719,-1.4811521768569946,12.587,30.07,91,GUIDED,True,ACTIVE,10,6
2026-09-29T18:29:19.031826,-35.3627571,149.1657278,30.026,-3.61,-4.66,-0.01,5.899085521697998,5.899097919464111,247,-0.1014229878783226,-0.43715041875839233,-1.9653044939041138,12.587,30.57,91,GUIDED,True,ACTIVE,10,6
2026-09-29T18:29:19.532402,-35.3627747,149.1656997,30.029,-4.26,-5.6,0.0,7.048455715179443,7.048460483551025,220,0.10674316436052322,-0.5013116598129272,-2.4348490238189697,12.587,31.24,91,GUIDED,True,ACTIVE,10,6
2026-09-29T18:29:20.032959,-35.3627951,149.1656663,30.03,-4.86,-6.49,0.0,8.116765022277832,8.116766929626465,216,0.12676134705543518,-0.5059937238693237,-2.510904312133789,12.587,31.49,91,GUIDED,True,ACTIVE,10,6
2026-09-29T18:29:20.533705,-35.3628177,149.1656291,30.034,-5.18,-6.88,-0.02,8.616676330566406,8.616722106933594,230,-0.009476675651967525,-0.4143945276737213,-2.2558910846710205,12.587,29.66,91,GUIDED,True,ACTIVE,10,6
2026-09-29T18:29:21.034569,-35.3628408,149.1655917,30.04,-5.18,-6.66,0.0,8.44731330871582,8.44731616973877,241,-0.05357680097222328,-0.3634454309940338,-2.0643856525421143,12.587,28.66,91,GUIDED,True,ACTIVE,10,6
2026-09-29T18:29:21.535168,-35.3628636,149.1655556,30.036,-5.03,-6.41,0.0,8.160968780517578,8.160970687866211,238,-0.011731907725334167,-0.3276822566986084,-2.121790885925293,12.587,28.41,91,GUIDED,True,ACTIVE,10,6
2026-09-29T18:29:22.035820,-35.3628854,149.1655209,30.029,-4.72,-6.14,0.0,7.753554344177246,7.753554344177246,229,0.02469327487051487,-0.2817899286746979,-2.2700955867767334,12.587,28.25,90,GUIDED,True,ACTIVE,10,6
2026-09-29T18:29:22.536349,-35.3629057,149.1654878,30.025,-4.36,-5.78,0.0,7.24141788482666,7.24141788482666,227,0.012957052327692509,-0.22461934387683868,-2.3041536808013916,12.587,28.0,90,GUIDED,True,ACTIVE,10,6
2026-09-29T18:29:23.036826,-35.3629244,149.1654572,30.021,-3.98,-5.26,0.0,6.6041083335876465,6.604107856750488,232,-0.008130224421620369,-0.16342005133628845,-2.2265779972076416,12.587,27.91,90,GUIDED,True,ACTIVE,10,6
2026-09-29T18:29:23.537618,-35.3629413,149.1654296,30.017,-3.57,-4.66,0.0,5.877440452575684,5.877439975738525,235,-0.007736486382782459,-0.10022192448377609,-2.1682116985321045,12.587,27.91,90,GUIDED,True,ACTIVE,10,6
2026-09-29T18:29:24.038435,-35.3629563,149.1654055,30.016,-3.11,-4.02,0.0,5.086277008056641,5.086278438568115,234,-0.00018339707457926124,-0.042260438203811646,-2.1887292861938477,12.587,28.0,90,GUIDED,True,ACTIVE,10,6
2026-09-29T18:29:24.538885,-35.362969,149.1653851,30.017,-2.6,-3.36,0.0,4.254816055297852,4.254819393157959,231,0.00013150340237189084,0.010520181618630886,-2.2361483573913574,12.587,28.16,90,GUIDED,True,ACTIVE,10,6
2026-09-29T18:29:25.039416,-35.3629795,149.1653682,30.019,-2.06,-2.68,0.0,3.3887665271759033,3.3887734413146973,231,-0.0029024463146924973,0.05969299003481865,-2.246278762817383,12.587,28.16,90,GUIDED,True,ACTIVE,10,6
2026-09-29T18:29:25.539822,-35.3629875,149.1653553,30.023,-1.52,-1.96,0.0,2.488293409347534,2.4883029460906982,232,-0.001097905682399869,0.11014675348997116,-2.220571756362915,12.587,28.25,90,GUIDED,True,ACTIVE,10,6
2026-09-29T18:29:26.040535,-35.362993,149.1653466,30.026,-0.95,-1.15,0.0,1.4935762882232666,1.4935836791992188,233,-0.05639364942908287,0.1808370053768158,-2.2062857151031494,12.587,28.49,90,GUIDED,True,ACTIVE,10,6
2026-09-29T18:29:26.540841,-35.3629968,149.1653437,30.028,-0.85,0.15,0.0,0.8667724132537842,0.8667842745780945,218,-0.2324126958847046,0.14630122482776642,-2.46765398979187,12.587,29.16,89,GUIDED,True,ACTIVE,10,6
2026-09-29T18:29:27.041426,-35.3630008,149.1653479,30.03,-0.97,1.44,0.0,1.7460390329360962,1.7460404634475708,180,-0.2916998267173767,-0.06173165142536163,-3.1289219856262207,12.587,29.24,89,GUIDED,True,ACTIVE,10,6
2026-09-29T18:29:27.542023,-35.3630056,149.1653592,30.03,-1.2,2.66,0.0,2.9271128177642822,2.927112579345703,135,-0.15631103515625,-0.29043519496917725,2.360197067260742,12.587,29.57,89,GUIDED,True,ACTIVE,10,6
2026-09-29T18:29:28.042836,-35.3630116,149.1653771,30.03,-1.51,3.8,0.0,4.094491481781006,4.094491958618164,99,0.05862503498792648,-0.3704186975955963,1.7367353439331055,12.587,29.82,89,GUIDED,True,ACTIVE,10,6
2026-09-29T18:29:28.543295,-35.3630192,149.1654011,30.029,-1.9,4.93,0.0,5.285058975219727,5.285058975219727,88,0.14042742550373077,-0.40201258659362793,1.5521206855773926,12.587,30.32,89,GUIDED,True,ACTIVE,10,6
2026-09-29T18:29:29.043839,-35.3630286,149.1654315,30.028,-2.3,6.04,0.0,6.4657721519470215,6.46577262878418,102,0.05298864096403122,-0.48001787066459656,1.7859092950820923,12.587,30.9,89,GUIDED,True,ACTIVE,10,6
2026-09-29T18:29:29.544255,-35.3630397,149.165468,30.027,-2.63,7.12,0.0,7.598300933837891,7.598302364349365,119,-0.079640232026577,-0.5144258737564087,2.09224271774292,12.587,31.49,89,GUIDED,True,ACTIVE,10,6
2026-09-29T18:29:30.044815,-35.3630522,149.16551,30.027,-2.9,7.98,0.0,8.494722366333008,8.49472427368164,120,-0.06379944831132889,-0.5133485198020935,2.1016998291015625,12.587,31.32,89,GUIDED,True,ACTIVE,10,6
2026-09-29T18:29:30.545366,-35.3630657,149.1655551,30.034,-3.05,8.21,-0.02,8.764577865600586,8.764604568481445,109,0.028157757595181465,-0.41066357493400574,1.9160314798355103,12.587,29.24,88,GUIDED,True,ACTIVE,10,6
2026-09-29T18:29:31.045825,-35.3630796,149.1656002,30.038,-3.08,8.0,0.0,8.58264446258545,8.582645416259766,104,0.03732169419527054,-0.3708461821079254,1.8271187543869019,12.587,28.74,88,GUIDED,True,ACTIVE,10,6
2026-09-29T18:29:31.546100,-35.3630934,149.1656436,30.037,-2.99,7.73,0.0,8.293729782104492,8.293731689453125,109,-0.0006602646899409592,-0.3410622179508209,1.902598261833191,12.587,28.49,88,GUIDED,True,ACTIVE,10,6
2026-09-29T18:29:32.046822,-35.3631065,149.1656853,30.035,-2.79,7.39,0.0,7.902918815612793,7.902920722961426,114,-0.019730202853679657,-0.29436084628105164,1.9925814867019653,12.587,28.25,88,GUIDED,True,ACTIVE,10,6
2026-09-29T18:29:32.547383,-35.3631187,149.1657248,30.034,-2.57,6.93,0.0,7.395070552825928,7.395073890686035,113,-0.005966618191450834,-0.2374766618013382,1.985716700553894,12.587,28.0,88,GUIDED,True,ACTIVE,10,6
2026-09-29T18:29:33.047827,-35.36313,149.1657615,30.033,-2.37,6.33,0.0,6.765322208404541,6.765329360961914,110,0.005498691461980343,-0.17407360672950745,1.9257806539535522,12.587,27.91,88,GUIDED,True,ACTIVE,10,6
2026-09-29T18:29:33.548539,-35.3631404,149.1657948,30.031,-2.13,5.64,0.01,6.039833068847656,6.039843559265137,108,0.0018445183522999287,-0.11154496669769287,1.9015028476715088,12.587,27.91,88,GUIDED,True,ACTIVE,10,6
2026-09-29T18:29:34.049052,-35.3631496,149.165824,30.03,-1.85,4.9,0.01,5.247771739959717,5.247780799865723,110,-0.003508820431306958,-0.05121149495244026,1.9277739524841309,12.587,28.0,88,GUIDED,True,ACTIVE,10,6
2026-09-29T18:29:34.549890,-35.3631574,149.1658491,30.03,-1.54,4.13,0.0,4.415630340576172,4.415637016296387,112,-0.0016553424065932631,0.0020497238729149103,1.9558658599853516,12.587,28.08,87,GUIDED,True,ACTIVE,10,6
2026-09-29T18:29:35.050697,-35.3631638,149.1658699,30.033,-1.23,3.33,0.0,3.5593156814575195,3.5593199729919434,111,7.856304728193209e-05,0.050438690930604935,1.9525665044784546,12.587,28.16,87,GUIDED,True,ACTIVE,10,6
2026-09-29T18:29:35.551330,-35.3631688,149.1658861,30.036,-0.92,2.5,0.0,2.6732118129730225,2.6732184886932373,110,-0.0009069227380678058,0.09774157404899597,1.932837963104248,12.587,28.25,87,GUIDED,True,ACTIVE,10,6
2026-09-29T18:29:36.052406,-35.3631723,149.1658976,30.039,-0.58,1.61,0.0,1.7230455875396729,1.7230629920959473,110,-0.0021624539513140917,0.1526249647140503,1.9255062341690063,12.587,28.41,87,GUIDED,True,ACTIVE,10,6
2026-09-29T18:29:36.553281,-35.3631742,149.1659041,30.039,-0.26,0.75,0.0,0.796276330947876,0.7963047623634338,110,0.0001356738939648494,0.14440394937992096,1.93496835231781,12.587,28.41,87,GUIDED,True,ACTIVE,10,6
2026-09-29T18:29:37.053824,-35.3631749,149.1659066,30.038,-0.04,0.15,0.0,0.15681175887584686,0.1569857895374298,111,0.0014096923405304551,0.09551403671503067,1.9441527128219604,12.587,28.25,87,GUIDED,True,ACTIVE,10,6
2026-09-29T18:29:37.554418,-35.3631748,149.1659065,30.038,0.07,-0.16,0.0,0.1774735003709793,0.17764803767204285,111,0.0011173826642334461,0.048964399844408035,1.9426249265670776,12.587,28.08,87,GUIDED,True,ACTIVE,10,6
2026-09-29T18:29:38.054831,-35.3631745,149.1659054,30.037,0.1,-0.27,0.0,0.29372474551200867,0.29381901025772095,110,0.0017004221444949508,0.01837877742946148,1.935943603515625,12.587,28.08,87,GUIDED,True,ACTIVE,10,6
2026-09-29T18:29:38.555609,-35.363174,149.165904,30.036,0.09,-0.27,0.0,0.29436081647872925,0.294441819190979,110,0.0018053255043923855,0.0028856468852609396,1.933582067489624,12.587,28.08,86,GUIDED,True,ACTIVE,10,6
2026-09-29T18:29:39.055927,-35.3631735,149.1659027,30.035,0.07,-0.23,0.0,0.24734355509281158,0.24742279946804047,110,0.0026923385448753834,-0.0038548700977116823,1.9363296031951904,12.587,28.08,86,GUIDED,True,ACTIVE,10,6
2026-09-29T18:29:39.556755,-35.363173,149.1659016,30.034,0.04,-0.18,0.0,0.19269494712352753,0.19275979697704315,111,0.0036138794384896755,-0.004326575435698032,1.9390497207641602,12.587,28.08,86,GUIDED,True,ACTIVE,10,6
2026-09-29T18:29:40.057107,-35.3631727,149.1659009,30.034,0.02,-0.14,0.0,0.14674456417560577,0.1468208283185959,111,0.003896249458193779,-0.003314029425382614,1.9386438131332397,12.587,28.08,86,GUIDED,True,ACTIVE,10,6
2026-09-29T18:29:40.558440,-35.3631725,149.1659003,30.033,0.0,-0.11,0.0,0.11389956623315811,0.11397017538547516,110,0.004075343254953623,-0.0016683704452589154,1.9364840984344482,12.587,28.08,86,GUIDED,True,ACTIVE,10,6
2026-09-29T18:29:41.059223,-35.3631723,149.1659,30.031,0.0,-0.09,0.0,0.09348896890878677,0.09352606534957886,110,0.004039900377392769,-0.0001849158579716459,1.9365341663360596,12.587,28.08,86,GUIDED,True,ACTIVE,10,6
2026-09-29T18:29:41.559823,-35.3631723,149.1658997,30.031,-0.01,-0.07,0.0,0.08101809024810791,0.08103838562965393,111,0.003102322341874242,0.0006867389311082661,1.93755304813385,12.587,28.08,86,GUIDED,True,ACTIVE,10,6
2026-09-29T18:29:42.060827,-35.3631722,149.1658995,30.03,-0.02,-0.06,0.0,0.07171335071325302,0.07172057777643204,110,0.002826738404110074,0.0015504215843975544,1.9372022151947021,12.587,28.08,86,GUIDED,True,ACTIVE,10,6
2026-09-29T18:29:42.561528,-35.3631722,149.1658993,30.03,-0.02,-0.05,0.0,0.065190888941288,0.0651974305510521,110,0.00210183160379529,0.001978473272174597,1.9367830753326416,12.587,28.08,86,GUIDED,True,ACTIVE,10,6
2026-09-29T18:29:43.061932,-35.3631722,149.1658992,30.029,-0.02,-0.05,0.0,0.059864357113838196,0.059864744544029236,110,0.0019704897422343493,0.002645226428285241,1.9372013807296753,12.587,28.08,85,GUIDED,True,ACTIVE,10,6
2026-09-29T18:29:43.562937,-35.3631722,149.1658991,30.029,-0.02,-0.05,0.0,0.05577855184674263,0.05577859282493591,110,0.0017109820619225502,0.0028725406154990196,1.9371706247329712,12.587,28.08,85,GUIDED,True,ACTIVE,10,6
2026-09-29T18:29:44.063631,-35.3631722,149.1658991,30.029,-0.01,-0.04,0.0,0.05308055877685547,0.053082216531038284,110,0.0017248564399778843,0.0029836674220860004,1.9369502067565918,12.587,28.08,85,GUIDED,True,ACTIVE,10,6
2026-09-29T18:29:44.564688,-35.3631722,149.165899,30.029,-0.01,-0.04,0.0,0.05072920396924019,0.050733424723148346,110,0.0015903788153082132,0.0029519926756620407,1.937131404876709,12.587,28.08,85,GUIDED,True,ACTIVE,10,6
2026-09-29T18:29:45.065640,-35.3631722,149.165899,30.029,-0.01,-0.04,0.0,0.048409342765808105,0.048412587493658066,110,0.0017378183547407389,0.002945633139461279,1.9371623992919922,12.587,28.08,85,GUIDED,True,ACTIVE,10,6
2026-09-29T18:29:45.565965,-35.3631722,149.1658989,30.028,-0.01,-0.04,0.0,0.046251699328422546,0.04626240208745003,110,0.001098194974474609,0.0024850498884916306,1.9369983673095703,12.587,28.08,85,GUIDED,True,ACTIVE,10,6
2026-09-29T18:29:46.067245,-35.3631722,149.1658989,30.028,-0.01,-0.04,0.0,0.04246695712208748,0.04248744621872902,110,0.0009167564567178488,0.0025781576987355947,1.9371291399002075,12.587,28.08,85,GUIDED,True,ACTIVE,10,6
2026-09-29T18:29:46.568840,-35.3631722,149.1658988,30.027,-0.01,-0.03,0.0,0.039324674755334854,0.039364591240882874,110,0.0010164498817175627,0.0026102610863745213,1.9370535612106323,12.587,28.08,85,GUIDED,True,ACTIVE,10,6
2026-09-29T18:29:47.069350,-35.3631722,149.1658988,30.027,0.0,-0.03,0.0,0.03725723922252655,0.03730982169508934,110,0.0014245299389585853,0.002842699410393834,1.9370418787002563,12.587,28.08,84,GUIDED,True,ACTIVE,10,6
2026-09-29T18:29:47.569829,-35.3631722,149.1658988,30.027,0.0,-0.03,0.0,0.03677835687994957,0.03682650625705719,110,0.0010696082608774304,0.002993368310853839,1.937010645866394,12.587,28.08,84,GUIDED,True,ACTIVE,10,6
2026-09-29T18:29:48.070106,-35.3631722,149.1658988,30.027,0.0,-0.03,0.0,0.0362684540450573,0.036318589001894,110,0.0010241009294986725,0.0031984117813408375,1.937140941619873,12.587,28.08,84,GUIDED,True,ACTIVE,10,6
2026-09-29T18:29:48.570954,-35.3631722,149.1658988,30.027,0.0,-0.03,0.0,0.035684119910001755,0.035732369869947433,110,0.0008748449617996812,0.002664838917553425,1.9371304512023926,12.587,28.08,84,GUIDED,True,ACTIVE,10,6
2026-09-29T18:29:49.071590,-35.3631722,149.1658987,30.027,0.0,-0.03,0.0,0.034320756793022156,0.034370291978120804,110,0.00106123520527035,0.0025465642102062702,1.9371520280838013,12.587,28.08,84,GUIDED,True,ACTIVE,10,6
2026-09-29T18:29:49.572070,-35.3631722,149.1658987,30.027,0.0,-0.03,0.0,0.032682981342077255,0.03273617476224899,110,0.0011517065577208996,0.0024089671205729246,1.9372409582138062,12.587,28.08,84,GUIDED,True,ACTIVE,10,6
2026-09-29T18:29:50.072382,-35.3631722,149.1658987,30.027,0.0,-0.03,0.0,0.03125090152025223,0.03130790591239929,110,0.0011379568604752421,0.0022007767111063004,1.9370085000991821,12.587,28.08,84,GUIDED,True,ACTIVE,10,6
2026-09-29T18:29:50.572823,-35.3631722,149.1658987,30.027,0.0,-0.02,0.0,0.02978292666375637,0.029860969632864,110,0.0011800205102190375,0.0022514858283102512,1.936944603919983,12.587,28.08,84,GUIDED,True,ACTIVE,10,6
2026-09-29T18:29:51.073582,-35.3631722,149.1658987,30.026,0.0,-0.02,0.0,0.028998244553804398,0.029108459129929543,110,0.0010887455428019166,0.002524164505302906,1.9371131658554077,12.587,28.08,84,GUIDED,True,ACTIVE,10,6
2026-09-29T18:29:51.574440,-35.3631722,149.1658987,30.026,0.0,-0.02,0.0,0.028767716139554977,0.028916863724589348,110,0.0013141128001734614,0.002471494721248746,1.937119483947754,12.587,28.08,83,GUIDED,True,ACTIVE,10,6
2026-09-29T18:29:52.075216,-35.3631722,149.1658987,30.026,0.0,-0.02,0.0,0.029175907373428345,0.02932165190577507,110,0.0016271857311949134,0.0022593762259930372,1.936918020248413,12.587,28.08,83,GUIDED,True,ACTIVE,10,6
2026-09-29T18:29:52.575826,-35.3631722,149.1658987,30.026,0.0,-0.02,0.0,0.02936520427465439,0.029515881091356277,110,0.0016584021504968405,0.0022368845529854298,1.9370437860488892,12.587,28.08,83,GUIDED,True,ACTIVE,10,6
2026-09-29T18:29:53.076161,-35.3631722,149.1658987,30.026,-0.01,-0.02,0.0,0.0296394731849432,0.029796447604894638,110,0.0015782293630763888,0.002368847606703639,1.937046766281128,12.587,28.08,83,GUIDED,True,ACTIVE,10,6
2026-09-29T18:29:53.576825,-35.3631722,149.1658987,30.026,-0.01,-0.02,0.0,0.029900185763835907,0.030029822140932083,110,0.0013748666970059276,0.0023500961251556873,1.9368469715118408,12.587,28.08,83,GUIDED,True,ACTIVE,10,6
2026-09-29T18:29:54.077465,-35.3631722,149.1658987,30.026,-0.01,-0.02,0.0,0.029750049114227295,0.029914215207099915,110,0.0014043826377019286,0.0024641049094498158,1.9369863271713257,12.587,28.08,83,GUIDED,True,ACTIVE,10,6
2026-09-29T18:29:54.577945,-35.3631722,149.1658987,30.026,-0.01,-0.02,0.0,0.029710305854678154,0.029876716434955597,110,0.0013788710348308086,0.0024478707928210497,1.937056303024292,12.587,28.08,83,GUIDED,True,ACTIVE,10,6
2026-09-29T18:29:55.078593,-35.3631722,149.1658987,30.026,-0.01,-0.02,0.0,0.029676612466573715,0.02981620281934738,110,0.0013836578000336885,0.0024067608173936605,1.9368938207626343,12.587,28.08,83,GUIDED,True,ACTIVE,10,6
2026-09-29T18:29:55.579240,-35.3631722,149.1658987,30.027,-0.01,-0.02,0.0,0.029538435861468315,0.029669683426618576,110,0.0013566619018092752,0.002384492428973317,1.9369995594024658,12.587,28.08,82,GUIDED,True,ACTIVE,10,6
2026-09-29T18:29:56.079823,-35.3631722,149.1658987,30.027,-0.01,-0.02,0.0,0.029599521309137344,0.029674088582396507,110,0.00138973502907902,0.0025029273238033056,1.9368454217910767,12.587,28.08,82,GUIDED,True,ACTIVE,10,6
2026-09-29T18:29:56.580467,-35.3631722,149.1658987,30.028,0.0,-0.02,0.0,0.029333297163248062,0.029391543939709663,110,0.001263550017029047,0.00236976589076221,1.9368737936019897,12.587,28.08,82,GUIDED,True,ACTIVE,10,6
2026-09-29T18:29:57.081188,-35.3631722,149.1658987,30.028,0.0,-0.02,0.0,0.029430978000164032,0.029474681243300438,110,0.001467682421207428,0.002420455450192094,1.9368572235107422,12.587,28.08,82,GUIDED,True,ACTIVE,10,6
2026-09-29T18:29:57.581819,-35.3631722,149.1658987,30.028,0.0,-0.02,0.0,0.02932930365204811,0.029364487156271935,110,0.0013266971800476313,0.00244006235152483,1.9367603063583374,12.587,28.08,82,GUIDED,True,ACTIVE,10,6
2026-09-29T18:29:58.082429,-35.3631722,149.1658987,30.028,0.0,-0.02,0.0,0.029670706018805504,0.029691969975829124,110,0.0013569735456258059,0.0024346234276890755,1.936911940574646,12.587,28.08,82,GUIDED,True,ACTIVE,10,6
2026-09-29T18:29:58.582816,-35.3631722,149.1658987,30.028,0.0,-0.02,0.0,0.029154963791370392,0.029175199568271637,110,0.0013638410018756986,0.002285410650074482,1.9368605613708496,12.587,28.08,82,GUIDED,True,ACTIVE,10,6
2026-09-29T18:29:59.083452,-35.3631722,149.1658987,30.028,0.0,-0.02,0.0,0.028882889077067375,0.02890114299952984,110,0.0014081777771934867,0.0023478171788156033,1.9367995262145996,12.587,28.08,82,GUIDED,True,ACTIVE,10,6
2026-09-29T18:29:59.583960,-35.3631722,149.1658987,30.028,0.0,-0.02,0.0,0.028709495440125465,0.028752436861395836,110,0.0014501310652121902,0.002341883024200797,1.9368810653686523,12.587,28.08,82,GUIDED,True,ACTIVE,10,6
2026-09-29T18:30:00.084312,-35.3631722,149.1658987,30.027,0.0,-0.02,0.0,0.028897734358906746,0.028966328129172325,110,0.0013881813501939178,0.002426142105832696,1.937024474143982,12.587,28.08,81,GUIDED,True,ACTIVE,10,6
2026-09-29T18:30:00.584833,-35.3631722,149.1658987,30.027,0.0,-0.02,0.0,0.028858575969934464,0.028935996815562248,110,0.0013844574568793178,0.0023552863858640194,1.9369474649429321,12.587,28.08,81,GUIDED,True,ACTIVE,10,6
2026-09-29T18:30:01.085491,-35.3631722,149.1658987,30.027,0.0,-0.02,0.0,0.028887391090393066,0.028991803526878357,110,0.001435355981811881,0.0023924189154058695,1.9369769096374512,12.587,28.08,81,GUIDED,True,ACTIVE,10,6
2026-09-29T18:30:01.586052,-35.3631722,149.1658987,30.027,0.0,-0.02,0.0,0.028958836570382118,0.02906215749680996,110,0.0008813287131488323,0.002315593184903264,1.9368680715560913,12.587,28.08,81,GUIDED,True,ACTIVE,10,6
2026-09-29T18:30:02.086721,-35.3631722,149.1658986,30.028,0.0,-0.02,0.0,0.027218680828809738,0.027292322367429733,110,0.0005693967686966062,0.0017844309331849217,1.9368242025375366,12.587,28.08,81,GUIDED,True,ACTIVE,10,6
2026-09-29T18:30:02.587465,-35.3631722,149.1658986,30.028,0.0,-0.02,0.0,0.024149617180228233,0.02418162114918232,110,0.0006372933275997639,0.0016551702283322811,1.9369527101516724,12.587,28.08,81,GUIDED,True,ACTIVE,10,6
2026-09-29T18:30:03.087893,-35.3631722,149.1658986,30.028,0.0,-0.02,0.0,0.021912988275289536,0.021940764039754868,110,0.0010628611780703068,0.0018992419354617596,1.9368469715118408,12.587,28.08,81,GUIDED,True,ACTIVE,10,6
2026-09-29T18:30:03.589016,-35.3631722,149.1658986,30.028,0.0,-0.02,0.0,0.02123934216797352,0.02126470021903515,110,0.0011311599519103765,0.0020977105014026165,1.9366861581802368,12.587,28.08,81,GUIDED,True,ACTIVE,10,6
2026-09-29T18:30:04.089850,-35.3631722,149.1658986,30.029,0.0,-0.02,0.0,0.0216929093003273,0.02171381562948227,110,0.0014857521746307611,0.002585102804005146,1.9369056224822998,12.587,28.08,80,GUIDED,True,ACTIVE,10,6
2026-09-29T18:30:04.590521,-35.3631722,149.1658986,30.029,0.0,-0.02,0.0,0.024374157190322876,0.02439102530479431,110,0.0014836331829428673,0.0029893347527831793,1.9369518756866455,12.587,28.08,80,GUIDED,True,ACTIVE,10,6
2026-09-29T18:30:05.091315,-35.3631722,149.1658986,30.029,0.0,-0.02,0.0,0.027156125754117966,0.027160268276929855,110,0.001411000033840537,0.0029645368922501802,1.9367958307266235,12.587,28.08,80,GUIDED,True,ACTIVE,10,6
2026-09-29T18:30:05.591830,-35.3631722,149.1658986,30.029,0.0,-0.02,0.0,0.029249563813209534,0.029260272160172462,110,0.0015099936863407493,0.0028692178893834352,1.9368007183074951,12.587,28.08,80,GUIDED,True,ACTIVE,10,6
2026-09-29T18:30:06.092671,-35.3631722,149.1658987,30.029,0.0,-0.03,0.0,0.030946137383580208,0.03095465525984764,110,0.0018754940247163177,0.002682408783584833,1.9368276596069336,12.587,28.08,80,GUIDED,True,ACTIVE,10,6
2026-09-29T18:30:06.593684,-35.3631722,149.1658987,30.029,0.0,-0.03,0.0,0.03220878913998604,0.03221331164240837,110,0.0019276298116892576,0.002471757587045431,1.9367001056671143,12.587,28.08,80,GUIDED,True,ACTIVE,10,6
2026-09-29T18:30:07.094354,-35.3631722,149.1658987,30.029,-0.01,-0.03,0.0,0.03280762583017349,0.032812055200338364,110,0.0017456233035773039,0.0024403203278779984,1.936745285987854,12.587,28.08,80,GUIDED,True,ACTIVE,10,6
2026-09-29T18:30:07.594945,-35.3631722,149.1658987,30.029,-0.01,-0.03,0.0,0.03234436362981796,0.032349541783332825,110,0.0015361974947154522,0.0023174185771495104,1.9369847774505615,12.587,28.08,80,GUIDED,True,ACTIVE,10,6
2026-09-29T18:30:08.095353,-35.3631722,149.1658987,30.029,-0.01,-0.02,0.0,0.0315716490149498,0.031579647213220596,110,0.0014062848640605807,0.0022477139718830585,1.936848759651184,12.587,28.08,80,GUIDED,True,ACTIVE,10,6
2026-09-29T18:30:08.595823,-35.3631722,149.1658987,30.029,-0.01,-0.02,0.0,0.0302952341735363,0.03030087985098362,110,0.001286428770981729,0.0019781740847975016,1.9367306232452393,12.587,28.08,79,GUIDED,True,ACTIVE,10,6
2026-09-29T18:30:09.096276,-35.3631722,149.1658987,30.029,0.0,-0.02,0.0,0.028739387169480324,0.028749041259288788,110,0.0013287531910464168,0.0021087503992021084,1.9368904829025269,12.587,28.08,79,GUIDED,True,ACTIVE,10,6
2026-09-29T18:30:09.596944,-35.3631722,149.1658987,30.029,0.0,-0.02,0.0,0.027850111946463585,0.02785700187087059,110,0.001351064071059227,0.0022383106406778097,1.9368354082107544,12.587,28.08,79,GUIDED,True,ACTIVE,10,6
2026-09-29T18:30:10.097668,-35.3631722,149.1658986,30.029,0.0,-0.02,0.0,0.02713044546544552,0.02713824063539505,110,0.0011886669090017676,0.0018048984929919243,1.9368146657943726,12.587,28.08,79,GUIDED,True,ACTIVE,10,6
2026-09-29T18:30:10.598078,-35.3631722,149.1658986,30.029,0.0,-0.02,0.0,0.024758314713835716,0.024764567613601685,110,0.0010681388666853309,0.001458977349102497,1.9367212057113647,12.587,28.08,79,GUIDED,True,ACTIVE,10,6
2026-09-29T18:30:11.098827,-35.3631722,149.1658986,30.029,0.0,-0.02,0.0,0.0230108555406332,0.023016223683953285,110,0.0012235825415700674,0.001619730144739151,1.9368131160736084,12.587,28.08,79,GUIDED,True,ACTIVE,10,6
2026-09-29T18:30:11.599381,-35.3631722,149.1658986,30.029,0.0,-0.02,0.0,0.02228485606610775,0.02229752205312252,110,0.0013319741701707244,0.0019059893675148487,1.9369139671325684,12.587,28.08,79,GUIDED,True,ACTIVE,10,6
2026-09-29T18:30:12.100011,-35.3631722,149.1658986,30.029,0.0,-0.02,0.0,0.022254252806305885,0.022263698279857635,110,0.001419359934516251,0.0020891486201435328,1.9367905855178833,12.587,28.08,79,GUIDED,True,ACTIVE,10,6
2026-09-29T18:30:12.600741,-35.3631722,149.1658986,30.029,0.0,-0.02,0.0,0.0226126778870821,0.02262129634618759,110,0.0015283831162378192,0.0022468003444373608,1.9367539882659912,12.587,28.08,78,GUIDED,True,ACTIVE,10,6
2026-09-29T18:30:13.101071,-35.3631722,149.1658986,30.029,0.0,-0.02,0.0,0.02440822683274746,0.02441900223493576,110,0.0016735474346205592,0.002829644363373518,1.936802864074707,12.587,28.08,78,GUIDED,True,ACTIVE,10,6
2026-09-29T18:30:13.601915,-35.3631722,149.1658986,30.029,0.0,-0.02,0.0,0.026975374668836594,0.026982678100466728,110,0.0015717074275016785,0.002792724873870611,1.9368274211883545,12.587,28.08,78,GUIDED,True,ACTIVE,10,6
2026-09-29T18:30:14.102312,-35.3631722,149.1658986,30.029,0.0,-0.02,0.0,0.02878694236278534,0.028793497011065483,110,0.001260661636479199,0.002784832613542676,1.9367470741271973,12.587,28.08,78,GUIDED,True,ACTIVE,10,6
2026-09-29T18:30:14.602834,-35.3631722,149.1658986,30.029,0.0,-0.02,0.0,0.02917039766907692,0.02918059006333351,110,0.0009605949744582176,0.0025847472716122866,1.9367908239364624,12.587,28.08,78,GUIDED,True,ACTIVE,10,6
2026-09-29T18:30:15.103488,-35.3631722,149.1658986,30.029,0.0,-0.02,0.0,0.028836267068982124,0.02883879467844963,110,0.0010446165688335896,0.002588049042969942,1.936819314956665,12.587,28.08,78,GUIDED,True,ACTIVE,10,6
2026-09-29T18:30:15.604451,-35.3631722,149.1658986,30.029,0.0,-0.02,0.0,0.028589114546775818,0.028597835451364517,110,0.001194256590679288,0.0023874801117926836,1.9367269277572632,12.587,28.08,78,GUIDED,True,ACTIVE,10,6
2026-09-29T18:30:16.105019,-35.3631722,149.1658986,30.029,0.0,-0.02,0.0,0.028157731518149376,0.02816462516784668,110,0.0013540538493543863,0.002342360094189644,1.9368144273757935,12.587,28.08,78,GUIDED,True,ACTIVE,10,6
2026-09-29T18:30:16.605650,-35.3631722,149.1658986,30.029,0.0,-0.02,0.0,0.02778784930706024,0.027797749266028404,110,0.001398663967847824,0.002268532058224082,1.9368555545806885,12.587,28.08,77,GUIDED,True,ACTIVE,10,6
2026-09-29T18:30:17.106449,-35.3631722,149.1658986,30.029,0.0,-0.02,0.0,0.027652308344841003,0.02766040712594986,110,0.0014044345589354634,0.0023270545061677694,1.9367005825042725,12.587,28.08,77,GUIDED,True,ACTIVE,10,6
2026-09-29T18:30:17.606951,-35.3631722,149.1658986,30.029,0.0,-0.02,0.0,0.027515096589922905,0.027521081268787384,110,0.0013426820514723659,0.002328424481675029,1.9368458986282349,12.587,28.08,77,GUIDED,True,ACTIVE,10,6
2026-09-29T18:30:18.107632,-35.3631722,149.1658986,30.029,0.0,-0.02,0.0,0.027364114299416542,0.02737174555659294,110,0.0013726084725931287,0.002363592851907015,1.9369394779205322,12.587,28.08,77,GUIDED,True,ACTIVE,10,6
2026-09-29T18:30:18.608041,-35.3631722,149.1658986,30.029,0.0,-0.02,0.0,0.027403349056839943,0.02741028368473053,110,0.0015134131535887718,0.002311576623469591,1.9368246793746948,12.587,28.08,77,GUIDED,True,ACTIVE,10,6
2026-09-29T18:30:19.108334,-35.3631722,149.1658986,30.029,0.0,-0.02,0.0,0.02767883613705635,0.027684764936566353,110,0.0017735419096425176,0.0021472249645739794,1.9367609024047852,12.587,28.08,77,GUIDED,True,ACTIVE,10,6
2026-09-29T18:30:19.608890,-35.3631722,149.1658986,30.029,0.0,-0.02,0.0,0.027861444279551506,0.027869563549757004,110,0.0017761513590812683,0.0021270548459142447,1.9368364810943604,12.587,28.08,77,GUIDED,True,ACTIVE,10,6
2026-09-29T18:30:20.109615,-35.3631722,149.1658986,30.029,-0.01,-0.02,0.0,0.028215695172548294,0.028220301494002342,110,0.0016717776888981462,0.002329558366909623,1.9368277788162231,12.587,28.08,77,GUIDED,True,ACTIVE,10,6
2026-09-29T18:30:20.610256,-35.3631722,149.1658986,30.029,-0.01,-0.02,0.0,0.02845844067633152,0.028466245159506798,110,0.0016418235609307885,0.002340917708352208,1.9368454217910767,12.587,28.08,77,GUIDED,True,ACTIVE,10,6
2026-09-29T18:30:21.111021,-35.3631722,149.1658986,30.029,-0.01,-0.02,0.0,0.028485076501965523,0.028489932417869568,110,0.0015486502088606358,0.0022123020607978106,1.9368362426757812,12.587,28.08,76,GUIDED,True,ACTIVE,10,6
2026-09-29T18:30:21.611738,-35.3631722,149.1658986,30.029,-0.01,-0.02,0.0,0.02817120961844921,0.028177272528409958,110,0.0013970053987577558,0.0022175561171025038,1.9366685152053833,12.587,28.08,76,GUIDED,True,ACTIVE,10,6
2026-09-29T18:30:22.112525,-35.3631722,149.1658986,30.029,-0.01,-0.02,0.0,0.028251536190509796,0.028258737176656723,110,0.001445885980501771,0.002332001691684127,1.9367395639419556,12.587,28.08,76,GUIDED,True,ACTIVE,10,6
2026-09-29T18:30:22.613155,-35.3631722,149.1658986,30.029,0.0,-0.02,0.0,0.02756483294069767,0.027570664882659912,110,0.0011960203992202878,0.001666838419623673,1.9369803667068481,12.587,28.08,76,GUIDED,True,ACTIVE,10,6
2026-09-29T18:30:23.113834,-35.3631722,149.1658986,30.029,0.0,-0.02,0.0,0.02480229362845421,0.024809904396533966,110,0.0012596152955666184,0.001487980131059885,1.9368188381195068,12.587,28.08,76,GUIDED,True,ACTIVE,10,6
2026-09-29T18:30:23.614630,-35.3631722,149.1658986,30.029,0.0,-0.02,0.0,0.022770840674638748,0.022780772298574448,110,0.001311193685978651,0.001575083239004016,1.9367016553878784,12.587,28.08,76,GUIDED,True,ACTIVE,10,6
2026-09-29T18:30:24.115450,-35.3631722,149.1658986,30.029,0.0,-0.01,0.0,0.021902939304709435,0.021909968927502632,110,0.0014362467918545008,0.0019623746629804373,1.9367692470550537,12.587,28.08,76,GUIDED,True,ACTIVE,10,6
2026-09-29T18:30:24.616649,-35.3631722,149.1658986,30.029,0.0,-0.01,0.0,0.022139225155115128,0.022148752585053444,110,0.001358159352093935,0.0020733573473989964,1.936855435371399,12.587,28.08,76,GUIDED,True,ACTIVE,10,6
2026-09-29T18:30:25.117243,-35.3631722,149.1658986,30.029,0.0,-0.02,0.0,0.022599970921874046,0.02260860987007618,110,0.0016163036925718188,0.0025529901031404734,1.9368324279785156,12.587,28.08,75,GUIDED,True,ACTIVE,10,6
2026-09-29T18:30:25.618046,-35.3631722,149.1658986,30.029,0.0,-0.02,0.0,0.024979738518595695,0.02498667687177658,110,0.0016126929549500346,0.002912491327151656,1.9367294311523438,12.587,28.08,75,GUIDED,True,ACTIVE,10,6
2026-09-29T18:30:26.118929,-35.3631722,149.1658986,30.029,0.0,-0.02,0.0,0.02768046408891678,0.02769102156162262,110,0.0016617006622254848,0.0028048420790582895,1.9368253946304321,12.587,28.08,75,GUIDED,True,ACTIVE,10,6
2026-09-29T18:30:26.619617,-35.3631722,149.1658986,30.029,0.0,-0.02,0.0,0.029236184433102608,0.029242753982543945,110,0.0014649333897978067,0.002484316937625408,1.9369174242019653,12.587,28.08,75,GUIDED,True,ACTIVE,10,6
2026-09-29T18:30:27.120144,-35.3631722,149.1658986,30.029,0.0,-0.02,0.0,0.029196398332715034,0.02920469082891941,110,0.0011276740115135908,0.0025947343092411757,1.936849594116211,12.587,28.08,75,RTL,True,ACTIVE,10,6
2026-09-29T18:30:27.620827,-35.3631722,149.1658986,30.028,0.0,-0.03,0.0,0.03173623979091644,0.03269872069358826,110,0.002878360217437148,0.0046241143718361855,1.936740517616272,12.587,27.91,75,RTL,True,ACTIVE,10,6
2026-09-29T18:30:28.121560,-35.3631722,149.1658986,30.02,0.0,-0.03,0.01,0.03788699582219124,0.04056234285235405,110,0.0023522370029240847,0.004877117462456226,1.9367258548736572,12.587,28.16,75,RTL,True,ACTIVE,10,6
2026-09-29T18:30:28.622043,-35.3631722,149.1658984,30.018,-0.02,-0.16,0.0,0.16489464044570923,0.16489464044570923,111,0.029703080654144287,0.05011909827589989,1.937605381011963,12.587,28.16,75,RTL,True,ACTIVE,10,6
2026-09-29T18:30:29.122479,-35.3631724,149.1658967,30.018,-0.08,-0.51,0.0,0.5247480869293213,0.5247483849525452,111,0.055157046765089035,0.09345678240060806,1.9393298625946045,12.587,28.25,75,RTL,True,ACTIVE,10,6
2026-09-29T18:30:29.623151,-35.363173,149.1658926,30.018,-0.18,-1.06,0.0,1.0805819034576416,1.0805819034576416,111,0.0825769230723381,0.1402250975370407,1.9423786401748657,12.587,28.41,74,RTL,True,ACTIVE,10,6
2026-09-29T18:30:30.123827,-35.3631741,149.165885,30.019,-0.3,-1.8,0.0,1.83060622215271,1.830606460571289,111,0.11372048407793045,0.19434359669685364,1.9477779865264893,12.587,28.74,74,RTL,True,ACTIVE,10,6
2026-09-29T18:30:30.624633,-35.3631758,149.1658728,30.02,-0.46,-2.74,0.0,2.782015800476074,2.7820160388946533,112,0.1499556601047516,0.25689876079559326,1.9562952518463135,12.587,29.16,74,RTL,True,ACTIVE,10,6
2026-09-29T18:30:31.125883,-35.3631783,149.165855,30.021,-0.65,-3.83,0.0,3.887024164199829,3.8870246410369873,112,0.17542625963687897,0.3026312291622162,1.964030146598816,12.587,29.66,74,RTL,True,ACTIVE,10,6
2026-09-29T18:30:31.626353,-35.3631817,149.165831,30.023,-0.83,-4.91,0.0,4.989076614379883,4.989076614379883,112,0.19467008113861084,0.3412040174007416,1.971423625946045,12.587,29.99,74,RTL,True,ACTIVE,10,6
2026-09-29T18:30:32.127441,-35.363186,149.1658011,30.023,-1.01,-6.0,0.0,6.090122699737549,6.090123653411865,113,0.21608950197696686,0.381456196308136,1.980661153793335,12.587,30.49,74,RTL,True,ACTIVE,10,6
2026-09-29T18:30:32.628343,-35.363191,149.1657654,30.024,-1.17,-6.96,0.0,7.062793731689453,7.062794208526611,113,0.21658176183700562,0.3903725743293762,1.9832216501235962,12.587,30.49,74,RTL,True,ACTIVE,10,6
2026-09-29T18:30:33.129008,-35.3631966,149.165725,30.024,-1.29,-7.71,0.0,7.82648229598999,7.826482772827148,113,0.21554680168628693,0.39811569452285767,1.9850438833236694,12.587,30.49,74,RTL,True,ACTIVE,10,6
2026-09-29T18:30:33.629829,-35.3632027,149.1656807,30.023,-1.38,-8.29,0.0,8.406295776367188,8.406295776367188,113,0.21042390167713165,0.397433340549469,1.9847749471664429,12.587,30.32,73,RTL,True,ACTIVE,10,6
2026-09-29T18:30:34.130690,-35.363209,149.1656341,30.022,-1.44,-8.67,0.0,8.792588233947754,8.792588233947754,113,0.20363175868988037,0.39245396852493286,1.9836633205413818,12.587,30.16,73,RTL,True,ACTIVE,10,6
2026-09-29T18:30:34.631828,-35.3632155,149.165586,30.022,-1.46,-8.86,0.0,8.98953628540039,8.989537239074707,113,0.18880072236061096,0.37529075145721436,1.9801348447799683,12.587,29.74,73,RTL,True,ACTIVE,10,6
2026-09-29T18:30:35.132511,-35.3632221,149.1655372,30.022,-1.47,-8.93,0.0,9.058001518249512,9.058001518249512,113,0.18353471159934998,0.3687518835067749,1.9786887168884277,12.587,29.57,73,RTL,True,ACTIVE,10,6
2026-09-29T18:30:35.633171,-35.3632286,149.1654882,30.021,-1.46,-8.84,0.0,8.966898918151855,8.966899871826172,112,0.15533985197544098,0.3274737596511841,1.9708905220031738,12.587,29.08,73,RTL,True,ACTIVE,10,6
2026-09-29T18:30:36.133828,-35.363235,149.1654402,30.02,-1.4,-8.51,0.0,8.627723693847656,8.627726554870605,112,0.12192954123020172,0.27381354570388794,1.962925672531128,12.587,28.49,73,RTL,True,ACTIVE,10,6
2026-09-29T18:30:36.634511,-35.3632409,149.1653947,30.018,-1.3,-7.93,0.0,8.043856620788574,8.04385757446289,112,0.0804118737578392,0.2016608864068985,1.9553979635238647,12.587,28.0,73,RTL,True,ACTIVE,10,6
2026-09-29T18:30:37.135151,-35.3632464,149.1653531,30.013,-1.16,-7.11,0.0,7.210597515106201,7.210598468780518,111,0.032918188720941544,0.11281975358724594,1.9501676559448242,12.587,27.83,73,RTL,True,ACTIVE,10,6
2026-09-29T18:30:37.635827,-35.363251,149.1653167,30.005,-0.98,-6.04,0.0,6.123534202575684,6.123536586761475,111,-0.017694130539894104,0.013369041495025158,1.949306607246399,12.587,28.0,72,RTL,True,ACTIVE,10,6
2026-09-29T18:30:38.136506,-35.3632549,149.1652866,29.997,-0.78,-4.84,0.0,4.908224105834961,4.908224582672119,111,-0.045161716639995575,-0.05109182372689247,1.9516065120697021,12.587,28.33,72,RTL,True,ACTIVE,10,6
2026-09-29T18:30:38.637142,-35.3632578,149.1652633,29.995,-0.58,-3.61,-0.01,3.6631968021392822,3.663226366043091,112,-0.07278426736593246,-0.11198301613330841,1.9555774927139282,12.587,28.49,72,RTL,True,ACTIVE,10,6
2026-09-29T18:30:39.137835,-35.3632598,149.1652468,29.997,-0.4,-2.39,-0.02,2.4242355823516846,2.424333333969116,112,-0.08033134788274765,-0.13641315698623657,1.957276463508606,12.587,28.58,72,RTL,True,ACTIVE,10,6
2026-09-29T18:30:39.638487,-35.3632611,149.1652367,30.0,-0.25,-1.37,-0.02,1.3989695310592651,1.3991483449935913,112,-0.07082345336675644,-0.12600068747997284,1.9563542604446411,12.587,28.41,72,RTL,True,ACTIVE,10,6
2026-09-29T18:30:40.138833,-35.3632619,149.1652314,30.002,-0.14,-0.59,-0.01,0.6156229376792908,0.6159048080444336,112,-0.05648329108953476,-0.10174056887626648,1.9551162719726562,12.587,28.33,72,RTL,True,ACTIVE,10,6
2026-09-29T18:30:40.639837,-35.3632622,149.1652298,30.003,-0.06,-0.08,-0.01,0.10588578134775162,0.10694541037082672,111,-0.03636277839541435,-0.06565329432487488,1.9537831544876099,12.587,28.16,72,RTL,True,ACTIVE,10,6
2026-09-29T18:30:41.140914,-35.3632624,149.1652304,30.002,-0.02,0.16,-0.01,0.16517552733421326,0.1656826287508011,111,-0.011054539121687412,-0.020912904292345047,1.952711820602417,12.587,28.08,72,RTL,True,ACTIVE,10,6
2026-09-29T18:30:41.641731,-35.3632624,149.1652315,30.001,-0.01,0.17,-0.01,0.1761748343706131,0.17662173509597778,111,0.0006993917049840093,0.0013427541125565767,1.952303409576416,12.587,28.08,71,RTL,True,ACTIVE,10,6
2026-09-29T18:30:42.142379,-35.3632624,149.1652327,30.001,-0.01,0.15,-0.01,0.15996606647968292,0.16053105890750885,111,0.00022367860947269946,0.0021989375818520784,1.9521644115447998,12.587,28.08,71,RTL,True,ACTIVE,10,6
2026-09-29T18:30:42.642862,-35.3632624,149.1652338,30.002,0.0,0.13,-0.01,0.13910944759845734,0.13975262641906738,111,0.0004914217279292643,0.0043482352048158646,1.952265977859497,12.587,28.08,71,RTL,True,ACTIVE,10,6
2026-09-29T18:30:43.143593,-35.3632624,149.1652347,30.005,0.0,0.11,-0.01,0.11131146550178528,0.11198481172323227,111,0.001030236016958952,0.0061013237573206425,1.9524028301239014,12.587,28.08,71,RTL,True,ACTIVE,10,6
2026-09-29T18:30:43.644118,-35.3632624,149.1652355,30.006,0.0,0.08,-0.01,0.08107322454452515,0.08171480894088745,111,0.0015713116154074669,0.00661681080237031,1.952347755432129,12.587,28.08,71,RTL,True,ACTIVE,10,6
2026-09-29T18:30:44.144961,-35.3632624,149.1652361,30.009,0.01,0.05,0.0,0.053378865122795105,0.05405016615986824,111,0.0018528917571529746,0.0063064927235245705,1.9523379802703857,12.587,28.08,71,RTL,True,ACTIVE,10,6
2026-09-29T18:30:44.645282,-35.3632624,149.1652365,30.011,0.01,0.02,0.0,0.03136866167187691,0.032031141221523285,111,0.0020482975523918867,0.005231373943388462,1.9523637294769287,12.587,28.08,71,RTL,True,ACTIVE,10,6
2026-09-29T18:30:45.145826,-35.3632623,149.1652368,30.012,0.0,0.01,0.0,0.015720240771770477,0.01653311774134636,111,0.0023759924806654453,0.004016972612589598,1.9522883892059326,12.587,28.08,71,RTL,True,ACTIVE,10,6
2026-09-29T18:30:45.646560,-35.3632623,149.165237,30.014,0.0,0.0,0.0,0.0060055372305214405,0.006985095329582691,111,0.0022819458972662687,0.002854079706594348,1.952276587486267,12.587,28.08,71,RTL,True,ACTIVE,10,6
2026-09-29T18:30:46.146870,-35.3632623,149.1652371,30.015,0.0,0.0,0.0,0.0039456007070839405,0.004622099921107292,111,0.0019628575537353754,0.002259141532704234,1.9523898363113403,12.587,28.08,70,RTL,True,ACTIVE,10,6
2026-09-29T18:30:46.647589,-35.3632622,149.1652372,29.996,0.0,0.0,0.17,0.006436439231038094,0.17230071127414703,111,0.0013721975265070796,0.0019832858815789223,1.952391505241394,12.587,25.59,70,RTL,True,ACTIVE,10,6
2026-09-29T18:30:47.148356,-35.3632622,149.1652373,29.78,0.0,0.0,0.71,0.007649043574929237,0.710473358631134,111,0.0013743536546826363,0.0019519415218383074,1.9523359537124634,12.587,24.42,70,RTL,True,ACTIVE,10,6
2026-09-29T18:30:47.648829,-35.3632623,149.1652373,29.287,0.0,0.0,1.25,0.00902482122182846,1.256442904472351,111,0.0006678869831375778,0.001900213654153049,1.9523506164550781,12.587,24.17,70,RTL,True,ACTIVE,10,6
2026-09-29T18:30:48.149620,-35.3632622,149.1652374,28.551,0.0,0.0,1.55,0.008427036926150322,1.5553361177444458,111,0.0007275007665157318,0.001497813267633319,1.952364206314087,12.587,26.25,70,RTL,True,ACTIVE,10,6
2026-09-29T18:30:48.650159,-35.3632622,149.1652374,27.756,0.0,0.0,1.52,0.008525637909770012,1.5263235569000244,111,0.0010294618550688028,0.0018138354644179344,1.9523522853851318,12.587,27.25,70,RTL,True,ACTIVE,10,6
2026-09-29T18:30:49.150890,-35.3632622,149.1652375,26.988,0.0,-0.01,1.46,0.010490072891116142,1.4668270349502563,111,0.0010051947319880128,0.0019038284663110971,1.9523036479949951,12.587,27.25,70,RTL,True,ACTIVE,10,6
2026-09-29T18:30:49.651703,-35.3632622,149.1652375,26.242,0.0,-0.01,1.44,0.013465316966176033,1.4474016427993774,111,0.0015221269568428397,0.002325509674847126,1.952303409576416,12.587,27.0,70,RTL,True,ACTIVE,10,6
2026-09-29T18:30:50.152515,-35.3632622,149.1652376,25.501,0.0,-0.01,1.45,0.015168875455856323,1.4519164562225342,111,0.0015833534998819232,0.001697584637440741,1.952337622642517,12.587,26.92,70,RTL,True,ACTIVE,10,6
2026-09-29T18:30:50.653603,-35.3632622,149.1652376,24.754,0.0,-0.01,1.45,0.017499860376119614,1.4587163925170898,111,0.0018276349874213338,0.0020925942808389664,1.9522866010665894,12.587,26.92,69,RTL,True,ACTIVE,10,6
2026-09-29T18:30:51.154298,-35.3632622,149.1652376,24.006,0.0,-0.01,1.46,0.019885387271642685,1.462936282157898,111,0.001338865957222879,0.002080477075651288,1.952288269996643,12.587,26.92,69,RTL,True,ACTIVE,10,6
2026-09-29T18:30:51.654835,-35.3632622,149.1652377,23.256,0.0,-0.02,1.46,0.021325064823031425,1.4632550477981567,111,0.0016025655204430223,0.0020423277746886015,1.9523391723632812,12.587,27.0,69,RTL,True,ACTIVE,10,6
2026-09-29T18:30:52.156156,-35.3632622,149.1652377,22.508,0.0,-0.02,1.46,0.02294883131980896,1.463793396949768,111,0.001635393942706287,0.0020785785745829344,1.9522546529769897,12.587,26.92,69,RTL,True,ACTIVE,10,6
2026-09-29T18:30:52.656515,-35.3632622,149.1652377,21.756,0.0,-0.02,1.46,0.023331185802817345,1.462977409362793,111,0.0012173339491710067,0.0017849078867584467,1.9524070024490356,12.587,27.0,69,RTL,True,ACTIVE,10,6
2026-09-29T18:30:53.156836,-35.3632622,149.1652377,21.006,0.0,-0.02,1.46,0.02205471135675907,1.4621920585632324,111,0.001171998679637909,0.0018320513190701604,1.9523334503173828,12.587,27.0,69,RTL,True,ACTIVE,10,6
2026-09-29T18:30:53.657522,-35.3632622,149.1652377,20.256,0.0,-0.02,1.46,0.021717218682169914,1.4611300230026245,111,0.0010985474800691009,0.0018911462975665927,1.9523929357528687,12.587,27.0,69,RTL,True,ACTIVE,10,6
2026-09-29T18:30:54.157867,-35.3632622,149.1652377,19.508,0.0,-0.02,1.46,0.021593065932393074,1.4619868993759155,111,0.0013783053727820516,0.0018076520645990968,1.9522185325622559,12.587,26.92,69,RTL,True,ACTIVE,10,6
2026-09-29T18:30:54.658432,-35.3632622,149.1652377,18.758,0.0,-0.02,1.46,0.022250963374972343,1.4627442359924316,111,0.0014036198845133185,0.0021677284967154264,1.9518705606460571,12.587,26.92,69,RTL,True,ACTIVE,10,6
2026-09-29T18:30:55.158982,-35.3632622,149.1652377,18.014,0.0,-0.02,1.46,0.022471634671092033,1.4659514427185059,111,0.0014497805386781693,0.001867957878857851,1.9518319368362427,12.587,26.92,68,RTL,True,ACTIVE,10,6
2026-09-29T18:30:55.659718,-35.3632622,149.1652377,17.269,0.0,-0.02,1.47,0.023049892857670784,1.4716663360595703,111,0.002027814742177725,0.0018946366617456079,1.9524184465408325,12.587,26.92,68,RTL,True,ACTIVE,10,6
2026-09-29T18:30:56.160497,-35.3632621,149.1652377,16.523,0.0,-0.02,1.47,0.024714404717087746,1.475905179977417,111,0.002025728113949299,0.0020777855534106493,1.9524040222167969,12.587,26.92,68,RTL,True,ACTIVE,10,6
2026-09-29T18:30:56.661168,-35.3632621,149.1652378,15.771,-0.01,-0.02,1.47,0.02634042128920555,1.477156639099121,111,0.001735267462208867,0.0020774798467755318,1.952475905418396,12.587,27.0,68,RTL,True,ACTIVE,10,6
2026-09-29T18:30:57.161712,-35.3632621,149.1652378,15.022,-0.01,-0.02,1.47,0.027165384963154793,1.4777406454086304,111,0.001524649211205542,0.002308579860255122,1.9524123668670654,12.587,26.92,68,RTL,True,ACTIVE,10,6
2026-09-29T18:30:57.662360,-35.3632621,149.1652378,14.27,-0.01,-0.02,1.47,0.02719862572848797,1.4767271280288696,111,0.0013349646469578147,0.0020037726499140263,1.9518306255340576,12.587,27.0,68,RTL,True,ACTIVE,10,6
2026-09-29T18:30:58.163046,-35.3632621,149.1652378,13.52,0.0,-0.02,1.47,0.026470553129911423,1.4745781421661377,111,0.0013861051993444562,0.0023579499684274197,1.9515795707702637,12.587,27.0,68,RTL,True,ACTIVE,10,6
2026-09-29T18:30:58.663328,-35.3632621,149.1652378,12.767,-0.01,-0.02,1.47,0.028076447546482086,1.4733248949050903,111,0.002079281723126769,0.0019386225612834096,1.9518715143203735,12.587,27.0,68,RTL,True,ACTIVE,10,6
2026-09-29T18:30:59.163894,-35.3632621,149.1652378,12.018,-0.01,-0.02,1.47,0.02759627439081669,1.4736882448196411,111,0.001095463871024549,0.002190065337345004,1.9525142908096313,12.587,26.92,68,RTL,True,ACTIVE,10,6
2026-09-29T18:30:59.664378,-35.3632621,149.1652378,11.274,0.0,-0.02,1.41,0.026247074827551842,1.412182092666626,111,0.0008588727214373648,0.0022022065240889788,1.9524418115615845,12.587,28.16,67,RTL,True,ACTIVE,10,6
2026-09-29T18:31:00.164981,-35.3632621,149.1652378,10.667,0.0,-0.02,0.94,0.026041194796562195,0.9425164461135864,111,0.0009205208625644445,0.002158691408112645,1.9522521495819092,12.587,30.49,67,RTL,True,ACTIVE,10,6
2026-09-29T18:31:00.665614,-35.3632621,149.1652378,10.328,0.0,-0.02,0.48,0.025599103420972824,0.4820121228694916,111,0.0010994385229423642,0.001906614052131772,1.9521504640579224,12.587,29.41,67,RTL,True,ACTIVE,10,6
2026-09-29T18:31:01.166185,-35.3632621,149.1652378,10.116,0.0,-0.02,0.43,0.024403100833296776,0.4319078028202057,111,0.0013102664379402995,0.002071996917948127,1.9523084163665771,12.587,27.66,67,RTL,True,ACTIVE,10,6
2026-09-29T18:31:01.667042,-35.3632621,149.1652378,9.895,0.0,-0.02,0.48,0.024768689647316933,0.490496426820755,111,0.0014319923939183354,0.002245172392576933,1.9525177478790283,12.587,27.41,67,RTL,True,ACTIVE,10,6
2026-09-29T18:31:02.167866,-35.3632621,149.1652378,9.523,0.0,-0.02,0.52,0.025221750140190125,0.5239593386650085,111,0.0012670989381149411,0.002453695749863982,1.9523029327392578,12.587,27.66,67,RTL,True,ACTIVE,10,6
2026-09-29T18:31:02.668826,-35.3632621,149.1652378,9.395,0.0,-0.02,0.52,0.0259554460644722,0.528556764125824,111,0.0015562779735773802,0.002080794656649232,1.9522053003311157,12.587,27.75,67,RTL,True,ACTIVE,10,6
2026-09-29T18:31:03.169519,-35.3632621,149.1652378,9.139,0.0,-0.02,0.52,0.026816025376319885,0.5242745280265808,111,0.0013606575084850192,0.002004568465054035,1.95218026638031,12.587,27.75,67,RTL,True,ACTIVE,10,6
2026-09-29T18:31:03.670080,-35.3632621,149.1652378,8.759,0.0,-0.02,0.51,0.025684840977191925,0.5184294581413269,111,0.0012434759410098195,0.0019870251417160034,1.9523653984069824,12.587,27.75,66,RTL,True,ACTIVE,10,6
2026-09-29T18:31:04.170847,-35.3632621,149.1652378,8.507,0.0,-0.02,0.51,0.024844853207468987,0.5146792531013489,111,0.001012377324514091,0.002422607271000743,1.9520776271820068,12.587,27.75,66,RTL,True,ACTIVE,10,6
2026-09-29T18:31:04.672306,-35.3632621,149.1652378,8.255,0.0,-0.02,0.51,0.02470475062727928,0.5121496319770813,111,0.0015519327716901898,0.002391381189227104,1.9519420862197876,12.587,27.75,66,RTL,True,ACTIVE,10,6
2026-09-29T18:31:05.174864,-35.3632621,149.1652378,8.004,0.0,-0.02,0.5,0.02590111270546913,0.509122371673584,111,0.0012348712189123034,0.002011072589084506,1.9519462585449219,12.587,27.75,66,RTL,True,ACTIVE,10,6
2026-09-29T18:31:05.675125,-35.3632621,149.1652378,7.753,0.0,-0.02,0.5,0.02529550902545452,0.5090429186820984,111,0.0016080958303064108,0.0018556847935542464,1.9522819519042969,12.587,27.75,66,RTL,True,ACTIVE,10,6
2026-09-29T18:31:06.183831,-35.3632621,149.1652378,7.502,0.0,-0.02,0.5,0.025286732241511345,0.5076568126678467,111,0.0013633535709232092,0.002123134443536401,1.9524123668670654,12.587,27.75,66,RTL,True,ACTIVE,10,6
2026-09-29T18:31:06.687467,-35.3632621,149.1652378,7.25,0.0,-0.02,0.5,0.02564549259841442,0.5064724087715149,111,0.0012724649859592319,0.002106525469571352,1.952424168586731,12.587,27.75,66,RTL,True,ACTIVE,10,6
2026-09-29T18:31:07.189345,-35.3632621,149.1652378,6.997,0.0,-0.02,0.5,0.02547544240951538,0.5046326518058777,111,0.0014395880280062556,0.002159715164452791,1.9523351192474365,12.587,27.75,66,RTL,True,ACTIVE,10,6
2026-09-29T18:31:07.691423,-35.3632621,149.1652378,6.746,0.0,-0.02,0.5,0.025102736428380013,0.5029352307319641,111,0.001542811980471015,0.0018374667270109057,1.952297329902649,12.587,27.75,65,RTL,True,ACTIVE,10,6
2026-09-29T18:31:08.192522,-35.3632621,149.1652378,6.495,0.0,-0.02,0.5,0.025898071005940437,0.5012521147727966,111,0.0014430806040763855,0.002198153641074896,1.9523593187332153,12.587,27.75,65,RTL,True,ACTIVE,10,6
2026-09-29T18:31:08.693838,-35.3632621,149.1652378,6.244,0.0,-0.02,0.49,0.02547503635287285,0.5001341104507446,111,0.0010914941085502505,0.002237025648355484,1.9521878957748413,12.587,27.75,65,RTL,True,ACTIVE,10,6
2026-09-29T18:31:09.194835,-35.3632621,149.1652378,5.991,0.0,-0.02,0.49,0.025999192148447037,0.4989655315876007,111,0.0019983514212071896,0.0019080664496868849,1.95199453830719,12.587,27.75,65,RTL,True,ACTIVE,10,6
2026-09-29T18:31:09.695156,-35.3632621,149.1652378,5.74,0.0,-0.02,0.49,0.026208480820059776,0.49716877937316895,111,0.0014511033659800887,0.001733458018861711,1.951959490776062,12.587,27.75,65,RTL,True,ACTIVE,10,6
2026-09-29T18:31:10.196657,-35.3632621,149.1652378,5.49,0.0,-0.02,0.49,0.02634452097117901,0.4960111081600189,111,0.0018992588156834245,0.0018813448259606957,1.9520891904830933,12.587,27.75,65,RTL,True,ACTIVE,10,6
2026-09-29T18:31:10.699127,-35.3632621,149.1652378,5.24,-0.01,-0.02,0.49,0.02651667594909668,0.4962039291858673,111,0.0014860762748867273,0.0020105198491364717,1.9523075819015503,12.587,27.75,65,RTL,True,ACTIVE,10,6
2026-09-29T18:31:11.199822,-35.3632621,149.1652378,4.989,-0.01,-0.02,0.49,0.026837410405278206,0.49559643864631653,111,0.001657792367041111,0.002257006475701928,1.9523417949676514,12.587,27.75,65,RTL,True,ACTIVE,10,6
2026-09-29T18:31:11.700939,-35.3632621,149.1652378,4.738,-0.01,-0.02,0.49,0.02632838673889637,0.49504491686820984,111,0.0014731674455106258,0.001961679197847843,1.9522485733032227,12.587,27.75,64,RTL,True,ACTIVE,10,6
2026-09-29T18:31:12.203453,-35.3632621,149.1652378,4.487,-0.01,-0.02,0.49,0.027115412056446075,0.4936888515949249,111,0.0014142210129648447,0.0020939635578542948,1.9521336555480957,12.587,27.75,64,RTL,True,ACTIVE,10,6
2026-09-29T18:31:12.704829,-35.3632621,149.1652378,4.237,0.0,-0.02,0.49,0.02646489255130291,0.4932331144809723,111,0.0014392471639439464,0.002139842137694359,1.9525470733642578,12.587,27.75,64,RTL,True,ACTIVE,10,6
2026-09-29T18:31:13.205295,-35.3632621,149.1652378,3.985,0.0,-0.02,0.49,0.02707144431769848,0.49219250679016113,111,0.001223075669258833,0.0019145978149026632,1.952506184577942,12.587,27.75,64,RTL,True,ACTIVE,10,6
2026-09-29T18:31:13.706500,-35.3632621,149.1652378,3.734,0.0,-0.02,0.49,0.025318292900919914,0.4914429485797882,111,0.0009135990403592587,0.0022643443662673235,1.952317237854004,12.587,27.75,64,RTL,True,ACTIVE,10,6
2026-09-29T18:31:14.209378,-35.3632621,149.1652378,3.484,0.0,-0.02,0.48,0.025269068777561188,0.4896768033504486,111,0.001337913447059691,0.0022903571370989084,1.952237844467163,12.587,27.75,64,RTL,True,ACTIVE,10,6
2026-09-29T18:31:14.709814,-35.3632621,149.1652378,3.234,0.0,-0.02,0.48,0.025381997227668762,0.48961666226387024,111,0.0011237413855269551,0.0021275156177580357,1.9523357152938843,12.587,27.75,64,RTL,True,ACTIVE,10,6
2026-09-29T18:31:15.210185,-35.3632621,149.1652378,2.983,0.0,-0.02,0.48,0.025400295853614807,0.4892035126686096,111,0.0011825311230495572,0.0021911407820880413,1.9523465633392334,12.587,27.75,64,RTL,True,ACTIVE,10,6
2026-09-29T18:31:15.711269,-35.3632621,149.1652378,2.733,0.0,-0.02,0.48,0.024731699377298355,0.4891689419746399,111,0.0014296966837719083,0.0021939268335700035,1.9521217346191406,12.587,27.75,64,RTL,True,ACTIVE,10,6
2026-09-29T18:31:16.214852,-35.3632621,149.1652378,2.483,0.0,-0.02,0.48,0.02517968975007534,0.48923248052597046,111,0.0012704551918432117,0.0022197423968464136,1.9521931409835815,12.587,27.75,63,RTL,True,ACTIVE,10,6
2026-09-29T18:31:16.715549,-35.3632621,149.1652378,2.234,0.0,-0.02,0.48,0.025112496688961983,0.4899232089519501,111,0.0013170341262593865,0.0021932327654212713,1.9523725509643555,12.587,27.75,63,RTL,True,ACTIVE,10,6
2026-09-29T18:31:17.215822,-35.3632621,149.1652378,1.983,0.0,-0.02,0.48,0.025962794199585915,0.48948198556900024,111,0.001347938901744783,0.0021904599852859974,1.952300786972046,12.587,27.75,63,RTL,True,ACTIVE,10,6
2026-09-29T18:31:17.716438,-35.3632621,149.1652378,1.733,0.0,-0.02,0.48,0.0252331905066967,0.48926353454589844,111,0.0013893195427954197,0.0020305425859987736,1.952109456062317,12.587,27.75,63,RTL,True,ACTIVE,10,6
2026-09-29T18:31:18.217084,-35.3632621,149.1652378,1.482,0.0,-0.02,0.48,0.026299141347408295,0.48879605531692505,111,0.001516236923635006,0.0024266738910228014,1.9526946544647217,12.587,27.75,63,RTL,True,ACTIVE,10,6
2026-09-29T18:31:18.717614,-35.3632621,149.1652378,1.232,0.0,-0.02,0.48,0.026237955316901207,0.48764777183532715,111,0.0014680457534268498,0.0019282940775156021,1.952353596687317,12.587,27.75,63,RTL,True,ACTIVE,10,6
2026-09-29T18:31:19.218229,-35.3632621,149.1652378,0.981,0.0,-0.02,0.48,0.025948278605937958,0.48696470260620117,111,0.0012842423748224974,0.0019234743667766452,1.9520076513290405,12.587,27.75,63,RTL,True,ACTIVE,10,6
2026-09-29T18:31:19.718911,-35.3632621,149.1652378,0.731,0.0,-0.02,0.48,0.025211641564965248,0.48702219128608704,111,0.0012236854527145624,0.0021134677808731794,1.9525833129882812,12.587,27.75,63,LAND,True,ACTIVE,10,6
2026-09-29T18:31:20.219173,-35.3632621,149.1652378,0.48,0.0,-0.02,0.48,0.025809509679675102,0.4868772625923157,111,0.001264990889467299,0.002502943156287074,1.9525407552719116,12.587,27.75,63,LAND,True,ACTIVE,10,6
2026-09-29T18:31:20.719824,-35.3632621,149.1652378,0.209,0.0,-0.02,0.63,0.02530779503285885,0.639495849609375,111,0.001517656957730651,0.0019400069722905755,1.951848030090332,12.587,25.92,62,LAND,True,ACTIVE,10,6
2026-09-29T18:31:21.220619,-35.3632621,149.1652378,0.093,-0.01,-0.02,-0.13,0.029272666200995445,0.1370079517364502,111,0.0014480779645964503,0.0021457048133015633,1.9517892599105835,12.587,0.0,62,LAND,True,ACTIVE,10,6
2026-09-29T18:31:21.721187,-35.3632621,149.1652378,0.084,-0.01,-0.02,0.0,0.027770526707172394,0.028620323166251183,111,0.001407803618349135,0.002133839763700962,1.9517779350280762,12.587,0.16,62,LAND,True,ACTIVE,10,6
2026-09-29T18:31:22.221905,-35.3632621,149.1652378,0.078,0.0,-0.02,0.0,0.027336619794368744,0.02823258377611637,111,0.0013879986945539713,0.0021324362605810165,1.9517792463302612,12.587,0.16,62,LAND,True,ACTIVE,10,6
2026-09-29T18:31:22.722594,-35.3632621,149.1652378,0.07,0.0,-0.02,0.0,0.026802917942404747,0.027416028082370758,111,0.001379941706545651,0.0021257607731968164,1.9517778158187866,12.587,0.0,62,LAND,True,STANDBY,10,6
2026-09-29T18:31:23.223601,-35.3632621,149.1652378,0.057,0.0,-0.02,0.0,0.02675594761967659,0.027488064020872116,111,0.0013864112552255392,0.0021134926937520504,1.9518853425979614,12.587,0.0,62,LAND,True,STANDBY,10,6
2026-09-29T18:31:23.727422,-35.3632621,149.1652378,0.042,0.0,-0.02,0.0,0.025714261457324028,0.026630733162164688,111,0.0013629385503008962,0.002067189197987318,1.952020525932312,12.587,0.0,62,LAND,False,STANDBY,10,6
2026-09-29T18:31:24.227892,-35.3632621,149.1652378,0.03,0.0,-0.02,0.0,0.025158490985631943,0.02613667957484722,111,0.001340127782896161,0.0020334988366812468,1.9521629810333252,12.587,0.0,62,LAND,False,STANDBY,10,6
2026-09-29T18:31:24.729105,-35.3632621,149.1652378,0.022,0.0,-0.02,0.0,0.023572703823447227,0.02455631084740162,111,0.0013123517856001854,0.0019868246745318174,1.9523067474365234,12.587,0.0,62,LAND,False,STANDBY,10,6
2026-09-29T18:31:25.229823,-35.3632621,149.1652378,0.017,0.0,-0.02,0.0,0.022758424282073975,0.02367353066802025,111,0.0012985644862055779,0.001959158107638359,1.9524614810943604,12.587,0.0,62,LAND,False,STANDBY,10,6
2026-09-29T18:31:25.730362,-35.3632621,149.1652378,0.012,0.0,-0.02,0.0,0.021725216880440712,0.0225047767162323,111,0.0012841071002185345,0.001927136443555355,1.9526182413101196,12.587,0.0,62,LAND,False,STANDBY,10,6
2026-09-29T18:31:26.230995,-35.3632621,149.1652378,0.009,0.0,-0.01,0.0,0.0211518295109272,0.021808991208672523,111,0.0012825924204662442,0.0019129953579977155,1.9527896642684937,12.587,0.0,62,LAND,False,STANDBY,10,6
2026-09-29T18:31:26.731761,-35.3632621,149.1652378,0.007,0.0,-0.01,0.0,0.02039831131696701,0.020933791995048523,111,0.001277528703212738,0.00189928465988487,1.9529685974121094,12.587,0.0,62,LAND,False,STANDBY,10,6
2026-09-29T18:31:27.232195,-35.3632621,149.1652378,0.005,0.0,-0.01,0.0,0.02054055966436863,0.020923970267176628,111,0.0012993422569707036,0.0019014979479834437,1.9531606435775757,12.587,0.0,62,LAND,False,STANDBY,10,6
2026-09-29T18:31:27.732823,-35.3632621,149.1652378,0.004,0.0,-0.01,0.0,0.02039031870663166,0.020664595067501068,111,0.001321953721344471,0.0019068593392148614,1.9533692598342896,12.587,0.0,62,LAND,False,STANDBY,10,6
2026-09-29T18:31:28.233484,-35.3632621,149.1652378,0.003,0.0,-0.01,0.0,0.02110852301120758,0.021295828744769096,111,0.001352734281681478,0.0019248395692557096,1.9535810947418213,12.587,0.0,62,LAND,False,STANDBY,10,6
2026-09-29T18:31:28.733832,-35.3632621,149.1652378,0.002,0.0,-0.01,0.0,0.021266428753733635,0.021378185600042343,111,0.0013721963623538613,0.0019394636619836092,1.9538087844848633,12.587,0.0,62,LAND,False,STANDBY,10,6
2026-09-29T18:31:29.234553,-35.3632621,149.1652378,0.002,0.0,-0.02,0.0,0.022147951647639275,0.02221543714404106,111,0.0013947626575827599,0.0019638307858258486,1.9540303945541382,12.587,0.0,62,LAND,False,STANDBY,10,6
2026-09-29T18:31:29.735193,-35.3632621,149.1652378,0.002,0.0,-0.02,0.0,0.022487256675958633,0.0225200317800045,111,0.0014062642585486174,0.001981941983103752,1.9542608261108398,12.587,0.0,62,LAND,False,STANDBY,10,6
2026-09-29T18:31:30.235836,-35.3632621,149.1652378,0.002,0.0,-0.02,0.0,0.023403862491250038,0.023415368050336838,111,0.0014246567152440548,0.001996220089495182,1.9544894695281982,12.587,0.0,62,LAND,False,STANDBY,10,6
2026-09-29T18:31:30.736509,-35.3632621,149.1652378,0.002,0.0,-0.02,0.0,0.023738058283925056,0.023740358650684357,111,0.0014382769586518407,0.0020024438854306936,1.9547260999679565,12.587,0.0,62,LAND,False,STANDBY,10,6
2026-09-29T18:31:31.237145,-35.3632621,149.1652378,0.002,0.0,-0.02,0.0,0.024442633613944054,0.024442633613944054,112,0.0014516310766339302,0.0020115666557103395,1.9549616575241089,12.587,0.0,62,LAND,False,STANDBY,10,6
2026-09-29T18:31:31.737823,-35.3632621,149.1652378,0.002,0.0,-0.02,0.0,0.024654759094119072,0.024658327922225,112,0.0014641457237303257,0.0020179860293865204,1.9552150964736938,12.587,0.0,62,LAND,False,STANDBY,10,6
2026-09-29T18:31:32.238199,-35.3632621,149.1652378,0.002,0.0,-0.02,0.0,0.02501533553004265,0.025025108829140663,112,0.0014657971914857626,0.002019944367930293,1.955461025238037,12.587,0.0,62,LAND,False,STANDBY,10,6
2026-09-29T18:31:32.738826,-35.3632621,149.1652378,0.003,0.0,-0.02,0.0,0.024772608652710915,0.024792782962322235,112,0.001471463474445045,0.0020244449842721224,1.955710530281067,12.587,0.0,62,LAND,False,STANDBY,10,6
2026-09-29T18:31:33.239723,-35.3632621,149.1652378,0.003,-0.01,-0.02,0.0,0.02533794939517975,0.025371061637997627,112,0.0014843465760350227,0.0020255481358617544,1.9559550285339355,12.587,0.0,62,LAND,False,STANDBY,10,6
2026-09-29T18:31:33.740876,-35.3632621,149.1652378,0.004,-0.01,-0.02,0.0,0.02515372447669506,0.02520066872239113,112,0.0014768861001357436,0.002016065176576376,1.956202745437622,12.587,0.0,62,LAND,False,STANDBY,10,6
2026-09-29T18:31:34.241977,-35.3632621,149.1652378,0.004,-0.01,-0.02,0.0,0.02552359364926815,0.025584127753973007,112,0.0014661905588582158,0.0020170481875538826,1.9564554691314697,12.587,0.0,62,LAND,False,STANDBY,10,6
2026-09-29T18:31:34.744135,-35.3632621,149.1652378,0.004,0.0,-0.02,0.0,0.025102876126766205,0.025180520489811897,112,0.0014453500043600798,0.0020091196056455374,1.9567062854766846,12.587,0.0,62,LAND,False,STANDBY,10,6
2026-09-29T18:31:35.244837,-35.3632621,149.1652378,0.005,0.0,-0.02,0.0,0.02520977333188057,0.025295164436101913,112,0.0014477159129455686,0.0020177119877189398,1.9569482803344727,12.587,0.0,62,LAND,False,STANDBY,10,6
2026-09-29T18:31:35.745278,-35.3632621,149.1652378,0.005,0.0,-0.02,0.0,0.024788785725831985,0.024901874363422394,112,0.0014404031680896878,0.0020130511838942766,1.9571905136108398,12.587,0.0,62,LAND,False,STANDBY,10,6
2026-09-29T18:31:36.245929,-35.3632621,149.1652378,0.006,0.0,-0.02,0.0,0.025101512670516968,0.025218576192855835,112,0.0014458098448812962,0.0020179953426122665,1.9574319124221802,12.587,0.0,62,LAND,False,STANDBY,10,6
2026-09-29T18:31:36.746615,-35.3632621,149.1652378,0.006,0.0,-0.02,0.0,0.024818817153573036,0.02494833618402481,112,0.001439166022464633,0.002012379700317979,1.9576685428619385,12.587,0.0,62,LAND,False,STANDBY,10,6
2026-09-29T18:31:37.247405,-35.3632621,149.1652378,0.006,0.0,-0.02,0.0,0.024916570633649826,0.025033552199602127,112,0.001441881526261568,0.002017380902543664,1.9579060077667236,12.587,0.0,62,LAND,False,STANDBY,10,6
2026-09-29T18:31:37.748049,-35.3632621,149.1652378,0.006,0.0,-0.02,0.0,0.02459745854139328,0.024715716019272804,112,0.0014449780574068427,0.0020186970941722393,1.9581416845321655,12.587,0.0,62,LAND,False,STANDBY,10,6
2026-09-29T18:31:38.248552,-35.3632621,149.1652378,0.007,0.0,-0.02,0.0,0.024720069020986557,0.02483449876308441,112,0.001443667453713715,0.0020137045066803694,1.9583683013916016,12.587,0.0,62,LAND,False,STANDBY,10,6
2026-09-29T18:31:38.748914,-35.3632621,149.1652378,0.007,0.0,-0.02,0.0,0.024405816569924355,0.024525407701730728,112,0.00143432489130646,0.002007433446124196,1.9585859775543213,12.587,0.0,62,LAND,False,STANDBY,10,6
2026-09-29T18:31:39.249636,-35.3632621,149.1652378,0.007,0.0,-0.02,0.0,0.024775652214884758,0.024894867092370987,112,0.001423137728124857,0.0020083896815776825,1.9588128328323364,12.587,0.0,62,LAND,False,STANDBY,10,6
2026-09-29T18:31:39.750236,-35.3632621,149.1652378,0.007,0.0,-0.02,0.0,0.024224096909165382,0.024360332638025284,112,0.0014108854811638594,0.0020122674759477377,1.959040880203247,12.587,0.0,62,LAND,False,STANDBY,10,6
2026-09-29T18:31:40.250906,-35.3632621,149.1652378,0.007,0.0,-0.02,0.0,0.024554749950766563,0.02469617873430252,112,0.0014177239499986172,0.00202222284860909,1.9592623710632324,12.587,0.0,62,LAND,False,STANDBY,10,6
2026-09-29T18:31:40.751666,-35.3632621,149.1652378,0.007,0.0,-0.02,0.0,0.024162689223885536,0.02429231069982052,112,0.0014134406810626388,0.0020138032268732786,1.9594805240631104,12.587,0.0,62,LAND,False,STANDBY,10,6
2026-09-29T18:31:41.252465,-35.3632621,149.1652378,0.008,0.0,-0.02,0.0,0.02447030320763588,0.024594882503151894,112,0.0014204280450940132,0.0020317931193858385,1.9596925973892212,12.587,0.0,62,LAND,False,STANDBY,10,6
2026-09-29T18:31:41.752997,-35.3632621,149.1652378,0.008,0.0,-0.02,0.0,0.024349970743060112,0.024457290768623352,112,0.001410811673849821,0.0020279239397495985,1.959901213645935,12.587,0.0,62,LAND,False,STANDBY,10,6
2026-09-29T18:31:42.253920,-35.3632621,149.1652378,0.008,0.0,-0.02,0.0,0.024548811838030815,0.02466144599020481,112,0.0014125105226412416,0.0020263041369616985,1.9601083993911743,12.587,0.0,62,LAND,False,STANDBY,10,6
2026-09-29T18:31:42.754826,-35.3632621,149.1652378,0.008,0.0,-0.02,0.0,0.024186234921216965,0.024299845099449158,112,0.0013966038823127747,0.0020109147299081087,1.9603101015090942,12.587,0.0,62,LAND,False,STANDBY,10,6
2026-09-29T18:31:43.255980,-35.3632621,149.1652378,0.008,0.0,-0.02,0.0,0.024400802329182625,0.024503501132130623,112,0.0014075712533667684,0.0020044210832566023,1.9605154991149902,12.587,0.0,62,LAND,False,STANDBY,10,6
2026-09-29T18:31:43.756618,-35.3632621,149.1652378,0.008,0.0,-0.02,0.0,0.023865120485424995,0.023966502398252487,112,0.0013952734880149364,0.001995676662772894,1.9607090950012207,12.587,0.0,62,LAND,False,STANDBY,10,6
2026-09-29T18:31:44.257345,-35.3632621,149.1652378,0.008,0.0,-0.02,0.0,0.024182261899113655,0.02428503893315792,112,0.0014031209284439683,0.0019992247689515352,1.960908055305481,12.587,0.0,62,LAND,False,STANDBY,10,6
2026-09-29T18:31:44.757869,-35.3632621,149.1652378,0.008,0.0,-0.02,0.0,0.023937691003084183,0.02404053509235382,112,0.0014010134618729353,0.0019967129919677973,1.961098313331604,12.587,0.0,62,LAND,False,STANDBY,10,6
2026-09-29T18:31:45.258258,-35.3632621,149.1652378,0.008,0.0,-0.02,0.0,0.02434615045785904,0.02443469502031803,112,0.0014117425307631493,0.002003737725317478,1.961288332939148,12.587,0.0,62,LAND,False,STANDBY,10,6
2026-09-29T18:31:45.758826,-35.3632621,149.1652378,0.008,0.0,-0.02,0.0,0.02408238872885704,0.024182377383112907,112,0.001410476048476994,0.0019999598152935505,1.9614691734313965,12.587,0.0,62,LAND,False,STANDBY,10,6
2026-09-29T18:31:46.259645,-35.3632621,149.1652378,0.008,0.0,-0.02,0.0,0.024489527568221092,0.02457539737224579,112,0.0014157160185277462,0.00201209494844079,1.9616408348083496,12.587,0.0,62,LAND,False,STANDBY,10,6
2026-09-29T18:31:46.760543,-35.3632621,149.1652378,0.007,0.0,-0.02,0.0,0.024220960214734077,0.02429628185927868,112,0.0013957801274955273,0.0020025030244141817,1.9618117809295654,12.587,0.0,62,LAND,False,STANDBY,10,6
2026-09-29T18:31:47.261399,-35.3632621,149.1652378,0.007,0.0,-0.02,0.0,0.02430109679698944,0.024376166984438896,112,0.001389508368447423,0.0019933877047151327,1.9619789123535156,12.587,0.0,62,LAND,False,STANDBY,10,6
2026-09-29T18:31:47.762366,-35.3632621,149.1652378,0.007,0.0,-0.02,0.0,0.023807378485798836,0.023878341540694237,112,0.0013852014672011137,0.0019819017034024,1.9621552228927612,12.587,0.0,62,LAND,False,STANDBY,10,6
2026-09-29T18:31:48.263460,-35.3632621,149.1652378,0.007,0.0,-0.02,0.0,0.023898230865597725,0.02396826446056366,112,0.0013883064966648817,0.0019776492845267057,1.9623185396194458,12.587,0.0,62,LAND,False,STANDBY,10,6
2026-09-29T18:31:48.764403,-35.3632621,149.1652378,0.007,0.0,-0.02,0.0,0.02359801158308983,0.02366805076599121,112,0.0013917660107836127,0.001967785647138953,1.9624745845794678,12.587,0.0,62,LAND,False,STANDBY,10,6
2026-09-29T18:31:49.264828,-35.3632621,149.1652378,0.007,0.0,-0.02,0.0,0.0238178838044405,0.023878416046500206,112,0.001407325267791748,0.0019707561004906893,1.9626349210739136,12.587,0.0,62,LAND,False,STANDBY,10,6
2026-09-29T18:31:49.765459,-35.3632621,149.1652378,0.007,0.0,-0.02,0.0,0.02361482009291649,0.02366989105939865,112,0.0014097922248765826,0.0019710345659404993,1.962789535522461,12.587,0.0,62,LAND,False,STANDBY,10,6
2026-09-29T18:31:50.265822,-35.3632621,149.1652378,0.007,0.0,-0.02,0.0,0.02401203289628029,0.024071548134088516,112,0.001419339096173644,0.0019799291621893644,1.9629398584365845,12.587,0.0,62,LAND,False,STANDBY,10,6
2026-09-29T18:31:50.766426,-35.3632621,149.1652378,0.007,0.0,-0.02,0.0,0.023931976407766342,0.02398458495736122,112,0.001408235402777791,0.0019728809129446745,1.9630849361419678,12.587,0.0,62,LAND,False,STANDBY,10,6
2026-09-29T18:31:51.267120,-35.3632621,149.1652378,0.007,0.0,-0.02,0.0,0.02427869476377964,0.024327406659722328,112,0.0014031135942786932,0.001975671388208866,1.963227391242981,12.587,0.0,62,LAND,False,STANDBY,10,6
2026-09-29T18:31:51.767344,-35.3632621,149.1652378,0.007,0.0,-0.02,0.0,0.024049753323197365,0.024081410840153694,112,0.0013914795126765966,0.001970183802768588,1.9633702039718628,12.587,0.0,62,LAND,False,STANDBY,10,6
2026-09-29T18:31:52.267954,-35.3632621,149.1652378,0.006,0.0,-0.02,0.0,0.024092942476272583,0.024130459874868393,112,0.0014007966965436935,0.0019783268216997385,1.9635127782821655,12.587,0.0,62,LAND,False,STANDBY,10,6
2026-09-29T18:31:52.768696,-35.3632621,149.1652378,0.006,0.0,-0.02,0.0,0.023488448932766914,0.02352294512093067,112,0.0014005134580656886,0.0019685502629727125,1.9636518955230713,12.587,0.0,62,LAND,False,STANDBY,10,6
2026-09-29T18:31:53.269320,-35.3632621,149.1652378,0.006,0.0,-0.02,0.0,0.023782871663570404,0.02381143346428871,112,0.0014105939771980047,0.0019711083732545376,1.963779091835022,12.587,0.0,62,LAND,False,STANDBY,10,6
2026-09-29T18:31:53.769825,-35.3632621,149.1652378,0.006,0.0,-0.02,0.0,0.023527173325419426,0.023551274091005325,112,0.0014078528620302677,0.001965189818292856,1.9639142751693726,12.587,0.0,62,LAND,False,STANDBY,10,6
2026-09-29T18:31:54.270460,-35.3632621,149.1652378,0.006,0.0,-0.02,0.0,0.02387511171400547,0.0239005908370018,112,0.0014189773937687278,0.0019692687783390284,1.9640488624572754,12.587,0.0,62,LAND,False,STANDBY,10,6
2026-09-29T18:31:54.770965,-35.3632621,149.1652378,0.006,0.0,-0.02,0.0,0.02379818633198738,0.023824118077754974,112,0.0014101690612733364,0.00196271319873631,1.9641681909561157,12.587,0.0,62,LAND,False,STANDBY,10,6
2026-09-29T18:31:55.271546,-35.3632621,149.1652378,0.006,0.0,-0.02,0.0,0.024064693599939346,0.02408667467534542,112,0.0014142016880214214,0.0019646999426186085,1.9642881155014038,12.587,0.0,62,LAND,False,STANDBY,10,6
2026-09-29T18:31:55.771821,-35.3632621,149.1652378,0.006,0.0,-0.02,0.0,0.02374040149152279,0.02376203052699566,112,0.001403536763973534,0.0019641255494207144,1.9643974304199219,12.587,0.0,62,LAND,False,STANDBY,10,6
2026-09-29T18:31:56.272681,-35.3632621,149.1652378,0.006,0.0,-0.02,0.0,0.02410789392888546,0.024128003045916557,112,0.001408743904903531,0.0019771778024733067,1.964512825012207,12.587,0.0,62,LAND,False,STANDBY,10,6
2026-09-29T18:31:56.773504,-35.3632621,149.1652378,0.005,0.0,-0.02,0.0,0.0238688625395298,0.023890018463134766,112,0.0014087350573390722,0.0019718646071851254,1.964625597000122,12.587,0.0,62,LAND,False,STANDBY,10,6
2026-09-29T18:31:57.273823,-35.3632621,149.1652378,0.005,0.0,-0.02,0.0,0.024337034672498703,0.024353276938199997,112,0.0014177673729136586,0.0019826798234134912,1.9647290706634521,12.587,0.0,62,LAND,False,STANDBY,10,6
2026-09-29T18:31:57.774433,-35.3632621,149.1652378,0.005,0.0,-0.02,0.0,0.02409416250884533,0.024106135591864586,112,0.001405071932822466,0.0019862870685756207,1.9648338556289673,12.587,0.0,62,LAND,False,STANDBY,10,6
2026-09-29T18:31:58.274819,-35.3632621,149.1652378,0.005,0.0,-0.02,0.0,0.02433406561613083,0.024343643337488174,112,0.001419319654814899,0.0019841433968394995,1.9649375677108765,12.587,0.0,62,LAND,False,STANDBY,10,6
2026-09-29T18:31:58.775524,-35.3632621,149.1652378,0.005,0.0,-0.02,0.0,0.023801228031516075,0.02381204627454281,112,0.0014139856211841106,0.001985157374292612,1.9650367498397827,12.587,0.0,62,LAND,False,STANDBY,10,6
2026-09-29T18:31:59.276160,-35.3632621,149.1652378,0.005,0.0,-0.02,0.0,0.024191373959183693,0.02420395240187645,112,0.0014148243935778737,0.001983206020668149,1.9651296138763428,12.587,0.0,62,LAND,False,STANDBY,10,6
2026-09-29T18:31:59.776491,-35.3632621,149.1652378,0.005,0.0,-0.02,0.0,0.023999415338039398,0.024011623114347458,112,0.0014115865342319012,0.001972113037481904,1.9652272462844849,12.587,0.0,62,LAND,False,STANDBY,10,6
2026-09-29T18:32:00.277101,-35.3632621,149.1652378,0.005,0.0,-0.02,0.0,0.024218467995524406,0.02422912046313286,112,0.0014082809211686254,0.001969241304323077,1.9653338193893433,12.587,0.0,62,LAND,False,STANDBY,10,6
2026-09-29T18:32:00.777828,-35.3632621,149.1652378,0.005,0.0,-0.02,0.0,0.02381441555917263,0.0238272026181221,112,0.0014121526619419456,0.001967517426237464,1.9654242992401123,12.587,0.0,62,LAND,False,STANDBY,10,6
2026-09-29T18:32:01.278391,-35.3632621,149.1652378,0.005,0.0,-0.02,0.0,0.024141035974025726,0.024154487997293472,112,0.0014178460696712136,0.001979291904717684,1.9655083417892456,12.587,0.0,62,LAND,False,STANDBY,10,6
2026-09-29T18:32:01.778966,-35.3632621,149.1652378,0.005,0.0,-0.02,0.0,0.023864973336458206,0.02387736737728119,112,0.001415951526723802,0.001973511651158333,1.9656015634536743,12.587,0.0,62,LAND,False,STANDBY,10,6
2026-09-29T18:32:02.279632,-35.3632621,149.1652378,0.005,0.0,-0.02,0.0,0.02421964518725872,0.024232424795627594,112,0.0014248369261622429,0.001977957086637616,1.965687870979309,12.587,0.0,62,LAND,False,STANDBY,10,6
2026-09-29T18:32:02.780520,-35.3632621,149.1652378,0.005,0.0,-0.02,0.0,0.024094363674521446,0.02410431206226349,112,0.001421715714968741,0.001973188715055585,1.9657626152038574,12.587,0.0,62,LAND,False,STANDBY,10,6
2026-09-29T18:32:03.280875,-35.3632621,149.1652378,0.005,0.0,-0.02,0.0,0.024397674947977066,0.024407824501395226,112,0.0014153149677440524,0.001960405381396413,1.9658297300338745,12.587,0.0,62,LAND,False,STANDBY,10,6
2026-09-29T18:32:03.781688,-35.3632621,149.1652378,0.005,0.0,-0.02,0.0,0.023919889703392982,0.023927723988890648,112,0.0013873412972316146,0.001932522514835,1.965888261795044,12.587,0.0,62,LAND,False,STANDBY,10,6
2026-09-29T18:32:04.282126,-35.3632621,149.1652378,0.004,0.0,-0.02,0.0,0.023871593177318573,0.023878255859017372,112,0.0013617037329822779,0.0019038646714761853,1.9659414291381836,12.587,0.0,62,LAND,False,STANDBY,10,6
2026-09-29T18:32:04.782494,-35.3632621,149.1652378,0.004,0.0,-0.02,0.0,0.022976955398917198,0.022984348237514496,112,0.0013319608988240361,0.0018679084023460746,1.965981125831604,12.587,0.0,62,LAND,False,STANDBY,10,6
2026-09-29T18:32:05.282959,-35.3632621,149.1652378,0.004,0.0,-0.02,0.0,0.022718191146850586,0.02272416092455387,112,0.0013118763454258442,0.001847194042056799,1.9660192728042603,12.587,0.0,62,LAND,False,STANDBY,10,6
2026-09-29T18:32:05.783619,-35.3632621,149.1652378,0.004,0.0,-0.01,0.0,0.021758975461125374,0.0217631533741951,112,0.0012663430534303188,0.0018028775230050087,1.9660351276397705,12.587,0.0,62,LAND,False,STANDBY,10,6
2026-09-29T18:32:06.283822,-35.3632621,149.1652378,0.004,0.0,-0.01,0.0,0.021460814401507378,0.021463364362716675,112,0.001239340053871274,0.001773414434865117,1.966051459312439,12.587,0.0,62,LAND,False,STANDBY,10,6
2026-09-29T18:32:06.784454,-35.3632621,149.1652378,0.004,0.0,-0.01,0.0,0.020305350422859192,0.020308149978518486,112,0.0011837213532999158,0.0017234296537935734,1.966054916381836,12.587,0.0,62,LAND,False,STANDBY,10,6
2026-09-29T18:32:07.285064,-35.3632621,149.1652378,0.004,0.0,-0.01,0.0,0.0198970977216959,0.01989980787038803,112,0.0011320507619529963,0.001683913404121995,1.9660367965698242,12.587,0.0,62,LAND,False,STANDBY,10,6
2026-09-29T18:32:07.786568,-35.3632621,149.1652378,0.004,0.0,-0.01,0.0,0.018750043585896492,0.018751882016658783,112,0.0010800575837492943,0.0016327942721545696,1.9660090208053589,12.587,0.0,62,LAND,False,STANDBY,10,6
2026-09-29T18:32:08.287157,-35.3632621,149.1652378,0.004,0.0,-0.01,0.0,0.01773940399289131,0.017743095755577087,112,0.0010219425894320011,0.0015821775887161493,1.9659764766693115,12.587,0.0,62,LAND,False,STANDBY,10,6
2026-09-29T18:32:08.787602,-35.3632621,149.1652378,0.004,0.0,-0.01,0.0,0.016289202496409416,0.016293538734316826,112,0.0009662698139436543,0.0015307179419323802,1.9659342765808105,12.587,0.0,62,LAND,False,STANDBY,10,6
2026-09-29T18:32:09.288201,-35.3632621,149.1652378,0.004,0.0,-0.01,0.0,0.015351112000644207,0.015355398878455162,112,0.000921208004001528,0.0014905324205756187,1.9658805131912231,12.587,0.0,62,LAND,False,STANDBY,10,6
2026-09-29T18:32:09.788830,-35.3632621,149.1652378,0.004,0.0,-0.01,0.0,0.014114851132035255,0.014124695211648941,112,0.0008656647987663746,0.0014352077851071954,1.9658170938491821,12.587,0.0,62,LAND,False,STANDBY,10,6
2026-09-29T18:32:10.289262,-35.3632621,149.1652378,0.004,0.0,-0.01,0.0,0.013172967359423637,0.013182483613491058,112,0.0008200432639569044,0.001395298750139773,1.9657460451126099,12.587,0.0,62,LAND,False,STANDBY,10,6
2026-09-29T18:32:10.789866,-35.3632621,149.1652378,0.004,0.0,-0.01,0.0,0.012007291428744793,0.012017320841550827,112,0.0007644324214197695,0.0013463785871863365,1.965674877166748,12.587,0.0,62,LAND,False,STANDBY,10,6
2026-09-29T18:32:11.290487,-35.3632621,149.1652378,0.004,0.0,-0.01,0.0,0.011024338193237782,0.011030711233615875,112,0.0007112243329174817,0.001301154843531549,1.965593934059143,12.587,0.0,62,LAND,False,STANDBY,10,6
2026-09-29T18:32:11.791094,-35.3632621,149.1652378,0.004,0.0,0.0,0.0,0.009615202434360981,0.009624742902815342,112,0.0006464581238105893,0.0012385643785819411,1.9655057191848755,12.587,0.0,62,LAND,False,STANDBY,10,6
2026-09-29T18:32:12.291829,-35.3632621,149.1652379,0.004,0.0,0.0,0.0,0.008438228629529476,0.008444760926067829,112,0.0005959813133813441,0.0011855068150907755,1.965392827987671,12.587,0.0,62,LAND,False,STANDBY,10,6
2026-09-29T18:32:12.792624,-35.3632621,149.1652379,0.004,0.0,0.0,0.0,0.007144334726035595,0.007149709854274988,112,0.0005421980749815702,0.0011400398798286915,1.96528959274292,12.587,0.0,62,LAND,False,STANDBY,10,6
2026-09-29T18:32:13.293434,-35.3632621,149.1652379,0.004,0.0,0.0,0.0,0.006140147801488638,0.0061453599482774734,112,0.0004962554667145014,0.0010971808806061745,1.96517014503479,12.587,0.0,62,LAND,False,STANDBY,10,6
2026-09-29T18:32:13.793828,-35.3632621,149.1652379,0.004,0.0,0.0,0.0,0.004951899871230125,0.0049532032571733,112,0.00045090101775713265,0.0010498424526304007,1.9650399684906006,12.587,0.0,62,LAND,False,STANDBY,10,6
2026-09-29T18:32:14.294055,-35.3632621,149.1652379,0.003,0.0,0.0,0.0,0.00407980615273118,0.0040878248400986195,112,0.0004091552400495857,0.0010118166683241725,1.96491539478302,12.587,0.0,62,LAND,False,STANDBY,10,6
2026-09-29T18:32:14.794672,-35.3632621,149.1652379,0.003,0.0,0.0,0.0,0.0029692002572119236,0.0029827228281646967,112,0.00036956495023332536,0.0009689026046544313,1.9647750854492188,12.587,0.0,62,LAND,False,STANDBY,10,6
2026-09-29T18:32:15.295151,-35.3632621,149.1652379,0.003,0.0,0.0,0.0,0.0020840626675635576,0.0021030751522630453,112,0.00033100013388320804,0.0009264349355362356,1.9646360874176025,12.587,0.0,62,LAND,False,STANDBY,10,6
2026-09-29T18:32:15.795864,-35.3632621,149.1652379,0.003,0.0,0.0,0.0,0.0011895857751369476,0.0012100207386538386,112,0.0002881877007894218,0.0008851374732330441,1.9644732475280762,12.587,0.0,62,LAND,False,STANDBY,10,6
2026-09-29T18:32:16.296381,-35.3632621,149.1652379,0.003,0.0,0.0,0.0,0.0003445332695264369,0.00043804696178995073,112,0.00024412773200310767,0.0008483227575197816,1.9643044471740723,12.587,0.0,62,LAND,False,STANDBY,10,6
2026-09-29T18:32:16.796881,-35.3632621,149.1652379,0.003,0.0,0.0,0.0,0.0005936888046562672,0.0006353306234814227,112,0.0002088797918986529,0.0008104551816359162,1.964134693145752,12.587,0.0,62,LAND,False,STANDBY,10,6
2026-09-29T18:32:17.297485,-35.3632621,149.1652379,0.003,0.0,0.0,0.0,0.0013901457423344254,0.001423411536961794,112,0.00017859958461485803,0.0007704712334088981,1.9639570713043213,12.587,0.0,62,LAND,False,STANDBY,10,6
2026-09-29T18:32:17.797824,-35.3632621,149.1652379,0.003,0.0,0.0,0.0,0.002055432880297303,0.002082556253299117,112,0.00015177430759649724,0.0007362872129306197,1.9637709856033325,12.587,0.0,62,LAND,False,STANDBY,10,6
2026-09-29T18:32:18.298282,-35.3632621,149.165238,0.003,0.0,0.0,0.0,0.0027275318279862404,0.0027367090806365013,112,0.00011667326180031523,0.0007071021827869117,1.9635863304138184,12.587,0.0,62,LAND,False,STANDBY,10,6
2026-09-29T18:32:18.798947,-35.3632621,149.165238,0.003,0.0,0.0,0.0,0.0035132139455527067,0.003519641002640128,112,9.020914149004966e-05,0.0006859493441879749,1.9633979797363281,12.587,0.0,62,LAND,False,STANDBY,10,6
2026-09-29T18:32:19.299399,-35.3632621,149.165238,0.003,0.0,0.0,0.0,0.0041704620234668255,0.004173983819782734,112,6.104217754909769e-05,0.0006541312905028462,1.9632021188735962,12.587,0.0,62,LAND,False,STANDBY,10,6
2026-09-29T18:32:19.799821,-35.3632621,149.165238,0.003,0.0,0.0,0.0,0.004675711505115032,0.004681023303419352,112,3.3154432458104566e-05,0.000619448022916913,1.962996482849121,12.587,0.0,62,LAND,False,STANDBY,10,6
2026-09-29T18:32:20.300488,-35.3632621,149.165238,0.003,0.0,0.0,0.0,0.005360867362469435,0.005361463874578476,112,-7.0260157691848235e-09,0.0005855456693097949,1.9627848863601685,12.587,0.0,62,LAND,False,STANDBY,10,6
2026-09-29T18:32:20.800837,-35.3632621,149.165238,0.003,0.0,0.0,0.0,0.006002373527735472,0.006002537440508604,112,-3.2855881727300584e-05,0.0005539521807804704,1.9625762701034546,12.587,0.0,62,LAND,False,STANDBY,10,6
2026-09-29T18:32:21.301253,-35.3632621,149.165238,0.003,0.0,0.0,0.0,0.006667062174528837,0.006667347624897957,112,-5.322067954693921e-05,0.0005244578933343291,1.9623569250106812,12.587,0.0,62,LAND,False,STANDBY,10,6
2026-09-29T18:32:21.801922,-35.3632621,149.165238,0.003,0.0,0.0,0.0,0.007076116744428873,0.007076381240040064,112,-7.790014933561906e-05,0.000499629182741046,1.9621323347091675,12.587,0.0,62,LAND,False,STANDBY,10,6
2026-09-29T18:32:22.302644,-35.3632621,149.165238,0.003,0.0,0.0,0.0,0.007873078808188438,0.007873084396123886,112,-0.00010568992729531601,0.00047285036998800933,1.9618966579437256,12.587,0.0,62,LAND,False,STANDBY,10,6
2026-09-29T18:32:22.803253,-35.3632621,149.165238,0.003,0.0,0.0,0.0,0.008357674814760685,0.008357818238437176,112,-0.00012826931197196245,0.000454871536931023,1.9616702795028687,12.587,0.0,62,LAND,False,STANDBY,10,6
2026-09-29T18:32:23.303542,-35.3632621,149.165238,0.003,0.0,0.0,0.0,0.00895342044532299,0.008954229764640331,112,-0.00014195877884048969,0.0004397026787046343,1.9614403247833252,12.587,0.0,62,LAND,False,STANDBY,10,6
2026-09-29T18:32:23.804419,-35.3632621,149.165238,0.003,0.0,0.0,0.0,0.009274069219827652,0.009274080395698547,112,-0.00016169287846423686,0.00042677982128225267,1.9612061977386475,12.587,0.0,62,LAND,False,STANDBY,10,6
2026-09-29T18:32:24.304881,-35.3632621,149.165238,0.003,0.0,0.0,0.0,0.00986905675381422,0.009869081899523735,112,-0.00019225297728553414,0.00039912742795422673,1.9609540700912476,12.587,0.0,62,LAND,False,STANDBY,10,6
2026-09-29T18:32:24.805456,-35.3632621,149.165238,0.003,0.0,0.0,0.0,0.010109100490808487,0.010109159164130688,112,-0.0002155729744117707,0.00036955351242795587,1.9607107639312744,12.587,0.0,62,LAND,False,STANDBY,10,6
2026-09-29T18:32:25.306263,-35.3632621,149.165238,0.003,0.0,0.0,0.0,0.010672890581190586,0.01067434437572956,112,-0.000248447700869292,0.0003424355818424374,1.9604599475860596,12.587,0.0,62,LAND,False,STANDBY,10,6
2026-09-29T18:32:25.807062,-35.3632621,149.165238,0.003,0.0,0.01,0.0,0.011045453138649464,0.011045850813388824,112,-0.00026395925669930875,0.00032347170053981245,1.9602049589157104,12.587,0.0,62,LAND,False,STANDBY,10,6
2026-09-29T18:32:26.307837,-35.3632621,149.165238,0.003,0.0,0.01,0.0,0.01154790073633194,0.0115482397377491,112,-0.00028724459116347134,0.00030087726190686226,1.9599556922912598,12.587,0.0,62,LAND,False,STANDBY,10,6
2026-09-29T18:32:26.808612,-35.3632621,149.165238,0.003,0.0,0.01,0.0,0.011890974827110767,0.011891709640622139,112,-0.0003087565128225833,0.00028735134401358664,1.9596946239471436,12.587,0.0,62,LAND,False,STANDBY,10,6
2026-09-29T18:32:27.309035,-35.3632621,149.165238,0.003,0.0,0.01,0.0,0.012463834136724472,0.012464222498238087,112,-0.0003280664386693388,0.0002644196501933038,1.959430456161499,12.587,0.0,62,LAND,False,STANDBY,10,6
2026-09-29T18:32:27.810258,-35.3632621,149.165238,0.003,0.0,0.01,0.0,0.012795846909284592,0.012796170078217983,112,-0.0003475433331914246,0.00025942362844944,1.9591635465621948,12.587,0.0,62,LAND,False,STANDBY,10,6
2026-09-29T18:32:28.310827,-35.3632621,149.1652381,0.003,0.0,0.01,0.0,0.013520029373466969,0.013520115055143833,112,-0.0003635235480032861,0.00023811080609448254,1.9588769674301147,12.587,0.0,62,LAND,False,STANDBY,10,6
2026-09-29T18:32:28.811488,-35.3632621,149.1652381,0.003,0.0,0.01,0.0,0.013653930276632309,0.013653994537889957,112,-0.00038851911085657775,0.0002240321773570031,1.9586055278778076,12.587,0.0,62,LAND,False,STANDBY,10,6
2026-09-29T18:32:29.311832,-35.3632621,149.1652381,0.003,0.0,0.01,0.0,0.01419108547270298,0.014191139489412308,112,-0.00040336744859814644,0.00020617118570953608,1.9583314657211304,12.587,0.0,62,LAND,False,STANDBY,10,6
2026-09-29T18:32:29.812265,-35.3632621,149.1652381,0.003,0.0,0.01,0.0,0.014410281553864479,0.014410302974283695,112,-0.00041125580901280046,0.00019964543753303587,1.9580626487731934,12.587,0.0,62,LAND,False,STANDBY,10,6
2026-09-29T18:32:30.312881,-35.3632621,149.1652381,0.003,0.0,0.01,0.0,0.014870282262563705,0.014870299026370049,112,-0.00043100109905935824,0.0001822690392145887,1.957790493965149,12.587,0.0,62,LAND,False,STANDBY,10,6
2026-09-29T18:32:30.813169,-35.3632621,149.1652381,0.003,0.0,0.01,0.0,0.015010006725788116,0.01501001138240099,112,-0.0004352388787083328,0.0001701708388281986,1.9575128555297852,12.587,0.0,62,LAND,False,STANDBY,10,6
2026-09-29T18:32:31.313931,-35.3632621,149.1652381,0.003,0.0,0.01,0.0,0.01534552313387394,0.01534571498632431,112,-0.0004335292906034738,0.00014696184371132404,1.9572354555130005,12.587,0.0,62,LAND,False,STANDBY,10,6
2026-09-29T18:32:31.814607,-35.3632621,149.1652381,0.003,0.0,0.01,0.0,0.015399903059005737,0.015399935655295849,112,-0.0004347219364717603,0.00014158888370729983,1.9569578170776367,12.587,0.0,62,LAND,False,STANDBY,10,6
2026-09-29T18:32:32.315400,-35.3632621,149.1652381,0.003,0.0,0.01,0.0,0.015758996829390526,0.015760187059640884,112,-0.0004393866693135351,0.00012579248868860304,1.9566811323165894,12.587,0.0,62,LAND,False,STANDBY,10,6
2026-09-29T18:32:32.816294,-35.3632621,149.1652381,0.003,0.0,0.01,0.0,0.01578320562839508,0.015784593299031258,112,-0.0004438210162334144,0.0001121143504860811,1.9563952684402466,12.587,0.0,62,LAND,False,STANDBY,10,6
2026-09-29T18:32:33.316823,-35.3632621,149.1652381,0.003,0.0,0.01,0.0,0.016348708420991898,0.016349131241440773,112,-0.00046833130181767046,0.0001008142571663484,1.9561036825180054,12.587,0.0,62,LAND,False,STANDBY,10,6
2026-09-29T18:32:33.817949,-35.3632621,149.1652381,0.003,0.0,0.01,0.0,0.016434382647275925,0.016435451805591583,112,-0.00047583080595359206,9.013672388391569e-05,1.955822229385376,12.587,0.0,62,LAND,False,STANDBY,10,6
2026-09-29T18:32:34.318853,-35.3632621,149.1652381,0.003,0.0,0.01,0.0,0.01674611307680607,0.016747601330280304,112,-0.0004929122515022755,7.68903992138803e-05,1.9555357694625854,12.587,0.0,62,LAND,False,STANDBY,10,6
2026-09-29T18:32:34.819848,-35.3632621,149.1652381,0.003,0.0,0.01,0.0,0.016822978854179382,0.016824861988425255,112,-0.0005047815502621233,6.30427457508631e-05,1.9552401304244995,12.587,0.0,62,LAND,False,STANDBY,10,6
2026-09-29T18:32:35.320356,-35.3632621,149.1652381,0.003,0.0,0.01,0.0,0.01733141764998436,0.01733335293829441,112,-0.0005208943621255457,4.7461635404033586e-05,1.9549424648284912,12.587,0.0,62,LAND,False,STANDBY,10,6
2026-09-29T18:32:35.821124,-35.3632621,149.1652381,0.003,0.0,0.01,0.0,0.017492780461907387,0.01749366894364357,111,-0.0005221241153776646,4.064812674187124e-05,1.9546607732772827,12.587,0.0,62,LAND,False,STANDBY,10,6
2026-09-29T18:32:36.321821,-35.3632621,149.1652381,0.003,0.0,0.01,0.0,0.017885295674204826,0.01788615994155407,111,-0.0005355069879442453,2.9093780540279113e-05,1.9543695449829102,12.587,0.0,62,LAND,False,STANDBY,10,6
2026-09-29T18:32:36.822538,-35.3632621,149.1652381,0.003,0.0,0.01,0.0,0.017701953649520874,0.017702486366033554,111,-0.0005508048343472183,1.2443870218703523e-05,1.9540754556655884,12.587,0.0,62,LAND,False,STANDBY,10,6
2026-09-29T18:32:37.322819,-35.3632621,149.1652381,0.003,0.0,0.01,0.0,0.018166987225413322,0.01816711015999317,111,-0.0005650435923598707,-4.943006842950126e-06,1.9537746906280518,12.587,0.0,62,LAND,False,STANDBY,10,6
2026-09-29T18:32:37.823737,-35.3632621,149.1652381,0.003,0.0,0.01,0.0,0.018172089010477066,0.01817226968705654,111,-0.0005648889346048236,-6.208088052517269e-06,1.9534826278686523,12.587,0.0,62,LAND,False,STANDBY,10,6
2026-09-29T18:32:38.324218,-35.3632621,149.1652381,0.003,0.0,0.01,0.0,0.018645113334059715,0.018645206466317177,111,-0.0005826081032864749,-2.3644011889700778e-05,1.9531806707382202,12.587,0.0,62,LAND,False,STANDBY,10,6
2026-09-29T18:32:38.824881,-35.3632621,149.1652381,0.003,0.0,0.01,0.0,0.018736906349658966,0.01873694732785225,111,-0.0005805634427815676,-2.365729960729368e-05,1.9528785943984985,12.587,0.0,62,LAND,False,STANDBY,10,6
2026-09-29T18:32:39.325728,-35.3632621,149.1652381,0.003,0.0,0.01,0.0,0.019154777750372887,0.019154924899339676,111,-0.0005876346840523183,-3.4142369258916005e-05,1.952589750289917,12.587,0.0,62,LAND,False,STANDBY,10,6
2026-09-29T18:32:39.826484,-35.3632621,149.1652381,0.003,0.0,0.01,0.0,0.01908757910132408,0.01908758468925953,111,-0.0005829378496855497,-3.8507474528159946e-05,1.9523024559020996,12.587,0.0,62,LAND,False,STANDBY,10,6
2026-09-29T18:32:40.326828,-35.3632621,149.1652381,0.003,0.0,0.01,0.0,0.01925581321120262,0.019255872815847397,111,-0.0005952570354565978,-4.202805575914681e-05,1.952006459236145,12.587,0.0,62,LAND,False,STANDBY,10,6
2026-09-29T18:32:40.827830,-35.3632621,149.1652381,0.003,0.0,0.01,0.0,0.01921018585562706,0.019210416823625565,111,-0.0006016434635967016,-4.635570076061413e-05,1.9517052173614502,12.587,0.0,62,LAND,False,STANDBY,10,6
2026-09-29T18:32:41.328835,-35.3632621,149.1652381,0.003,0.0,0.01,0.0,0.019653744995594025,0.01965375617146492,111,-0.0006195602472871542,-6.0985501477262005e-05,1.9514038562774658,12.587,0.0,62,LAND,False,STANDBY,10,6
2026-09-29T18:32:41.829889,-35.3632621,149.1652381,0.003,0.0,0.01,0.0,0.019554022699594498,0.019554216414690018,111,-0.0006200248608365655,-6.455138645833358e-05,1.951102375984192,12.587,0.0,62,LAND,False,STANDBY,10,6
2026-09-29T18:32:42.330770,-35.3632621,149.1652381,0.003,0.0,0.01,0.0,0.01985882595181465,0.01985887996852398,111,-0.0006314366473816335,-6.909598596394062e-05,1.9508097171783447,12.587,0.0,62,LAND,False,STANDBY,10,6
2026-09-29T18:32:42.832077,-35.3632621,149.1652381,0.003,0.0,0.01,0.0,0.019772198051214218,0.019772198051214218,111,-0.0006323825218714774,-7.462753274012357e-05,1.9505226612091064,12.587,0.0,62,LAND,False,STANDBY,10,6
2026-09-29T18:32:43.332764,-35.3632621,149.1652381,0.003,0.0,0.01,0.0,0.020229775458574295,0.020230358466506004,111,-0.0006399503909051418,-7.653229840798303e-05,1.9502224922180176,12.587,0.0,62,LAND,False,STANDBY,10,6
2026-09-29T18:32:43.833350,-35.3632621,149.1652381,0.003,0.0,0.01,0.0,0.01998051628470421,0.019980669021606445,111,-0.0006428014021366835,-6.857885455247015e-05,1.9499375820159912,12.587,0.0,62,LAND,False,STANDBY,10,6
2026-09-29T18:32:44.334423,-35.3632621,149.1652381,0.003,0.0,0.01,0.0,0.0202595517039299,0.020259670913219452,111,-0.000653675408102572,-7.97847387730144e-05,1.9496358633041382,12.587,0.0,62,LAND,False,STANDBY,10,6
2026-09-29T18:32:44.834917,-35.3632621,149.1652381,0.003,0.0,0.01,0.0,0.02007870189845562,0.020080111920833588,111,-0.0006606135284528136,-8.549207268515602e-05,1.949336290359497,12.587,0.0,62,LAND,False,STANDBY,10,6
2026-09-29T18:32:45.335825,-35.3632621,149.1652381,0.003,0.0,0.01,0.0,0.020529719069600105,0.020530087873339653,111,-0.0006694499752484262,-0.00010711421782616526,1.9490389823913574,12.587,0.0,62,LAND,False,STANDBY,10,6
2026-09-29T18:32:45.836848,-35.3632621,149.1652381,0.003,0.0,0.01,0.0,0.020541533827781677,0.02054203674197197,111,-0.0006709038862027228,-0.00010800061863847077,1.9487417936325073,12.587,0.0,62,LAND,False,STANDBY,10,6
2026-09-29T18:32:46.338050,-35.3632621,149.1652381,0.003,0.0,0.01,0.0,0.020966345444321632,0.020966345444321632,111,-0.0006835789536125958,-0.00011793823796324432,1.9484552145004272,12.587,0.0,62,LAND,False,STANDBY,10,6
2026-09-29T18:32:46.838448,-35.3632621,149.1652381,0.003,0.0,0.01,0.0,0.020804015919566154,0.020804038271307945,111,-0.0006780933472327888,-0.00011769320553867146,1.948167085647583,12.587,0.0,62,LAND,False,STANDBY,10,6
2026-09-29T18:32:47.339666,-35.3632621,149.1652381,0.003,0.0,0.01,0.0,0.021251708269119263,0.021251989528536797,111,-0.0006910847732797265,-0.00013065400708001107,1.947877049446106,12.587,0.0,62,LAND,False,STANDBY,10,6
2026-09-29T18:32:47.840634,-35.3632621,149.1652381,0.003,0.0,0.01,0.0,0.021142184734344482,0.021142631769180298,111,-0.0006848988123238087,-0.00012806920858565718,1.9475822448730469,12.587,0.0,62,LAND,False,STANDBY,10,6
2026-09-29T18:32:48.341461,-35.3632621,149.1652381,0.003,0.0,0.01,0.0,0.021406466141343117,0.02140657603740692,111,-0.000684460683260113,-0.00012093222903786227,1.947299599647522,12.587,0.0,62,LAND,False,STANDBY,10,6
2026-09-29T18:32:48.842236,-35.3632621,149.1652381,0.003,0.0,0.01,0.0,0.021065115928649902,0.021065212786197662,111,-0.0006851767539046705,-0.0001168645394500345,1.9470171928405762,12.587,0.0,62,LAND,False,STANDBY,10,6
2026-09-29T18:32:49.343055,-35.3632621,149.1652381,0.003,0.0,0.01,0.0,0.021476296707987785,0.021476300433278084,111,-0.0007033614092506468,-0.00013949415006209165,1.9467177391052246,12.587,0.0,62,LAND,False,STANDBY,10,6
2026-09-29T18:32:49.844030,-35.3632621,149.1652381,0.003,0.0,0.01,0.0,0.021180979907512665,0.02118113450706005,111,-0.0007042204961180687,-0.00014396707410924137,1.946431279182434,12.587,0.0,62,LAND,False,STANDBY,10,6
2026-09-29T18:32:50.344255,-35.3632621,149.1652381,0.003,0.0,0.01,0.0,0.02159508503973484,0.021595293655991554,111,-0.0007175405044108629,-0.0001519632787676528,1.9461463689804077,12.587,0.0,62,LAND,False,STANDBY,10,6
2026-09-29T18:32:50.845520,-35.3632621,149.1652381,0.003,0.0,0.01,0.0,0.021545398980379105,0.021545477211475372,111,-0.0007163804839365184,-0.00015361727855633944,1.9458609819412231,12.587,0.0,62,LAND,False,STANDBY,10,6
2026-09-29T18:32:51.345902,-35.3632621,149.1652381,0.003,0.0,0.02,0.0,0.021960053592920303,0.02196013182401657,111,-0.0007225325680337846,-0.000162609969265759,1.945572853088379,12.587,0.0,62,LAND,False,STANDBY,10,6
2026-09-29T18:32:51.846616,-35.3632621,149.1652381,0.003,0.0,0.02,0.0,0.021852334961295128,0.02185342088341713,111,-0.0007202002452686429,-0.00015684224490541965,1.9453015327453613,12.587,0.0,62,LAND,False,STANDBY,10,6
2026-09-29T18:32:52.347407,-35.3632621,149.1652381,0.003,0.0,0.02,0.0,0.022118376567959785,0.022118909284472466,111,-0.0007175179198384285,-0.0001621339761186391,1.9450154304504395,12.587,0.0,62,LAND,False,STANDBY,10,6
2026-09-29T18:32:52.848513,-35.3632621,149.1652381,0.003,0.0,0.01,0.0,0.02175605483353138,0.021756192669272423,111,-0.0007122184033505619,-0.0001603794371476397,1.9447450637817383,12.587,0.0,62,LAND,False,STANDBY,10,6
2026-09-29T18:32:53.349158,-35.3632621,149.1652381,0.003,0.0,0.02,0.0,0.022149112075567245,0.02214915119111538,111,-0.0007267178734764457,-0.00016305838653352112,1.944456696510315,12.587,0.0,62,LAND,False,STANDBY,10,6
2026-09-29T18:32:53.849834,-35.3632621,149.1652381,0.003,0.0,0.02,0.0,0.022059470415115356,0.022059472277760506,111,-0.0007198831881396472,-0.00016665211296640337,1.944165825843811,12.587,0.0,62,LAND,False,STANDBY,10,6
2026-09-29T18:32:54.350186,-35.3632621,149.1652381,0.003,0.0,0.02,0.0,0.02237897366285324,0.02237904816865921,111,-0.0007312075467780232,-0.00016685786249581724,1.9438812732696533,12.587,0.0,62,LAND,False,STANDBY,10,6
2026-09-29T18:32:54.850824,-35.3632621,149.1652381,0.003,0.0,0.02,0.0,0.02205423265695572,0.02205485664308071,111,-0.000727173697669059,-0.00015917638665996492,1.9435973167419434,12.587,0.0,62,LAND,False,STANDBY,10,6
2026-09-29T18:32:55.351777,-35.3632621,149.1652381,0.003,0.0,0.02,0.0,0.022145448252558708,0.02214709296822548,111,-0.0007361177122220397,-0.0001597127120476216,1.9433252811431885,12.587,0.0,62,LAND,False,STANDBY,10,6
2026-09-29T18:32:55.852519,-35.3632621,149.1652381,0.002,0.0,0.02,0.0,0.02183009684085846,0.0218313280493021,111,-0.000738083035685122,-0.000156299167429097,1.9430487155914307,12.587,0.0,62,LAND,False,STANDBY,10,6
2026-09-29T18:32:56.353325,-35.3632621,149.1652381,0.002,0.0,0.02,0.0,0.02206810750067234,0.022070232778787613,111,-0.0007494653691537678,-0.00016233698988799006,1.9427740573883057,12.587,0.0,62,LAND,False,STANDBY,10,6
2026-09-29T18:32:56.854173,-35.3632621,149.1652381,0.002,0.0,0.01,0.0,0.021781649440526962,0.021784093230962753,111,-0.0007355880807153881,-0.0001573947083670646,1.9425053596496582,12.587,0.0,62,LAND,False,STANDBY,10,6
2026-09-29T18:32:57.354830,-35.3632621,149.1652381,0.002,0.0,0.02,0.0,0.022126030176877975,0.022128120064735413,111,-0.0007436033920384943,-0.00016264687292277813,1.942232370376587,12.587,0.0,62,LAND,False,STANDBY,10,6
2026-09-29T18:32:57.855453,-35.3632621,149.1652381,0.002,0.0,0.02,0.0,0.021963417530059814,0.021964726969599724,111,-0.0007504841778427362,-0.00015639644698239863,1.9419585466384888,12.587,0.0,62,LAND,False,STANDBY,10,6
2026-09-29T18:32:58.355825,-35.3632621,149.1652381,0.002,0.0,0.02,0.0,0.02231718599796295,0.022318720817565918,111,-0.0007633407367393374,-0.0001718109124340117,1.94169020652771,12.587,0.0,62,LAND,False,STANDBY,10,6
2026-09-29T18:32:58.856394,-35.3632621,149.1652381,0.002,0.0,0.02,0.0,0.022108105942606926,0.02210877276957035,111,-0.0007563588442280889,-0.00017256720457226038,1.9414222240447998,12.587,0.0,62,LAND,False,STANDBY,10,6
2026-09-29T18:32:59.356822,-35.3632621,149.1652381,0.002,0.0,0.02,0.0,0.0225734431296587,0.02257373370230198,111,-0.0007668273174203932,-0.00017389384447596967,1.9411545991897583,12.587,0.0,62,LAND,False,STANDBY,10,6
2026-09-29T18:32:59.857475,-35.3632621,149.1652381,0.002,0.0,0.02,0.0,0.02243110164999962,0.022431205958127975,111,-0.0007637750823050737,-0.0001744794863043353,1.9408873319625854,12.587,0.0,62,LAND,False,STANDBY,10,6
2026-09-29T18:33:00.357818,-35.3632621,149.1652381,0.002,0.0,0.02,0.0,0.022646548226475716,0.022647595033049583,111,-0.0007575586787424982,-0.00017424620455130935,1.9406276941299438,12.587,0.0,62,LAND,False,STANDBY,10,6
2026-09-29T18:33:00.858743,-35.3632621,149.1652381,0.002,0.0,0.02,0.0,0.022328665480017662,0.02232959121465683,111,-0.0007490575080737472,-0.0001683113514445722,1.940366268157959,12.587,0.0,62,LAND,False,STANDBY,10,6
2026-09-29T18:33:01.359748,-35.3632621,149.1652381,0.003,0.0,0.02,0.0,0.022558460012078285,0.022559987381100655,111,-0.0007567477878183126,-0.00017535343067720532,1.9401090145111084,12.587,0.0,62,LAND,False,STANDBY,10,6
2026-09-29T18:33:01.860226,-35.3632621,149.1652381,0.003,0.0,0.02,0.0,0.022324131801724434,0.022324850782752037,111,-0.0007568144937977195,-0.00017883734835777432,1.9398455619812012,12.587,0.0,62,LAND,False,STANDBY,10,6
2026-09-29T18:33:02.360909,-35.3632621,149.1652381,0.003,0.0,0.02,0.0,0.02260502055287361,0.022605447098612785,111,-0.0007746273768134415,-0.00019121452351100743,1.939589500427246,12.587,0.0,62,LAND,False,STANDBY,10,6
2026-09-29T18:33:02.861936,-35.3632621,149.1652381,0.003,0.0,0.02,0.0,0.022419223561882973,0.022419530898332596,111,-0.0007765344344079494,-0.0001803865161491558,1.9393310546875,12.587,0.0,62,LAND,False,STANDBY,10,6
2026-09-29T18:33:03.362866,-35.3632621,149.1652381,0.003,0.0,0.02,0.0,0.02278382144868374,0.02278469316661358,111,-0.0007795176934450865,-0.00017924638814292848,1.9390779733657837,12.587,0.0,62,LAND,False,STANDBY,10,6
2026-09-29T18:33:03.863644,-35.3632621,149.1652381,0.003,0.0,0.02,0.0,0.022548289969563484,0.022548703476786613,111,-0.0007701477152295411,-0.00018046282639261335,1.9388188123703003,12.587,0.0,62,LAND,False,STANDBY,10,6
2026-09-29T18:33:04.364425,-35.3632621,149.1652381,0.003,0.0,0.02,0.0,0.022824184969067574,0.022824600338935852,111,-0.0007707359618507326,-0.0001905473618535325,1.9385720491409302,12.587,0.0,62,LAND,False,STANDBY,10,6
2026-09-29T18:33:04.864918,-35.3632621,149.1652381,0.003,0.0,0.02,0.0,0.022454358637332916,0.022454623132944107,111,-0.0007621868280693889,-0.00018879884737543762,1.938339114189148,12.587,0.0,62,LAND,False,STANDBY,10,6
2026-09-29T18:33:05.365346,-35.3632621,149.1652381,0.003,0.0,0.02,0.0,0.02272544614970684,0.02272544987499714,111,-0.000763404299505055,-0.00019520353816915303,1.9380989074707031,12.587,0.0,62,LAND,False,STANDBY,10,6
2026-09-29T18:33:05.865989,-35.3632621,149.1652381,0.003,0.0,0.02,0.0,0.022419901564717293,0.022420203313231468,111,-0.0007608197047375143,-0.0001965889532584697,1.9378424882888794,12.587,0.0,62,LAND,False,STANDBY,10,6
2026-09-29T18:33:06.366825,-35.3632621,149.1652381,0.003,0.0,0.02,0.0,0.022745484486222267,0.02274569496512413,111,-0.0007641196134500206,-0.00020705767383333296,1.9375953674316406,12.587,0.0,62,LAND,False,STANDBY,10,6
2026-09-29T18:33:06.867482,-35.3632621,149.1652381,0.003,0.0,0.02,0.0,0.022683529183268547,0.022683847695589066,111,-0.0007598309894092381,-0.00020986089657526463,1.9373433589935303,12.587,0.0,62,LAND,False,STANDBY,10,6
2026-09-29T18:33:07.368009,-35.3632621,149.1652381,0.003,0.0,0.02,0.0,0.023102208971977234,0.02310222014784813,110,-0.0007650264305993915,-0.00022036826703697443,1.9371018409729004,12.587,0.0,62,LAND,False,STANDBY,10,6
2026-09-29T18:33:07.868695,-35.3632621,149.1652381,0.003,0.0,0.02,0.0,0.022781094536185265,0.02278115786612034,110,-0.0007662730640731752,-0.0002165802870877087,1.936859369277954,12.587,0.0,62,LAND,False,STANDBY,10,6
2026-09-29T18:33:08.369503,-35.3632621,149.1652381,0.003,0.0,0.02,0.0,0.02307797595858574,0.023078396916389465,110,-0.0007778552826493979,-0.00022976681066211313,1.9366248846054077,12.587,0.0,62,LAND,False,STANDBY,10,6
2026-09-29T18:33:08.870072,-35.3632621,149.1652381,0.003,0.0,0.02,0.0,0.022875336930155754,0.02287590503692627,110,-0.0007707399781793356,-0.00022273557260632515,1.936386227607727,12.587,0.0,62,LAND,False,STANDBY,10,6
2026-09-29T18:33:09.370495,-35.3632621,149.1652381,0.003,0.0,0.02,0.0,0.02321513369679451,0.023215709254145622,110,-0.0007658664835616946,-0.0002244297502329573,1.9361608028411865,12.587,0.0,62,LAND,False,STANDBY,10,6
2026-09-29T18:33:09.870943,-35.3632621,149.1652381,0.002,0.0,0.02,0.0,0.023084493353962898,0.02308480627834797,110,-0.0007667892496101558,-0.0002220198803115636,1.9359257221221924,12.587,0.0,62,LAND,False,STANDBY,10,6
2026-09-29T18:33:10.371582,-35.3632621,149.1652381,0.002,0.0,0.02,0.0,0.02352919988334179,0.02352946810424328,110,-0.0007715567480772734,-0.00022861476463731378,1.9356930255889893,12.587,0.0,62,LAND,False,STANDBY,10,6
2026-09-29T18:33:10.872235,-35.3632621,149.1652381,0.002,0.0,0.02,0.0,0.023134738206863403,0.023134736344218254,110,-0.0007769154035486281,-0.00022745004389435053,1.9354618787765503,12.587,0.0,62,LAND,False,STANDBY,10,6
2026-09-29T18:33:11.372823,-35.3632621,149.1652381,0.002,0.0,0.02,0.0,0.023336930200457573,0.023336946964263916,110,-0.0007889884291216731,-0.00022218078083824366,1.9352383613586426,12.587,0.0,62,LAND,False,STANDBY,10,6
2026-09-29T18:33:11.873515,-35.3632621,149.1652381,0.002,0.0,0.02,0.0,0.02316414937376976,0.02316456288099289,110,-0.0007903328514657915,-0.00021572012337855995,1.9350218772888184,12.587,0.0,62,LAND,False,STANDBY,10,6
2026-09-29T18:33:12.374254,-35.3632621,149.1652381,0.002,0.0,0.02,0.0,0.02333950810134411,0.023339783772826195,110,-0.000805582501925528,-0.00021794045460410416,1.9348028898239136,12.587,0.0,62,LAND,False,STANDBY,10,6
2026-09-29T18:33:12.874833,-35.3632621,149.1652381,0.002,0.0,0.02,0.0,0.02315460331737995,0.023154720664024353,110,-0.0007989007863216102,-0.0002030792529694736,1.9345834255218506,12.587,0.0,62,LAND,False,STANDBY,10,6
2026-09-29T18:33:13.375751,-35.3632621,149.1652381,0.002,0.0,0.02,0.0,0.02344599924981594,0.02344602346420288,110,-0.0008034679340198636,-0.00021405487495940179,1.9343724250793457,12.587,0.0,62,LAND,False,STANDBY,10,6
2026-09-29T18:33:13.876896,-35.3632621,149.1652381,0.002,0.0,0.02,0.0,0.023217659443616867,0.02321767248213291,110,-0.0007971109007485211,-0.00021597168233711272,1.9341472387313843,12.587,0.0,62,LAND,False,STANDBY,10,6
2026-09-29T18:33:14.377890,-35.3632621,149.1652381,0.002,0.0,0.02,0.0,0.02372206188738346,0.023722223937511444,110,-0.0008126646862365305,-0.00023437953495886177,1.9339250326156616,12.587,0.0,62,LAND,False,STANDBY,10,6
2026-09-29T18:33:14.879109,-35.3632621,149.1652381,0.002,0.0,0.02,0.0,0.023675208911299706,0.0236752238124609,110,-0.0008109524496831,-0.0002351852017454803,1.9337037801742554,12.587,0.0,62,LAND,False,STANDBY,10,6
2026-09-29T18:33:15.379821,-35.3632621,149.1652381,0.002,0.01,0.02,0.0,0.024121712893247604,0.024121727794408798,110,-0.000814117374829948,-0.00023938239610288292,1.933484673500061,12.587,0.0,62,LAND,False,STANDBY,10,6
2026-09-29T18:33:15.880517,-35.3632621,149.1652381,0.002,0.0,0.02,0.0,0.023889565840363503,0.023890016600489616,110,-0.0008004475967027247,-0.00022693470236845315,1.9332767724990845,12.587,0.0,62,LAND,False,STANDBY,10,6
2026-09-29T18:33:16.381335,-35.3632621,149.1652381,0.002,0.0,0.02,0.0,0.02389017678797245,0.023890884593129158,110,-0.0008025590796023607,-0.00022906319645699114,1.9330719709396362,12.587,0.0,62,LAND,False,STANDBY,10,6
2026-09-29T18:33:16.881829,-35.3632621,149.1652381,0.002,0.0,0.02,0.0,0.02353616990149021,0.02353670261800289,110,-0.0007947211852297187,-0.00022202086984179914,1.9328621625900269,12.587,0.0,62,LAND,False,STANDBY,10,6
2026-09-29T18:33:17.382147,-35.3632621,149.1652381,0.002,0.0,0.02,0.0,0.02375303953886032,0.02375354990363121,110,-0.000798627850599587,-0.00021783164993394166,1.932658076286316,12.587,0.0,62,LAND,False,STANDBY,10,6
2026-09-29T18:33:17.882805,-35.3632621,149.1652381,0.002,0.0,0.02,0.0,0.023380154743790627,0.023380285128951073,110,-0.00077921332558617,-0.0002170139050576836,1.9324549436569214,12.587,0.0,62,LAND,False,STANDBY,10,6
2026-09-29T18:33:18.383096,-35.3632621,149.1652381,0.002,0.0,0.02,0.0,0.02359297126531601,0.02359347976744175,110,-0.0007907742401584983,-0.00022087362594902515,1.9322372674942017,12.587,0.0,62,LAND,False,STANDBY,10,6
2026-09-29T18:33:18.884029,-35.3632621,149.1652381,0.002,0.0,0.02,0.0,0.02332574501633644,0.02332589216530323,110,-0.0007833163836039603,-0.00021936174016445875,1.9320353269577026,12.587,0.0,62,LAND,False,STANDBY,10,6
2026-09-29T18:33:19.385155,-35.3632621,149.1652381,0.002,0.0,0.02,0.0,0.023656083270907402,0.02365625463426113,110,-0.0007950690924189985,-0.0002196024579461664,1.931826114654541,12.587,0.0,62,LAND,False,STANDBY,10,6
2026-09-29T18:33:19.885986,-35.3632621,149.1652381,0.002,0.0,0.02,0.0,0.023191437125205994,0.023191438987851143,110,-0.0007909820997156203,-0.00021544423361774534,1.9316409826278687,12.587,0.0,62,LAND,False,STANDBY,10,6
2026-09-29T18:33:20.387179,-35.3632621,149.1652381,0.002,0.0,0.02,0.0,0.0235340166836977,0.02353401854634285,110,-0.0007946350378915668,-0.00022126775002107024,1.9314533472061157,12.587,0.0,62,LAND,False,STANDBY,10,6
2026-09-29T18:33:20.887832,-35.3632621,149.1652381,0.002,0.0,0.02,0.0,0.0233145784586668,0.023314742371439934,110,-0.0007875693263486028,-0.00022161909146234393,1.9312589168548584,12.587,0.0,62,LAND,False,STANDBY,10,6
2026-09-29T18:33:21.388936,-35.3632621,149.1652381,0.002,0.0,0.02,0.0,0.023392977192997932,0.0233933012932539,110,-0.0007882497739046812,-0.00021766027202829719,1.9310712814331055,12.587,0.0,62,LAND,False,STANDBY,10,6
2026-09-29T18:33:21.890099,-35.3632621,149.1652381,0.003,0.0,0.02,0.0,0.02309870906174183,0.023099234327673912,110,-0.0007846875814720988,-0.0002144639438483864,1.930888295173645,12.587,0.0,62,LAND,False,STANDBY,10,6
2026-09-29T18:33:22.390658,-35.3632621,149.1652381,0.003,0.0,0.02,0.0,0.02311505563557148,0.023115742951631546,110,-0.0007869558758102357,-0.00021833702339790761,1.9307026863098145,12.587,0.0,62,LAND,False,STANDBY,10,6
2026-09-29T18:33:22.891275,-35.3632621,149.1652381,0.003,0.0,0.02,0.0,0.022968832403421402,0.022968878969550133,110,-0.000794310646597296,-0.00020993946236558259,1.9305099248886108,12.587,0.0,62,LAND,False,STANDBY,10,6
2026-09-29T18:33:23.391831,-35.3632621,149.1652381,0.003,0.0,0.02,0.0,0.02345338463783264,0.023454289883375168,110,-0.0008059731335379183,-0.0002187774662161246,1.930328130722046,12.587,0.0,62,LAND,False,STANDBY,10,6
2026-09-29T18:33:23.892174,-35.3632621,149.1652381,0.003,0.0,0.02,0.0,0.0232620220631361,0.023263314738869667,110,-0.000806099793408066,-0.00020766665693372488,1.9301400184631348,12.587,0.0,62,LAND,False,STANDBY,10,6
2026-09-29T18:33:24.392816,-35.3632621,149.1652381,0.003,0.0,0.02,0.0,0.023648248985409737,0.023648813366889954,110,-0.0008070702315308154,-0.00021560124878305942,1.9299620389938354,12.587,0.0,62,LAND,False,STANDBY,10,6
2026-09-29T18:33:24.893581,-35.3632621,149.1652381,0.003,0.0,0.02,0.0,0.023389874026179314,0.023391753435134888,110,-0.0008031612378545105,-0.00022035767324268818,1.9297891855239868,12.587,0.0,62,LAND,False,STANDBY,10,6
2026-09-29T18:33:25.394409,-35.3632621,149.1652381,0.003,0.0,0.02,0.0,0.02368786744773388,0.023690365254878998,110,-0.0008132201037369668,-0.00022119750792626292,1.929608702659607,12.587,0.0,62,LAND,False,STANDBY,10,6
2026-09-29T18:33:25.894826,-35.3632621,149.1652381,0.003,0.0,0.02,0.0,0.023485533893108368,0.023488380014896393,110,-0.0008050571195781231,-0.00021641106286551803,1.9294335842132568,12.587,0.0,62,LAND,False,STANDBY,10,6
2026-09-29T18:33:26.395383,-35.3632621,149.1652381,0.003,0.0,0.02,0.0,0.02388106845319271,0.02388346567749977,110,-0.0008157591801136732,-0.0002226595679530874,1.9292585849761963,12.587,0.0,62,LAND,False,STANDBY,10,6
2026-09-29T18:33:26.896118,-35.3632621,149.1652381,0.003,0.0,0.02,0.0,0.023486433550715446,0.02348841167986393,110,-0.0008134208037517965,-0.0002303473011124879,1.9290904998779297,12.587,0.0,62,LAND,False,STANDBY,10,6
2026-09-29T18:33:27.396847,-35.3632621,149.1652381,0.003,0.0,0.02,0.0,0.023819249123334885,0.023820696398615837,110,-0.0008173903916031122,-0.00023299096210394055,1.9289201498031616,12.587,0.0,62,LAND,False,STANDBY,10,6
2026-09-29T18:33:27.897578,-35.3632621,149.1652381,0.003,0.0,0.02,0.0,0.023515421897172928,0.023516293615102768,110,-0.000810741214081645,-0.00022689973411615938,1.9287569522857666,12.587,0.0,62,LAND,False,STANDBY,10,6
2026-09-29T18:33:28.398069,-35.3632621,149.1652381,0.003,0.01,0.02,0.0,0.023900439962744713,0.023902157321572304,110,-0.0008136384421959519,-0.00024077868147287518,1.9285941123962402,12.587,0.0,62,LAND,False,STANDBY,10,6
2026-09-29T18:33:28.898903,-35.3632621,149.1652381,0.003,0.0,0.02,0.0,0.023564547300338745,0.023565804585814476,110,-0.0008152176742441952,-0.00023560902627650648,1.9284193515777588,12.587,0.0,62,LAND,False,STANDBY,10,6
2026-09-29T18:33:29.399729,-35.3632621,149.1652381,0.003,0.01,0.02,0.0,0.023901762440800667,0.023902837187051773,110,-0.000815275707282126,-0.00023442773090209812,1.9282530546188354,12.587,0.0,62,LAND,False,STANDBY,10,6
2026-09-29T18:33:29.900855,-35.3632621,149.1652381,0.003,0.0,0.02,0.0,0.023659812286496162,0.02366102673113346,110,-0.0008054954232648015,-0.00022549022105522454,1.928094744682312,12.587,0.0,62,LAND,False,STANDBY,10,6
2026-09-29T18:33:30.401678,-35.3632621,149.1652381,0.003,0.01,0.02,0.0,0.023925334215164185,0.023925675079226494,110,-0.0008159535937011242,-0.00023390547721646726,1.9279327392578125,12.587,0.0,62,LAND,False,STANDBY,10,6
2026-09-29T18:33:30.902218,-35.3632621,149.1652381,0.003,0.0,0.02,0.0,0.023761913180351257,0.023762172088027,110,-0.0008133667870424688,-0.0002347785048186779,1.9277641773223877,12.587,0.0,62,LAND,False,STANDBY,10,6
2026-09-29T18:33:31.402824,-35.3632621,149.1652381,0.003,0.0,0.02,0.0,0.023899221792817116,0.02389930561184883,110,-0.0008216066635213792,-0.0002368966961512342,1.9276020526885986,12.587,0.0,62,LAND,False,STANDBY,10,6
2026-09-29T18:33:31.903614,-35.3632621,149.1652381,0.003,0.0,0.02,0.0,0.02353823557496071,0.02353827655315399,110,-0.0008168617496266961,-0.00023760036856401712,1.9274486303329468,12.587,0.0,62,LAND,False,STANDBY,10,6
2026-09-29T18:33:32.404215,-35.3632621,149.1652381,0.003,0.0,0.02,0.0,0.02371109649538994,0.023711202666163445,110,-0.0008171157678589225,-0.00023834346211515367,1.927297830581665,12.587,0.0,62,LAND,False,STANDBY,10,6
2026-09-29T18:33:32.904859,-35.3632621,149.1652381,0.003,0.0,0.02,0.0,0.023458411917090416,0.023458633571863174,110,-0.0008076326339505613,-0.0002393424801994115,1.92714262008667,12.587,0.0,62,LAND,False,STANDBY,10,6
2026-09-29T18:33:33.405608,-35.3632621,149.1652381,0.003,0.0,0.02,0.0,0.023777592927217484,0.023777754977345467,110,-0.0008092068019323051,-0.00023658460122533143,1.927000641822815,12.587,0.0,62,LAND,False,STANDBY,10,6
2026-09-29T18:33:33.906215,-35.3632621,149.1652381,0.003,0.0,0.02,0.0,0.023356977850198746,0.023357000201940536,110,-0.0008042963454499841,-0.00023421220248565078,1.9268635511398315,12.587,0.0,62,LAND,False,STANDBY,10,6
2026-09-29T18:33:34.406825,-35.3632621,149.1652381,0.003,0.0,0.02,0.0,0.023606179282069206,0.023606188595294952,110,-0.0008034404017962515,-0.00023583999427501112,1.9267250299453735,12.587,0.0,62,LAND,False,STANDBY,10,6
2026-09-29T18:33:34.907232,-35.3632621,149.1652381,0.003,0.0,0.02,0.0,0.023348428308963776,0.023348771035671234,110,-0.0007976786000654101,-0.00022767705377191305,1.9265674352645874,12.587,0.0,62,LAND,False,STANDBY,10,6
2026-09-29T18:33:35.407833,-35.3632621,149.1652381,0.003,0.0,0.02,0.0,0.023689452558755875,0.02368972823023796,110,-0.0008056560182012618,-0.000234319013543427,1.926426887512207,12.587,0.0,62,LAND,False,STANDBY,10,6
2026-09-29T18:33:35.908478,-35.3632621,149.1652381,0.003,0.0,0.02,0.0,0.02358817867934704,0.023588307201862335,110,-0.0008160918951034546,-0.0002265291113872081,1.9262877702713013,12.587,0.0,62,LAND,False,STANDBY,10,6
2026-09-29T18:33:36.408827,-35.3632621,149.1652381,0.003,0.0,0.02,0.0,0.02379928156733513,0.023799287155270576,110,-0.0008271378464996815,-0.0002277958410559222,1.9261479377746582,12.587,0.0,62,LAND,False,STANDBY,10,6
2026-09-29T18:33:36.909362,-35.3632621,149.1652381,0.003,0.0,0.02,0.0,0.023436682298779488,0.023436760529875755,110,-0.0008206008933484554,-0.00022040466137696058,1.9260082244873047,12.587,0.0,62,LAND,False,STANDBY,10,6
2026-09-29T18:33:37.410002,-35.3632621,149.1652381,0.003,0.01,0.02,0.0,0.023868557065725327,0.023868704214692116,110,-0.0008301087073050439,-0.0002229955280199647,1.9258780479431152,12.587,0.0,62,LAND,False,STANDBY,10,6
2026-09-29T18:33:37.910718,-35.3632621,149.1652381,0.003,0.0,0.02,0.0,0.023522425442934036,0.023522425442934036,110,-0.0008231584215536714,-0.00021825988369528204,1.9257478713989258,12.587,0.0,62,LAND,False,STANDBY,10,6
2026-09-29T18:33:38.411535,-35.3632621,149.1652381,0.003,0.01,0.02,0.0,0.023888837546110153,0.023888925090432167,110,-0.0008248037192970514,-0.00021736764756496996,1.9256227016448975,12.587,0.0,62,LAND,False,STANDBY,10,6
2026-09-29T18:33:38.911873,-35.3632621,149.1652381,0.003,0.01,0.02,0.0,0.023484693840146065,0.02348482981324196,110,-0.0008197998977266252,-0.00021328653383534402,1.925498604774475,12.587,0.0,62,LAND,False,STANDBY,10,6
2026-09-29T18:33:39.412718,-35.3632621,149.1652381,0.003,0.01,0.02,0.0,0.023828793317079544,0.02382911555469036,110,-0.0008241827599704266,-0.00022765310131944716,1.9253556728363037,12.587,0.0,62,LAND,False,STANDBY,10,6
2026-09-29T18:33:39.914096,-35.3632621,149.1652381,0.002,0.01,0.02,0.0,0.023622121661901474,0.02362264320254326,110,-0.0008207346545532346,-0.00022284028818830848,1.9252166748046875,12.587,0.0,62,LAND,False,STANDBY,10,6
2026-09-29T18:33:40.415105,-35.3632621,149.1652381,0.002,0.01,0.02,0.0,0.024037130177021027,0.024037357419729233,110,-0.0008298036409541965,-0.00023817374312784523,1.9250913858413696,12.587,0.0,62,LAND,False,STANDBY,10,6
2026-09-29T18:33:40.915312,-35.3632621,149.1652381,0.002,0.01,0.02,0.0,0.02385503239929676,0.023855384439229965,110,-0.0008196497801691294,-0.00022970125428400934,1.9249683618545532,12.587,0.0,62,LAND,False,STANDBY,10,6
2026-09-29T18:33:41.415927,-35.3632621,149.1652381,0.002,0.01,0.02,0.0,0.024158088490366936,0.024158790707588196,110,-0.0008209283696487546,-0.00023568200413137674,1.9248394966125488,12.587,0.0,62,LAND,False,STANDBY,10,6
2026-09-29T18:33:41.917022,-35.3632621,149.1652381,0.002,0.01,0.02,0.0,0.02373373508453369,0.023734163492918015,110,-0.0008026700234040618,-0.0002330163842998445,1.9247243404388428,12.587,0.0,62,LAND,False,STANDBY,10,6
2026-09-29T18:33:42.417514,-35.3632621,149.1652381,0.002,0.01,0.02,0.0,0.023861337453126907,0.023861711844801903,110,-0.0008012314210645854,-0.00023312027042265981,1.924616813659668,12.587,0.0,62,LAND,False,STANDBY,10,6
2026-09-29T18:33:42.918019,-35.3632621,149.1652381,0.002,0.0,0.02,0.0,0.023532025516033173,0.023532040417194366,110,-0.0008037809166125953,-0.00023153684742283076,1.9245082139968872,12.587,0.0,62,LAND,False,STANDBY,10,6
2026-09-29T18:33:43.418680,-35.3632621,149.1652381,0.002,0.0,0.02,0.0,0.02367604337632656,0.023676114156842232,110,-0.0008115819655358791,-0.00023555595544166863,1.9243916273117065,12.587,0.0,62,LAND,False,STANDBY,10,6
2026-09-29T18:33:43.919326,-35.3632621,149.1652381,0.002,0.0,0.02,0.0,0.02339741587638855,0.02339760959148407,110,-0.0008153987000696361,-0.00022564514074474573,1.924275517463684,12.587,0.0,62,LAND,False,STANDBY,10,6
2026-09-29T18:33:44.419854,-35.3632621,149.1652381,0.002,0.01,0.02,0.0,0.023819923400878906,0.02382039651274681,110,-0.0008285912335850298,-0.0002318893966730684,1.924159288406372,12.587,0.0,62,LAND,False,STANDBY,10,6
2026-09-29T18:33:44.920292,-35.3632621,149.1652381,0.002,0.01,0.02,0.0,0.023641670122742653,0.02364271879196167,110,-0.0008228683727793396,-0.0002272564306622371,1.9240483045578003,12.587,0.0,62,LAND,False,STANDBY,10,6
2026-09-29T18:33:45.420905,-35.3632621,149.1652381,0.002,0.01,0.02,0.0,0.02401125058531761,0.02401251718401909,110,-0.0008290254627354443,-0.00023142147983890027,1.9239377975463867,12.587,0.0,62,LAND,False,STANDBY,10,6
2026-09-29T18:33:45.921332,-35.3632621,149.1652381,0.002,0.01,0.02,0.0,0.023664826527237892,0.023666860535740852,110,-0.0008331537246704102,-0.0002242597984150052,1.9238299131393433,12.587,0.0,62,LAND,False,STANDBY,10,6
2026-09-29T18:33:46.422016,-35.3632621,149.1652381,0.002,0.01,0.02,0.0,0.02396857924759388,0.023970812559127808,110,-0.0008312056306749582,-0.00022721284767612815,1.9237233400344849,12.587,0.0,62,LAND,False,STANDBY,10,6
2026-09-29T18:33:46.922824,-35.3632621,149.1652381,0.002,0.01,0.02,0.0,0.02380366623401642,0.023805100470781326,110,-0.0008202671888284385,-0.00022770896612200886,1.9236193895339966,12.587,0.0,62,LAND,False,STANDBY,10,6
2026-09-29T18:33:47.423594,-35.3632621,149.1652381,0.002,0.01,0.02,0.0,0.024103838950395584,0.02410591021180153,110,-0.0008274685824289918,-0.00023850022989790887,1.9235166311264038,12.587,0.0,62,LAND,False,STANDBY,10,6
2026-09-29T18:33:47.924494,-35.3632621,149.1652381,0.002,0.01,0.02,0.0,0.023888885974884033,0.023889897391200066,110,-0.0008201105520129204,-0.00024393216881435364,1.9234099388122559,12.587,0.0,62,LAND,False,STANDBY,10,6
2026-09-29T18:33:48.425104,-35.3632621,149.1652381,0.002,0.01,0.02,0.0,0.024350011721253395,0.024350391700863838,110,-0.0008349795825779438,-0.00025149344583041966,1.9233051538467407,12.587,0.0,62,LAND,False,STANDBY,10,6
2026-09-29T18:33:48.925828,-35.3632621,149.1652381,0.002,0.01,0.02,0.0,0.023972008377313614,0.02397218719124794,110,-0.0008280724287033081,-0.00024361473333556205,1.9232053756713867,12.587,0.0,62,LAND,False,STANDBY,10,6
2026-09-29T18:33:49.426352,-35.3632621,149.1652381,0.002,0.01,0.02,0.0,0.024299221113324165,0.024299293756484985,110,-0.0008217210415750742,-0.00024554276023991406,1.923105001449585,12.587,0.0,62,LAND,False,STANDBY,10,6
2026-09-29T18:33:49.927280,-35.3632621,149.1652381,0.002,0.01,0.02,0.0,0.023958103731274605,0.02395813725888729,110,-0.0008115339442156255,-0.00024146515352185816,1.923004150390625,12.587,0.0,62,LAND,False,STANDBY,10,6
2026-09-29T18:33:50.427823,-35.3632621,149.1652381,0.002,0.01,0.02,0.0,0.024128559976816177,0.024128660559654236,110,-0.0008151080692186952,-0.00024636712623760104,1.9229005575180054,12.587,0.0,62,LAND,False,STANDBY,10,6
2026-09-29T18:33:50.928523,-35.3632621,149.1652381,0.002,0.0,0.02,0.0,0.023697160184383392,0.023697547614574432,110,-0.000810100173112005,-0.00023186454200185835,1.9228088855743408,12.587,0.0,62,LAND,False,STANDBY,10,6
2026-09-29T18:33:51.429602,-35.3632621,149.1652381,0.002,0.01,0.02,0.0,0.024079183116555214,0.02407919615507126,110,-0.0008233674452640116,-0.00024122410104610026,1.9226747751235962,12.587,0.0,62,LAND,False,STANDBY,10,6
2026-09-29T18:33:51.930038,-35.3632621,149.1652381,0.002,0.01,0.02,0.0,0.023986056447029114,0.023986060172319412,110,-0.0008174769463948905,-0.0002370902366237715,1.922628402709961,12.587,0.0,62,LAND,False,STANDBY,10,6
2026-09-29T18:33:52.430639,-35.3632621,149.1652381,0.002,0.01,0.02,0.0,0.024103371426463127,0.024103380739688873,110,-0.0008152748341672122,-0.00023968682216946036,1.9225374460220337,12.587,0.0,62,LAND,False,STANDBY,10,6
2026-09-29T18:33:52.931380,-35.3632621,149.1652381,0.002,0.01,0.02,0.0,0.023687155917286873,0.023687241598963737,110,-0.0008181153098121285,-0.0002299136103829369,1.9224565029144287,12.587,0.0,62,LAND,False,STANDBY,10,6
2026-09-29T18:33:53.432300,-35.3632621,149.1652381,0.002,0.01,0.02,0.0,0.023885495960712433,0.02388559840619564,110,-0.0008132769144140184,-0.00022064472432248294,1.92233145236969,12.587,0.0,62,LAND,False,STANDBY,10,6
2026-09-29T18:33:53.934354,-35.3632621,149.1652381,0.003,0.01,0.02,0.0,0.023571999743580818,0.023572299629449844,110,-0.0008080827537924051,-0.000219386798562482,1.922256588935852,12.587,0.0,62,LAND,False,STANDBY,10,6
2026-09-29T18:33:54.435734,-35.3632621,149.1652381,0.003,0.01,0.02,0.0,0.023553410544991493,0.023554019629955292,110,-0.0008049894822761416,-0.00021380101679824293,1.9221718311309814,12.587,0.0,62,LAND,False,STANDBY,10,6
2026-09-29T18:33:54.940949,-35.3632621,149.1652381,0.003,0.0,0.02,0.0,0.023542307317256927,0.0235428586602211,110,-0.0007972834864631295,-0.0002208870864706114,1.9220852851867676,12.587,0.0,62,LAND,False,STANDBY,10,6
2026-09-29T18:33:55.442397,-35.3632621,149.1652381,0.003,0.0,0.02,0.0,0.023532452061772346,0.023532535880804062,110,-0.0008005399140529335,-0.0002203621988883242,1.9219931364059448,12.587,0.0,62,LAND,False,STANDBY,10,6
2026-09-29T18:33:55.943089,-35.3632621,149.1652381,0.003,0.0,0.02,0.0,0.02364855818450451,0.023648560047149658,110,-0.0008018987718969584,-0.00021464952442329377,1.9219152927398682,12.587,0.0,62,LAND,False,STANDBY,10,6
2026-09-29T18:33:56.443964,-35.3632621,149.1652381,0.003,0.01,0.02,0.0,0.0237086471170187,0.023708876222372055,110,-0.0008069577743299305,-0.00021653516159858555,1.9218422174453735,12.587,0.0,62,LAND,False,STANDBY,10,6
2026-09-29T18:33:56.944872,-35.3632621,149.1652381,0.003,0.01,0.02,0.0,0.02349064312875271,0.02349065989255905,110,-0.000798961496911943,-0.00021035295503679663,1.921778678894043,12.587,0.0,62,LAND,False,STANDBY,10,6
2026-09-29T18:33:57.453612,-35.3632621,149.1652381,0.003,0.01,0.02,0.0,0.02347799390554428,0.023478858172893524,110,-0.0007983059622347355,-0.00021495237888302654,1.9217122793197632,12.587,0.0,62,LAND,False,STANDBY,10,6
2026-09-29T18:33:57.954868,-35.3632621,149.1652381,0.003,0.01,0.02,0.0,0.023287184536457062,0.02328781597316265,110,-0.0007971033919602633,-0.0002117201074725017,1.9216411113739014,12.587,0.0,62,LAND,False,STANDBY,10,6
2026-09-29T18:33:58.455187,-35.3632621,149.1652381,0.003,0.01,0.02,0.0,0.02330886945128441,0.02330932952463627,110,-0.0008082707063294947,-0.00020956769003532827,1.9215785264968872,12.587,0.0,62,LAND,False,STANDBY,10,6
2026-09-29T18:33:58.955992,-35.3632621,149.1652381,0.003,0.01,0.02,0.0,0.023373480886220932,0.02337428368628025,110,-0.0008098016260191798,-0.00020881251839455217,1.921507716178894,12.587,0.0,62,LAND,False,STANDBY,10,6
2026-09-29T18:33:59.456692,-35.3632621,149.1652381,0.003,0.01,0.02,0.0,0.02328745648264885,0.023288149386644363,110,-0.0008130970527417958,-0.0002081452839775011,1.9214427471160889,12.587,0.0,62,LAND,False,STANDBY,10,6
2026-09-29T18:33:59.957475,-35.3632621,149.1652381,0.003,0.01,0.02,0.0,0.023439740762114525,0.023440157994627953,110,-0.0008209161460399628,-0.0002100943383993581,1.9213569164276123,12.587,0.0,62,LAND,False,STANDBY,10,6
2026-09-29T18:34:00.457948,-35.3632621,149.1652381,0.003,0.01,0.02,0.0,0.023582814261317253,0.02358298934996128,110,-0.0008205980411730707,-0.00022340810392051935,1.9212859869003296,12.587,0.0,62,LAND,False,STANDBY,10,6
2026-09-29T18:34:00.958441,-35.3632621,149.1652381,0.003,0.01,0.02,0.0,0.023772770538926125,0.023772910237312317,110,-0.0008162948652170599,-0.0002325916284462437,1.9212181568145752,12.587,0.0,62,LAND,False,STANDBY,10,6
2026-09-29T18:34:01.459594,-35.3632621,149.1652381,0.003,0.01,0.02,0.0,0.023849401623010635,0.023849470540881157,110,-0.0008209981606341898,-0.00023745746875647455,1.921154499053955,12.587,0.0,62,LAND,False,STANDBY,10,6
2026-09-29T18:34:01.960554,-35.3632621,149.1652381,0.003,0.01,0.02,0.0,0.024008123204112053,0.024008139967918396,110,-0.0008187990169972181,-0.00023879534273874015,1.9210889339447021,12.587,0.0,62,LAND,False,STANDBY,10,6
2026-09-29T18:34:02.462366,-35.3632621,149.1652381,0.003,0.01,0.02,0.0,0.023946955800056458,0.023947007954120636,110,-0.0008203699835576117,-0.0002422667166683823,1.9210294485092163,12.587,0.0,62,LAND,False,STANDBY,10,6
2026-09-29T18:34:02.962809,-35.3632621,149.1652381,0.003,0.01,0.02,0.0,0.023936094716191292,0.023936623707413673,110,-0.0008079762919805944,-0.0002346554829273373,1.9209702014923096,12.587,0.0,62,LAND,False,STANDBY,10,6
2026-09-29T18:34:03.464298,-35.3632621,149.1652381,0.003,0.01,0.02,0.0,0.02395784854888916,0.02395828254520893,110,-0.0008115148521028459,-0.00023166518076322973,1.920910358428955,12.587,0.0,62,LAND,False,STANDBY,10,6
2026-09-29T18:34:03.964991,-35.3632621,149.1652381,0.003,0.01,0.02,0.0,0.023762326687574387,0.02376253716647625,110,-0.0008041327237151563,-0.00023309643438551575,1.920852541923523,12.587,0.0,62,LAND,False,STANDBY,10,6
2026-09-29T18:34:04.465648,-35.3632621,149.1652381,0.003,0.0,0.02,0.0,0.023743337020277977,0.023743337020277977,110,-0.0008056400110945106,-0.00023086457804311067,1.9207953214645386,12.587,0.0,62,LAND,False,STANDBY,10,6
2026-09-29T18:34:04.966182,-35.3632621,149.1652381,0.003,0.01,0.02,0.0,0.02397189848124981,0.02397197112441063,110,-0.0008091556373983622,-0.00023489186423830688,1.9207247495651245,12.587,0.0,62,LAND,False,STANDBY,10,6
2026-09-29T18:34:05.467523,-35.3632621,149.1652381,0.003,0.01,0.02,0.0,0.023961689323186874,0.023961728438735008,110,-0.0008180710719898343,-0.00023567077005282044,1.9206758737564087,12.587,0.0,62,LAND,False,STANDBY,10,6
2026-09-29T18:34:05.971213,-35.3632621,149.1652381,0.003,0.01,0.02,0.0,0.024010488763451576,0.024010492488741875,110,-0.0008103104191832244,-0.0002355717442696914,1.920623779296875,12.587,0.0,62,LAND,False,STANDBY,10,6
2026-09-29T18:34:06.471831,-35.3632621,149.1652381,0.003,0.0,0.02,0.0,0.023855863139033318,0.023855863139033318,110,-0.0008147665648721159,-0.00024492674856446683,1.9205724000930786,12.587,0.0,62,LAND,False,STANDBY,10,6
2026-09-29T18:34:06.972525,-35.3632621,149.1652381,0.003,0.01,0.02,0.0,0.02396874874830246,0.023968758061528206,110,-0.0008211234817281365,-0.00023677211720496416,1.920517086982727,12.587,0.0,62,LAND,False,STANDBY,10,6
2026-09-29T18:34:07.474540,-35.3632621,149.1652381,0.003,0.01,0.02,0.0,0.023787230253219604,0.023787235841155052,110,-0.0008156678522937,-0.00023441616212949157,1.9204729795455933,12.587,0.0,62,LAND,False,STANDBY,10,6
2026-09-29T18:34:07.976162,-35.3632621,149.1652381,0.003,0.0,0.02,0.0,0.023745233193039894,0.023745300248265266,110,-0.0008137475815601647,-0.000238838663790375,1.9204171895980835,12.587,0.0,62,LAND,False,STANDBY,10,6
2026-09-29T18:34:08.476823,-35.3632621,149.1652381,0.003,0.01,0.02,0.0,0.023885639384388924,0.023885641247034073,110,-0.0008216742426156998,-0.0002445733698550612,1.9203592538833618,12.587,0.0,62,LAND,False,STANDBY,10,6
2026-09-29T18:34:08.977490,-35.3632621,149.1652381,0.003,0.01,0.02,0.0,0.023955294862389565,0.02395540103316307,110,-0.0008231927640736103,-0.00024124151968862861,1.9203025102615356,12.587,0.0,62,LAND,False,STANDBY,10,6
2026-09-29T18:34:09.478203,-35.3632621,149.1652381,0.003,0.01,0.02,0.0,0.023938585072755814,0.023938585072755814,110,-0.0008224795456044376,-0.0002552536316215992,1.9202643632888794,12.587,0.0,62,LAND,False,STANDBY,10,6
2026-09-29T18:34:09.981143,-35.3632621,149.1652381,0.003,0.01,0.02,0.0,0.024009546265006065,0.02400968223810196,110,-0.0008084801374934614,-0.0002507717290427536,1.9202135801315308,12.587,0.0,62,LAND,False,STANDBY,10,6
2026-09-29T18:34:10.481855,-35.3632621,149.1652381,0.003,0.01,0.02,0.0,0.023995716124773026,0.023995887488126755,110,-0.0008156455587595701,-0.0002474423381499946,1.9201477766036987,12.587,0.0,62,LAND,False,STANDBY,10,6
2026-09-29T18:34:10.982508,-35.3632621,149.1652381,0.003,0.01,0.02,0.0,0.024036141112446785,0.02403644099831581,110,-0.0008138695848174393,-0.0002389651199337095,1.9201077222824097,12.587,0.0,62,LAND,False,STANDBY,10,6
2026-09-29T18:34:11.483276,-35.3632621,149.1652381,0.003,0.01,0.02,0.0,0.023899458348751068,0.02389986254274845,110,-0.0008115620585158467,-0.00023870581935625523,1.9200620651245117,12.587,0.0,62,LAND,False,STANDBY,10,6
2026-09-29T18:34:11.983824,-35.3632621,149.1652381,0.003,0.01,0.02,0.0,0.023874415084719658,0.023875005543231964,110,-0.0008159686694853008,-0.00023862450325395912,1.9200222492218018,12.587,0.0,62,LAND,False,STANDBY,10,6
2026-09-29T18:34:12.484467,-35.3632621,149.1652381,0.003,0.01,0.02,0.0,0.024061022326350212,0.02406131476163864,110,-0.0008225523633882403,-0.0002442137338221073,1.9199737310409546,12.587,0.0,62,LAND,False,STANDBY,10,6
2026-09-29T18:34:12.985202,-35.3632621,149.1652381,0.003,0.01,0.02,0.0,0.023795556277036667,0.023795675486326218,110,-0.0008251293329522014,-0.00023767398670315742,1.9199395179748535,12.587,0.0,62,LAND,False,STANDBY,10,6
2026-09-29T18:34:13.485830,-35.3632621,149.1652381,0.003,0.01,0.02,0.0,0.023713352158665657,0.023713363334536552,110,-0.0008268965175375342,-0.00023772200802341104,1.919900894165039,12.587,0.0,62,LAND,False,STANDBY,10,6
2026-09-29T18:34:13.986274,-35.3632621,149.1652381,0.003,0.01,0.02,0.0,0.0237982589751482,0.02379826083779335,109,-0.0008281231857836246,-0.0002330784045625478,1.9198582172393799,12.587,0.0,62,LAND,False,STANDBY,10,6
2026-09-29T18:34:14.486831,-35.3632621,149.1652381,0.003,0.01,0.02,0.0,0.023886004462838173,0.02388610690832138,109,-0.0008259057067334652,-0.00023736713046673685,1.9198249578475952,12.587,0.0,62,LAND,False,STANDBY,10,6
2026-09-29T18:34:14.987377,-35.3632621,149.1652381,0.003,0.01,0.02,0.0,0.02387205883860588,0.023872220888733864,109,-0.0008257169392891228,-0.00022652912593912333,1.9197851419448853,12.587,0.0,62,LAND,False,STANDBY,10,6
2026-09-29T18:34:15.487825,-35.3632621,149.1652381,0.003,0.01,0.02,0.0,0.023792432621121407,0.023793788626790047,109,-0.0008282621274702251,-0.00022496380552183837,1.919748306274414,12.587,0.0,62,LAND,False,STANDBY,10,6
2026-09-29T18:34:15.988425,-35.3632621,149.1652381,0.002,0.01,0.02,0.0,0.023769456893205643,0.023770129308104515,109,-0.0008213316323235631,-0.00021897396072745323,1.9197124242782593,12.587,0.0,62,LAND,False,STANDBY,10,6
2026-09-29T18:34:16.488870,-35.3632621,149.1652381,0.002,0.01,0.02,0.0,0.023966021835803986,0.023966370150446892,109,-0.0008219538722187281,-0.00023098837118595839,1.9196668863296509,12.587,0.0,62,LAND,False,STANDBY,10,6
2026-09-29T18:34:16.989521,-35.3632621,149.1652381,0.002,0.01,0.02,0.0,0.024067681282758713,0.024067828431725502,109,-0.0008157106931321323,-0.00023275149578694254,1.9196302890777588,12.587,0.0,62,LAND,False,STANDBY,10,6
2026-09-29T18:34:17.489825,-35.3632621,149.1652381,0.002,0.01,0.02,0.0,0.024228643625974655,0.024228965863585472,109,-0.0008243591291829944,-0.00023686153872404248,1.9195914268493652,12.587,0.0,62,LAND,False,STANDBY,10,6
2026-09-29T18:34:17.990466,-35.3632621,149.1652381,0.002,0.01,0.02,0.0,0.02412341721355915,0.024123873561620712,109,-0.000810180208645761,-0.00024244017549790442,1.9195630550384521,12.587,0.0,62,LAND,False,STANDBY,10,6
2026-09-29T18:34:18.491096,-35.3632621,149.1652381,0.002,0.01,0.02,0.0,0.023950772359967232,0.023951126262545586,109,-0.0008117581601254642,-0.00024130783276632428,1.9195345640182495,12.587,0.0,62,LAND,False,STANDBY,10,6
2026-09-29T18:34:18.992844,-35.3632621,149.1652381,0.002,0.01,0.02,0.0,0.023888012394309044,0.02388838492333889,109,-0.0008072437485679984,-0.0002404814149485901,1.919508457183838,12.587,0.0,62,LAND,False,STANDBY,10,6
2026-09-29T18:34:19.494820,-35.3632621,149.1652381,0.002,0.01,0.02,0.0,0.023961810395121574,0.023961875587701797,109,-0.0008067928720265627,-0.00024163105990737677,1.919480800628662,12.587,0.0,62,LAND,False,STANDBY,10,6
2026-09-29T18:34:19.995466,-35.3632621,149.1652381,0.002,0.01,0.02,0.0,0.023845748975872993,0.023845989257097244,109,-0.0007979618385434151,-0.00024111363745760173,1.9194573163986206,12.587,0.0,62,LAND,False,STANDBY,10,6
2026-09-29T18:34:20.495822,-35.3632621,149.1652381,0.002,0.0,0.02,0.0,0.0237762238830328,0.023776408284902573,109,-0.000788752397056669,-0.00023615047393832356,1.919429063796997,12.587,0.0,62,LAND,False,STANDBY,10,6
2026-09-29T18:34:20.996344,-35.3632621,149.1652381,0.002,0.0,0.02,0.0,0.023761549964547157,0.023761818185448647,109,-0.0007868061074987054,-0.00023266024072654545,1.9193850755691528,12.587,0.0,62,LAND,False,STANDBY,10,6
2026-09-29T18:34:21.496962,-35.3632621,149.1652381,0.002,0.0,0.02,0.0,0.02367442101240158,0.023675143718719482,109,-0.0007832305855117738,-0.00023718182637821883,1.9193649291992188,12.587,0.0,62,LAND,False,STANDBY,10,6
2026-09-29T18:34:21.997606,-35.3632621,149.1652381,0.002,0.0,0.02,0.0,0.02363302744925022,0.02363433502614498,109,-0.0007847001543268561,-0.00024212597054429352,1.919340968132019,12.587,0.0,62,LAND,False,STANDBY,10,6
2026-09-29T18:34:22.497996,-35.3632621,149.1652381,0.002,0.0,0.02,0.0,0.023530244827270508,0.023532206192612648,109,-0.0007853322313167155,-0.00023457873612642288,1.919320821762085,12.587,0.0,62,LAND,False,STANDBY,10,6
2026-09-29T18:34:22.998594,-35.3632621,149.1652381,0.002,0.0,0.02,0.0,0.023651933297514915,0.023652678355574608,109,-0.0007959827780723572,-0.00023524370044469833,1.9192970991134644,12.587,0.0,62,LAND,False,STANDBY,10,6
2026-09-29T18:34:23.498822,-35.3632621,149.1652381,0.002,0.0,0.02,0.0,0.023605508729815483,0.023605773225426674,109,-0.0007942643715068698,-0.00023448238789569587,1.9192718267440796,12.587,0.0,62,LAND,False,STANDBY,10,6
2026-09-29T18:34:23.999327,-35.3632621,149.1652381,0.002,0.0,0.02,0.0,0.023656649515032768,0.023657536134123802,109,-0.0007876487798057497,-0.00023033091565594077,1.9192508459091187,12.587,0.0,62,LAND,False,STANDBY,10,6
2026-09-29T18:34:24.499822,-35.3632621,149.1652381,0.002,0.0,0.02,0.0,0.02330845408141613,0.0233088880777359,109,-0.0007858586614020169,-0.00022681821428705007,1.9192252159118652,12.587,0.0,62,LAND,False,STANDBY,10,6
2026-09-29T18:34:25.000445,-35.3632621,149.1652381,0.002,0.0,0.02,0.0,0.023252390325069427,0.02325289696455002,109,-0.0007987794815562665,-0.00022283571888692677,1.9192038774490356,12.587,0.0,62,LAND,False,STANDBY,10,6
2026-09-29T18:34:25.501060,-35.3632621,149.1652381,0.002,0.0,0.02,0.0,0.023439297452569008,0.023440562188625336,109,-0.0008092870120890439,-0.00022015022113919258,1.9191721677780151,12.587,0.0,62,LAND,False,STANDBY,10,6
2026-09-29T18:34:26.001711,-35.3632621,149.1652381,0.002,0.0,0.02,0.0,0.023616790771484375,0.023618686944246292,109,-0.0008120517595671117,-0.0002122329460689798,1.919151782989502,12.587,0.0,62,LAND,False,STANDBY,10,6
2026-09-29T18:34:26.502035,-35.3632621,149.1652381,0.002,0.01,0.02,0.0,0.023537926375865936,0.023538870736956596,109,-0.0008155794930644333,-0.0002159799332730472,1.9191282987594604,12.587,0.0,62,LAND,False,STANDBY,10,6
2026-09-29T18:34:27.002525,-35.3632621,149.1652381,0.002,0.01,0.02,0.0,0.02369701862335205,0.02369825541973114,109,-0.0008192757959477603,-0.00020769625552929938,1.9191157817840576,12.587,0.0,62,LAND,False,STANDBY,10,6
2026-09-29T18:34:27.503079,-35.3632621,149.1652381,0.002,0.01,0.02,0.0,0.0236006211489439,0.023601694032549858,109,-0.000815644976682961,-0.0002014765195781365,1.9191040992736816,12.587,0.0,62,LAND,False,STANDBY,10,6
2026-09-29T18:34:28.003436,-35.3632621,149.1652381,0.002,0.01,0.02,0.0,0.023687463253736496,0.02368796430528164,109,-0.000809640740044415,-0.0001972079335246235,1.9190870523452759,12.587,0.0,62,LAND,False,STANDBY,10,6
2026-09-29T18:34:28.503846,-35.3632621,149.1652381,0.002,0.01,0.02,0.0,0.023446189239621162,0.02344638668000698,109,-0.0008102504070848227,-0.0001962422247743234,1.9190775156021118,12.587,0.0,62,LAND,False,STANDBY,10,6
2026-09-29T18:34:29.004573,-35.3632621,149.1652381,0.002,0.01,0.02,0.0,0.02344691753387451,0.023447150364518166,109,-0.000809367629699409,-0.00019491546845529228,1.919061303138733,12.587,0.0,62,LAND,False,STANDBY,10,6
2026-09-29T18:34:29.504886,-35.3632621,149.1652381,0.002,0.01,0.02,0.0,0.023353811353445053,0.02335384115576744,109,-0.0008095583762042224,-0.00020024020341224968,1.919053077697754,12.587,0.0,62,LAND,False,STANDBY,10,6
2026-09-29T18:34:30.005804,-35.3632621,149.1652381,0.002,0.01,0.02,0.0,0.023391099646687508,0.023391420021653175,109,-0.0008119713747873902,-0.0002068004250759259,1.9190306663513184,12.587,0.0,62,LAND,False,STANDBY,10,6
2026-09-29T18:34:30.506689,-35.3632621,149.1652381,0.002,0.01,0.02,0.0,0.023280741646885872,0.02328082174062729,109,-0.0008182795718312263,-0.00020779325859621167,1.9190200567245483,12.587,0.0,62,LAND,False,STANDBY,10,6
2026-09-29T18:34:31.007133,-35.3632621,149.1652381,0.002,0.01,0.02,0.0,0.023450959473848343,0.023450961336493492,109,-0.000816158892121166,-0.00020648016652558,1.9190053939819336,12.587,0.0,62,LAND,False,STANDBY,10,6
2026-09-29T18:34:31.507828,-35.3632621,149.1652381,0.002,0.01,0.02,0.0,0.023334292694926262,0.02333434857428074,109,-0.0008131327340379357,-0.00020705645147245377,1.9189811944961548,12.587,0.0,62,LAND,False,STANDBY,10,6
2026-09-29T18:34:32.008452,-35.3632621,149.1652381,0.002,0.01,0.02,0.0,0.023421579971909523,0.023421602323651314,109,-0.0008106281165964901,-0.0002191448147641495,1.9189670085906982,12.587,0.0,62,LAND,False,STANDBY,10,6
2026-09-29T18:34:32.509014,-35.3632621,149.1652381,0.002,0.01,0.02,0.0,0.023493237793445587,0.023493412882089615,109,-0.0008076586527749896,-0.00022598414216190577,1.918958306312561,12.587,0.0,62,LAND,False,STANDBY,10,6
2026-09-29T18:34:33.009699,-35.3632621,149.1652381,0.002,0.01,0.02,0.0,0.023646967485547066,0.023648206144571304,109,-0.0008078652317635715,-0.00022513799194712192,1.9189454317092896,12.587,0.0,62,LAND,False,STANDBY,10,6
2026-09-29T18:34:33.510363,-35.3632621,149.1652381,0.003,0.01,0.02,0.0,0.02389649674296379,0.023897161707282066,109,-0.0008143219747580588,-0.0002406985586276278,1.918929100036621,12.587,0.0,62,LAND,False,STANDBY,10,6
2026-09-29T18:34:34.010825,-35.3632621,149.1652381,0.003,0.01,0.02,0.0,0.023899557068943977,0.02390025183558464,109,-0.0008094512741081417,-0.000242675218032673,1.9189205169677734,12.587,0.0,62,LAND,False,STANDBY,10,6
2026-09-29T18:34:34.511463,-35.3632621,149.1652381,0.003,0.01,0.02,0.0,0.023967517539858818,0.02396867237985134,109,-0.0008137724362313747,-0.00023839746427256614,1.918910264968872,12.587,0.0,62,LAND,False,STANDBY,10,6
2026-09-29T18:34:35.011823,-35.3632621,149.1652381,0.003,0.01,0.02,0.0,0.02389739826321602,0.023898232728242874,109,-0.0008139174897223711,-0.0002335788740310818,1.918900728225708,12.587,0.0,62,LAND,False,STANDBY,10,6
2026-09-29T18:34:35.512467,-35.3632621,149.1652381,0.003,0.01,0.02,0.0,0.023780303075909615,0.023781834170222282,109,-0.0008149447967298329,-0.0002329126000404358,1.9188843965530396,12.587,0.0,62,LAND,False,STANDBY,10,6
2026-09-29T18:34:36.012855,-35.3632621,149.1652381,0.003,0.01,0.02,0.0,0.02376101352274418,0.023761989548802376,109,-0.0008087266469374299,-0.00023841961228754371,1.9188765287399292,12.587,0.0,62,LAND,False,STANDBY,10,6
2026-09-29T18:34:36.513506,-35.3632621,149.1652381,0.003,0.01,0.02,0.0,0.02368362620472908,0.02368370071053505,109,-0.0008131999056786299,-0.00023627374321222305,1.9188627004623413,12.587,0.0,62,LAND,False,STANDBY,10,6
2026-09-29T18:34:37.014099,-35.3632621,149.1652381,0.003,0.01,0.02,0.0,0.02372608706355095,0.02372625097632408,109,-0.0008133965893648565,-0.00021852344798389822,1.918858289718628,12.587,0.0,62,LAND,False,STANDBY,10,6
2026-09-29T18:34:37.514769,-35.3632621,149.1652381,0.003,0.01,0.02,0.0,0.023768646642565727,0.023768708109855652,109,-0.0008242244948633015,-0.000227471420657821,1.918834924697876,12.587,0.0,62,LAND,False,STANDBY,10,6
2026-09-29T18:34:38.015308,-35.3632621,149.1652381,0.003,0.01,0.02,0.0,0.02397638000547886,0.02397645078599453,109,-0.0008303658687509596,-0.00023710764071438462,1.918824553489685,12.587,0.0,62,LAND,False,STANDBY,10,6
2026-09-29T18:34:38.515880,-35.3632621,149.1652381,0.003,0.01,0.02,0.0,0.024116085842251778,0.02411615662276745,109,-0.0008315994055010378,-0.0002365338004892692,1.9188224077224731,12.587,0.0,62,LAND,False,STANDBY,10,6
2026-09-29T18:34:39.016520,-35.3632621,149.1652381,0.003,0.01,0.02,0.0,0.02403230406343937,0.02403232268989086,109,-0.0008222967735491693,-0.00023256246640812606,1.9188164472579956,12.587,0.0,62,LAND,False,STANDBY,10,6
2026-09-29T18:34:39.516982,-35.3632621,149.1652381,0.003,0.01,0.02,0.0,0.02380165085196495,0.023801807314157486,109,-0.0008201224263757467,-0.00023058627266436815,1.918804407119751,12.587,0.0,62,LAND,False,STANDBY,10,6
2026-09-29T18:34:40.017349,-35.3632621,149.1652381,0.003,0.01,0.02,0.0,0.023755833506584167,0.023755917325615883,109,-0.0008193321991711855,-0.0002233558043371886,1.9187982082366943,12.587,0.0,62,LAND,False,STANDBY,10,6
2026-09-29T18:34:40.517833,-35.3632621,149.1652381,0.003,0.01,0.02,0.0,0.02374454401433468,0.023745475336909294,109,-0.0008237891015596688,-0.00022403484035748988,1.9187909364700317,12.587,0.0,62,LAND,False,STANDBY,10,6
2026-09-29T18:34:41.018149,-35.3632621,149.1652381,0.003,0.01,0.02,0.0,0.02375154197216034,0.023752178996801376,109,-0.000814823666587472,-0.00021519564324989915,1.918790578842163,12.587,0.0,62,LAND,False,STANDBY,10,6
2026-09-29T18:34:41.518733,-35.3632621,149.1652381,0.003,0.01,0.02,0.0,0.02376777119934559,0.02376778982579708,109,-0.0008127993787638843,-0.00022022280609235168,1.9187697172164917,12.587,0.0,62,LAND,False,STANDBY,10,6
2026-09-29T18:34:42.019036,-35.3632621,149.1652381,0.003,0.01,0.02,0.0,0.02385098487138748,0.023851020261645317,109,-0.0008164657047018409,-0.00021603432833217084,1.9187705516815186,12.587,0.0,62,LAND,False,STANDBY,10,6
2026-09-29T18:34:42.519692,-35.3632621,149.1652381,0.003,0.01,0.02,0.0,0.02382492646574974,0.023825418204069138,109,-0.0008125973981805146,-0.00022528102272190154,1.9187654256820679,12.587,0.0,62,LAND,False,STANDBY,10,6
2026-09-29T18:34:43.019927,-35.3632621,149.1652381,0.003,0.01,0.02,0.0,0.023844830691814423,0.02384507842361927,109,-0.0008055337239056826,-0.00022543191153090447,1.9187663793563843,12.587,0.0,62,LAND,False,STANDBY,10,6
2026-09-29T18:34:43.520472,-35.3632621,149.1652381,0.003,0.01,0.02,0.0,0.024047914892435074,0.024047916755080223,109,-0.0008052314515225589,-0.0002280137996422127,1.918764591217041,12.587,0.0,62,LAND,False,STANDBY,10,6
2026-09-29T18:34:44.021017,-35.3632621,149.1652381,0.003,0.01,0.02,0.0,0.024013780057430267,0.02401389367878437,109,-0.00080206646816805,-0.0002246218646178022,1.9187599420547485,12.587,0.0,62,LAND,False,STANDBY,10,6
2026-09-29T18:34:44.521525,-35.3632621,149.1652381,0.003,0.01,0.02,0.0,0.023834306746721268,0.02383512631058693,109,-0.0008006407879292965,-0.00022456049919128418,1.9187623262405396,12.587,0.0,62,LAND,False,STANDBY,10,6
2026-09-29T18:34:45.022049,-35.3632621,149.1652381,0.003,0.01,0.02,0.0,0.023744285106658936,0.023745428770780563,109,-0.0007966909906826913,-0.00021857305546291173,1.9187607765197754,12.587,0.0,62,LAND,False,STANDBY,10,6
2026-09-29T18:34:45.522624,-35.3632621,149.1652381,0.003,0.01,0.02,0.0,0.023633616045117378,0.023634228855371475,109,-0.0008028302108868957,-0.00021930602088104934,1.9187604188919067,12.587,0.0,62,LAND,False,STANDBY,10,6
2026-09-29T18:34:46.023058,-35.3632621,149.1652381,0.003,0.01,0.02,0.0,0.023677026852965355,0.02367740496993065,109,-0.0008014335762709379,-0.00021775858476758003,1.9187616109848022,12.587,0.0,62,LAND,False,STANDBY,10,6
2026-09-29T18:34:46.523650,-35.3632621,149.1652381,0.003,0.01,0.02,0.0,0.023606300354003906,0.02360643818974495,109,-0.0008085935842245817,-0.00022570266446564347,1.9187440872192383,12.587,0.0,62,LAND,False,STANDBY,10,6
2026-09-29T18:34:47.024012,-35.3632621,149.1652381,0.003,0.01,0.02,0.0,0.02359543740749359,0.023595580831170082,109,-0.0008073287317529321,-0.00022376507695298642,1.9187417030334473,12.587,0.0,62,LAND,False,STANDBY,10,6
2026-09-29T18:34:47.524319,-35.3632621,149.1652381,0.003,0.01,0.02,0.0,0.023715751245617867,0.023715920746326447,109,-0.0008083533612079918,-0.0002298844774486497,1.9187408685684204,12.587,0.0,62,LAND,False,STANDBY,10,6
2026-09-29T18:34:48.024875,-35.3632621,149.1652381,0.003,0.01,0.02,0.0,0.023776570335030556,0.023776665329933167,109,-0.0008045869180932641,-0.0002295308659086004,1.9187480211257935,12.587,0.0,62,LAND,False,STANDBY,10,6
2026-09-29T18:34:48.525519,-35.3632621,149.1652381,0.003,0.01,0.02,0.0,0.02381710894405842,0.023817110806703568,109,-0.0008095749653875828,-0.0002300065098097548,1.9187469482421875,12.587,0.0,62,LAND,False,STANDBY,10,6
2026-09-29T18:34:49.026224,-35.3632621,149.1652381,0.003,0.01,0.02,0.0,0.0238235704600811,0.023823590949177742,109,-0.0007985506672412157,-0.0002257253072457388,1.9187413454055786,12.587,0.0,62,LAND,False,STANDBY,10,6
2026-09-29T18:34:49.526823,-35.3632621,149.1652381,0.003,0.01,0.02,0.0,0.023824794217944145,0.023824874311685562,109,-0.0008055177750065923,-0.0002243787603219971,1.9187493324279785,12.587,0.0,62,LAND,False,STANDBY,10,6
2026-09-29T18:34:50.027264,-35.3632621,149.1652381,0.003,0.01,0.02,0.0,0.023716574534773827,0.023716695606708527,109,-0.0008132961229421198,-0.00022272004571277648,1.9187538623809814,12.587,0.0,62,LAND,False,STANDBY,10,6
2026-09-29T18:34:50.527858,-35.3632621,149.1652381,0.003,0.01,0.02,0.0,0.023718273267149925,0.023718291893601418,109,-0.0008156697731465101,-0.00022516769240610301,1.918756365776062,12.587,0.0,62,LAND,False,STANDBY,10,6
2026-09-29T18:34:51.028500,-35.3632621,149.1652381,0.003,0.01,0.02,0.0,0.023778272792696953,0.023778285831212997,109,-0.000816125248093158,-0.00023006733681540936,1.9187570810317993,12.587,0.0,62,LAND,False,STANDBY,10,6
2026-09-29T18:34:51.529060,-35.3632621,149.1652381,0.003,0.01,0.02,0.0,0.023882510140538216,0.023882560431957245,109,-0.0008122219587676227,-0.00023448198044206947,1.918760061264038,12.587,0.0,62,LAND,False,STANDBY,10,6
2026-09-29T18:34:52.029703,-35.3632621,149.1652381,0.003,0.01,0.02,0.0,0.024010471999645233,0.024010511115193367,109,-0.0008094051154330373,-0.00023179908748716116,1.918746829032898,12.587,0.0,62,LAND,False,STANDBY,10,6
2026-09-29T18:34:52.530364,-35.3632621,149.1652381,0.003,0.01,0.02,0.0,0.02392321079969406,0.02392321452498436,109,-0.0008097258396446705,-0.00023403675004374236,1.9187524318695068,12.587,0.0,62,LAND,False,STANDBY,10,6
2026-09-29T18:34:53.030846,-35.3632621,149.1652381,0.003,0.01,0.02,0.0,0.023920269683003426,0.02392030507326126,109,-0.0008032407495193183,-0.00023754242283757776,1.9187533855438232,12.587,0.0,62,LAND,False,STANDBY,10,6
2026-09-29T18:34:53.531396,-35.3632621,149.1652381,0.003,0.01,0.02,0.0,0.023891841992735863,0.02389184758067131,109,-0.0008018765365704894,-0.0002462259435560554,1.9187580347061157,12.587,0.0,62,LAND,False,STANDBY,10,6
2026-09-29T18:34:54.031960,-35.3632621,149.1652381,0.003,0.01,0.02,0.0,0.023922216147184372,0.0239222701638937,109,-0.0008002028334885836,-0.0002494592627044767,1.9187666177749634,12.587,0.0,62,LAND,False,STANDBY,10,6
2026-09-29T18:34:54.532770,-35.3632621,149.1652381,0.003,0.0,0.02,0.0,0.023738209158182144,0.023738611489534378,109,-0.0007958339410834014,-0.0002607594942674041,1.9187700748443604,12.587,0.0,62,LAND,False,STANDBY,10,6
2026-09-29T18:34:55.033427,-35.3632621,149.1652381,0.002,0.0,0.02,0.0,0.023884007707238197,0.02388458512723446,109,-0.0007920443895272911,-0.00026005232939496636,1.9187662601470947,12.587,0.0,62,LAND,False,STANDBY,10,6
2026-09-29T18:34:55.534000,-35.3632621,149.1652381,0.002,0.0,0.02,0.0,0.02390420250594616,0.023904860019683838,109,-0.0008029331802390516,-0.00025568605633452535,1.9187692403793335,12.587,0.0,62,LAND,False,STANDBY,10,6
2026-09-29T18:34:56.034364,-35.3632621,149.1652381,0.002,0.0,0.02,0.0,0.023978229612112045,0.023978691548109055,109,-0.0008059554966166615,-0.0002488242753315717,1.9187747240066528,12.587,0.0,62,LAND,False,STANDBY,10,6
2026-09-29T18:34:56.534942,-35.3632621,149.1652381,0.002,0.0,0.02,0.0,0.02386147528886795,0.02386288158595562,109,-0.0008090590126812458,-0.0002435168862575665,1.9187796115875244,12.587,0.0,62,LAND,False,STANDBY,10,6
2026-09-29T18:34:57.035169,-35.3632621,149.1652381,0.002,0.0,0.02,0.0,0.023884860798716545,0.023886503651738167,109,-0.0007990878657437861,-0.00023522951232735068,1.9187837839126587,12.587,0.0,62,LAND,False,STANDBY,10,6
2026-09-29T18:34:57.535821,-35.3632621,149.1652381,0.002,0.0,0.02,0.0,0.023820945993065834,0.0238226056098938,109,-0.0008019382948987186,-0.00023389901616610587,1.918795108795166,12.587,0.0,62,LAND,False,STANDBY,10,6
2026-09-29T18:34:58.036263,-35.3632621,149.1652381,0.002,0.0,0.02,0.0,0.023761525750160217,0.023762283846735954,109,-0.0008040088578127325,-0.0002235669526271522,1.9187921285629272,12.587,0.0,62,LAND,False,STANDBY,10,6
2026-09-29T18:34:58.536460,-35.3632621,149.1652381,0.002,0.0,0.02,0.0,0.023737117648124695,0.023738546296954155,109,-0.0007989087025634944,-0.00022718228865414858,1.918798565864563,12.587,0.0,62,LAND,False,STANDBY,10,6
2026-09-29T18:34:59.036886,-35.3632621,149.1652381,0.002,0.0,0.02,0.0,0.023853927850723267,0.023855211213231087,109,-0.0008047637529671192,-0.000223055700189434,1.9188028573989868,12.587,0.0,62,LAND,False,STANDBY,10,6
2026-09-29T18:34:59.537533,-35.3632621,149.1652381,0.002,0.01,0.02,0.0,0.023835262283682823,0.023836946114897728,109,-0.0008082451531663537,-0.00021864309383090585,1.9188156127929688,12.587,0.0,62,LAND,False,STANDBY,10,6
2026-09-29T18:35:00.038074,-35.3632621,149.1652381,0.002,0.01,0.02,0.0,0.023752162232995033,0.02375273033976555,109,-0.0008090292103588581,-0.00021507042401935905,1.918826937675476,12.587,0.0,62,LAND,False,STANDBY,10,6
2026-09-29T18:35:00.538583,-35.3632621,149.1652381,0.002,0.01,0.02,0.0,0.02363331988453865,0.023633526638150215,109,-0.0008145449100993574,-0.00021911899966653436,1.9188376665115356,12.587,0.0,62,LAND,False,STANDBY,10,6
2026-09-29T18:35:01.038942,-35.3632621,149.1652381,0.002,0.01,0.02,0.0,0.023683466017246246,0.023683536797761917,109,-0.0008073935750871897,-0.00021239856141619384,1.9188438653945923,12.587,0.0,62,LAND,False,STANDBY,10,6
2026-09-29T18:35:01.539609,-35.3632621,149.1652381,0.002,0.01,0.02,0.0,0.023595193400979042,0.023595217615365982,109,-0.0008030917961150408,-0.00021285621915012598,1.9188506603240967,12.587,0.0,62,LAND,False,STANDBY,10,6
2026-09-29T18:35:02.039843,-35.3632621,149.1652381,0.002,0.01,0.02,0.0,0.02347048930823803,0.02347058616578579,109,-0.0008012866601347923,-0.0002094564406434074,1.9188719987869263,12.587,0.0,62,LAND,False,STANDBY,10,6
2026-09-29T18:35:02.540531,-35.3632621,149.1652381,0.002,0.01,0.02,0.0,0.02361760288476944,0.02361772581934929,109,-0.0008088391623459756,-0.00021389707399066538,1.91886568069458,12.587,0.0,62,LAND,False,STANDBY,10,6
2026-09-29T18:35:03.041408,-35.3632621,149.1652381,0.002,0.01,0.02,0.0,0.023612286895513535,0.023612946271896362,109,-0.0008060052641667426,-0.00021986433421261609,1.9188816547393799,12.587,0.0,62,LAND,False,STANDBY,10,6
2026-09-29T18:35:03.542163,-35.3632621,149.1652381,0.003,0.01,0.02,0.0,0.023752108216285706,0.023752514272928238,109,-0.0008115788805298507,-0.0002291552082169801,1.9188826084136963,12.587,0.0,62,LAND,False,STANDBY,10,6
2026-09-29T18:35:04.042861,-35.3632621,149.1652381,0.003,0.01,0.02,0.0,0.023824673146009445,0.02382545918226242,109,-0.0008008238510228693,-0.00022471258125733584,1.9188939332962036,12.587,0.0,62,LAND,False,STANDBY,10,6
2026-09-29T18:35:04.543616,-35.3632621,149.1652381,0.003,0.01,0.02,0.0,0.023920591920614243,0.023921126499772072,109,-0.0008049586904235184,-0.0002227701188530773,1.9189035892486572,12.587,0.0,62,LAND,False,STANDBY,10,6
2026-09-29T18:35:05.043926,-35.3632621,149.1652381,0.003,0.01,0.02,0.0,0.02377445437014103,0.023775577545166016,109,-0.0008057738305069506,-0.00021553775877691805,1.9189162254333496,12.587,0.0,62,LAND,False,STANDBY,10,6
2026-09-29T18:35:05.544896,-35.3632621,149.1652381,0.003,0.01,0.02,0.0,0.023721594363451004,0.02372196689248085,109,-0.0008084338041953743,-0.00021209163242019713,1.9189196825027466,12.587,0.0,62,LAND,False,STANDBY,10,6
2026-09-29T18:35:06.045827,-35.3632621,149.1652381,0.003,0.01,0.02,0.0,0.023626698181033134,0.023626958951354027,109,-0.0008136923424899578,-0.00020367848628666252,1.9189378023147583,12.587,0.0,62,LAND,False,STANDBY,10,6
2026-09-29T18:35:06.546584,-35.3632621,149.1652381,0.003,0.01,0.02,0.0,0.023540303111076355,0.023540476337075233,109,-0.0008214896079152822,-0.00021522150200325996,1.9189499616622925,12.587,0.0,62,LAND,False,STANDBY,10,6
2026-09-29T18:35:07.047089,-35.3632621,149.1652381,0.003,0.01,0.02,0.0,0.02373424544930458,0.02373441308736801,109,-0.0008257086738012731,-0.00022021986660547554,1.9189578294754028,12.587,0.0,62,LAND,False,STANDBY,10,6
2026-09-29T18:35:07.547827,-35.3632621,149.1652381,0.003,0.01,0.02,0.0,0.023740390315651894,0.02374039776623249,109,-0.0008257615263573825,-0.00022695302322972566,1.918961763381958,12.587,0.0,62,LAND,False,STANDBY,10,6
2026-09-29T18:35:08.048621,-35.3632621,149.1652381,0.003,0.01,0.02,0.0,0.023772915825247765,0.023772990331053734,109,-0.0008317209430970252,-0.00022307164908852428,1.9189670085906982,12.587,0.0,62,LAND,False,STANDBY,10,6
2026-09-29T18:35:08.549255,-35.3632621,149.1652381,0.003,0.01,0.02,0.0,0.02383478358387947,0.023834792897105217,109,-0.0008392772870138288,-0.00021705809922423214,1.9189784526824951,12.587,0.0,62,LAND,False,STANDBY,10,6
2026-09-29T18:35:09.049814,-35.3632621,149.1652381,0.003,0.01,0.02,0.0,0.023874584585428238,0.023874694481492043,109,-0.0008316361345350742,-0.0002107303444063291,1.9189871549606323,12.587,0.0,62,LAND,False,STANDBY,10,6
2026-09-29T18:35:09.550055,-35.3632621,149.1652381,0.003,0.01,0.02,0.0,0.02397376298904419,0.023973865434527397,109,-0.0008316545863635838,-0.00021602962806355208,1.9189928770065308,12.587,0.0,62,LAND,False,STANDBY,10,6
2026-09-29T18:35:10.050646,-35.3632621,149.1652381,0.003,0.01,0.02,0.0,0.02399321272969246,0.023993343114852905,109,-0.0008200910524465144,-0.00021128619846422225,1.9190049171447754,12.587,0.0,62,LAND,False,STANDBY,10,6
2026-09-29T18:35:10.551196,-35.3632621,149.1652381,0.003,0.01,0.02,0.0,0.02370685711503029,0.023706911131739616,109,-0.0008148329216055572,-0.0002123251324519515,1.9190099239349365,12.587,0.0,62,LAND,False,STANDBY,10,6
2026-09-29T18:35:11.051826,-35.3632621,149.1652381,0.003,0.01,0.02,0.0,0.023817772045731544,0.023817798122763634,109,-0.0008092373609542847,-0.00021316073252819479,1.919016718864441,12.587,0.0,62,LAND,False,STANDBY,10,6
2026-09-29T18:35:11.552191,-35.3632621,149.1652381,0.003,0.01,0.02,0.0,0.023735374212265015,0.023735417053103447,109,-0.0008046638686209917,-0.0002119224809575826,1.9190397262573242,12.587,0.0,62,LAND,False,STANDBY,10,6
2026-09-29T18:35:12.052851,-35.3632621,149.1652381,0.003,0.01,0.02,0.0,0.02368886210024357,0.023689381778240204,109,-0.0008058802341111004,-0.00021542551985476166,1.9190397262573242,12.587,0.0,62,LAND,False,STANDBY,10,6
2026-09-29T18:35:12.553657,-35.3632621,149.1652381,0.003,0.01,0.02,0.0,0.023750176653265953,0.02375073917210102,109,-0.0008064559660851955,-0.00021624301734846085,1.9190630912780762,12.587,0.0,62,LAND,False,STANDBY,10,6
2026-09-29T18:35:13.054360,-35.3632621,149.1652381,0.003,0.01,0.02,0.0,0.023726560175418854,0.023727286607027054,109,-0.0008003973052836955,-0.00020663347095251083,1.919066309928894,12.587,0.0,62,LAND,False,STANDBY,10,6
2026-09-29T18:35:13.554943,-35.3632621,149.1652381,0.003,0.01,0.02,0.0,0.023626090958714485,0.023627297952771187,109,-0.0008057952509261668,-0.00020742563356179744,1.9190760850906372,12.587,0.0,62,LAND,False,STANDBY,10,6
2026-09-29T18:35:14.055631,-35.3632621,149.1652381,0.003,0.01,0.02,0.0,0.023613817989826202,0.0236144308000803,109,-0.0008062117849476635,-0.0002013028715737164,1.9190912246704102,12.587,0.0,62,LAND,False,STANDBY,10,6
2026-09-29T18:35:14.556346,-35.3632621,149.1652381,0.003,0.01,0.02,0.0,0.02355913631618023,0.023559292778372765,109,-0.0008109850459732115,-0.00020188718917779624,1.9191089868545532,12.587,0.0,62,LAND,False,STANDBY,10,6
2026-09-29T18:35:15.056828,-35.3632621,149.1652381,0.003,0.01,0.02,0.0,0.0236962903290987,0.023696964606642723,109,-0.0008155109826475382,-0.0002028724702540785,1.9191218614578247,12.587,0.0,62,LAND,False,STANDBY,10,6
2026-09-29T18:35:15.557370,-35.3632621,149.1652381,0.003,0.01,0.02,0.0,0.023435043171048164,0.02343640848994255,109,-0.0008144798339344561,-0.0002074062213068828,1.919142484664917,12.587,0.0,62,LAND,False,STANDBY,10,6
2026-09-29T18:35:16.057967,-35.3632621,149.1652381,0.003,0.01,0.02,0.0,0.023396091535687447,0.02339792251586914,109,-0.0008145011379383504,-0.00020630664948839694,1.9191575050354004,12.587,0.0,62,LAND,False,STANDBY,10,6
2026-09-29T18:35:16.558619,-35.3632621,149.1652381,0.003,0.01,0.02,0.0,0.023300400003790855,0.02330106869339943,109,-0.0008071416523307562,-0.00020753750868607312,1.919175624847412,12.587,0.0,62,LAND,False,STANDBY,10,6
2026-09-29T18:35:17.059162,-35.3632621,149.1652381,0.003,0.01,0.02,0.0,0.02338988333940506,0.023390820249915123,109,-0.0008060376858338714,-0.00020879865041933954,1.919188380241394,12.587,0.0,62,LAND,False,STANDBY,10,6
2026-09-29T18:35:17.559768,-35.3632621,149.1652381,0.003,0.01,0.02,0.0,0.023363890126347542,0.023364022374153137,109,-0.0008139220881275833,-0.00021560357708949596,1.9191913604736328,12.587,0.0,62,LAND,False,STANDBY,10,6
2026-09-29T18:35:18.059945,-35.3632621,149.1652381,0.003,0.01,0.02,0.0,0.023527508601546288,0.023527637124061584,109,-0.0008138978737406433,-0.00021524366457015276,1.9192055463790894,12.587,0.0,62,LAND,False,STANDBY,10,6
2026-09-29T18:35:18.560475,-35.3632621,149.1652381,0.003,0.01,0.02,0.0,0.023490604013204575,0.023491036146879196,109,-0.000816507323179394,-0.00021538416331168264,1.919217586517334,12.587,0.0,62,LAND,False,STANDBY,10,6
2026-09-29T18:35:19.060897,-35.3632621,149.1652381,0.003,0.01,0.02,0.0,0.023773882538080215,0.023774279281497,109,-0.0008155833929777145,-0.00022499520855490118,1.9192118644714355,12.587,0.0,62,LAND,False,STANDBY,10,6
2026-09-29T18:35:19.561197,-35.3632621,149.1652381,0.003,0.01,0.02,0.0,0.02400215156376362,0.024002326652407646,109,-0.000822733563836664,-0.0002238354500150308,1.9192219972610474,12.587,0.0,62,LAND,False,STANDBY,10,6
2026-09-29T18:35:20.061873,-35.3632621,149.1652381,0.003,0.01,0.02,0.0,0.024102644994854927,0.024102646857500076,109,-0.0008316817111335695,-0.0002211580576840788,1.919230341911316,12.587,0.0,62,LAND,False,STANDBY,10,6
2026-09-29T18:35:20.562149,-35.3632621,149.1652381,0.003,0.01,0.02,0.0,0.02409079670906067,0.024090800434350967,109,-0.0008304561488330364,-0.0002239111199742183,1.9192447662353516,12.587,0.0,62,LAND,False,STANDBY,10,6
2026-09-29T18:35:21.062692,-35.3632621,149.1652381,0.003,0.01,0.02,0.0,0.02398349717259407,0.023983536288142204,109,-0.000828211777843535,-0.0002223462943220511,1.9192644357681274,12.587,0.0,62,LAND,False,STANDBY,10,6
2026-09-29T18:35:21.563942,-35.3632621,149.1652381,0.003,0.01,0.02,0.0,0.023948755115270615,0.023948833346366882,109,-0.0008299812907353044,-0.00022858013107907027,1.9192770719528198,12.587,0.0,62,LAND,False,STANDBY,10,6
2026-09-29T18:35:22.064765,-35.3632621,149.1652381,0.003,0.01,0.02,0.0,0.024046702310442924,0.02404686063528061,109,-0.0008275248692370951,-0.0002203740004915744,1.9192895889282227,12.587,0.0,62,LAND,False,STANDBY,10,6
2026-09-29T18:35:22.565828,-35.3632621,149.1652381,0.003,0.01,0.02,0.0,0.023963065817952156,0.02396358549594879,109,-0.0008282542694360018,-0.00022114274906925857,1.919302225112915,12.587,0.0,62,LAND,False,STANDBY,10,6
2026-09-29T18:35:23.066512,-35.3632621,149.1652381,0.003,0.01,0.02,0.0,0.02406187914311886,0.024062173441052437,109,-0.0008262621704488993,-0.00021896064572501928,1.9193058013916016,12.587,0.0,62,LAND,False,STANDBY,10,6
2026-09-29T18:35:23.567181,-35.3632621,149.1652381,0.003,0.01,0.02,0.0,0.02406184747815132,0.02406221441924572,109,-0.0008201912860386074,-0.0002231556281913072,1.9193075895309448,12.587,0.0,62,LAND,False,STANDBY,10,6
2026-09-29T18:35:24.067883,-35.3632621,149.1652381,0.002,0.01,0.02,0.0,0.024008609354496002,0.02401024103164673,109,-0.0008219117298722267,-0.00021994890994392335,1.9193190336227417,12.587,0.0,62,LAND,False,STANDBY,10,6
2026-09-29T18:35:24.568898,-35.3632621,149.1652381,0.002,0.01,0.02,0.0,0.02395162545144558,0.023952268064022064,109,-0.0008277195738628507,-0.0002167337224818766,1.9193334579467773,12.587,0.0,62,LAND,False,STANDBY,10,6
2026-09-29T18:35:25.069832,-35.3632621,149.1652381,0.002,0.01,0.02,0.0,0.024087397381663322,0.024088580161333084,109,-0.0008260766044259071,-0.00021568016381934285,1.9193435907363892,12.587,0.0,62,LAND,False,STANDBY,10,6
2026-09-29T18:35:25.570931,-35.3632621,149.1652381,0.002,0.01,0.02,0.0,0.02433166839182377,0.024332351982593536,109,-0.0008271501283161342,-0.00022447928495239466,1.9193586111068726,12.587,0.0,62,LAND,False,STANDBY,10,6
2026-09-29T18:35:26.071922,-35.3632621,149.1652381,0.002,0.01,0.02,0.0,0.02422531507909298,0.02422734908759594,109,-0.0008209975203499198,-0.00022401032038033009,1.9193744659423828,12.587,0.0,62,LAND,False,STANDBY,10,6
2026-09-29T18:35:26.572891,-35.3632621,149.1652381,0.002,0.01,0.02,0.0,0.024186093360185623,0.024189256131649017,109,-0.0008207770879380405,-0.00022700864064972848,1.9193862676620483,12.587,0.0,62,LAND,False,STANDBY,10,6
2026-09-29T18:35:27.073904,-35.3632621,149.1652381,0.002,0.01,0.02,0.0,0.024025965481996536,0.02403033897280693,109,-0.0008129725465551019,-0.0002180715382564813,1.9194010496139526,12.587,0.0,62,LAND,False,STANDBY,10,6
2026-09-29T18:35:27.574475,-35.3632621,149.1652381,0.002,0.01,0.02,0.0,0.023894697427749634,0.023897632956504822,109,-0.0008125721360556781,-0.0002236631407868117,1.9194085597991943,12.587,0.0,62,LAND,False,STANDBY,10,6
2026-09-29T18:35:28.075152,-35.3632621,149.1652381,0.002,0.01,0.02,0.0,0.02389487996697426,0.023897958919405937,109,-0.0008158176206052303,-0.00022625377459917217,1.9194042682647705,12.587,0.0,62,LAND,False,STANDBY,10,6
2026-09-29T18:35:28.575850,-35.3632621,149.1652381,0.002,0.01,0.02,0.0,0.02397182025015354,0.023973340168595314,109,-0.0008152498630806804,-0.00022983376402407885,1.9194084405899048,12.587,0.0,62,LAND,False,STANDBY,10,6
2026-09-29T18:35:29.076352,-35.3632621,149.1652381,0.002,0.01,0.02,0.0,0.024098938331007957,0.024099698290228844,109,-0.0008190391818061471,-0.00023207601043395698,1.9194272756576538,12.587,0.0,62,LAND,False,STANDBY,10,6
2026-09-29T18:35:29.576835,-35.3632621,149.1652381,0.002,0.01,0.02,0.0,0.02414788492023945,0.024147989228367805,109,-0.0008248333469964564,-0.00022406560310628265,1.919433832168579,12.587,0.0,62,LAND,False,STANDBY,10,6
2026-09-29T18:35:30.077586,-35.3632621,149.1652381,0.002,0.01,0.02,0.0,0.024062177166342735,0.024062201380729675,109,-0.0008165108156390488,-0.0002175031549995765,1.919449806213379,12.587,0.0,62,LAND,False,STANDBY,10,6
2026-09-29T18:35:30.578643,-35.3632621,149.1652381,0.002,0.01,0.02,0.0,0.023913826793432236,0.02391393482685089,109,-0.0008168121566995978,-0.00022330072533804923,1.9194612503051758,12.587,0.0,62,LAND,False,STANDBY,10,6
2026-09-29T18:35:31.079175,-35.3632621,149.1652381,0.002,0.01,0.02,0.0,0.023945346474647522,0.023945672437548637,109,-0.0008118560654111207,-0.00021263942471705377,1.9194737672805786,12.587,0.0,62,LAND,False,STANDBY,10,6
2026-09-29T18:35:31.579848,-35.3632621,149.1652381,0.002,0.01,0.02,0.0,0.023845333606004715,0.023845942690968513,109,-0.0008129734778776765,-0.0002195263368776068,1.9194843769073486,12.587,0.0,62,LAND,False,STANDBY,10,6
2026-09-29T18:35:32.080694,-35.3632621,149.1652381,0.002,0.01,0.02,0.0,0.023770691826939583,0.02377207763493061,109,-0.0008073918870650232,-0.00021655065938830376,1.9195003509521484,12.587,0.0,62,LAND,False,STANDBY,10,6
2026-09-29T18:35:32.581245,-35.3632621,149.1652381,0.003,0.01,0.02,0.0,0.023542916402220726,0.02354452945291996,109,-0.0008053737692534924,-0.00021853955695405602,1.9195048809051514,12.587,0.0,62,LAND,False,STANDBY,10,6
2026-09-29T18:35:33.081989,-35.3632621,149.1652381,0.003,0.01,0.02,0.0,0.023524967953562737,0.02352628856897354,109,-0.0008007382857613266,-0.00022109401470515877,1.9195142984390259,12.587,0.0,62,LAND,False,STANDBY,10,6
2026-09-29T18:35:33.582858,-35.3632621,149.1652381,0.003,0.01,0.02,0.0,0.023585671558976173,0.023587334901094437,109,-0.0008031228790059686,-0.00022970602731220424,1.919524073600769,12.587,0.0,62,LAND,False,STANDBY,10,6
2026-09-29T18:35:34.083336,-35.3632621,149.1652381,0.003,0.01,0.02,0.0,0.023653944954276085,0.023655638098716736,109,-0.0007967822602950037,-0.00023095824872143567,1.9195281267166138,12.587,0.0,62,LAND,False,STANDBY,10,6
2026-09-29T18:35:34.584087,-35.3632621,149.1652381,0.003,0.01,0.02,0.0,0.02369515411555767,0.023696545511484146,109,-0.000796235166490078,-0.00023123293067328632,1.919535756111145,12.587,0.0,62,LAND,False,STANDBY,10,6
2026-09-29T18:35:35.084833,-35.3632621,149.1652381,0.003,0.01,0.02,0.0,0.023708397522568703,0.023710032925009727,109,-0.0007992266328074038,-0.00023145665181800723,1.9195454120635986,12.587,0.0,62,LAND,False,STANDBY,10,6
2026-09-29T18:35:35.585424,-35.3632621,149.1652381,0.003,0.01,0.02,0.0,0.023934796452522278,0.023935934528708458,109,-0.0007995484047569335,-0.00023668279754929245,1.9195549488067627,12.587,0.0,62,LAND,False,STANDBY,10,6
2026-09-29T18:35:36.085905,-35.3632621,149.1652381,0.003,0.01,0.02,0.0,0.023981764912605286,0.023982666432857513,109,-0.0007983531104400754,-0.0002297297614859417,1.9195561408996582,12.587,0.0,62,LAND,False,STANDBY,10,6
2026-09-29T18:35:36.586922,-35.3632621,149.1652381,0.003,0.0,0.02,0.0,0.02369328774511814,0.02369355782866478,109,-0.000800327630713582,-0.0002251671248814091,1.9195706844329834,12.587,0.0,62,LAND,False,STANDBY,10,6
2026-09-29T18:35:37.087900,-35.3632621,149.1652381,0.003,0.0,0.02,0.0,0.0236333217471838,0.023633524775505066,109,-0.0007950621074996889,-0.0002144132013199851,1.9195915460586548,12.587,0.0,62,LAND,False,STANDBY,10,6
2026-09-29T18:35:37.588889,-35.3632621,149.1652381,0.003,0.0,0.02,0.0,0.023569146171212196,0.023569146171212196,109,-0.0007891430286690593,-0.0002162698219763115,1.9196045398712158,12.587,0.0,62,LAND,False,STANDBY,10,6
2026-09-29T18:35:38.089277,-35.3632621,149.1652381,0.003,0.01,0.02,0.0,0.023570125922560692,0.023570260033011436,109,-0.0007921141805127263,-0.0002229836827609688,1.9196197986602783,12.587,0.0,62,LAND,False,STANDBY,10,6
2026-09-29T18:35:38.589915,-35.3632621,149.1652381,0.003,0.01,0.02,0.0,0.023554017767310143,0.023554041981697083,109,-0.0007964131655171514,-0.00022417152649722993,1.9196312427520752,12.587,0.0,62,LAND,False,STANDBY,10,6
2026-09-29T18:35:39.090176,-35.3632621,149.1652381,0.003,0.01,0.02,0.0,0.023571103811264038,0.023571157827973366,109,-0.0007937595364637673,-0.0002148354542441666,1.9196394681930542,12.587,0.0,62,LAND,False,STANDBY,10,6
2026-09-29T18:35:39.590828,-35.3632621,149.1652381,0.003,0.01,0.02,0.0,0.02335631661117077,0.023357434198260307,109,-0.0007903501391410828,-0.00021478277631103992,1.9196487665176392,12.587,0.0,62,LAND,False,STANDBY,10,6
2026-09-29T18:35:40.091344,-35.3632621,149.1652381,0.003,0.01,0.02,0.0,0.02348053641617298,0.023481428623199463,109,-0.000793937302660197,-0.00021330824529286474,1.919651746749878,12.587,0.0,62,LAND,False,STANDBY,10,6
2026-09-29T18:35:40.591892,-35.3632621,149.1652381,0.002,0.01,0.02,0.0,0.023695994168519974,0.02369680255651474,109,-0.0008013206534087658,-0.00022803744650445879,1.91965913772583,12.587,0.0,62,LAND,False,STANDBY,10,6
2026-09-29T18:35:41.092241,-35.3632621,149.1652381,0.002,0.01,0.02,0.0,0.023713329806923866,0.02371383272111416,109,-0.0008027204312384129,-0.00023071271425578743,1.9196655750274658,12.587,0.0,62,LAND,False,STANDBY,10,6
2026-09-29T18:35:41.592883,-35.3632621,149.1652381,0.002,0.01,0.02,0.0,0.023839928209781647,0.023840777575969696,109,-0.000816859770566225,-0.0002309186093043536,1.9196771383285522,12.587,0.0,62,LAND,False,STANDBY,10,6
2026-09-29T18:35:42.093584,-35.3632621,149.1652381,0.002,0.01,0.02,0.0,0.023697325959801674,0.023697732016444206,109,-0.0008167953928932548,-0.00023460258671548218,1.9196834564208984,12.587,0.0,62,LAND,False,STANDBY,10,6
2026-09-29T18:35:42.594410,-35.3632621,149.1652381,0.002,0.01,0.02,0.0,0.02382395789027214,0.023824090138077736,109,-0.0008171561057679355,-0.0002380326041020453,1.91969633102417,12.587,0.0,62,LAND,False,STANDBY,10,6
2026-09-29T18:35:43.095235,-35.3632621,149.1652381,0.002,0.01,0.02,0.0,0.023989539593458176,0.023989584296941757,109,-0.0008114143274724483,-0.0002383906248724088,1.9197027683258057,12.587,0.0,62,LAND,False,STANDBY,10,6
2026-09-29T18:35:43.595861,-35.3632621,149.1652381,0.002,0.01,0.02,0.0,0.023969000205397606,0.02396905981004238,109,-0.0008115355158224702,-0.00023391112335957587,1.9197146892547607,12.587,0.0,62,LAND,False,STANDBY,10,6
2026-09-29T18:35:44.096437,-35.3632621,149.1652381,0.002,0.0,0.02,0.0,0.02404928021132946,0.02404944784939289,109,-0.0008037706138566136,-0.000241712637944147,1.9197118282318115,12.587,0.0,62,LAND,False,STANDBY,10,6
2026-09-29T18:35:44.596815,-35.3632621,149.1652381,0.002,0.0,0.02,0.0,0.024123577401041985,0.024124611169099808,109,-0.0008078257087618113,-0.000240051987930201,1.9197156429290771,12.587,0.0,62,LAND,False,STANDBY,10,6
2026-09-29T18:35:45.097209,-35.3632621,149.1652381,0.002,0.01,0.02,0.0,0.024306921288371086,0.024308038875460625,109,-0.0008206709753721952,-0.0002400847151875496,1.9197372198104858,12.587,0.0,62,LAND,False,STANDBY,10,6
2026-09-29T18:35:45.597855,-35.3632621,149.1652381,0.002,0.01,0.02,0.0,0.024239271879196167,0.024240368977189064,109,-0.0008216872229240835,-0.00023410982976201922,1.9197503328323364,12.587,0.0,62,LAND,False,STANDBY,10,6
2026-09-29T18:35:46.098461,-35.3632621,149.1652381,0.002,0.01,0.02,0.0,0.02443367801606655,0.024434739723801613,109,-0.00081847351975739,-0.00023113848874345422,1.9197677373886108,12.587,0.0,62,LAND,False,STANDBY,10,6
2026-09-29T18:35:46.598827,-35.3632621,149.1652381,0.002,0.01,0.02,0.0,0.024457259103655815,0.024457795545458794,109,-0.0008099378319457173,-0.0002245874347863719,1.91977858543396,12.587,0.0,62,LAND,False,STANDBY,10,6
2026-09-29T18:35:47.099432,-35.3632621,149.1652381,0.002,0.01,0.02,0.0,0.024111663922667503,0.024112526327371597,109,-0.0007997503271326423,-0.0002181016025133431,1.9197832345962524,12.587,0.0,62,LAND,False,STANDBY,10,6
2026-09-29T18:35:47.599830,-35.3632621,149.1652381,0.002,0.01,0.02,0.0,0.023910705000162125,0.0239108819514513,109,-0.0007968551362864673,-0.00021997281874064356,1.919799566268921,12.587,0.0,62,LAND,False,STANDBY,10,6
2026-09-29T18:35:48.100605,-35.3632621,149.1652381,0.002,0.0,0.02,0.0,0.02360679768025875,0.023607123643159866,109,-0.0007943022064864635,-0.00021083590399939567,1.919815182685852,12.587,0.0,62,LAND,False,STANDBY,10,6
2026-09-29T18:35:48.601347,-35.3632621,149.1652381,0.002,0.01,0.02,0.0,0.02354312129318714,0.023543504998087883,109,-0.000793292885646224,-0.00020766006491612643,1.9198230504989624,12.587,0.0,62,LAND,False,STANDBY,10,6
2026-09-29T18:35:49.101829,-35.3632621,149.1652381,0.002,0.01,0.02,0.0,0.023627648130059242,0.023628709837794304,109,-0.0008037235238589346,-0.00020313951245043427,1.9198247194290161,12.587,0.0,62,LAND,False,STANDBY,10,6
2026-09-29T18:35:49.602552,-35.3632621,149.1652381,0.002,0.01,0.02,0.0,0.023535268381237984,0.023535344749689102,109,-0.0008053447818383574,-0.00019334365788381547,1.9198424816131592,12.587,0.0,62,LAND,False,STANDBY,10,6
2026-09-29T18:35:50.103047,-35.3632621,149.1652381,0.002,0.01,0.02,0.0,0.02357124350965023,0.023571249097585678,109,-0.0008066502632573247,-0.00018984809867106378,1.9198538064956665,12.587,0.0,62,LAND,False,STANDBY,10,6
2026-09-29T18:35:50.603766,-35.3632621,149.1652381,0.002,0.01,0.02,0.0,0.02341918833553791,0.023419220000505447,109,-0.0008118946570903063,-0.00018921309674624354,1.9198576211929321,12.587,0.0,62,LAND,False,STANDBY,10,6
2026-09-29T18:35:51.104374,-35.3632621,149.1652381,0.002,0.01,0.02,0.0,0.02333158068358898,0.023331616073846817,110,-0.0008033685153350234,-0.00018324820848647505,1.9198734760284424,12.587,0.0,62,LAND,False,STANDBY,10,6
2026-09-29T18:35:51.605129,-35.3632621,149.1652381,0.002,0.01,0.02,0.0,0.023300521075725555,0.023300528526306152,110,-0.0008068152819760144,-0.00018556714348960668,1.9198813438415527,12.587,0.0,62,LAND,False,STANDBY,10,6
2026-09-29T18:35:52.105890,-35.3632621,149.1652381,0.002,0.01,0.02,0.0,0.023247698321938515,0.023247776553034782,110,-0.000800967332907021,-0.0001904482051031664,1.9198942184448242,12.587,0.0,62,LAND,False,STANDBY,10,6
2026-09-29T18:35:52.606621,-35.3632621,149.1652381,0.002,0.01,0.02,0.0,0.023408357053995132,0.023408379405736923,110,-0.0007983995601534843,-0.0001953902974491939,1.9199001789093018,12.587,0.0,62,LAND,False,STANDBY,10,6
2026-09-29T18:35:53.107319,-35.3632621,149.1652381,0.002,0.01,0.02,0.0,0.023465188220143318,0.023465558886528015,110,-0.0007952942396514118,-0.00020051606406923383,1.9199128150939941,12.587,0.0,62,LAND,False,STANDBY,10,6
2026-09-29T18:35:53.608008,-35.3632621,149.1652381,0.002,0.01,0.02,0.0,0.023388832807540894,0.023389145731925964,110,-0.0008002015529200435,-0.00021161687618587166,1.9199166297912598,12.587,0.0,62,LAND,False,STANDBY,10,6
2026-09-29T18:35:54.108833,-35.3632621,149.1652381,0.002,0.01,0.02,0.0,0.02346627600491047,0.02346634864807129,110,-0.0007897419272921979,-0.00020781520288437605,1.9199299812316895,12.587,0.0,62,LAND,False,STANDBY,10,6
2026-09-29T18:35:54.609690,-35.3632621,149.1652381,0.002,0.01,0.02,0.0,0.02350572682917118,0.02350577712059021,110,-0.0007952048326842487,-0.00020385393872857094,1.9199292659759521,12.587,0.0,62,LAND,False,STANDBY,10,6
2026-09-29T18:35:55.110891,-35.3632621,149.1652381,0.002,0.01,0.02,0.0,0.023576943203806877,0.02357696369290352,110,-0.0007983411778695881,-0.00020605199097190052,1.9199392795562744,12.587,0.0,62,LAND,False,STANDBY,10,6
2026-09-29T18:35:55.611830,-35.3632621,149.1652381,0.002,0.01,0.02,0.0,0.023577718064188957,0.023577725514769554,110,-0.0008020036038942635,-0.00021257702610455453,1.9199448823928833,12.587,0.0,62,LAND,False,STANDBY,10,6
2026-09-29T18:35:56.112837,-35.3632621,149.1652381,0.002,0.01,0.02,0.0,0.023628216236829758,0.023628218099474907,110,-0.0007983669056557119,-0.00022543036902789026,1.9199532270431519,12.587,0.0,62,LAND,False,STANDBY,10,6
2026-09-29T18:35:56.614348,-35.3632621,149.1652381,0.002,0.01,0.02,0.0,0.023881973698735237,0.023882010951638222,110,-0.0007932492299005389,-0.00023407222761306912,1.919968843460083,12.587,0.0,62,LAND,False,STANDBY,10,6
2026-09-29T18:35:57.115014,-35.3632621,149.1652381,0.002,0.0,0.02,0.0,0.023637255653738976,0.023637257516384125,110,-0.000790095014963299,-0.00023285117640625685,1.919975757598877,12.587,0.0,62,LAND,False,STANDBY,10,6
2026-09-29T18:35:57.615350,-35.3632621,149.1652381,0.002,0.0,0.02,0.0,0.02356494404375553,0.02356494404375553,110,-0.0007907366962172091,-0.0002332018339075148,1.919978380203247,12.587,0.0,62,LAND,False,STANDBY,10,6
2026-09-29T18:35:58.116587,-35.3632621,149.1652381,0.002,0.0,0.02,0.0,0.023692624643445015,0.023692626506090164,110,-0.0007865213556215167,-0.0002217246947111562,1.9199888706207275,12.587,0.0,62,LAND,False,STANDBY,10,6
2026-09-29T18:35:58.617230,-35.3632621,149.1652381,0.003,0.01,0.02,0.0,0.023680955171585083,0.023680955171585083,110,-0.0007888373802416027,-0.00021928067144472152,1.9199947118759155,12.587,0.0,62,LAND,False,STANDBY,10,6
2026-09-29T18:35:59.118220,-35.3632621,149.1652381,0.002,0.0,0.02,0.0,0.023622499778866768,0.023622827604413033,110,-0.0007843186613172293,-0.00021931300580035895,1.9200013875961304,12.587,0.0,62,LAND,False,STANDBY,10,6
2026-09-29T18:35:59.618995,-35.3632621,149.1652381,0.002,0.0,0.02,0.0,0.023571467027068138,0.023571660742163658,110,-0.0007848453242331743,-0.0002156108821509406,1.920008897781372,12.587,0.0,62,LAND,False,STANDBY,10,6
2026-09-29T18:36:00.119512,-35.3632621,149.1652381,0.002,0.0,0.02,0.0,0.023518456146121025,0.023518461734056473,110,-0.0007769077783450484,-0.00020924305135849863,1.9200249910354614,12.587,0.0,62,LAND,False,STANDBY,10,6
2026-09-29T18:36:00.620183,-35.3632621,149.1652381,0.002,0.0,0.02,0.0,0.02342679537832737,0.02342703752219677,110,-0.0007818721351213753,-0.0002077728568110615,1.9200246334075928,12.587,0.0,62,LAND,False,STANDBY,10,6
2026-09-29T18:36:01.120944,-35.3632621,149.1652381,0.003,0.0,0.02,0.0,0.02349110133945942,0.023491179570555687,110,-0.000782024406362325,-0.00021143780031707138,1.9200241565704346,12.587,0.0,62,LAND,False,STANDBY,10,6
2026-09-29T18:36:01.621922,-35.3632621,149.1652381,0.003,0.0,0.02,0.0,0.023577405139803886,0.023577438667416573,110,-0.0007930268184281886,-0.00022147296112962067,1.9200363159179688,12.587,0.0,62,LAND,False,STANDBY,10,6
2026-09-29T18:36:02.122633,-35.3632621,149.1652381,0.003,0.01,0.02,0.0,0.023615054786205292,0.02361508458852768,110,-0.0007901100907474756,-0.00021852208010386676,1.9200471639633179,12.587,0.0,62,LAND,False,STANDBY,10,6
2026-09-29T18:36:02.623380,-35.3632621,149.1652381,0.003,0.0,0.02,0.0,0.023441215977072716,0.02344142645597458,110,-0.0007922890945337713,-0.00022358124260790646,1.9200536012649536,12.587,0.0,62,LAND,False,STANDBY,10,6
2026-09-29T18:36:03.123837,-35.3632621,149.1652381,0.002,0.0,0.02,0.0,0.02353103831410408,0.02353225275874138,110,-0.0007800438906997442,-0.00021753917098976672,1.9200628995895386,12.587,0.0,62,LAND,False,STANDBY,10,6
2026-09-29T18:36:03.624559,-35.3632621,149.1652381,0.002,0.0,0.02,0.0,0.023442376405000687,0.0234431941062212,110,-0.000783147057518363,-0.0002262410707771778,1.9200716018676758,12.587,0.0,62,LAND,False,STANDBY,10,6
2026-09-29T18:36:04.124932,-35.3632621,149.1652381,0.002,0.0,0.02,0.0,0.02343248575925827,0.023433446884155273,110,-0.0007792463875375688,-0.0002235314022982493,1.9200782775878906,12.587,0.0,62,LAND,False,STANDBY,10,6
2026-09-29T18:36:04.625703,-35.3632621,149.1652381,0.002,0.0,0.02,0.0,0.023493023589253426,0.023494303226470947,110,-0.0007826992077752948,-0.00021336122881621122,1.9200925827026367,12.587,0.0,62,LAND,False,STANDBY,10,6
2026-09-29T18:36:05.126354,-35.3632621,149.1652381,0.002,0.0,0.02,0.0,0.02348621003329754,0.023487353697419167,110,-0.00078176538227126,-0.00021126781939528883,1.9200855493545532,12.587,0.0,62,LAND,False,STANDBY,10,6
2026-09-29T18:36:05.626826,-35.3632621,149.1652381,0.002,0.0,0.02,0.0,0.02346368320286274,0.023465881124138832,110,-0.000788276141975075,-0.00021509185899049044,1.9200962781906128,12.587,0.0,62,LAND,False,STANDBY,10,6
2026-09-29T18:36:06.127460,-35.3632621,149.1652381,0.002,0.01,0.02,0.0,0.023605599999427795,0.023607559502124786,110,-0.0007896361057646573,-0.00021230467245914042,1.920101284980774,12.587,0.0,62,LAND,False,STANDBY,10,6
2026-09-29T18:36:06.627861,-35.3632621,149.1652381,0.002,0.01,0.02,0.0,0.02375202067196369,0.023753738030791283,110,-0.0007938169874250889,-0.00021563426707871258,1.9201085567474365,12.587,0.0,62,LAND,False,STANDBY,10,6
2026-09-29T18:36:07.128531,-35.3632621,149.1652381,0.002,0.01,0.02,0.0,0.02383665181696415,0.02383829653263092,110,-0.0007958611822687089,-0.000217195411096327,1.9201161861419678,12.587,0.0,62,LAND,False,STANDBY,10,6
2026-09-29T18:36:07.629170,-35.3632621,149.1652381,0.002,0.01,0.02,0.0,0.023815486580133438,0.02381729520857334,110,-0.0007981855305843055,-0.00022635061759501696,1.9201329946517944,12.587,0.0,62,LAND,False,STANDBY,10,6
2026-09-29T18:36:08.129848,-35.3632621,149.1652381,0.002,0.01,0.02,0.0,0.023715989664196968,0.02371794916689396,110,-0.0008045157301239669,-0.0002238992601633072,1.920138955116272,12.587,0.0,62,LAND,False,STANDBY,10,6
2026-09-29T18:36:08.630157,-35.3632621,149.1652381,0.002,0.01,0.02,0.0,0.023762309923768044,0.023763617500662804,110,-0.0008126018801704049,-0.0002237721491837874,1.9201489686965942,12.587,0.0,62,LAND,False,STANDBY,10,6
2026-09-29T18:36:09.130787,-35.3632621,149.1652381,0.002,0.01,0.02,0.0,0.023698797449469566,0.02369963377714157,110,-0.0008075455552898347,-0.00022218118829187006,1.9201563596725464,12.587,0.0,62,LAND,False,STANDBY,10,6
2026-09-29T18:36:09.631267,-35.3632621,149.1652381,0.002,0.01,0.02,0.0,0.023686403408646584,0.02368743345141411,110,-0.0008096753153949976,-0.00022239571262616664,1.9201643466949463,12.587,0.0,62,LAND,False,STANDBY,10,6
2026-09-29T18:36:10.131828,-35.3632621,149.1652381,0.002,0.01,0.02,0.0,0.02363567426800728,0.023636529222130775,110,-0.0008027313160710037,-0.00021704599203076214,1.9201700687408447,12.587,0.0,62,LAND,False,STANDBY,10,6
2026-09-29T18:36:10.632147,-35.3632621,149.1652381,0.002,0.01,0.02,0.0,0.02367996610701084,0.02368069626390934,110,-0.0007989961304701865,-0.0002217893343186006,1.9201897382736206,12.587,0.0,62,LAND,False,STANDBY,10,6
2026-09-29T18:36:11.132759,-35.3632621,149.1652381,0.002,0.01,0.02,0.0,0.02381669171154499,0.02381722442805767,110,-0.0008010612218640745,-0.00021984812337905169,1.920201301574707,12.587,0.0,62,LAND,False,STANDBY,10,6
2026-09-29T18:36:11.633383,-35.3632621,149.1652381,0.002,0.01,0.02,0.0,0.023881949484348297,0.023882778361439705,110,-0.0007992247701622546,-0.00022166964481584728,1.9202148914337158,12.587,0.0,62,LAND,False,STANDBY,10,6
2026-09-29T18:36:12.133824,-35.3632621,149.1652381,0.002,0.01,0.02,0.0,0.023924991488456726,0.023926034569740295,110,-0.0007925393292680383,-0.0002211300889030099,1.920227289199829,12.587,0.0,62,LAND,False,STANDBY,10,6
2026-09-29T18:36:12.634947,-35.3632621,149.1652381,0.002,0.01,0.02,0.0,0.023824471980333328,0.02382613532245159,110,-0.0007961731171235442,-0.0002134952665073797,1.9202369451522827,12.587,0.0,62,LAND,False,STANDBY,10,6
2026-09-29T18:36:13.135831,-35.3632621,149.1652381,0.002,0.01,0.02,0.0,0.023749126121401787,0.023750489577651024,110,-0.000805421790573746,-0.0002148996718460694,1.9202386140823364,12.587,0.0,62,LAND,False,STANDBY,10,6
2026-09-29T18:36:13.636596,-35.3632621,149.1652381,0.002,0.01,0.02,0.0,0.02378470078110695,0.023785268887877464,110,-0.0008053071796894073,-0.00020899168157484382,1.9202443361282349,12.587,0.0,62,LAND,False,STANDBY,10,6
2026-09-29T18:36:14.137253,-35.3632621,149.1652381,0.002,0.01,0.02,0.0,0.023724274709820747,0.023724522441625595,110,-0.0007998098153620958,-0.00020455986668821424,1.9202555418014526,12.587,0.0,62,LAND,False,STANDBY,10,6
2026-09-29T18:36:14.637826,-35.3632621,149.1652381,0.002,0.01,0.02,0.0,0.023593056946992874,0.023593328893184662,110,-0.0007972855819389224,-0.00020971562480553985,1.9202661514282227,12.587,0.0,62,LAND,False,STANDBY,10,6
2026-09-29T18:36:15.138372,-35.3632621,149.1652381,0.002,0.01,0.02,0.0,0.02362867258489132,0.02362937480211258,110,-0.0007955369655974209,-0.0002121518919011578,1.9202769994735718,12.587,0.0,62,LAND,False,STANDBY,10,6
2026-09-29T18:36:15.638844,-35.3632621,149.1652381,0.002,0.0,0.02,0.0,0.02345334365963936,0.023454491049051285,110,-0.0007944427197799087,-0.00020517608209047467,1.920269250869751,12.587,0.0,62,LAND,False,STANDBY,10,6
2026-09-29T18:36:16.139150,-35.3632621,149.1652381,0.002,0.01,0.02,0.0,0.023479407653212547,0.023480864241719246,110,-0.0007937027257867157,-0.00020380262867547572,1.9202858209609985,12.587,0.0,62,LAND,False,STANDBY,10,6
2026-09-29T18:36:16.640225,-35.3632621,149.1652381,0.002,0.0,0.02,0.0,0.023429173976182938,0.023430751636624336,110,-0.0008005899144336581,-0.00020449924340937287,1.9202942848205566,12.587,0.0,62,LAND,False,STANDBY,10,6
2026-09-29T18:36:17.140932,-35.3632621,149.1652381,0.002,0.0,0.02,0.0,0.023403456434607506,0.023404182866215706,110,-0.0007992176106199622,-0.00020092292106710374,1.9203048944473267,12.587,0.0,62,LAND,False,STANDBY,10,6
2026-09-29T18:36:17.642076,-35.3632621,149.1652381,0.002,0.01,0.02,0.0,0.023657619953155518,0.02365770936012268,110,-0.0008090335759334266,-0.00020907413272652775,1.920311450958252,12.587,0.0,62,LAND,False,STANDBY,10,6
2026-09-29T18:36:18.142906,-35.3632621,149.1652381,0.002,0.01,0.02,0.0,0.023484334349632263,0.023484446108341217,110,-0.0007987414137460291,-0.00020649311773013324,1.9203248023986816,12.587,0.0,62,LAND,False,STANDBY,10,6
2026-09-29T18:36:18.644212,-35.3632621,149.1652381,0.002,0.01,0.02,0.0,0.023481955751776695,0.023482315242290497,110,-0.0007947791018523276,-0.00021677456970792264,1.920334815979004,12.587,0.0,62,LAND,False,STANDBY,10,6
2026-09-29T18:36:19.145025,-35.3632621,149.1652381,0.002,0.01,0.02,0.0,0.023611856624484062,0.023612946271896362,110,-0.000789869052823633,-0.00021145849314052612,1.9203484058380127,12.587,0.0,62,LAND,False,STANDBY,10,6
2026-09-29T18:36:19.645776,-35.3632621,149.1652381,0.002,0.01,0.02,0.0,0.02355235628783703,0.02355390228331089,110,-0.0007899847696535289,-0.0002095801173709333,1.920345664024353,12.587,0.0,62,LAND,False,STANDBY,10,6
2026-09-29T18:36:20.146314,-35.3632621,149.1652381,0.003,0.0,0.02,0.0,0.023532379418611526,0.02353416383266449,110,-0.0007824774365872145,-0.0002059788239421323,1.9203492403030396,12.587,0.0,62,LAND,False,STANDBY,10,6
2026-09-29T18:36:20.646891,-35.3632621,149.1652381,0.003,0.0,0.02,0.0,0.023477604612708092,0.023478560149669647,110,-0.0007842523627914488,-0.00020703005429822952,1.920358419418335,12.587,0.0,62,LAND,False,STANDBY,10,6
2026-09-29T18:36:21.147753,-35.3632621,149.1652381,0.003,0.0,0.02,0.0,0.02348317764699459,0.02348480001091957,110,-0.0007831973489373922,-0.00019932487339247018,1.9203675985336304,12.587,0.0,62,LAND,False,STANDBY,10,6
2026-09-29T18:36:21.648353,-35.3632621,149.1652381,0.003,0.0,0.02,0.0,0.02347658947110176,0.023477286100387573,110,-0.0007831368129700422,-0.0002020090469159186,1.9203630685806274,12.587,0.0,62,LAND,False,STANDBY,10,6
2026-09-29T18:36:22.149001,-35.3632621,149.1652381,0.003,0.01,0.02,0.0,0.02344970963895321,0.023450078442692757,110,-0.0007826804067008197,-0.00020687139476649463,1.9203699827194214,12.587,0.0,62,LAND,False,STANDBY,10,6
2026-09-29T18:36:22.649663,-35.3632621,149.1652381,0.003,0.01,0.02,0.0,0.02358493208885193,0.023584948852658272,110,-0.0007956081535667181,-0.00021944691252429038,1.9203777313232422,12.587,0.0,62,LAND,False,STANDBY,10,6
2026-09-29T18:36:23.149832,-35.3632621,149.1652381,0.003,0.01,0.02,0.0,0.02364429272711277,0.023644300177693367,110,-0.0007988368743099272,-0.00021153036504983902,1.9203777313232422,12.587,0.0,62,LAND,False,STANDBY,10,6
2026-09-29T18:36:23.650113,-35.3632621,149.1652381,0.003,0.0,0.02,0.0,0.02341553196310997,0.023415571078658104,110,-0.0007948343991301954,-0.00022255614749155939,1.9203828573226929,12.587,0.0,62,LAND,False,STANDBY,10,6
2026-09-29T18:36:24.150937,-35.3632621,149.1652381,0.003,0.01,0.02,0.0,0.023522233590483665,0.023522788658738136,110,-0.0007936407928355038,-0.00021990771347191185,1.9203895330429077,12.587,0.0,62,LAND,False,STANDBY,10,6
2026-09-29T18:36:24.652212,-35.3632621,149.1652381,0.003,0.01,0.02,0.0,0.023665044456720352,0.023665500804781914,110,-0.0008016353822313249,-0.00021685496903955936,1.9203885793685913,12.587,0.0,62,LAND,False,STANDBY,10,6
2026-09-29T18:36:25.152828,-35.3632621,149.1652381,0.003,0.01,0.02,0.0,0.023604076355695724,0.023604532703757286,110,-0.0007958450587466359,-0.0002164056641049683,1.9204005002975464,12.587,0.0,62,LAND,False,STANDBY,10,6
2026-09-29T18:36:25.653687,-35.3632621,149.1652381,0.002,0.01,0.02,0.0,0.023565072566270828,0.02356545813381672,110,-0.00079777289647609,-0.00021597160957753658,1.9204025268554688,12.587,0.0,62,LAND,False,STANDBY,10,6
2026-09-29T18:36:26.154855,-35.3632621,149.1652381,0.002,0.01,0.02,0.0,0.0236275065690279,0.023627575486898422,110,-0.0008020605309866369,-0.00021823393763042986,1.9204010963439941,12.587,0.0,62,LAND,False,STANDBY,10,6
2026-09-29T18:36:26.655162,-35.3632621,149.1652381,0.002,0.01,0.02,0.0,0.023692777380347252,0.023692965507507324,110,-0.0008078487007878721,-0.00022109979181550443,1.9204117059707642,12.587,0.0,62,LAND,False,STANDBY,10,6
2026-09-29T18:36:27.156669,-35.3632621,149.1652381,0.002,0.01,0.02,0.0,0.023808252066373825,0.023808447644114494,110,-0.0008069717441685498,-0.0002272063575219363,1.9204195737838745,12.587,0.0,62,LAND,False,STANDBY,10,6
2026-09-29T18:36:27.657486,-35.3632621,149.1652381,0.002,0.01,0.02,0.0,0.02371748723089695,0.02371794730424881,110,-0.0008046065922826529,-0.00022875402646604925,1.9204238653182983,12.587,0.0,62,LAND,False,STANDBY,10,6
2026-09-29T18:36:28.158017,-35.3632621,149.1652381,0.002,0.01,0.02,0.0,0.02400609850883484,0.024006392806768417,110,-0.0007964392425492406,-0.00023489832528866827,1.920424222946167,12.587,0.0,62,LAND,False,STANDBY,10,6
2026-09-29T18:36:28.658832,-35.3632621,149.1652381,0.002,0.01,0.02,0.0,0.023968379944562912,0.023968536406755447,110,-0.0007979665533639491,-0.00023545176372863352,1.9204317331314087,12.587,0.0,62,LAND,False,STANDBY,10,6
2026-09-29T18:36:29.159928,-35.3632621,149.1652381,0.002,0.01,0.02,0.0,0.02389506809413433,0.02389506995677948,110,-0.0007920477073639631,-0.00023735496506560594,1.9204435348510742,12.587,0.0,62,LAND,False,STANDBY,10,6
2026-09-29T18:36:29.660966,-35.3632621,149.1652381,0.002,0.0,0.02,0.0,0.023692728951573372,0.023692917078733444,110,-0.000787941855378449,-0.00024709285935387015,1.9204462766647339,12.587,0.0,62,LAND,False,STANDBY,10,6
2026-09-29T18:36:30.161998,-35.3632621,149.1652381,0.003,0.0,0.02,0.0,0.023737212643027306,0.023737402632832527,110,-0.0007887560641393065,-0.0002441819233354181,1.9204471111297607,12.587,0.0,62,LAND,False,STANDBY,10,6
2026-09-29T18:36:30.662949,-35.3632621,149.1652381,0.003,0.0,0.02,0.0,0.023784197866916656,0.023784197866916656,110,-0.0007829956593923271,-0.00024382999981753528,1.92043936252594,12.587,0.0,62,LAND,False,STANDBY,10,6
2026-09-29T18:36:31.163887,-35.3632621,149.1652381,0.003,0.0,0.02,0.0,0.023890843614935875,0.023890843614935875,110,-0.0007890272536315024,-0.00023743580095469952,1.9204449653625488,12.587,0.0,62,LAND,False,STANDBY,10,6
2026-09-29T18:36:31.664914,-35.3632621,149.1652381,0.002,0.0,0.02,0.0,0.023880451917648315,0.023880576714873314,110,-0.0007916133617982268,-0.0002381881495239213,1.9204460382461548,12.587,0.0,62,LAND,False,STANDBY,10,6
2026-09-29T18:36:32.165931,-35.3632621,149.1652381,0.003,0.0,0.02,0.0,0.023986533284187317,0.023986753076314926,110,-0.0007953217136673629,-0.00022956168686505407,1.920457124710083,12.587,0.0,62,LAND,False,STANDBY,10,6
2026-09-29T18:36:32.666229,-35.3632621,149.1652381,0.003,0.0,0.02,0.0,0.023988600820302963,0.023988617584109306,110,-0.0007974853506311774,-0.0002281229681102559,1.9204601049423218,12.587,0.0,62,LAND,False,STANDBY,10,6
2026-09-29T18:36:33.166829,-35.3632621,149.1652381,0.003,0.01,0.02,0.0,0.024064451456069946,0.024064479395747185,110,-0.000798482506070286,-0.00022986711701378226,1.9204634428024292,12.587,0.0,62,LAND,False,STANDBY,10,6
2026-09-29T18:36:33.667541,-35.3632621,149.1652381,0.003,0.0,0.02,0.0,0.023952964693307877,0.02395329810678959,110,-0.0008048041490837932,-0.00022650974278803915,1.9204654693603516,12.587,0.0,62,LAND,False,STANDBY,10,6
2026-09-29T18:36:34.168249,-35.3632621,149.1652381,0.003,0.0,0.02,0.0,0.02409021556377411,0.024090375751256943,110,-0.0008004196570254862,-0.00022706245363224298,1.9204760789871216,12.587,0.0,62,LAND,False,STANDBY,10,6
2026-09-29T18:36:34.669029,-35.3632621,149.1652381,0.003,0.01,0.02,0.0,0.023975195363163948,0.02397536300122738,110,-0.00079411017941311,-0.00022576404444407672,1.9204813241958618,12.587,0.0,62,LAND,False,STANDBY,10,6
2026-09-29T18:36:35.169321,-35.3632621,149.1652381,0.003,0.01,0.02,0.0,0.023921048268675804,0.02392144501209259,110,-0.000791686587035656,-0.0002235495048807934,1.9204888343811035,12.587,0.0,62,LAND,False,STANDBY,10,6
2026-09-29T18:36:35.670010,-35.3632621,149.1652381,0.003,0.01,0.02,0.0,0.02375149540603161,0.02375239133834839,110,-0.0007927872356958687,-0.00021436443785205483,1.9204943180084229,12.587,0.0,62,LAND,False,STANDBY,10,6
2026-09-29T18:36:36.170545,-35.3632621,149.1652381,0.003,0.01,0.02,0.0,0.02386687695980072,0.02386738546192646,110,-0.0007905982783995569,-0.0002150520886061713,1.9204877614974976,12.587,0.0,62,LAND,False,STANDBY,10,6
2026-09-29T18:36:36.670901,-35.3632621,149.1652381,0.003,0.01,0.02,0.0,0.02376827597618103,0.023770257830619812,110,-0.0007860381156206131,-0.00020354190201032907,1.920484185218811,12.587,0.0,62,LAND,False,STANDBY,10,6
2026-09-29T18:36:37.171157,-35.3632621,149.1652381,0.003,0.0,0.02,0.0,0.023687342181801796,0.02368900366127491,110,-0.0007912867004051805,-0.0001942097587743774,1.9204822778701782,12.587,0.0,62,LAND,False,STANDBY,10,6
2026-09-29T18:36:37.671822,-35.3632621,149.1652381,0.003,0.01,0.02,0.0,0.023392917588353157,0.023394504562020302,110,-0.0007968281279318035,-0.00019182771211490035,1.92049241065979,12.587,0.0,62,LAND,False,STANDBY,10,6
2026-09-29T18:36:38.172206,-35.3632621,149.1652381,0.003,0.01,0.02,0.0,0.023447180166840553,0.02344835177063942,110,-0.0008008566801436245,-0.0001841289340518415,1.9204987287521362,12.587,0.0,62,LAND,False,STANDBY,10,6
2026-09-29T18:36:38.672823,-35.3632621,149.1652381,0.003,0.01,0.02,0.0,0.023609114810824394,0.02361115626990795,110,-0.0007988206343725324,-0.00018250687571708113,1.920497179031372,12.587,0.0,62,LAND,False,STANDBY,10,6
2026-09-29T18:36:39.173615,-35.3632621,149.1652381,0.003,0.01,0.02,0.0,0.023186154663562775,0.023187069222331047,110,-0.0007983578834682703,-0.00017694492998998612,1.9205076694488525,12.587,0.0,62,LAND,False,STANDBY,10,6
2026-09-29T18:36:39.674410,-35.3632621,149.1652381,0.003,0.01,0.02,0.0,0.02323584258556366,0.023235958069562912,110,-0.0008111359784379601,-0.00018046499462798238,1.920511245727539,12.587,0.0,62,LAND,False,STANDBY,10,6
2026-09-29T18:36:40.174950,-35.3632621,149.1652381,0.003,0.01,0.02,0.0,0.023428471758961678,0.02342863753437996,110,-0.00080218625953421,-0.00017910837777890265,1.9205199480056763,12.587,0.0,62,LAND,False,STANDBY,10,6
2026-09-29T18:36:40.675818,-35.3632621,149.1652381,0.003,0.01,0.02,0.0,0.023391569033265114,0.023391667753458023,110,-0.0007982492679730058,-0.00018002167053055018,1.9205219745635986,12.587,0.0,62,LAND,False,STANDBY,10,6
2026-09-29T18:36:41.176753,-35.3632621,149.1652381,0.003,0.01,0.02,0.0,0.023296454921364784,0.023296572268009186,110,-0.0007945009274408221,-0.00017946879961527884,1.9205282926559448,12.587,0.0,62,LAND,False,STANDBY,10,6
2026-09-29T18:36:41.677625,-35.3632621,149.1652381,0.003,0.01,0.02,0.0,0.023316465318202972,0.023316718637943268,110,-0.0007899616612121463,-0.00018630917475093156,1.920535922050476,12.587,0.0,62,LAND,False,STANDBY,10,6
2026-09-29T18:36:42.178223,-35.3632621,149.1652381,0.003,0.01,0.02,0.0,0.023356502875685692,0.023356912657618523,110,-0.0007879698532633483,-0.0001877725444501266,1.9205402135849,12.587,0.0,62,LAND,False,STANDBY,10,6
2026-09-29T18:36:42.679275,-35.3632621,149.1652381,0.003,0.01,0.02,0.0,0.02344297617673874,0.023443184792995453,110,-0.0007964772521518171,-0.0001958028442459181,1.9205318689346313,12.587,0.0,62,LAND,False,STANDBY,10,6
2026-09-29T18:36:43.179834,-35.3632621,149.1652381,0.003,0.01,0.02,0.0,0.023714888840913773,0.023715216666460037,110,-0.0008022593101486564,-0.00019756487745326012,1.9205336570739746,12.587,0.0,62,LAND,False,STANDBY,10,6
2026-09-29T18:36:43.680262,-35.3632621,149.1652381,0.003,0.01,0.02,0.0,0.02386123687028885,0.02386154979467392,110,-0.0008089513285085559,-0.0001996358041651547,1.9205355644226074,12.587,0.0,62,LAND,False,STANDBY,10,6
2026-09-29T18:36:44.180921,-35.3632621,149.1652381,0.003,0.01,0.02,0.0,0.023706771433353424,0.023707246407866478,110,-0.0008030769531615078,-0.00019919245096389204,1.9205338954925537,12.587,0.0,62,LAND,False,STANDBY,10,6
2026-09-29T18:36:44.681528,-35.3632621,149.1652381,0.003,0.01,0.02,0.0,0.023544933646917343,0.02354542911052704,110,-0.0008003847906365991,-0.0002059382532024756,1.920540690422058,12.587,0.0,62,LAND,False,STANDBY,10,6
2026-09-29T18:36:45.181878,-35.3632621,149.1652381,0.003,0.01,0.02,0.0,0.02357621118426323,0.0235764030367136,110,-0.0007946848054416478,-0.0002017737424466759,1.920538306236267,12.587,0.0,62,LAND,False,STANDBY,10,6
2026-09-29T18:36:45.682272,-35.3632621,149.1652381,0.003,0.01,0.02,0.0,0.023565959185361862,0.023566383868455887,110,-0.0007998062064871192,-0.0002027954178629443,1.9205442667007446,12.587,0.0,62,LAND,False,STANDBY,10,6
2026-09-29T18:36:46.182864,-35.3632621,149.1652381,0.003,0.01,0.02,0.0,0.02353571355342865,0.02353617548942566,110,-0.0007965621189214289,-0.00019836955470964313,1.9205365180969238,12.587,0.0,62,LAND,False,STANDBY,10,6
2026-09-29T18:36:46.683887,-35.3632621,149.1652381,0.003,0.01,0.02,0.0,0.023571249097585678,0.0235714353621006,110,-0.0007977443165145814,-0.0002062014100374654,1.9205259084701538,12.587,0.0,62,LAND,False,STANDBY,10,6
2026-09-29T18:36:47.184452,-35.3632621,149.1652381,0.003,0.01,0.02,0.0,0.02370840311050415,0.023708412423729897,110,-0.0007826784858480096,-0.0002078615070786327,1.9205363988876343,12.587,0.0,62,LAND,False,STANDBY,10,6
2026-09-29T18:36:47.684833,-35.3632621,149.1652381,0.003,0.01,0.02,0.0,0.023744096979498863,0.023744121193885803,110,-0.0007831300608813763,-0.0002112810470862314,1.9205454587936401,12.587,0.0,62,LAND,False,STANDBY,10,6
2026-09-29T18:36:48.185427,-35.3632621,149.1652381,0.003,0.01,0.02,0.0,0.023736068978905678,0.023736443370580673,110,-0.0007808529189787805,-0.00021381585975177586,1.920548677444458,12.587,0.0,62,LAND,False,STANDBY,10,6
2026-09-29T18:36:48.685916,-35.3632621,149.1652381,0.003,0.01,0.02,0.0,0.023801419883966446,0.02380201779305935,110,-0.0007865354418754578,-0.00021500948059838265,1.9205541610717773,12.587,0.0,62,LAND,False,STANDBY,10,6
2026-09-29T18:36:49.186650,-35.3632621,149.1652381,0.003,0.01,0.02,0.0,0.02384941838681698,0.023850347846746445,110,-0.0007799394079484046,-0.0002131358050974086,1.9205621480941772,12.587,0.0,62,LAND,False,STANDBY,10,6
2026-09-29T18:36:49.687165,-35.3632621,149.1652381,0.002,0.0,0.02,0.0,0.023760691285133362,0.023761024698615074,110,-0.0007813057745806873,-0.00021321933309081942,1.9205682277679443,12.587,0.0,62,LAND,False,STANDBY,10,6
2026-09-29T18:36:50.187826,-35.3632621,149.1652381,0.002,0.01,0.02,0.0,0.023784903809428215,0.02378513105213642,110,-0.0007838695892132819,-0.00020920798124279827,1.920568585395813,12.587,0.0,62,LAND,False,STANDBY,10,6
2026-09-29T18:36:50.688595,-35.3632621,149.1652381,0.002,0.0,0.02,0.0,0.023518061265349388,0.023518307134509087,110,-0.0007840740727260709,-0.0002150077634723857,1.9205762147903442,12.587,0.0,62,LAND,False,STANDBY,10,6
2026-09-29T18:36:51.188950,-35.3632621,149.1652381,0.002,0.0,0.02,0.0,0.023441502824425697,0.02344221994280815,110,-0.0007765875780023634,-0.00021068539354018867,1.920574426651001,12.587,0.0,62,LAND,False,STANDBY,10,6
2026-09-29T18:36:51.689785,-35.3632621,149.1652381,0.002,0.0,0.02,0.0,0.02335074171423912,0.023352688178420067,110,-0.00078407401451841,-0.00020798768673557788,1.9205608367919922,12.587,0.0,62,LAND,False,STANDBY,10,6
2026-09-29T18:36:52.190509,-35.3632621,149.1652381,0.002,0.01,0.02,0.0,0.02340831235051155,0.02341051772236824,110,-0.0007847783272154629,-0.00020133110228925943,1.920568823814392,12.587,0.0,62,LAND,False,STANDBY,10,6
2026-09-29T18:36:52.691055,-35.3632621,149.1652381,0.002,0.0,0.02,0.0,0.02340330183506012,0.02340755984187126,110,-0.0007841676124371588,-0.0002053703210549429,1.920569896697998,12.587,0.0,62,LAND,False,STANDBY,10,6
2026-09-29T18:36:53.191807,-35.3632621,149.1652381,0.002,0.01,0.02,0.0,0.02354932762682438,0.02355148084461689,110,-0.0007798983133397996,-0.0002143375895684585,1.9205749034881592,12.587,0.0,62,LAND,False,STANDBY,10,6
2026-09-29T18:36:53.692600,-35.3632621,149.1652381,0.002,0.0,0.02,0.0,0.02345532551407814,0.023455996066331863,110,-0.0007782249595038593,-0.00022473122226074338,1.9205833673477173,12.587,0.0,62,LAND,False,STANDBY,10,6
2026-09-29T18:36:54.193368,-35.3632621,149.1652381,0.002,0.0,0.02,0.0,0.023520423099398613,0.023520605638623238,110,-0.0007797757280059159,-0.00022926590463612229,1.920581579208374,12.587,0.0,62,LAND,False,STANDBY,10,6
2026-09-29T18:36:54.693824,-35.3632621,149.1652381,0.002,0.0,0.02,0.0,0.02370443567633629,0.023704729974269867,110,-0.0007864185608923435,-0.00022703544527757913,1.9205797910690308,12.587,0.0,62,LAND,False,STANDBY,10,6
2026-09-29T18:36:55.194790,-35.3632621,149.1652381,0.002,0.0,0.02,0.0,0.023699413985013962,0.023699576035141945,110,-0.0007859200704842806,-0.00022508096299134195,1.9205917119979858,12.587,0.0,62,LAND,False,STANDBY,10,6
2026-09-29T18:36:55.695822,-35.3632621,149.1652381,0.002,0.0,0.02,0.0,0.02379891462624073,0.023799054324626923,110,-0.0007912841392681003,-0.00021539612498600036,1.920594334602356,12.587,0.0,62,LAND,False,STANDBY,10,6
2026-09-29T18:36:56.196374,-35.3632621,149.1652381,0.002,0.01,0.02,0.0,0.02399376966059208,0.023993780836462975,110,-0.000793942017480731,-0.00021728874708060175,1.9206037521362305,12.587,0.0,62,LAND,False,STANDBY,10,6
2026-09-29T18:36:56.696827,-35.3632621,149.1652381,0.002,0.0,0.02,0.0,0.023699842393398285,0.023699872195720673,110,-0.0007923006196506321,-0.0002133050438715145,1.9206019639968872,12.587,0.0,62,LAND,False,STANDBY,10,6
2026-09-29T18:36:57.197701,-35.3632621,149.1652381,0.002,0.01,0.02,0.0,0.02378486655652523,0.02378486655652523,110,-0.0007987292483448982,-0.00022250959591474384,1.9205962419509888,12.587,0.0,62,LAND,False,STANDBY,10,6
2026-09-29T18:36:57.698617,-35.3632621,149.1652381,0.002,0.01,0.02,0.0,0.023750293999910355,0.023750344291329384,110,-0.0007895988528616726,-0.0002192934334743768,1.9205931425094604,12.587,0.0,62,LAND,False,STANDBY,10,6
2026-09-29T18:36:58.198887,-35.3632621,149.1652381,0.002,0.01,0.02,0.0,0.02403409406542778,0.02403412014245987,110,-0.0008059410029090941,-0.00022806278138887137,1.9205889701843262,12.587,0.0,62,LAND,False,STANDBY,10,6
2026-09-29T18:36:58.701635,-35.3632621,149.1652381,0.002,0.01,0.02,0.0,0.023862676694989204,0.02386278286576271,110,-0.0008040013490244746,-0.00022249917674344033,1.920591115951538,12.587,0.0,62,LAND,False,STANDBY,10,6
2026-09-29T18:36:59.204196,-35.3632621,149.1652381,0.002,0.01,0.02,0.0,0.02427666448056698,0.024276768788695335,110,-0.0008206930360756814,-0.00022387440549209714,1.9205937385559082,12.587,0.0,62,LAND,False,STANDBY,10,6
2026-09-29T18:36:59.707303,-35.3632621,149.1652381,0.002,0.01,0.02,0.0,0.02385038137435913,0.023850396275520325,110,-0.0008190420921891928,-0.00022331465152092278,1.9205958843231201,12.587,0.0,62,LAND,False,STANDBY,10,6
2026-09-29T18:37:00.212395,-35.3632621,149.1652381,0.002,0.01,0.02,0.0,0.02418147586286068,0.024181537330150604,110,-0.0008232601685449481,-0.000232302350923419,1.920599102973938,12.587,0.0,62,LAND,False,STANDBY,10,6
2026-09-29T18:37:00.714062,-35.3632621,149.1652381,0.002,0.01,0.02,0.0,0.024004125967621803,0.02400418557226658,110,-0.0008112405193969607,-0.00023116722877603024,1.9206035137176514,12.587,0.0,62,LAND,False,STANDBY,10,6
2026-09-29T18:37:01.215165,-35.3632621,149.1652381,0.002,0.01,0.02,0.0,0.024333663284778595,0.0243337731808424,110,-0.0008145226747728884,-0.00023413338931277394,1.9205982685089111,12.587,0.0,62,LAND,False,STANDBY,10,6
2026-09-29T18:37:01.718144,-35.3632621,149.1652381,0.002,0.01,0.02,0.0,0.02407410368323326,0.024074112996459007,110,-0.0008106044260784984,-0.00023492299078498036,1.9205931425094604,12.587,0.0,62,LAND,False,STANDBY,10,6
2026-09-29T18:37:02.218920,-35.3632621,149.1652381,0.002,0.01,0.02,0.0,0.02437523379921913,0.024375272914767265,110,-0.0008195371483452618,-0.00024133804254233837,1.9206067323684692,12.587,0.0,62,LAND,False,STANDBY,10,6
2026-09-29T18:37:02.719377,-35.3632621,149.1652381,0.002,0.01,0.02,0.0,0.024125710129737854,0.0241257157176733,110,-0.0008111416827887297,-0.00023552152561023831,1.9206104278564453,12.587,0.0,62,LAND,False,STANDBY,10,6
2026-09-29T18:37:03.219834,-35.3632621,149.1652381,0.002,0.01,0.02,0.0,0.024355243891477585,0.024355389177799225,110,-0.0008102658903226256,-0.00022727738542016596,1.9206124544143677,12.587,0.0,62,LAND,False,STANDBY,10,6
2026-09-29T18:37:03.720222,-35.3632621,149.1652381,0.002,0.01,0.02,0.0,0.02400888502597809,0.02400919608771801,110,-0.000790232967119664,-0.00020639077411033213,1.9206281900405884,12.587,0.0,62,LAND,False,STANDBY,10,6
2026-09-29T18:37:04.220848,-35.3632621,149.1652381,0.002,0.01,0.02,0.0,0.024089381098747253,0.024089880287647247,110,-0.0007721842266619205,-0.00018910208018496633,1.9206448793411255,12.587,0.0,62,LAND,False,STANDBY,10,6
2026-09-29T18:37:04.721695,-35.3632621,149.1652381,0.002,0.01,0.02,0.0,0.02344048023223877,0.023441577330231667,110,-0.0007333654211834073,-0.0001501852530054748,1.9206812381744385,12.587,0.0,62,LAND,False,STANDBY,10,6
2026-09-29T18:37:05.222241,-35.3632621,149.1652381,0.002,0.0,0.02,0.0,0.02302856184542179,0.023029573261737823,110,-0.0006963963969610631,-0.00011986750178039074,1.920727014541626,12.587,0.0,62,LAND,False,STANDBY,10,6
2026-09-29T18:37:05.723550,-35.3632621,149.1652381,0.002,0.0,0.02,0.0,0.02217983268201351,0.022180235013365746,110,-0.0006574171129614115,-7.795597048243508e-05,1.9207807779312134,12.587,0.0,62,LAND,False,STANDBY,10,6
2026-09-29T18:37:06.225962,-35.3632621,149.1652381,0.002,0.0,0.01,0.0,0.021712476387619972,0.02171255834400654,110,-0.0006168351974338293,-3.9624053897568956e-05,1.9208303689956665,12.587,0.0,62,LAND,False,STANDBY,10,6
2026-09-29T18:37:06.726677,-35.3632621,149.1652381,0.002,0.0,0.01,0.0,0.02061362750828266,0.020613713189959526,110,-0.0005597469280473888,1.6327529010595754e-05,1.9209011793136597,12.587,0.0,62,LAND,False,STANDBY,10,6
2026-09-29T18:37:07.227251,-35.3632621,149.1652381,0.002,0.0,0.01,0.0,0.01993515156209469,0.01993516832590103,110,-0.0005088349571451545,5.848569344379939e-05,1.920975923538208,12.587,0.0,62,LAND,False,STANDBY,10,6
2026-09-29T18:37:07.730347,-35.3632621,149.1652381,0.002,0.0,0.01,0.0,0.01859426498413086,0.01859426684677601,110,-0.0004495664616115391,0.0001058463822118938,1.9210597276687622,12.587,0.0,62,LAND,False,STANDBY,10,6
2026-09-29T18:37:08.230826,-35.3632621,149.1652381,0.002,0.0,0.01,0.0,0.017828820273280144,0.017828917130827904,110,-0.00040532893035560846,0.00016071477148216218,1.9211481809616089,12.587,0.0,62,LAND,False,STANDBY,10,6
2026-09-29T18:37:08.731324,-35.3632621,149.1652381,0.003,0.0,0.01,0.0,0.016355080530047417,0.016355374827980995,110,-0.000345617881976068,0.00021390717301983386,1.921248197555542,12.587,0.0,62,LAND,False,STANDBY,10,6
2026-09-29T18:37:09.231823,-35.3632621,149.1652381,0.003,0.0,0.01,0.0,0.015352880582213402,0.015353568829596043,110,-0.000292736483970657,0.0002590498188510537,1.921357274055481,12.587,0.0,62,LAND,False,STANDBY,10,6
2026-09-29T18:37:09.734243,-35.3632621,149.1652381,0.003,0.0,0.01,0.0,0.013980576768517494,0.013982119970023632,110,-0.0002354799216846004,0.00031640654196962714,1.921471357345581,12.587,0.0,62,LAND,False,STANDBY,10,6
2026-09-29T18:37:10.238033,-35.3632621,149.1652381,0.003,0.0,0.01,0.0,0.012938765808939934,0.012939920648932457,110,-0.00018212410213891417,0.00036175691639073193,1.9215960502624512,12.587,0.0,62,LAND,False,STANDBY,10,6
2026-09-29T18:37:10.738617,-35.3632621,149.1652381,0.003,0.0,0.01,0.0,0.011575174517929554,0.01157690305262804,110,-0.0001317123678745702,0.00041782649350352585,1.9217140674591064,12.587,0.0,62,LAND,False,STANDBY,10,6
2026-09-29T18:37:11.239071,-35.3632621,149.1652381,0.003,0.0,0.0,0.0,0.010534479282796383,0.010535422712564468,110,-8.759296906646341e-05,0.00046106037916615605,1.9218504428863525,12.587,0.0,62,LAND,False,STANDBY,10,6
2026-09-29T18:37:11.739794,-35.3632621,149.1652381,0.003,0.0,0.0,0.0,0.009299371391534805,0.009299504570662975,110,-4.036937389173545e-05,0.0005131933139637113,1.9219919443130493,12.587,0.0,62,LAND,False,STANDBY,10,6
2026-09-29T18:37:12.240526,-35.3632621,149.1652381,0.003,0.0,0.0,0.0,0.008314658887684345,0.00831557996571064,110,1.2390431948006153e-05,0.0005601452430710196,1.922131896018982,12.587,0.0,62,LAND,False,STANDBY,10,6
2026-09-29T18:37:12.741158,-35.3632621,149.1652381,0.003,0.0,0.0,0.0,0.0071462285704910755,0.007147404830902815,110,5.807467459817417e-05,0.0006135900621302426,1.9222878217697144,12.587,0.0,62,LAND,False,STANDBY,10,6
2026-09-29T18:37:13.241881,-35.3632621,149.1652381,0.003,0.0,0.0,0.0,0.006131254136562347,0.006131283938884735,110,9.860772115644068e-05,0.0006557853776030242,1.9224414825439453,12.587,0.0,62,LAND,False,STANDBY,10,6
2026-09-29T18:37:13.742721,-35.3632621,149.1652381,0.003,0.0,0.0,0.0,0.005112359765917063,0.005112494807690382,110,0.0001340568851446733,0.000697583076544106,1.9226150512695312,12.587,0.0,62,LAND,False,STANDBY,10,6
2026-09-29T18:37:14.243413,-35.3632621,149.1652381,0.003,0.0,0.0,0.0,0.004209875129163265,0.004210007842630148,110,0.00017218853463418782,0.0007433832506649196,1.9227899312973022,12.587,0.0,62,LAND,False,STANDBY,10,6
2026-09-29T18:37:14.743826,-35.3632621,149.1652381,0.003,0.0,0.0,0.0,0.0032416624017059803,0.0032418749760836363,110,0.00021528115030378103,0.0007884473307058215,1.9229661226272583,12.587,0.0,62,LAND,False,STANDBY,10,6
2026-09-29T18:37:15.244206,-35.3632621,149.1652381,0.003,0.0,0.0,0.0,0.0024151320103555918,0.0024158779997378588,110,0.000256065686699003,0.0008353703888133168,1.9231549501419067,12.587,0.0,62,LAND,False,STANDBY,10,6
2026-09-29T18:37:15.744815,-35.3632621,149.1652381,0.003,0.0,0.0,0.0,0.001447001937776804,0.0014498039381578565,110,0.0002928558096755296,0.0008759916527196765,1.9233529567718506,12.587,0.0,62,LAND,False,STANDBY,10,6
2026-09-29T18:37:16.245508,-35.3632621,149.1652381,0.003,0.0,0.0,0.0,0.0004950277507305145,0.0004957533092238009,110,0.00032961572287604213,0.0009150857222266495,1.9235461950302124,12.587,0.0,62,LAND,False,STANDBY,10,6
2026-09-29T18:37:16.745825,-35.3632621,149.1652381,0.003,0.0,0.0,0.0,0.0002364887041039765,0.00025075182202272117,110,0.0003613860171753913,0.0009498728904873133,1.9237475395202637,12.587,0.0,62,LAND,False,STANDBY,10,6
2026-09-29T18:37:17.247486,-35.3632621,149.1652381,0.003,0.0,0.0,0.0,0.0010202510748058558,0.001026610261760652,110,0.00040262279799208045,0.000989294145256281,1.9239469766616821,12.587,0.0,62,LAND,False,STANDBY,10,6
2026-09-29T18:37:17.748261,-35.3632621,149.1652381,0.003,0.0,0.0,0.0,0.001874732319265604,0.0018780133686959743,110,0.0004350402159616351,0.0010299638379365206,1.9241490364074707,12.587,0.0,62,LAND,False,STANDBY,10,6
2026-09-29T18:37:18.248913,-35.3632621,149.165238,0.003,0.0,0.0,0.0,0.0027871630154550076,0.002790381433442235,110,0.00047254361561499536,0.0010631113545969129,1.9243602752685547,12.587,0.0,62,LAND,False,STANDBY,10,6
2026-09-29T18:37:18.749752,-35.3632621,149.165238,0.003,0.0,0.0,0.0,0.0035903777461498976,0.0035931619349867105,110,0.0005014952039346099,0.0010986508568748832,1.9245765209197998,12.587,0.0,62,LAND,False,STANDBY,10,6
2026-09-29T18:37:19.250891,-35.3632621,149.165238,0.003,0.0,0.0,0.0,0.00426325760781765,0.004264403600245714,110,0.0005325615638867021,0.0011300959158688784,1.9248020648956299,12.587,0.0,62,LAND,False,STANDBY,10,6
2026-09-29T18:37:19.751304,-35.3632621,149.165238,0.003,0.0,0.0,0.0,0.004884845577180386,0.0048861391842365265,110,0.0005622147582471371,0.0011496244696900249,1.9250333309173584,12.587,0.0,62,LAND,False,STANDBY,10,6
2026-09-29T18:37:20.251829,-35.3632621,149.165238,0.003,0.0,0.0,0.0,0.005503103602677584,0.005503962282091379,110,0.000591745600104332,0.0011733545688912272,1.9252697229385376,12.587,0.0,62,LAND,False,STANDBY,10,6
2026-09-29T18:37:20.752549,-35.3632621,149.165238,0.003,0.0,0.0,0.0,0.006005269009619951,0.006005513947457075,110,0.0006150029366835952,0.0011958014219999313,1.9255051612854004,12.587,0.0,62,LAND,False,STANDBY,10,6
2026-09-29T18:37:21.252829,-35.3632621,149.165238,0.003,0.0,0.0,0.0,0.0065725864842534065,0.006574125029146671,110,0.0006401101127266884,0.0012262953678146005,1.9257453680038452,12.587,0.0,62,LAND,False,STANDBY,10,6
2026-09-29T18:37:21.753476,-35.3632621,149.165238,0.003,0.0,0.0,0.0,0.0070661683566868305,0.007067419122904539,110,0.0006682499661110342,0.001255290349945426,1.925993800163269,12.587,0.0,62,LAND,False,STANDBY,10,6
2026-09-29T18:37:22.253966,-35.3632621,149.165238,0.003,0.0,0.0,0.0,0.0076957810670137405,0.007697593420743942,110,0.0006933324621059,0.0012871092185378075,1.9262388944625854,12.587,0.0,62,LAND,False,STANDBY,10,6
2026-09-29T18:37:22.754266,-35.3632621,149.165238,0.003,0.0,0.0,0.0,0.008208614774048328,0.00820973515510559,110,0.0007200506515800953,0.0013031444977968931,1.926485300064087,12.587,0.0,62,LAND,False,STANDBY,10,6
2026-09-29T18:37:23.254888,-35.3632621,149.165238,0.003,0.0,0.0,0.0,0.008842241950333118,0.008842708542943,110,0.0007401565671898425,0.0013289902126416564,1.926745057106018,12.587,0.0,62,LAND,False,STANDBY,10,6
2026-09-29T18:37:23.755873,-35.3632621,149.165238,0.003,0.0,0.0,0.0,0.009190244600176811,0.009190782904624939,110,0.0007627803133800626,0.0013379791053012013,1.9269945621490479,12.587,0.0,62,LAND,False,STANDBY,10,6
2026-09-29T18:37:24.256516,-35.3632621,149.165238,0.003,0.0,0.0,0.0,0.009715843014419079,0.009716399945318699,110,0.0007802639156579971,0.001362726092338562,1.9272536039352417,12.587,0.0,62,LAND,False,STANDBY,10,6
2026-09-29T18:37:24.756875,-35.3632621,149.165238,0.003,0.0,0.0,0.0,0.009983634576201439,0.009985753335058689,110,0.0007988535217009485,0.0013817299623042345,1.9275243282318115,12.587,0.0,62,LAND,False,STANDBY,10,6
2026-09-29T18:37:25.257320,-35.3632621,149.165238,0.003,0.0,0.0,0.0,0.010409212671220303,0.010410891845822334,110,0.0008098187972791493,0.001406716532073915,1.9277911186218262,12.587,0.0,62,LAND,False,STANDBY,10,6
2026-09-29T18:37:25.757885,-35.3632621,149.165238,0.003,0.0,0.0,0.0,0.010806248523294926,0.010810226202011108,110,0.000828251417260617,0.0014171928633004427,1.928063154220581,12.587,0.0,62,LAND,False,STANDBY,10,6
2026-09-29T18:37:26.258220,-35.3632621,149.165238,0.003,0.0,-0.01,0.0,0.011254312470555305,0.01125616580247879,110,0.0008439360535703599,0.0014393171295523643,1.9283338785171509,12.587,0.0,62,LAND,False,STANDBY,10,6
2026-09-29T18:37:26.759994,-35.3632621,149.165238,0.003,0.0,-0.01,0.0,0.011483320035040379,0.011484642513096333,110,0.0008656759164296091,0.0014556089881807566,1.9286092519760132,12.587,0.0,62,LAND,False,STANDBY,10,6
2026-09-29T18:37:27.260504,-35.3632621,149.165238,0.003,0.0,-0.01,0.0,0.011882263235747814,0.011883443221449852,110,0.0008928049355745316,0.0014762913342565298,1.9288829565048218,12.587,0.0,62,LAND,False,STANDBY,10,6
2026-09-29T18:37:27.760942,-35.3632621,149.165238,0.003,0.0,-0.01,0.0,0.012165580876171589,0.01216571219265461,110,0.0009204743546433747,0.0014906817814335227,1.9291610717773438,12.587,0.0,62,LAND,False,STANDBY,10,6
2026-09-29T18:37:28.261458,-35.3632621,149.165238,0.003,0.0,-0.01,0.0,0.012925812043249607,0.01292614359408617,110,0.0009414603118784726,0.0015074594411998987,1.9294328689575195,12.587,0.0,62,LAND,False,STANDBY,10,6
2026-09-29T18:37:28.762049,-35.3632621,149.165238,0.003,0.0,-0.01,0.0,0.013223884627223015,0.013224185444414616,110,0.0009607546962797642,0.0015277705388143659,1.9297066926956177,12.587,0.0,62,LAND,False,STANDBY,10,6
2026-09-29T18:37:29.262336,-35.3632621,149.1652379,0.003,0.0,-0.01,0.0,0.01386853028088808,0.013868561014533043,110,0.0009811761556193233,0.0015466880286112428,1.9299829006195068,12.587,0.0,62,LAND,False,STANDBY,10,6
2026-09-29T18:37:29.763173,-35.3632621,149.1652379,0.003,0.0,-0.01,0.0,0.014166693203151226,0.014166696928441525,110,0.0009978516027331352,0.0015593052376061678,1.9302623271942139,12.587,0.0,62,LAND,False,STANDBY,10,6
2026-09-29T18:37:30.264073,-35.3632621,149.1652379,0.003,0.0,-0.01,0.0,0.014638175256550312,0.01463831216096878,110,0.001010660664178431,0.0015766947763040662,1.9305479526519775,12.587,0.0,62,LAND,False,STANDBY,10,6
2026-09-29T18:37:30.764907,-35.3632621,149.1652379,0.003,0.0,-0.01,0.0,0.014701287262141705,0.014702378772199154,110,0.0010235870722681284,0.0015794859500601888,1.930838704109192,12.587,0.0,62,LAND,False,STANDBY,10,6
2026-09-29T18:37:31.265723,-35.3632621,149.1652379,0.003,0.0,-0.01,0.0,0.01502089761197567,0.015021823346614838,110,0.001046987366862595,0.0015926730120554566,1.931121587753296,12.587,0.0,62,LAND,False,STANDBY,10,6
2026-09-29T18:37:31.766300,-35.3632621,149.1652379,0.003,0.0,-0.01,0.0,0.015176861546933651,0.015178248286247253,110,0.0010572010651230812,0.0016028042882680893,1.9314112663269043,12.587,0.0,62,LAND,False,STANDBY,10,6
2026-09-29T18:37:32.266999,-35.3632621,149.1652379,0.003,0.0,-0.01,0.0,0.01572955772280693,0.01573159545660019,110,0.0010703260777518153,0.0016232422785833478,1.9317035675048828,12.587,0.0,62,LAND,False,STANDBY,10,6
2026-09-29T18:37:32.767375,-35.3632621,149.1652379,0.003,0.0,-0.01,0.0,0.015819333493709564,0.015820404514670372,110,0.001082026050426066,0.0016411242540925741,1.932000756263733,12.587,0.0,62,LAND,False,STANDBY,10,6
2026-09-29T18:37:33.267824,-35.3632621,149.1652379,0.003,0.0,-0.01,0.0,0.016331151127815247,0.01633135788142681,110,0.0010934717720374465,0.001655832165852189,1.9322845935821533,12.587,0.0,62,LAND,False,STANDBY,10,6
2026-09-29T18:37:33.769941,-35.3632621,149.1652379,0.003,0.0,-0.01,0.0,0.016422003507614136,0.016422096639871597,110,0.0010979828657582402,0.0016655890503898263,1.9325674772262573,12.587,0.0,62,LAND,False,STANDBY,10,6
2026-09-29T18:37:34.271688,-35.3632621,149.1652379,0.003,0.0,-0.01,0.0,0.016932424157857895,0.0169325340539217,110,0.0011025337735190988,0.0016685910522937775,1.9328652620315552,12.587,0.0,62,LAND,False,STANDBY,10,6
2026-09-29T18:37:34.773257,-35.3632621,149.1652379,0.003,0.0,-0.01,0.0,0.017002757638692856,0.017002981156110764,110,0.0011070097098127007,0.0016779188299551606,1.9331566095352173,12.587,0.0,62,LAND,False,STANDBY,10,6
2026-09-29T18:37:35.273830,-35.3632621,149.1652379,0.003,0.0,-0.01,0.0,0.017377732321619987,0.017377926036715508,110,0.001116573577746749,0.0016991699812933803,1.9334450960159302,12.587,0.0,62,LAND,False,STANDBY,10,6
2026-09-29T18:37:35.774168,-35.3632621,149.1652379,0.003,0.0,-0.01,0.0,0.017285054549574852,0.01728581078350544,110,0.0011125103337690234,0.0017017711652442813,1.9337407350540161,12.587,0.0,62,LAND,False,STANDBY,10,6
2026-09-29T18:37:36.274952,-35.3632621,149.1652379,0.003,0.0,-0.01,0.0,0.01758214458823204,0.017582925036549568,110,0.0011257658479735255,0.0017150909407064319,1.934029221534729,12.587,0.0,62,LAND,False,STANDBY,10,6
2026-09-29T18:37:36.775563,-35.3632621,149.1652379,0.003,0.0,-0.01,0.0,0.0175216905772686,0.01752231828868389,110,0.0011261370964348316,0.001720466767437756,1.9343301057815552,12.587,0.0,62,LAND,False,STANDBY,10,6
2026-09-29T18:37:37.275880,-35.3632621,149.1652379,0.003,0.0,-0.01,0.0,0.017758427187800407,0.01775892823934555,110,0.0011410783044993877,0.001732854638248682,1.9346176385879517,12.587,0.0,62,LAND,False,STANDBY,10,6
2026-09-29T18:37:37.776747,-35.3632621,149.1652379,0.003,0.0,-0.01,0.0,0.01773003488779068,0.0177303459495306,110,0.0011430004378780723,0.0017302811611443758,1.9349099397659302,12.587,0.0,62,LAND,False,STANDBY,10,6
2026-09-29T18:37:38.277476,-35.3632621,149.1652379,0.003,0.0,-0.01,0.0,0.01815442554652691,0.018154917284846306,110,0.0011531668715178967,0.0017442239914089441,1.9352129697799683,12.587,0.0,62,LAND,False,STANDBY,10,6
2026-09-29T18:37:38.778077,-35.3632621,149.1652379,0.003,0.0,-0.01,0.0,0.01806696690618992,0.018067313358187675,110,0.0011579225538298488,0.001741604646667838,1.9355089664459229,12.587,0.0,62,LAND,False,STANDBY,10,6
2026-09-29T18:37:39.278880,-35.3632621,149.1652379,0.003,0.0,-0.01,0.0,0.018438557162880898,0.01843879558146,110,0.0011688960948958993,0.0017521970439702272,1.9358025789260864,12.587,0.0,62,LAND,False,STANDBY,10,6
2026-09-29T18:37:39.779553,-35.3632621,149.1652379,0.003,0.0,-0.01,0.0,0.018325556069612503,0.01832585223019123,110,0.001179213635623455,0.0017567555187270045,1.9360997676849365,12.587,0.0,62,LAND,False,STANDBY,10,6
2026-09-29T18:37:40.280071,-35.3632621,149.1652379,0.003,0.0,-0.01,0.0,0.018644699826836586,0.01864488236606121,110,0.001189771224744618,0.0017785569652915,1.9363999366760254,12.587,0.0,62,LAND,False,STANDBY,10,6
2026-09-29T18:37:40.780844,-35.3632621,149.1652379,0.003,0.0,-0.01,0.0,0.018748508766293526,0.018748510628938675,110,0.0011900619138032198,0.0017922795377671719,1.9366990327835083,12.587,0.0,62,LAND,False,STANDBY,10,6
2026-09-29T18:37:41.281490,-35.3632621,149.1652379,0.003,0.0,-0.01,0.0,0.018976643681526184,0.01897667720913887,110,0.001199222169816494,0.0017982402350753546,1.9369920492172241,12.587,0.0,62,LAND,False,STANDBY,10,6
2026-09-29T18:37:41.781992,-35.3632621,149.1652379,0.003,0.0,-0.01,0.0,0.018844980746507645,0.018845085054636,110,0.001205060863867402,0.0018046098994091153,1.9372856616973877,12.587,0.0,62,LAND,False,STANDBY,10,6
2026-09-29T18:37:42.282318,-35.3632621,149.1652379,0.003,0.0,-0.01,0.0,0.01922968029975891,0.01922968588769436,111,0.001221897779032588,0.0018068503122776747,1.9375804662704468,12.587,0.0,62,LAND,False,STANDBY,10,6
2026-09-29T18:37:42.782831,-35.3632621,149.1652379,0.003,0.0,-0.01,0.0,0.019173206761479378,0.019173208624124527,111,0.0012302439427003264,0.0018088023643940687,1.9378832578659058,12.587,0.0,62,LAND,False,STANDBY,10,6
2026-09-29T18:37:43.283615,-35.3632621,149.1652379,0.003,0.0,-0.01,0.0,0.019667470827698708,0.019667476415634155,111,0.0012455161195248365,0.0018249845597893,1.9381870031356812,12.587,0.0,62,LAND,False,STANDBY,10,6
2026-09-29T18:37:43.784426,-35.3632621,149.1652379,0.003,0.0,-0.01,0.0,0.01961643062531948,0.019616521894931793,111,0.00124766502995044,0.001824564184062183,1.9384816884994507,12.587,0.0,62,LAND,False,STANDBY,10,6
2026-09-29T18:37:44.285452,-35.3632621,149.1652379,0.003,0.0,-0.01,0.0,0.019995685666799545,0.019996801391243935,111,0.0012604962103068829,0.001831218134611845,1.9387717247009277,12.587,0.0,62,LAND,False,STANDBY,10,6
2026-09-29T18:37:44.786028,-35.3632621,149.1652379,0.003,0.0,-0.01,0.0,0.019902613013982773,0.019903631880879402,111,0.001264601363800466,0.0018347065197303891,1.9390636682510376,12.587,0.0,62,LAND,False,STANDBY,10,6
2026-09-29T18:37:45.286834,-35.3632621,149.1652379,0.003,0.0,-0.01,0.0,0.02031855471432209,0.020319493487477303,111,0.0012785500148311257,0.0018502225866541266,1.9393600225448608,12.587,0.0,62,LAND,False,STANDBY,10,6
2026-09-29T18:37:45.787902,-35.3632621,149.1652379,0.003,0.0,-0.01,0.0,0.020471855998039246,0.02047199010848999,111,0.0012832037173211575,0.0018542560283094645,1.9396578073501587,12.587,0.0,62,LAND,False,STANDBY,10,6
2026-09-29T18:37:46.288907,-35.3632621,149.1652379,0.003,0.0,-0.01,0.0,0.020912662148475647,0.020912788808345795,111,0.0013000393519178033,0.0018668128177523613,1.9399528503417969,12.587,0.0,62,LAND,False,STANDBY,10,6
2026-09-29T18:37:46.789279,-35.3632621,149.1652379,0.003,0.0,-0.01,0.0,0.020804671570658684,0.02080480009317398,111,0.0013105050893500447,0.0018660059431567788,1.940243124961853,12.587,0.0,62,LAND,False,STANDBY,10,6
2026-09-29T18:37:47.289835,-35.3632621,149.1652379,0.003,0.0,-0.01,0.0,0.021179519593715668,0.021180611103773117,111,0.0013172256294637918,0.0018752907635644078,1.9405322074890137,12.587,0.0,62,LAND,False,STANDBY,10,6
2026-09-29T18:37:47.790833,-35.3632621,149.1652379,0.003,0.0,-0.01,0.0,0.020971544086933136,0.02097238227725029,111,0.0013174257474020123,0.0018747078720480204,1.9408223628997803,12.587,0.0,62,LAND,False,STANDBY,10,6
2026-09-29T18:37:48.291727,-35.3632621,149.1652379,0.003,0.0,-0.01,0.0,0.02142111212015152,0.021421777084469795,111,0.0013281017309054732,0.0018829753389582038,1.9411070346832275,12.587,0.0,62,LAND,False,STANDBY,10,6
2026-09-29T18:37:48.792773,-35.3632621,149.1652379,0.003,0.0,-0.01,0.0,0.021404586732387543,0.02140464447438717,111,0.0013282997533679008,0.0018838233081623912,1.9413988590240479,12.587,0.0,62,LAND,False,STANDBY,10,6
2026-09-29T18:37:49.293185,-35.3632621,149.1652379,0.003,0.0,-0.01,0.0,0.021740231662988663,0.021740466356277466,111,0.0013377794530242682,0.0018947634380310774,1.941679835319519,12.587,0.0,62,LAND,False,STANDBY,10,6
2026-09-29T18:37:49.793913,-35.3632621,149.1652379,0.003,0.0,-0.01,0.0,0.021690398454666138,0.021691078320145607,111,0.0013395566493272781,0.0018963918555527925,1.9419713020324707,12.587,0.0,62,LAND,False,STANDBY,10,6
2026-09-29T18:37:50.294670,-35.3632621,149.1652379,0.003,0.0,-0.02,0.0,0.022070376202464104,0.02207065187394619,111,0.0013468236429616809,0.001911898609250784,1.9422540664672852,12.587,0.0,62,LAND,False,STANDBY,10,6
2026-09-29T18:37:50.795497,-35.3632621,149.1652379,0.003,0.0,-0.02,0.0,0.021867871284484863,0.021867871284484863,111,0.0013438262976706028,0.0019064564257860184,1.9425350427627563,12.587,0.0,62,LAND,False,STANDBY,10,6
2026-09-29T18:37:51.296365,-35.3632621,149.1652379,0.003,0.0,-0.02,0.0,0.022371133789420128,0.02237115241587162,111,0.0013522818917408586,0.0019073541043326259,1.9428212642669678,12.587,0.0,62,LAND,False,STANDBY,10,6
2026-09-29T18:37:51.796826,-35.3632621,149.1652379,0.003,0.0,-0.02,0.0,0.02210923843085766,0.022109242156147957,111,0.001348781632259488,0.0019012739649042487,1.943103551864624,12.587,0.0,62,LAND,False,STANDBY,10,6
2026-09-29T18:37:52.297474,-35.3632621,149.1652379,0.003,0.0,-0.02,0.0,0.02227950282394886,0.022279540076851845,111,0.001345712342299521,0.0019066038075834513,1.9433856010437012,12.587,0.0,62,LAND,False,STANDBY,10,6
2026-09-29T18:37:52.798250,-35.3632621,149.1652379,0.003,0.0,-0.02,0.0,0.02194685861468315,0.0219468604773283,111,0.0013457968598231673,0.0019012404372915626,1.9436691999435425,12.587,0.0,62,LAND,False,STANDBY,10,6
2026-09-29T18:37:53.298833,-35.3632621,149.1652379,0.003,0.0,-0.02,0.0,0.02226904407143593,0.02226906828582287,111,0.0013506906107068062,0.0019096613395959139,1.9439520835876465,12.587,0.0,62,LAND,False,STANDBY,10,6
2026-09-29T18:37:53.799305,-35.3632621,149.1652379,0.003,0.0,-0.02,0.0,0.022044168785214424,0.022044330835342407,111,0.0013415224384516478,0.0019020714098587632,1.944231629371643,12.587,0.0,62,LAND,False,STANDBY,10,6
2026-09-29T18:37:54.299863,-35.3632621,149.1652379,0.003,0.0,-0.02,0.0,0.022302674129605293,0.022302892059087753,111,0.0013489903649315238,0.0019052211428061128,1.9445101022720337,12.587,0.0,62,LAND,False,STANDBY,10,6
2026-09-29T18:37:54.800302,-35.3632621,149.1652379,0.003,0.0,-0.02,0.0,0.021942682564258575,0.02194271609187126,111,0.0013479056069627404,0.0019010978285223246,1.9447784423828125,12.587,0.0,62,LAND,False,STANDBY,10,6
2026-09-29T18:37:55.301143,-35.3632621,149.1652379,0.003,0.0,-0.02,0.0,0.022253243252635002,0.022253327071666718,111,0.001357611152343452,0.001920540351420641,1.9450548887252808,12.587,0.0,62,LAND,False,STANDBY,10,6
2026-09-29T18:37:55.802052,-35.3632621,149.1652379,0.003,0.0,-0.02,0.0,0.02216966263949871,0.0221696924418211,111,0.0013583922991529107,0.0019255594816058874,1.9453288316726685,12.587,0.0,62,LAND,False,STANDBY,10,6
2026-09-29T18:37:56.302681,-35.3632621,149.1652379,0.003,0.0,-0.02,0.0,0.022555608302354813,0.022555608302354813,111,0.0013663736172020435,0.0019394485279917717,1.9455987215042114,12.587,0.0,62,LAND,False,STANDBY,10,6
2026-09-29T18:37:56.803221,-35.3632621,149.1652379,0.003,0.0,-0.02,0.0,0.022364605218172073,0.022364607080817223,111,0.0013602364342659712,0.0019285979215055704,1.945863127708435,12.587,0.0,62,LAND,False,STANDBY,10,6
2026-09-29T18:37:57.303830,-35.3632621,149.1652379,0.003,0.0,-0.02,0.0,0.022675208747386932,0.02267521247267723,111,0.0013720489805564284,0.0019345040200278163,1.946130394935608,12.587,0.0,62,LAND,False,STANDBY,10,6
2026-09-29T18:37:57.804045,-35.3632621,149.1652379,0.003,0.0,-0.02,0.0,0.022462479770183563,0.02246250957250595,111,0.0013640264514833689,0.001929835882037878,1.9463927745819092,12.587,0.0,62,LAND,False,STANDBY,10,6
2026-09-29T18:37:58.304825,-35.3632621,149.1652379,0.003,0.0,-0.02,0.0,0.02274976298213005,0.02275010384619236,111,0.0013612055918201804,0.0019398829899728298,1.9466556310653687,12.587,0.0,62,LAND,False,STANDBY,10,6
2026-09-29T18:37:58.805823,-35.3632621,149.1652379,0.003,0.0,-0.02,0.0,0.022343987599015236,0.02234499901533127,111,0.0013543909881263971,0.0019434632267802954,1.9469165802001953,12.587,0.0,62,LAND,False,STANDBY,10,6
2026-09-29T18:37:59.306385,-35.3632621,149.1652379,0.003,0.0,-0.02,0.0,0.022582324221730232,0.02258293703198433,111,0.0013698984403163195,0.0019423997728154063,1.9471791982650757,12.587,0.0,62,LAND,False,STANDBY,10,6
2026-09-29T18:37:59.806948,-35.3632621,149.1652379,0.003,0.0,-0.02,0.0,0.02226502262055874,0.022265616804361343,111,0.0013608916196972132,0.0019373790128156543,1.9474390745162964,12.587,0.0,62,LAND,False,STANDBY,10,6
2026-09-29T18:38:00.307611,-35.3632621,149.1652379,0.003,0.0,-0.02,0.0,0.022660693153738976,0.022661317139863968,111,0.0013657865347340703,0.0019466490484774113,1.9477019309997559,12.587,0.0,62,LAND,False,STANDBY,10,6
2026-09-29T18:38:00.808600,-35.3632621,149.1652379,0.003,0.0,-0.02,0.0,0.02231290005147457,0.022313212975859642,111,0.0013696894748136401,0.0019372485112398863,1.947959542274475,12.587,0.0,62,LAND,False,STANDBY,10,6
2026-09-29T18:38:01.308846,-35.3632621,149.1652379,0.003,0.0,-0.02,0.0,0.022562123835086823,0.022562192752957344,111,0.0013705762103199959,0.0019396468997001648,1.9482094049453735,12.587,0.0,62,LAND,False,STANDBY,10,6
2026-09-29T18:38:01.809412,-35.3632621,149.1652379,0.003,0.0,-0.02,0.0,0.0224246047437191,0.022424982860684395,111,0.0013735492248088121,0.0019334385870024562,1.9484593868255615,12.587,0.0,62,LAND,False,STANDBY,10,6
2026-09-29T18:38:02.310074,-35.3632621,149.1652379,0.003,0.0,-0.02,0.0,0.022566024214029312,0.022566314786672592,111,0.0013699681730940938,0.0019313888624310493,1.9487155675888062,12.587,0.0,62,LAND,False,STANDBY,10,6
2026-09-29T18:38:02.810718,-35.3632621,149.1652379,0.003,0.0,-0.02,0.0,0.022168688476085663,0.02216869220137596,111,0.0013662648852914572,0.0019334304379299283,1.9489548206329346,12.587,0.0,62,LAND,False,STANDBY,10,6
2026-09-29T18:38:03.311276,-35.3632621,149.1652379,0.003,0.0,-0.02,0.0,0.02246115170419216,0.02246132493019104,111,0.0013819102896377444,0.001950549311004579,1.9492076635360718,12.587,0.0,62,LAND,False,STANDBY,10,6
2026-09-29T18:38:03.812583,-35.3632621,149.1652379,0.003,0.0,-0.02,0.0,0.022396903485059738,0.022396909072995186,111,0.0013859248720109463,0.001954535022377968,1.9494456052780151,12.587,0.0,62,LAND,False,STANDBY,10,6
2026-09-29T18:38:04.313218,-35.3632621,149.1652379,0.003,0.0,-0.02,0.0,0.022826839238405228,0.022827116772532463,111,0.0013979182112962008,0.0019561678636819124,1.9496877193450928,12.587,0.0,62,LAND,False,STANDBY,10,6
2026-09-29T18:38:04.813912,-35.3632621,149.1652379,0.003,0.0,-0.02,0.0,0.022680670022964478,0.022681305184960365,111,0.0013938029296696186,0.00195446889847517,1.9499348402023315,12.587,0.0,62,LAND,False,STANDBY,10,6
2026-09-29T18:38:05.314635,-35.3632621,149.1652379,0.003,0.0,-0.02,0.0,0.023065021261572838,0.023065589368343353,111,0.0013974930625408888,0.001963075017556548,1.9501796960830688,12.587,0.0,62,LAND,False,STANDBY,10,6
2026-09-29T18:38:05.815293,-35.3632621,149.1652379,0.003,0.0,-0.02,0.0,0.02289506420493126,0.022895803675055504,111,0.0013913220027461648,0.001956072635948658,1.950417160987854,12.587,0.0,62,LAND,False,STANDBY,10,6
2026-09-29T18:38:06.316546,-35.3632621,149.1652379,0.003,0.0,-0.02,0.0,0.023273039609193802,0.023273440077900887,111,0.0014026855351403356,0.0019658361561596394,1.9506568908691406,12.587,0.0,62,LAND,False,STANDBY,10,6
2026-09-29T18:38:06.816836,-35.3632621,149.1652379,0.003,0.0,-0.02,0.0,0.02310536988079548,0.023105960339307785,111,0.0013976156478747725,0.001962837763130665,1.950892448425293,12.587,0.0,62,LAND,False,STANDBY,10,6
2026-09-29T18:38:07.317825,-35.3632621,149.1652379,0.003,0.0,-0.02,0.0,0.02323444001376629,0.023235373198986053,111,0.0014022992691025138,0.001970773097127676,1.9511265754699707,12.587,0.0,62,LAND,False,STANDBY,10,6
2026-09-29T18:38:07.818889,-35.3632621,149.1652379,0.003,0.0,-0.02,0.0,0.023080509155988693,0.023080894723534584,111,0.001400262932293117,0.0019695316441357136,1.951366662979126,12.587,0.0,62,LAND,False,STANDBY,10,6
2026-09-29T18:38:08.320136,-35.3632621,149.1652379,0.003,0.0,-0.02,0.0,0.023371979594230652,0.023372182622551918,111,0.0014011450111865997,0.0019814015831798315,1.951600193977356,12.587,0.0,62,LAND,False,STANDBY,10,6
2026-09-29T18:38:08.820712,-35.3632621,149.1652379,0.003,0.0,-0.02,0.0,0.023174351081252098,0.023174352943897247,111,0.0013894212897866964,0.0019781002774834633,1.9518311023712158,12.587,0.0,62,LAND,False,STANDBY,10,6
2026-09-29T18:38:09.321250,-35.3632621,149.1652379,0.003,0.0,-0.02,0.0,0.0234993826597929,0.023499496281147003,111,0.001393740065395832,0.001986375544220209,1.952065348625183,12.587,0.0,62,LAND,False,STANDBY,10,6
2026-09-29T18:38:09.822118,-35.3632621,149.1652379,0.003,0.0,-0.02,0.0,0.023273078724741936,0.023273224011063576,111,0.001388093689456582,0.001972565660253167,1.952294945716858,12.587,0.0,62,LAND,False,STANDBY,10,6
2026-09-29T18:38:10.322893,-35.3632621,149.1652379,0.003,0.0,-0.02,0.0,0.02360323630273342,0.02360329031944275,111,0.0013912493595853448,0.0019795112311840057,1.9525184631347656,12.587,0.0,62,LAND,False,STANDBY,10,6
2026-09-29T18:38:10.823380,-35.3632621,149.1652379,0.003,0.0,-0.02,0.0,0.023289384320378304,0.023289399221539497,111,0.0013816588325425982,0.0019723521545529366,1.952742099761963,12.587,0.0,62,LAND,False,STANDBY,10,6
2026-09-29T18:38:11.324145,-35.3632621,149.1652379,0.003,0.0,-0.02,0.0,0.023691663518548012,0.023691890761256218,111,0.0013898008037358522,0.0019739922136068344,1.9529587030410767,12.587,0.0,62,LAND,False,STANDBY,10,6
2026-09-29T18:38:11.824826,-35.3632621,149.1652379,0.003,0.0,-0.02,0.0,0.023472245782613754,0.023472338914871216,111,0.0013919963967055082,0.0019672007765620947,1.9531753063201904,12.587,0.0,62,LAND,False,STANDBY,10,6
2026-09-29T18:38:12.325597,-35.3632621,149.1652379,0.003,0.0,-0.02,0.0,0.02364960126578808,0.023649705573916435,111,0.0014076316729187965,0.0019719968549907207,1.9533917903900146,12.587,0.0,62,LAND,False,STANDBY,10,6
2026-09-29T18:38:12.826016,-35.3632621,149.1652379,0.003,0.0,-0.02,0.0,0.023375103250145912,0.02337527461349964,111,0.0013998178765177727,0.001959361368790269,1.953601360321045,12.587,0.0,62,LAND,False,STANDBY,10,6
2026-09-29T18:38:13.326747,-35.3632621,149.1652379,0.003,0.0,-0.02,0.0,0.023509081453084946,0.02350928634405136,111,0.0014110818738117814,0.001957964850589633,1.953816294670105,12.587,0.0,62,LAND,False,STANDBY,10,6
2026-09-29T18:38:13.827683,-35.3632621,149.1652379,0.003,0.0,-0.02,0.0,0.0230803731828928,0.023081012070178986,111,0.0014097071252763271,0.0019600531086325645,1.9540276527404785,12.587,0.0,62,LAND,False,STANDBY,10,6
2026-09-29T18:38:14.328332,-35.3632621,149.1652379,0.003,0.0,-0.02,0.0,0.023448115214705467,0.023448443040251732,111,0.0014157997211441398,0.0019635739736258984,1.9542356729507446,12.587,0.0,62,LAND,False,STANDBY,10,6
2026-09-29T18:38:14.829059,-35.3632621,149.1652379,0.003,0.0,-0.02,0.0,0.0231013223528862,0.0231013260781765,111,0.0014109854819253087,0.0019504446536302567,1.9544492959976196,12.587,0.0,62,LAND,False,STANDBY,10,6
2026-09-29T18:38:15.329771,-35.3632621,149.1652379,0.003,0.0,-0.02,0.0,0.02334659732878208,0.02334659919142723,111,0.001418331521563232,0.0019546393305063248,1.9546489715576172,12.587,0.0,62,LAND,False,STANDBY,10,6
2026-09-29T18:38:15.830199,-35.3632621,149.1652379,0.003,0.0,-0.02,0.0,0.02312484383583069,0.023125143721699715,112,0.0014195394469425082,0.001949228229932487,1.954856276512146,12.587,0.0,62,LAND,False,STANDBY,10,6
2026-09-29T18:38:16.330943,-35.3632621,149.1652379,0.003,0.0,-0.02,0.0,0.02340642362833023,0.023406701162457466,112,0.001426534727215767,0.0019569878932088614,1.955057144165039,12.587,0.0,62,LAND,False,STANDBY,10,6
2026-09-29T18:38:16.831524,-35.3632621,149.1652379,0.003,0.0,-0.02,0.0,0.0232184249907732,0.023219022899866104,112,0.0014178688870742917,0.001953515689820051,1.9552578926086426,12.587,0.0,62,LAND,False,STANDBY,10,6
2026-09-29T18:38:17.332493,-35.3632621,149.1652379,0.003,0.0,-0.02,0.0,0.023477142676711082,0.023477526381611824,112,0.001423247391358018,0.0019578151404857635,1.9554566144943237,12.587,0.0,62,LAND,False,STANDBY,10,6
2026-09-29T18:38:17.833492,-35.3632621,149.1652379,0.003,0.0,-0.02,0.0,0.02331254445016384,0.023312794044613838,112,0.0014098846586421132,0.0019537077751010656,1.955654501914978,12.587,0.0,62,LAND,False,STANDBY,10,6
2026-09-29T18:38:18.334398,-35.3632621,149.1652379,0.003,0.0,-0.02,0.0,0.02352067455649376,0.02352135442197323,112,0.001409960794262588,0.0019684915896505117,1.9558554887771606,12.587,0.0,62,LAND,False,STANDBY,10,6
2026-09-29T18:38:18.834839,-35.3632621,149.1652379,0.003,0.0,-0.02,0.0,0.02320065349340439,0.023200880736112595,112,0.0014011285966262221,0.001964832888916135,1.9560433626174927,12.587,0.0,62,LAND,False,STANDBY,10,6
2026-09-29T18:38:19.335600,-35.3632621,149.1652379,0.003,0.0,-0.02,0.0,0.023378057405352592,0.0233785230666399,112,0.0013958055060356855,0.0019773333333432674,1.9562329053878784,12.587,0.0,62,LAND,False,STANDBY,10,6
2026-09-29T18:38:19.836449,-35.3632621,149.1652379,0.003,0.0,-0.02,0.0,0.023147523403167725,0.02314756251871586,112,0.0013887429377064109,0.001977653009817004,1.9564208984375,12.587,0.0,62,LAND,False,STANDBY,10,6
2026-09-29T18:38:20.337040,-35.3632621,149.1652379,0.003,0.0,-0.02,0.0,0.023418303579092026,0.023418447002768517,112,0.0013926936080679297,0.001985715702176094,1.956615924835205,12.587,0.0,62,LAND,False,STANDBY,10,6
2026-09-29T18:38:20.837827,-35.3632621,149.1652379,0.003,0.0,-0.02,0.0,0.02313367836177349,0.02313380502164364,112,0.0013889677356928587,0.0019719761330634356,1.956800937652588,12.587,0.0,62,LAND,False,STANDBY,10,6
2026-09-29T18:38:21.338807,-35.3632621,149.1652379,0.003,0.0,-0.02,0.0,0.02347474917769432,0.023475030437111855,112,0.0013930010609328747,0.0019876074511557817,1.9569931030273438,12.587,0.0,62,LAND,False,STANDBY,10,6
2026-09-29T18:38:21.839786,-35.3632621,149.1652379,0.003,0.0,-0.02,0.0,0.02319866046309471,0.023198718205094337,112,0.001383763155899942,0.0019762124866247177,1.9571815729141235,12.587,0.0,62,LAND,False,STANDBY,10,6
2026-09-29T18:38:22.340676,-35.3632621,149.1652379,0.003,0.0,-0.02,0.0,0.02360794134438038,0.023608168587088585,112,0.0013869968242943287,0.0019750671926885843,1.9573585987091064,12.587,0.0,62,LAND,False,STANDBY,10,6
2026-09-29T18:38:22.841588,-35.3632621,149.1652379,0.003,0.0,-0.02,0.0,0.023125702515244484,0.023126376792788506,112,0.0013843742199242115,0.001963668270036578,1.9575432538986206,12.587,0.0,62,LAND,False,STANDBY,10,6
2026-09-29T18:38:23.341987,-35.3632621,149.1652379,0.003,0.0,-0.02,0.0,0.023320527747273445,0.02332208678126335,112,0.0013928614789620042,0.0019726098980754614,1.9577187299728394,12.587,0.0,62,LAND,False,STANDBY,10,6
2026-09-29T18:38:23.842714,-35.3632621,149.1652379,0.003,0.0,-0.02,0.0,0.023044507950544357,0.023045700043439865,112,0.0013933660229668021,0.001966924639418721,1.9578875303268433,12.587,0.0,62,LAND,False,STANDBY,10,6
2026-09-29T18:38:24.342943,-35.3632621,149.1652379,0.003,0.0,-0.02,0.0,0.023341171443462372,0.023341763764619827,112,0.0014036936918273568,0.0019713195506483316,1.9580663442611694,12.587,0.0,62,LAND,False,STANDBY,10,6
2026-09-29T18:38:24.843419,-35.3632621,149.1652379,0.003,0.0,-0.02,0.0,0.02315524034202099,0.02315538190305233,112,0.0014000353403389454,0.0019706194289028645,1.9582384824752808,12.587,0.0,62,LAND,False,STANDBY,10,6
2026-09-29T18:38:25.343816,-35.3632621,149.1652379,0.003,0.0,-0.02,0.0,0.0234981756657362,0.02349819988012314,112,0.0014091391349211335,0.0019811682868748903,1.958422303199768,12.587,0.0,62,LAND,False,STANDBY,10,6
2026-09-29T18:38:25.844371,-35.3632621,149.1652379,0.003,0.0,-0.02,0.0,0.0232390109449625,0.023239148780703545,112,0.0013999426737427711,0.0019754390232264996,1.9585916996002197,12.587,0.0,62,LAND,False,STANDBY,10,6
2026-09-29T18:38:26.345139,-35.3632621,149.1652379,0.003,0.0,-0.02,0.0,0.023620883002877235,0.02362108789384365,112,0.0014004576951265335,0.0019908505491912365,1.9587695598602295,12.587,0.0,62,LAND,False,STANDBY,10,6
2026-09-29T18:38:26.845831,-35.3632621,149.1652379,0.003,0.0,-0.02,0.0,0.023261774331331253,0.023261869326233864,112,0.001400423003360629,0.001993273850530386,1.9589378833770752,12.587,0.0,62,LAND,False,STANDBY,10,6
2026-09-29T18:38:27.346585,-35.3632621,149.1652379,0.003,0.0,-0.02,0.0,0.0237902719527483,0.023790333420038223,112,0.0014080493710935116,0.00199597398750484,1.9591045379638672,12.587,0.0,62,LAND,False,STANDBY,10,6
2026-09-29T18:38:27.847362,-35.3632621,149.1652379,0.003,0.0,-0.02,0.0,0.02361006662249565,0.0236101932823658,112,0.0014121572021394968,0.001994034741073847,1.959265112876892,12.587,0.0,62,LAND,False,STANDBY,10,6
2026-09-29T18:38:28.347944,-35.3632621,149.1652379,0.003,0.0,-0.02,0.0,0.02393757924437523,0.023938138037919998,112,0.0014120530104264617,0.0019961106590926647,1.9594244956970215,12.587,0.0,62,LAND,False,STANDBY,10,6
2026-09-29T18:38:28.848875,-35.3632621,149.1652379,0.003,0.0,-0.02,0.0,0.023517705500125885,0.023518254980444908,112,0.0014063254930078983,0.001984810922294855,1.9595855474472046,12.587,0.0,62,LAND,False,STANDBY,10,6
2026-09-29T18:38:29.349834,-35.3632621,149.1652379,0.003,0.0,-0.02,0.0,0.02388252317905426,0.023883003741502762,112,0.001409160322509706,0.001993366749957204,1.959736704826355,12.587,0.0,62,LAND,False,STANDBY,10,6
2026-09-29T18:38:29.850546,-35.3632621,149.1652379,0.003,0.0,-0.02,0.0,0.023591715842485428,0.02359180897474289,112,0.0014054265338927507,0.0019878142047673464,1.9598925113677979,12.587,0.0,62,LAND,False,STANDBY,10,6
2026-09-29T18:38:30.350824,-35.3632621,149.1652379,0.003,0.0,-0.02,0.0,0.023875994607806206,0.023875992745161057,112,0.0014054737985134125,0.002000133041292429,1.9600412845611572,12.587,0.0,62,LAND,False,STANDBY,10,6
2026-09-29T18:38:30.851455,-35.3632621,149.1652379,0.003,0.0,-0.02,0.0,0.023436404764652252,0.023436404764652252,112,0.0014003379037603736,0.001984251197427511,1.9601945877075195,12.587,0.0,62,LAND,False,STANDBY,10,6
2026-09-29T18:38:31.352015,-35.3632621,149.1652379,0.003,0.0,-0.02,0.0,0.023698315024375916,0.02369849756360054,112,0.001398119144141674,0.0019834935665130615,1.9603424072265625,12.587,0.0,62,LAND,False,STANDBY,10,6
2026-09-29T18:38:31.852632,-35.3632621,149.1652379,0.003,0.0,-0.02,0.0,0.02328493446111679,0.0232851579785347,112,0.0014013504842296243,0.001984710106626153,1.9604859352111816,12.587,0.0,62,LAND,False,STANDBY,10,6
2026-09-29T18:38:32.353086,-35.3632621,149.1652379,0.003,0.0,-0.02,0.0,0.023617340251803398,0.023617355152964592,112,0.001414383528754115,0.0019911997951567173,1.9606324434280396,12.587,0.0,62,LAND,False,STANDBY,10,6
2026-09-29T18:38:32.853497,-35.3632621,149.1652379,0.003,0.0,-0.02,0.0,0.023516016080975533,0.023516206070780754,112,0.001416706945747137,0.0019871187396347523,1.9607785940170288,12.587,0.0,62,LAND,False,STANDBY,10,6
2026-09-29T18:38:33.353892,-35.3632621,149.1652379,0.003,0.0,-0.02,0.0,0.02387382835149765,0.023873837664723396,112,0.0014204442268237472,0.001997322542592883,1.9609200954437256,12.587,0.0,62,LAND,False,STANDBY,10,6
2026-09-29T18:38:33.854707,-35.3632621,149.1652379,0.003,0.0,-0.02,0.0,0.02365349791944027,0.02365349978208542,112,0.0014169274363666773,0.0019830651581287384,1.961063027381897,12.587,0.0,62,LAND,False,STANDBY,10,6
2026-09-29T18:38:34.355745,-35.3632621,149.1652379,0.003,0.0,-0.02,0.0,0.023890303447842598,0.023890309035778046,112,0.0014181340811774135,0.001992136938497424,1.961198329925537,12.587,0.0,62,LAND,False,STANDBY,10,6
2026-09-29T18:38:34.856072,-35.3632621,149.1652379,0.003,0.0,-0.02,0.0,0.02359205111861229,0.02359228953719139,112,0.0014086149167269468,0.0019830300007015467,1.9613330364227295,12.587,0.0,62,LAND,False,STANDBY,10,6
2026-09-29T18:38:35.357021,-35.3632621,149.1652379,0.003,0.0,-0.02,0.0,0.023835323750972748,0.023835644125938416,112,0.0014157802797853947,0.0019970277789980173,1.9614702463150024,12.587,0.0,62,LAND,False,STANDBY,10,6
2026-09-29T18:38:35.857821,-35.3632621,149.1652379,0.003,0.0,-0.02,0.0,0.023682788014411926,0.023683859035372734,112,0.0014063740381971002,0.0019916838500648737,1.9616106748580933,12.587,0.0,62,LAND,False,STANDBY,10,6
2026-09-29T18:38:36.358528,-35.3632621,149.1652379,0.003,0.0,-0.02,0.0,0.02389208786189556,0.023892873898148537,112,0.0014092143392190337,0.0019886193331331015,1.9617406129837036,12.587,0.0,62,LAND,False,STANDBY,10,6
2026-09-29T18:38:36.859205,-35.3632621,149.1652379,0.003,0.0,-0.02,0.0,0.02348354458808899,0.02348434366285801,112,0.001400801120325923,0.001982358517125249,1.961868166923523,12.587,0.0,62,LAND,False,STANDBY,10,6
2026-09-29T18:38:37.359428,-35.3632621,149.1652379,0.003,0.0,-0.02,0.0,0.023862536996603012,0.023862984031438828,112,0.0014049336314201355,0.001997307874262333,1.9620016813278198,12.587,0.0,62,LAND,False,STANDBY,10,6
2026-09-29T18:38:37.860162,-35.3632621,149.1652379,0.003,0.0,-0.02,0.0,0.023486332967877388,0.023486632853746414,112,0.0013991284649819136,0.001996223581954837,1.9621288776397705,12.587,0.0,62,LAND,False,STANDBY,10,6
2026-09-29T18:38:38.360826,-35.3632621,149.1652379,0.003,0.0,-0.02,0.0,0.02383461408317089,0.023835664615035057,112,0.0014065856812521815,0.002008256269618869,1.9622550010681152,12.587,0.0,62,LAND,False,STANDBY,10,6
2026-09-29T18:38:38.861515,-35.3632621,149.1652379,0.003,0.0,-0.02,0.0,0.023575881496071815,0.023576239123940468,112,0.0013927133986726403,0.0020076793152838945,1.9623785018920898,12.587,0.0,62,LAND,False,STANDBY,10,6
2026-09-29T18:38:39.361832,-35.3632621,149.1652379,0.003,0.0,-0.02,0.0,0.023844601586461067,0.023845365270972252,112,0.0013958620838820934,0.002008595038205385,1.9624994993209839,12.587,0.0,62,LAND,False,STANDBY,10,6
2026-09-29T18:38:39.862582,-35.3632621,149.1652379,0.003,0.0,-0.02,0.0,0.023528296500444412,0.023528708145022392,112,0.0013913186267018318,0.0020001577213406563,1.9626221656799316,12.587,0.0,62,LAND,False,STANDBY,10,6
2026-09-29T18:38:40.363298,-35.3632621,149.1652379,0.003,0.0,-0.02,0.0,0.023653266951441765,0.023653507232666016,112,0.00139691773802042,0.001995393540710211,1.9627419710159302,12.587,0.0,62,LAND,False,STANDBY,10,6
2026-09-29T18:38:40.864154,-35.3632621,149.1652379,0.003,0.0,-0.02,0.0,0.023282397538423538,0.023282529786229134,112,0.0013940074713900685,0.0019892649725079536,1.9628585577011108,12.587,0.0,62,LAND,False,STANDBY,10,6
2026-09-29T18:38:41.364917,-35.3632621,149.1652379,0.003,0.0,-0.02,0.0,0.023620225489139557,0.02362043224275112,112,0.0013969404390081763,0.001991056138649583,1.9629777669906616,12.587,0.0,62,LAND,False,STANDBY,10,6
2026-09-29T18:38:41.865551,-35.3632621,149.1652379,0.003,0.0,-0.02,0.0,0.023225408047437668,0.023225879296660423,112,0.0013851476833224297,0.0019873674027621746,1.9630924463272095,12.587,0.0,62,LAND,False,STANDBY,10,6
2026-09-29T18:38:42.365827,-35.3632621,149.1652379,0.003,0.0,-0.02,0.0,0.023560291156172752,0.023560866713523865,112,0.0013909070985391736,0.00199533230625093,1.963209629058838,12.587,0.0,62,LAND,False,STANDBY,10,6
2026-09-29T18:38:42.866887,-35.3632621,149.1652379,0.003,0.0,-0.02,0.0,0.023263229057192802,0.023263486102223396,112,0.0013870468828827143,0.001984200207516551,1.963316559791565,12.587,0.0,62,LAND,False,STANDBY,10,6
