timestamp,lat,lon,alt,velocity_x,velocity_y,velocity_z,ground_speed,air_speed,heading,roll,pitch,yaw,battery_voltage,battery_current,battery_level,mode,armed,system_status,satellites_visible,fix_type
2026-09-28T19:57:24.173284,-35.363262,149.1652372,9.589,-0.01,0.01,-0.72,0.02114229090511799,0.7248438596725464,352,0.0036325124092400074,0.0031684671994298697,-0.12878939509391785,12.587,27.08,98,GUIDED,True,ACTIVE,10,6
2026-09-28T19:57:24.674460,-35.363262,149.1652372,9.888,-0.01,0.01,-0.43,0.019281527027487755,0.4365405738353729,352,0.0026508395094424486,0.0029143975116312504,-0.129095658659935,12.587,26.67,98,GUIDED,True,ACTIVE,10,6
2026-09-28T19:57:25.176216,-35.363262,149.1652372,10.027,-0.01,0.01,-0.1,0.01633380725979805,0.10299413651227951,352,0.0023548989556729794,0.0033461586572229862,-0.1291831135749817,12.587,26.25,98,GUIDED,True,ACTIVE,10,6
2026-09-28T19:57:25.676879,-35.363262,149.1652372,10.024,-0.01,0.01,0.06,0.01586145907640457,0.0705629289150238,352,0.002847560914233327,0.0033771730959415436,-0.12897686660289764,12.587,27.66,98,GUIDED,True,ACTIVE,10,6
2026-09-28T19:57:26.177513,-35.363262,149.1652372,9.986,-0.01,0.01,0.04,0.01637570746243,0.04427429661154747,352,0.003079889575019479,0.0028819218277931213,-0.1287604421377182,12.587,28.41,97,GUIDED,True,ACTIVE,10,6
2026-09-28T19:57:26.678239,-35.363262,149.1652372,9.97,-0.01,0.01,-0.01,0.016378434374928474,0.020016875118017197,352,0.003409353084862232,0.003324137767776847,-0.1286962777376175,12.587,28.33,97,GUIDED,True,ACTIVE,10,6
2026-09-28T19:57:27.178452,-35.363262,149.1652372,9.972,-0.01,0.01,-0.02,0.017935585230588913,0.03368602320551872,352,0.0035974145866930485,0.0031849821098148823,-0.12897297739982605,12.587,28.16,97,GUIDED,True,ACTIVE,10,6
2026-09-28T19:57:27.678773,-35.363262,149.1652372,9.977,-0.01,0.01,-0.02,0.018970903009176254,0.031861562281847,352,0.0036763609386980534,0.0032183018047362566,-0.12898801267147064,12.587,28.08,97,GUIDED,True,ACTIVE,10,6
2026-09-28T19:57:28.179464,-35.363262,149.1652372,9.98,-0.01,0.01,-0.02,0.02155298739671707,0.029533911496400833,352,0.004168128129094839,0.0036857081577181816,-0.1289217323064804,12.587,28.08,97,GUIDED,True,ACTIVE,10,6
2026-09-28T19:57:28.679858,-35.363262,149.1652372,9.982,-0.01,0.01,-0.01,0.024538559839129448,0.02997981384396553,352,0.004300722852349281,0.003615780733525753,-0.12893542647361755,12.587,28.08,97,GUIDED,True,ACTIVE,10,6
2026-09-28T19:57:29.180465,-35.363262,149.1652371,9.984,-0.01,0.02,-0.01,0.02753414399921894,0.03137974813580513,352,0.004328972660005093,0.003694551531225443,-0.12903311848640442,12.587,28.08,97,GUIDED,True,ACTIVE,10,6
2026-09-28T19:57:29.680959,-35.363262,149.1652371,9.985,-0.01,0.02,-0.01,0.030000027269124985,0.032971445471048355,352,0.004215039778500795,0.0038234132807701826,-0.12896735966205597,12.587,28.08,97,GUIDED,True,ACTIVE,10,6
2026-09-28T19:57:30.181464,-35.3632619,149.1652371,9.986,-0.01,0.02,-0.01,0.033457495272159576,0.035784609615802765,352,0.003947483375668526,0.004552139434963465,-0.12907205522060394,12.587,28.08,96,GUIDED,True,ACTIVE,10,6
2026-09-28T19:57:30.682237,-35.3632619,149.1652371,9.987,-0.02,0.02,-0.01,0.03560347855091095,0.03761433809995651,352,0.0035388011019676924,0.004307931289076805,-0.12891584634780884,12.587,28.08,96,GUIDED,True,ACTIVE,10,6
2026-09-28T19:57:31.183066,-35.3632619,149.1652371,9.988,-0.02,0.02,-0.01,0.03744537755846977,0.03911861777305603,352,0.0037022263277322054,0.004024697933346033,-0.12892374396324158,12.587,28.08,96,GUIDED,True,ACTIVE,10,6
2026-09-28T19:57:31.683696,-35.3632619,149.1652371,9.988,-0.02,0.02,-0.01,0.03786687180399895,0.03942469134926796,352,0.003812002018094063,0.003654567524790764,-0.12878993153572083,12.587,28.08,96,GUIDED,True,ACTIVE,10,6
2026-09-28T19:57:32.184391,-35.3632619,149.1652371,9.989,-0.02,0.02,-0.01,0.038554783910512924,0.039980676025152206,352,0.003932742401957512,0.0035764563363045454,-0.12884603440761566,12.587,28.08,96,GUIDED,True,ACTIVE,10,6
2026-09-28T19:57:32.684898,-35.3632619,149.1652371,9.989,-0.02,0.02,0.0,0.03826330229640007,0.039488982409238815,352,0.003684547496959567,0.003331997198984027,-0.12906141579151154,12.587,28.08,96,GUIDED,True,ACTIVE,10,6
2026-09-28T19:57:33.185587,-35.3632619,149.1652371,9.991,-0.02,0.02,0.0,0.03828547149896622,0.039387594908475876,352,0.0034829177893698215,0.003485744819045067,-0.12879174947738647,12.587,28.08,96,GUIDED,True,ACTIVE,10,6
2026-09-28T19:57:33.686264,-35.3632619,149.1652371,9.991,-0.02,0.02,0.0,0.037106264382600784,0.03795637562870979,352,0.0033188730012625456,0.0032023729290813208,-0.12904399633407593,12.587,28.08,96,GUIDED,True,ACTIVE,10,6
2026-09-28T19:57:34.186681,-35.3632619,149.1652371,9.992,-0.02,0.02,0.0,0.03640688210725784,0.037105150520801544,352,0.002954485360532999,0.0031863420736044645,-0.12904635071754456,12.587,28.08,96,GUIDED,True,ACTIVE,10,6
2026-09-28T19:57:34.687465,-35.3632619,149.1652371,9.993,-0.02,0.02,0.0,0.0346154049038887,0.03522435575723648,352,0.002679595723748207,0.002826227806508541,-0.1289481669664383,12.587,28.16,95,GUIDED,True,ACTIVE,10,6
2026-09-28T19:57:35.188418,-35.3632619,149.1652371,9.994,-0.02,0.02,0.0,0.03181866183876991,0.0323893204331398,352,0.002604871056973934,0.0020430036820471287,-0.12892016768455505,12.587,28.08,95,GUIDED,True,ACTIVE,10,6
2026-09-28T19:57:35.689145,-35.3632619,149.1652371,9.994,-0.01,0.02,0.0,0.027287043631076813,0.027787432074546814,352,0.0026126864831894636,0.0020032108295708895,-0.12905628979206085,12.587,28.16,95,GUIDED,True,ACTIVE,10,6
2026-09-28T19:57:36.189777,-35.3632619,149.1652371,9.996,-0.01,0.02,0.0,0.02477831020951271,0.025133464485406876,352,0.002842401620000601,0.0023199855349957943,-0.12905843555927277,12.587,28.08,95,GUIDED,True,ACTIVE,10,6
2026-09-28T19:57:36.690425,-35.3632619,149.1652371,9.996,-0.01,0.01,0.0,0.023466385900974274,0.023697828873991966,352,0.0026644885074347258,0.0025253272615373135,-0.12903086841106415,12.587,28.08,95,GUIDED,True,ACTIVE,10,6
2026-09-28T19:57:37.191410,-35.3632619,149.1652371,9.997,-0.01,0.01,0.0,0.023512504994869232,0.023668061941862106,352,0.002784561365842819,0.0026355194859206676,-0.12918730080127716,12.587,28.08,95,GUIDED,True,ACTIVE,10,6
2026-09-28T19:57:37.692192,-35.3632619,149.1652371,9.997,-0.01,0.01,0.0,0.023731974884867668,0.02383958362042904,352,0.0028372257947921753,0.002576081082224846,-0.12915469706058502,12.587,28.08,95,GUIDED,True,ACTIVE,10,6
2026-09-28T19:57:38.192794,-35.3632619,149.1652371,9.998,-0.01,0.01,0.0,0.024176619946956635,0.024239616468548775,352,0.002662789775058627,0.00257555628195405,-0.1288277804851532,12.587,28.08,95,GUIDED,True,ACTIVE,10,6
2026-09-28T19:57:38.694038,-35.3632619,149.1652371,9.999,-0.01,0.01,0.0,0.023909058421850204,0.023937921971082687,352,0.002603881759569049,0.0024885842576622963,-0.12896740436553955,12.587,28.08,94,GUIDED,True,ACTIVE,10,6
2026-09-28T19:57:39.194213,-35.3632619,149.1652372,9.999,-0.01,0.01,0.0,0.024554593488574028,0.024567442014813423,352,0.002241354901343584,0.002544576535001397,-0.1290932148694992,12.587,28.16,94,GUIDED,True,ACTIVE,10,6
2026-09-28T19:57:39.694821,-35.3632619,149.1652372,9.999,-0.01,0.01,0.0,0.02254166081547737,0.02254183031618595,352,0.0016792892711237073,0.0022879105526953936,-0.12899169325828552,12.587,28.08,94,GUIDED,True,ACTIVE,10,6
2026-09-28T19:57:40.195458,-35.3632619,149.1652372,9.999,-0.01,0.01,0.0,0.02027781493961811,0.020277906209230423,352,0.001737477956339717,0.0023641176521778107,-0.12895868718624115,12.587,28.08,94,GUIDED,True,ACTIVE,10,6
2026-09-28T19:57:40.696314,-35.3632619,149.1652372,10.0,-0.01,0.01,0.0,0.019215820357203484,0.01921592280268669,352,0.002111437963321805,0.002350336406379938,-0.12898781895637512,12.587,28.16,94,GUIDED,True,ACTIVE,10,6
2026-09-28T19:57:41.196960,-35.3632619,149.1652372,10.0,-0.01,0.01,0.0,0.019263586029410362,0.019265534356236458,352,0.0023228339850902557,0.0023252780083566904,-0.12896905839443207,12.587,28.08,94,GUIDED,True,ACTIVE,10,6
2026-09-28T19:57:41.697604,-35.3632619,149.1652372,10.001,-0.01,0.01,0.0,0.019091077148914337,0.01909777894616127,352,0.0023669851943850517,0.002279961947351694,-0.12899495661258698,12.587,28.08,94,GUIDED,True,ACTIVE,10,6
2026-09-28T19:57:42.198390,-35.3632619,149.1652372,10.001,-0.01,0.01,0.0,0.01957153156399727,0.019616378471255302,352,0.0023762204218655825,0.0023988576140254736,-0.12901951372623444,12.587,28.16,94,GUIDED,True,ACTIVE,10,6
2026-09-28T19:57:42.698898,-35.3632619,149.1652372,10.001,-0.01,0.01,0.0,0.020782064646482468,0.020855005830526352,352,0.0026432438753545284,0.0032768207602202892,-0.12898920476436615,12.587,28.08,93,GUIDED,True,ACTIVE,10,6
2026-09-28T19:57:43.199546,-35.3632619,149.1652372,10.002,-0.01,0.01,0.0,0.024859020486474037,0.024937499314546585,352,0.0028560543432831764,0.0033703807275742292,-0.12903819978237152,12.587,28.08,93,GUIDED,True,ACTIVE,10,6
2026-09-28T19:57:43.700125,-35.3632619,149.1652372,10.002,-0.02,0.01,0.0,0.027652407065033913,0.02772539108991623,352,0.0027490914799273014,0.002976210555061698,-0.12901292741298676,12.587,28.08,93,GUIDED,True,ACTIVE,10,6
2026-09-28T19:57:44.200707,-35.3632619,149.1652372,10.002,-0.02,0.02,0.0,0.029519028961658478,0.029596596956253052,352,0.00256336759775877,0.0028162850067019463,-0.1291702538728714,12.587,28.16,93,GUIDED,True,ACTIVE,10,6
2026-09-28T19:57:44.701460,-35.3632619,149.1652372,10.002,-0.02,0.02,0.0,0.02933645248413086,0.029399894177913666,352,0.0023306033108383417,0.002505810000002384,-0.12899407744407654,12.587,28.16,93,GUIDED,True,ACTIVE,10,6
2026-09-28T19:57:45.202427,-35.3632619,149.1652372,10.002,-0.02,0.01,0.0,0.028062287718057632,0.028137685731053352,352,0.0024009542539715767,0.0016410439275205135,-0.12910096347332,12.587,28.08,93,GUIDED,True,ACTIVE,10,6
2026-09-28T19:57:45.702880,-35.363262,149.1652372,10.002,-0.01,0.01,0.0,0.024379178881645203,0.02446959726512432,352,0.00240292283706367,0.001367524266242981,-0.12904758751392365,12.587,28.08,93,GUIDED,True,ACTIVE,10,6
2026-09-28T19:57:46.203488,-35.363262,149.1652372,10.002,-0.01,0.01,0.0,0.02258109301328659,0.02267313003540039,352,0.0024161417968571186,0.0013821342727169394,-0.12908655405044556,12.587,28.08,93,GUIDED,True,ACTIVE,10,6
2026-09-28T19:57:46.704081,-35.363262,149.1652372,10.002,0.0,0.01,0.0,0.020721515640616417,0.0208349097520113,352,0.0022347725462168455,0.0012750900350511074,-0.12916649878025055,12.587,28.08,93,GUIDED,True,ACTIVE,10,6
2026-09-28T19:57:47.204830,-35.363262,149.1652372,10.002,0.0,0.01,0.0,0.01870652288198471,0.01883266307413578,352,0.0015958455624058843,0.0015762703260406852,-0.12900224328041077,12.587,28.08,92,GUIDED,True,ACTIVE,10,6
2026-09-28T19:57:47.705551,-35.363262,149.1652372,10.002,0.0,0.01,0.0,0.015992552042007446,0.01615450531244278,352,0.0015070600202307105,0.001781696337275207,-0.12896092236042023,12.587,28.08,92,GUIDED,True,ACTIVE,10,6
2026-09-28T19:57:48.206037,-35.363262,149.1652372,10.002,0.0,0.01,0.0,0.014430703595280647,0.014693561010062695,352,0.001608269172720611,0.002021254738792777,-0.12923826277256012,12.587,28.08,92,GUIDED,True,ACTIVE,10,6
2026-09-28T19:57:48.706670,-35.363262,149.1652372,10.003,0.0,0.01,0.0,0.014181563630700111,0.014433168806135654,352,0.0017330937553197145,0.0020594533998519182,-0.12898580729961395,12.587,28.08,92,GUIDED,True,ACTIVE,10,6
2026-09-28T19:57:49.207240,-35.363262,149.1652372,10.003,-0.01,0.01,0.0,0.014972667209804058,0.015257209539413452,352,0.002032248303294182,0.0021757674403488636,-0.12911953032016754,12.587,28.16,92,GUIDED,True,ACTIVE,10,6
2026-09-28T19:57:49.708234,-35.363262,149.1652372,10.003,-0.01,0.01,0.0,0.01621594838798046,0.016498947516083717,352,0.0020541525445878506,0.002297015395015478,-0.1291564553976059,12.587,28.08,92,GUIDED,True,ACTIVE,10,6
2026-09-28T19:57:50.208651,-35.363262,149.1652372,10.003,-0.01,0.01,0.0,0.018045349046587944,0.018321270123124123,352,0.001946554402820766,0.0024058197159320116,-0.128993421792984,12.587,28.08,92,GUIDED,True,ACTIVE,10,6
2026-09-28T19:57:50.709514,-35.363262,149.1652372,10.003,-0.01,0.01,0.0,0.019005008041858673,0.01927679032087326,352,0.001831479836255312,0.0022100976202636957,-0.12900519371032715,12.587,28.08,92,GUIDED,True,ACTIVE,10,6
2026-09-28T19:57:51.210053,-35.363262,149.1652372,10.003,-0.01,0.01,0.0,0.018998276442289352,0.019261149689555168,352,0.0017368528060615063,0.0020252999383956194,-0.12913094460964203,12.587,28.16,91,GUIDED,True,ACTIVE,10,6
2026-09-28T19:57:51.711097,-35.363262,149.1652372,10.003,-0.01,0.01,0.0,0.018288379535079002,0.0185856930911541,352,0.0018793402705341578,0.001850408734753728,-0.12899601459503174,12.587,28.08,91,GUIDED,True,ACTIVE,10,6
2026-09-28T19:57:52.213149,-35.363262,149.1652372,10.002,-0.01,0.01,0.0,0.018141208216547966,0.01831171289086342,352,0.0020315067376941442,0.001904448145069182,-0.12898683547973633,12.587,28.08,91,GUIDED,True,ACTIVE,10,6
2026-09-28T19:57:52.714224,-35.363262,149.1652372,10.002,-0.01,0.01,0.0,0.01797286979854107,0.01812981441617012,352,0.0020503667183220387,0.0020177210681140423,-0.12918204069137573,12.587,28.08,91,GUIDED,True,ACTIVE,10,6
2026-09-28T19:57:53.215258,-35.363262,149.1652372,10.001,-0.01,0.01,0.0,0.019067492336034775,0.019146451726555824,352,0.00258257775567472,0.002121865516528487,-0.12887583673000336,12.587,28.08,91,GUIDED,True,ACTIVE,10,6
2026-09-28T19:57:53.718470,-35.363262,149.1652372,10.001,-0.01,0.01,0.0,0.020477555692195892,0.020549902692437172,352,0.0026669225189834833,0.0020779951009899378,-0.12924613058567047,12.587,28.08,91,GUIDED,True,ACTIVE,10,6
2026-09-28T19:57:54.219617,-35.363262,149.1652372,10.001,-0.01,0.01,0.0,0.023057974874973297,0.023115256801247597,352,0.0023909437004476786,0.002815373707562685,-0.12925413250923157,12.587,28.08,91,GUIDED,True,ACTIVE,10,6
2026-09-28T19:57:54.720268,-35.363262,149.1652372,10.001,-0.01,0.01,0.0,0.025052206590771675,0.025082126259803772,352,0.002115374431014061,0.002991829067468643,-0.12894120812416077,12.587,28.08,91,GUIDED,True,ACTIVE,10,6
2026-09-28T19:57:55.220813,-35.3632619,149.1652372,10.001,-0.01,0.01,0.0,0.02696504257619381,0.02699531987309456,352,0.0020749301183968782,0.002816719701513648,-0.12914279103279114,12.587,28.08,91,GUIDED,True,ACTIVE,10,6
2026-09-28T19:57:55.721090,-35.3632619,149.1652372,10.001,-0.02,0.01,0.0,0.02753981202840805,0.02757105603814125,352,0.001917523448355496,0.0025123495142906904,-0.12902742624282837,12.587,28.08,90,GUIDED,True,ACTIVE,10,6
2026-09-28T19:57:56.221576,-35.3632619,149.1652372,10.001,-0.02,0.01,0.0,0.027075709775090218,0.027116145938634872,352,0.001439394080080092,0.001663516159169376,-0.12907424569129944,12.587,28.08,90,GUIDED,True,ACTIVE,10,6
2026-09-28T19:57:56.721754,-35.3632619,149.1652372,10.002,-0.01,0.01,0.0,0.022744636982679367,0.022823933511972427,352,0.0012792708585038781,0.0010644580470398068,-0.12912233173847198,12.587,28.08,90,GUIDED,True,ACTIVE,10,6
2026-09-28T19:57:57.222353,-35.363262,149.1652372,10.002,-0.01,0.01,0.0,0.018218982964754105,0.018354227766394615,352,0.0015675027389079332,0.0010233231587335467,-0.12900100648403168,12.587,28.08,90,GUIDED,True,ACTIVE,10,6
2026-09-28T19:57:57.723036,-35.363262,149.1652372,10.002,-0.01,0.01,0.0,0.014488737098872662,0.014726672321557999,352,0.0018023047596216202,0.0009289185982197523,-0.1289590746164322,12.587,28.08,90,GUIDED,True,ACTIVE,10,6
2026-09-28T19:57:58.223457,-35.363262,149.1652372,10.002,0.0,0.01,0.0,0.013080650009214878,0.013272348791360855,352,0.0018761791288852692,0.0012911653611809015,-0.12915416061878204,12.587,28.08,90,GUIDED,True,ACTIVE,10,6
2026-09-28T19:57:58.724081,-35.363262,149.1652372,10.001,0.0,0.01,0.0,0.013058380223810673,0.013227932155132294,352,0.0019250359619036317,0.0016939985798671842,-0.12914250791072845,12.587,28.08,90,GUIDED,True,ACTIVE,10,6
2026-09-28T19:57:59.224458,-35.363262,149.1652372,10.001,0.0,0.01,0.0,0.013770545832812786,0.013889731839299202,352,0.001811069087125361,0.0018236158648505807,-0.12916338443756104,12.587,28.08,90,GUIDED,True,ACTIVE,10,6
2026-09-28T19:57:59.725111,-35.363262,149.1652372,10.001,0.0,0.01,0.0,0.014232154004275799,0.014335805550217628,352,0.0018393973587080836,0.0017928313463926315,-0.1290625035762787,12.587,28.08,89,GUIDED,True,ACTIVE,10,6
2026-09-28T19:58:00.225453,-35.363262,149.1652372,10.001,0.0,0.01,0.0,0.014848906546831131,0.014938069507479668,352,0.001739112427458167,0.001826200750656426,-0.12913967669010162,12.587,28.08,89,GUIDED,True,ACTIVE,10,6
2026-09-28T19:58:00.726079,-35.363262,149.1652372,10.001,0.0,0.01,0.0,0.015081229619681835,0.01514205802232027,352,0.0017690935637801886,0.0020422437228262424,-0.12909750640392303,12.587,28.08,89,GUIDED,True,ACTIVE,10,6
2026-09-28T19:58:01.226729,-35.363262,149.1652372,10.001,-0.01,0.01,0.0,0.016368985176086426,0.016413448378443718,352,0.001829318469390273,0.002179022878408432,-0.12917456030845642,12.587,28.08,89,GUIDED,True,ACTIVE,10,6
2026-09-28T19:58:01.727353,-35.363262,149.1652372,10.001,-0.01,0.01,0.0,0.01739474944770336,0.017428066581487656,352,0.001720111002214253,0.0022812257520854473,-0.12896288931369781,12.587,28.08,89,GUIDED,True,ACTIVE,10,6
2026-09-28T19:58:02.227908,-35.363262,149.1652372,10.001,-0.01,0.01,0.0,0.018925486132502556,0.018956201151013374,352,0.0016448604874312878,0.002160106785595417,-0.12908968329429626,12.587,28.08,89,GUIDED,True,ACTIVE,10,6
2026-09-28T19:58:02.728560,-35.363262,149.1652372,10.001,-0.01,0.01,0.0,0.01879280060529709,0.018825288861989975,352,0.0017396887997165322,0.0018058648565784097,-0.12905113399028778,12.587,28.16,89,GUIDED,True,ACTIVE,10,6
2026-09-28T19:58:03.229020,-35.363262,149.1652372,10.0,-0.01,0.01,0.0,0.018485695123672485,0.01851544715464115,352,0.0017774769803509116,0.0017868055729195476,-0.1290396749973297,12.587,28.08,89,GUIDED,True,ACTIVE,10,6
2026-09-28T19:58:03.729518,-35.363262,149.1652372,10.0,-0.01,0.01,0.0,0.01800229400396347,0.018018530681729317,352,0.0020905728451907635,0.0018472260562703013,-0.12908732891082764,12.587,28.08,89,GUIDED,True,ACTIVE,10,6
2026-09-28T19:58:04.230105,-35.363262,149.1652372,10.0,-0.01,0.01,0.0,0.01934342086315155,0.019357914105057716,352,0.0024904864840209484,0.001875955960713327,-0.12905800342559814,12.587,28.08,88,GUIDED,True,ACTIVE,10,6
2026-09-28T19:58:04.730627,-35.363262,149.1652372,10.0,-0.01,0.01,0.0,0.02063165046274662,0.020659543573856354,352,0.0025480196345597506,0.0019032778218388557,-0.1292058676481247,12.587,28.08,88,GUIDED,True,ACTIVE,10,6
2026-09-28T19:58:05.230959,-35.363262,149.1652372,10.0,-0.01,0.01,0.0,0.022141925990581512,0.022162046283483505,352,0.0023399267811328173,0.0017950079636648297,-0.1290719360113144,12.587,28.08,88,GUIDED,True,ACTIVE,10,6
2026-09-28T19:58:05.731501,-35.363262,149.1652372,10.0,-0.01,0.01,0.0,0.021996958181262016,0.022008724510669708,352,0.0019371649250388145,0.001817659242078662,-0.1290549635887146,12.587,28.08,88,GUIDED,True,ACTIVE,10,6
2026-09-28T19:58:06.232184,-35.363262,149.1652372,10.0,-0.01,0.01,0.0,0.021557075902819633,0.02158007211983204,352,0.0013485971139743924,0.0018306203419342637,-0.12905719876289368,12.587,28.08,88,GUIDED,True,ACTIVE,10,6
2026-09-28T19:58:06.732819,-35.363262,149.1652372,10.0,-0.01,0.01,0.0,0.019055327400565147,0.019077781587839127,352,0.000940411991905421,0.00163527752738446,-0.12900853157043457,12.587,28.08,88,GUIDED,True,ACTIVE,10,6
2026-09-28T19:58:07.233464,-35.363262,149.1652373,10.0,-0.01,0.01,0.0,0.01630740612745285,0.01633353717625141,352,0.000723554752767086,0.0015215828316286206,-0.12919525802135468,12.587,28.08,88,GUIDED,True,ACTIVE,10,6
2026-09-28T19:58:07.733739,-35.363262,149.1652373,10.0,-0.01,0.0,0.0,0.013786228373646736,0.013810278847813606,352,0.0007246278692036867,0.0014851392479613423,-0.1290573626756668,12.587,28.16,88,GUIDED,True,ACTIVE,10,6
2026-09-28T19:58:08.234384,-35.363262,149.1652373,10.0,-0.01,0.0,0.0,0.012249783612787724,0.012278608046472073,352,0.001063353382050991,0.001491587609052658,-0.12908418476581573,12.587,28.08,87,GUIDED,True,ACTIVE,10,6
2026-09-28T19:58:08.734938,-35.363262,149.1652373,10.0,-0.01,0.0,0.0,0.01133803278207779,0.011373896151781082,352,0.0012180538615211844,0.001448506722226739,-0.12899315357208252,12.587,28.08,87,GUIDED,True,ACTIVE,10,6
2026-09-28T19:58:09.235460,-35.363262,149.1652373,10.0,-0.01,0.0,0.0,0.010836356319487095,0.010881082154810429,352,0.0013394663110375404,0.0014951536431908607,-0.12910571694374084,12.587,28.08,87,GUIDED,True,ACTIVE,10,6
2026-09-28T19:58:09.735671,-35.363262,149.1652373,10.0,0.0,0.0,0.0,0.010283097624778748,0.010328560136258602,352,0.0013276170939207077,0.0013886819360777736,-0.12907811999320984,12.587,28.08,87,GUIDED,True,ACTIVE,10,6
2026-09-28T19:58:10.236279,-35.363262,149.1652373,10.0,0.0,0.0,0.0,0.010258395224809647,0.0102846035733819,352,0.0014124213485047221,0.0011195498518645763,-0.12905968725681305,12.587,28.08,87,GUIDED,True,ACTIVE,10,6
2026-09-28T19:58:10.736793,-35.363262,149.1652373,10.0,0.0,0.0,0.0,0.008626187220215797,0.008676894009113312,352,0.0009844411397352815,0.0008704782812856138,-0.12902909517288208,12.587,28.08,87,GUIDED,True,ACTIVE,10,6
2026-09-28T19:58:11.237367,-35.363262,149.1652373,10.0,0.0,0.0,0.0,0.006485162768512964,0.0065355561673641205,352,0.000755608023609966,0.000861993758007884,-0.12910374999046326,12.587,28.08,87,GUIDED,True,ACTIVE,10,6
2026-09-28T19:58:11.737890,-35.363262,149.1652374,10.0,0.0,0.0,0.0,0.004296182654798031,0.0043893842957913876,352,0.0007131085731089115,0.0008693438721820712,-0.12901587784290314,12.587,28.16,87,GUIDED,True,ACTIVE,10,6
2026-09-28T19:58:12.238462,-35.363262,149.1652374,10.0,0.0,0.0,0.0,0.003377852961421013,0.003507007146254182,352,0.0009594688308425248,0.0008745054947212338,-0.1289438009262085,12.587,28.08,87,GUIDED,True,ACTIVE,10,6
2026-09-28T19:58:12.738705,-35.3632621,149.1652374,10.0,0.0,0.0,0.0,0.001979775493964553,0.002197717549279332,352,0.0011793288867920637,0.0006519394810311496,-0.12887322902679443,12.587,28.08,86,GUIDED,True,ACTIVE,10,6
2026-09-28T19:58:13.239330,-35.3632621,149.1652374,10.0,0.0,0.0,0.0,0.000557286839466542,0.0010323168244212866,352,0.00119306321721524,0.0006741497199982405,-0.12915922701358795,12.587,28.08,86,GUIDED,True,ACTIVE,10,6
2026-09-28T19:58:13.739871,-35.3632621,149.1652374,10.0,0.0,0.0,0.0,0.0009884167229756713,0.0013204786228016019,352,0.0010475877206772566,0.0007601414690725505,-0.12906576693058014,12.587,28.08,86,GUIDED,True,ACTIVE,10,6
2026-09-28T19:58:14.240523,-35.3632621,149.1652374,10.0,0.0,0.0,0.0,0.0011843621032312512,0.0015387971652671695,352,0.0009170385892502964,0.0007967758574523032,-0.1289619356393814,12.587,28.08,86,GUIDED,True,ACTIVE,10,6
2026-09-28T19:58:14.741163,-35.3632621,149.1652374,10.0,0.0,0.0,0.0,0.0007533999742008746,0.0011345960665494204,352,0.0006194272427819669,0.0009741607354953885,-0.12897664308547974,12.587,28.08,86,GUIDED,True,ACTIVE,10,6
2026-09-28T19:58:15.241567,-35.3632621,149.1652374,10.0,0.0,0.0,0.0,0.0016349151264876127,0.001899887342005968,352,0.0003916123241651803,0.0010012519778683782,-0.12911593914031982,12.587,28.08,86,GUIDED,True,ACTIVE,10,6
2026-09-28T19:58:15.742044,-35.3632621,149.1652374,10.0,0.0,0.0,0.0,0.0035558172967284918,0.0036361180245876312,352,0.0004268849443178624,0.000876405683811754,-0.12903593480587006,12.587,28.08,86,GUIDED,True,ACTIVE,10,6
2026-09-28T19:58:16.242449,-35.3632621,149.1652374,10.0,0.0,0.0,0.0,0.004920903127640486,0.00496293930336833,352,0.000538386928383261,0.0007615888025611639,-0.1290997415781021,12.587,28.08,86,GUIDED,True,ACTIVE,10,6
2026-09-28T19:58:16.742769,-35.3632621,149.1652374,10.0,0.0,0.0,0.0,0.005484527908265591,0.005517135374248028,352,0.0007574684568680823,0.00064547621877864,-0.12902171909809113,12.587,28.08,85,GUIDED,True,ACTIVE,10,6
2026-09-28T19:58:17.243513,-35.3632621,149.1652374,10.0,0.0,0.0,0.0,0.005203254986554384,0.005246486980468035,352,0.0008393977186642587,0.0006158891483210027,-0.12895646691322327,12.587,28.08,85,GUIDED,True,ACTIVE,10,6
2026-09-28T19:58:17.744616,-35.3632621,149.1652374,10.0,0.0,0.0,0.0,0.00470974063500762,0.004750708118081093,352,0.000731241307221353,0.0007412969134747982,-0.1290069967508316,12.587,28.08,85,GUIDED,True,ACTIVE,10,6
2026-09-28T19:58:18.245465,-35.3632621,149.1652374,10.0,0.0,0.0,0.0,0.005034447647631168,0.005131504498422146,352,0.000603771535679698,0.0008203560137189925,-0.12904039025306702,12.587,28.08,85,GUIDED,True,ACTIVE,10,6
2026-09-28T19:58:18.746512,-35.3632621,149.1652374,10.0,0.0,0.0,0.0,0.005202125757932663,0.005226702895015478,352,0.0006259905057959259,0.00033038994297385216,-0.12909893691539764,12.587,28.08,85,GUIDED,True,ACTIVE,10,6
2026-09-28T19:58:19.246784,-35.3632621,149.1652374,10.0,0.0,0.0,0.0,0.006256070453673601,0.0062888809479773045,352,0.0005521253333427012,9.981948824133724e-05,-0.1291593760251999,12.587,28.08,85,GUIDED,True,ACTIVE,10,6
2026-09-28T19:58:19.747694,-35.3632621,149.1652374,10.0,0.0,0.0,0.0,0.007508282549679279,0.007528617978096008,352,0.0005853228503838181,0.0002292041026521474,-0.12895457446575165,12.587,28.08,85,GUIDED,True,ACTIVE,10,6
2026-09-28T19:58:20.248785,-35.3632621,149.1652374,9.999,0.0,0.0,0.0,0.008586343377828598,0.008589948527514935,352,0.0006087704678066075,0.00023952519404701889,-0.12894277274608612,12.587,28.08,85,GUIDED,True,ACTIVE,10,6
2026-09-28T19:58:20.749440,-35.3632621,149.1652374,9.999,0.0,0.0,0.0,0.008962892927229404,0.008996139280498028,352,0.000506626907736063,0.0004680693964473903,-0.129047229886055,12.587,28.16,85,GUIDED,True,ACTIVE,10,6
2026-09-28T19:58:21.250056,-35.3632621,149.1652374,9.998,0.0,0.0,0.0,0.008998707868158817,0.009058595634996891,352,0.0005044936551712453,0.0004750743100885302,-0.12889815866947174,12.587,28.08,84,GUIDED,True,ACTIVE,10,6
2026-09-28T19:58:21.750470,-35.3632621,149.1652375,9.998,0.0,0.0,0.0,0.009376870468258858,0.00946305226534605,352,-0.00017994979862123728,0.0003303858684375882,-0.12897686660289764,12.587,28.08,84,GUIDED,True,ACTIVE,10,6
2026-09-28T19:58:22.251187,-35.3632621,149.1652375,9.999,0.0,-0.01,0.0,0.011460799723863602,0.011498061940073967,352,-0.00022014396381564438,0.00037035494460724294,-0.12897983193397522,12.587,28.08,84,GUIDED,True,ACTIVE,10,6
2026-09-28T19:58:22.753133,-35.3632621,149.1652375,9.999,0.0,-0.01,0.0,0.013391870073974133,0.013393798843026161,352,-0.00015470778453163803,0.0002012085315072909,-0.1290721744298935,12.587,28.08,84,GUIDED,True,ACTIVE,10,6
2026-09-28T19:58:23.253882,-35.3632621,149.1652375,10.0,0.0,-0.01,0.0,0.015132148750126362,0.015133151784539223,352,-6.86346465954557e-05,0.00026841333601623774,-0.12902937829494476,12.587,28.08,84,GUIDED,True,ACTIVE,10,6
2026-09-28T19:58:23.754454,-35.3632621,149.1652375,10.0,0.0,-0.01,0.0,0.01541279349476099,0.015416285954415798,352,0.0002450381580274552,0.00034272618358954787,-0.1289982944726944,12.587,28.08,84,GUIDED,True,ACTIVE,10,6
2026-09-28T19:58:24.255149,-35.3632621,149.1652375,10.0,0.0,-0.01,0.0,0.015017020516097546,0.015023205429315567,352,0.0003032239037565887,0.0003132379206363112,-0.1289948970079422,12.587,28.08,84,GUIDED,True,ACTIVE,10,6
2026-09-28T19:58:24.755646,-35.3632621,149.1652375,10.0,0.0,-0.01,0.0,0.014300650916993618,0.014300988055765629,352,0.0003422618319746107,0.00033130552037619054,-0.12892834842205048,12.587,28.08,84,GUIDED,True,ACTIVE,10,6
2026-09-28T19:58:25.256322,-35.3632621,149.1652375,10.0,0.0,-0.01,0.0,0.014132981188595295,0.014140304177999496,352,0.00034309676266275346,0.00036573948455043137,-0.12916916608810425,12.587,28.08,83,GUIDED,True,ACTIVE,10,6
2026-09-28T19:58:25.757007,-35.3632621,149.1652375,10.0,0.0,-0.01,0.0,0.013975197449326515,0.013992154970765114,352,0.00015068371430970728,0.00030661755590699613,-0.12890903651714325,12.587,28.08,83,GUIDED,True,ACTIVE,10,6
2026-09-28T19:58:26.257534,-35.3632621,149.1652375,10.0,0.0,-0.01,0.0,0.014355773106217384,0.014381534419953823,352,0.0005280391196720302,0.00041076025809161365,-0.12893666326999664,12.587,28.08,83,GUIDED,True,ACTIVE,10,6
2026-09-28T19:58:26.758452,-35.3632621,149.1652375,10.0,0.0,-0.01,0.0,0.012552251107990742,0.012578685767948627,352,0.0009534840937703848,0.0005006975843571126,-0.12878349423408508,12.587,28.08,83,GUIDED,True,ACTIVE,10,6
2026-09-28T19:58:27.259608,-35.3632621,149.1652375,10.0,0.0,0.0,0.0,0.010660748928785324,0.010689196176826954,352,0.0008837447967380285,0.0002669122186489403,-0.12887398898601532,12.587,28.08,83,GUIDED,True,ACTIVE,10,6
2026-09-28T19:58:27.760286,-35.3632621,149.1652375,10.0,0.0,0.0,0.0,0.009904752485454082,0.009934320114552975,352,0.0008077927050180733,0.00020953099010512233,-0.129072904586792,12.587,28.08,83,GUIDED,True,ACTIVE,10,6
2026-09-28T19:58:28.261430,-35.3632621,149.1652375,9.999,0.0,0.0,0.0,0.009814069606363773,0.009814329445362091,352,0.0005123853334225714,0.0002171015366911888,-0.12880654633045197,12.587,28.08,83,GUIDED,True,ACTIVE,10,6
2026-09-28T19:58:28.762098,-35.3632621,149.1652375,9.999,0.0,0.0,0.0,0.010332027450203896,0.010341999121010303,352,0.0002474243810866028,0.00034657702781260014,-0.1290510594844818,12.587,28.08,83,GUIDED,True,ACTIVE,10,6
2026-09-28T19:58:29.262718,-35.3632621,149.1652375,9.998,0.0,0.0,0.0,0.011077028699219227,0.011101468466222286,352,8.897303632693365e-05,0.00032503242255188525,-0.12880359590053558,12.587,28.08,82,GUIDED,True,ACTIVE,10,6
2026-09-28T19:58:29.763517,-35.3632621,149.1652375,9.998,0.0,0.0,0.0,0.011899501085281372,0.011959529481828213,352,-0.00040642436943016946,0.00023894966579973698,-0.1292220503091812,12.587,28.08,82,GUIDED,True,ACTIVE,10,6
2026-09-28T19:58:30.264553,-35.3632621,149.1652375,9.999,0.0,-0.01,0.0,0.01428633276373148,0.014294861815869808,352,-0.00029118271777406335,0.0001436958700651303,-0.12887045741081238,12.587,28.08,82,GUIDED,True,ACTIVE,10,6
2026-09-28T19:58:30.765126,-35.3632621,149.1652375,9.999,0.0,-0.01,0.0,0.015848692506551743,0.015848860144615173,352,-0.00025271851336583495,7.372367690550163e-05,-0.12878194451332092,12.587,28.16,82,GUIDED,True,ACTIVE,10,6
2026-09-28T19:58:31.265503,-35.3632621,149.1652376,10.0,0.0,-0.01,0.0,0.01749039813876152,0.017490612342953682,352,-0.0003089888778049499,1.665652780502569e-05,-0.12915554642677307,12.587,28.08,82,GUIDED,True,ACTIVE,10,6
2026-09-28T19:58:31.766191,-35.3632621,149.1652376,10.0,0.0,-0.01,0.0,0.018471919000148773,0.018475383520126343,352,-0.00023601591237820685,2.7301050067762844e-05,-0.12897539138793945,12.587,28.08,82,GUIDED,True,ACTIVE,10,6
2026-09-28T19:58:32.267338,-35.3632621,149.1652376,10.0,0.0,-0.01,0.0,0.019441304728388786,0.019448040053248405,352,-0.00032876848126761615,0.00023966921435203403,-0.1289057582616806,12.587,28.08,82,GUIDED,True,ACTIVE,10,6
2026-09-28T19:58:32.768469,-35.3632621,149.1652376,10.0,0.0,-0.01,0.0,0.02004207670688629,0.020046958699822426,352,-0.00026648881612345576,8.469405292999e-05,-0.12896330654621124,12.587,28.08,82,GUIDED,True,ACTIVE,10,6
2026-09-28T19:58:33.268916,-35.3632621,149.1652376,10.0,0.0,-0.01,0.0,0.02044798992574215,0.02046193741261959,352,-0.00010917408508248627,-0.00012254648027010262,-0.12893560528755188,12.587,28.08,82,GUIDED,True,ACTIVE,10,6
2026-09-28T19:58:33.769455,-35.3632622,149.1652376,10.0,0.0,-0.01,0.0,0.020342016592621803,0.020350756123661995,352,9.558264719089493e-05,-0.0002826046838890761,-0.12901915609836578,12.587,28.08,81,GUIDED,True,ACTIVE,10,6
2026-09-28T19:58:34.270349,-35.3632622,149.1652376,10.0,0.01,-0.01,0.0,0.020442411303520203,0.020460078492760658,352,0.0003806421591434628,-0.00033453883952461183,-0.1290767937898636,12.587,28.08,81,GUIDED,True,ACTIVE,10,6
2026-09-28T19:58:34.770817,-35.3632622,149.1652376,9.999,0.01,-0.01,0.0,0.019662048667669296,0.01966305449604988,352,0.00035971097531728446,-0.00021926630870439112,-0.12865541875362396,12.587,28.08,81,GUIDED,True,ACTIVE,10,6
2026-09-28T19:58:35.271546,-35.3632622,149.1652376,9.999,0.01,-0.01,0.0,0.019449463114142418,0.019452624022960663,352,0.00022704785806126893,4.235889355186373e-05,-0.1289999634027481,12.587,28.08,81,GUIDED,True,ACTIVE,10,6
2026-09-28T19:58:35.773225,-35.3632622,149.1652376,9.998,0.01,-0.01,0.0,0.01839888095855713,0.018412038683891296,352,0.0001797841105144471,0.00010760299483081326,-0.12881366908550262,12.587,28.16,81,GUIDED,True,ACTIVE,10,6
2026-09-28T19:58:36.275084,-35.3632622,149.1652376,9.998,0.01,-0.01,0.0,0.018128857016563416,0.018171964213252068,352,4.4293792598182335e-05,-0.00017999685951508582,-0.12890996038913727,12.587,28.08,81,GUIDED,True,ACTIVE,10,6
2026-09-28T19:58:36.776823,-35.3632622,149.1652376,9.998,0.01,-0.01,0.0,0.01866227574646473,0.018709354102611542,352,0.00015299540245905519,0.00012915892875753343,-0.1289072334766388,12.587,28.08,81,GUIDED,True,ACTIVE,10,6
2026-09-28T19:58:37.277836,-35.3632622,149.1652376,9.999,0.01,-0.01,0.0,0.01781763695180416,0.017829716205596924,352,0.0007568970904685557,8.88963186298497e-05,-0.12871447205543518,12.587,28.08,81,GUIDED,True,ACTIVE,10,6
2026-09-28T19:58:37.778861,-35.3632622,149.1652375,9.999,0.01,-0.01,0.0,0.015592572279274464,0.015593885444104671,352,0.0008276108419522643,0.0002548524644225836,-0.12893520295619965,12.587,28.08,80,GUIDED,True,ACTIVE,10,6
2026-09-28T19:58:38.280273,-35.3632622,149.1652375,10.0,0.01,0.0,0.0,0.014497759751975536,0.014497766271233559,352,0.0006889284122735262,-0.00016416487051174045,-0.12904417514801025,12.587,28.08,80,GUIDED,True,ACTIVE,10,6
2026-09-28T19:58:38.781840,-35.3632622,149.1652375,10.0,0.01,0.0,0.0,0.014336400665342808,0.014336821623146534,352,0.0003160073247272521,7.807688234606758e-05,-0.12869830429553986,12.587,28.08,80,GUIDED,True,ACTIVE,10,6
2026-09-28T19:58:39.282457,-35.3632622,149.1652375,10.0,0.01,0.0,0.0,0.015059429220855236,0.015070770867168903,352,-0.0004744504112750292,-0.00014141233987174928,-0.12887243926525116,12.587,28.16,80,GUIDED,True,ACTIVE,10,6
2026-09-28T19:58:39.783602,-35.3632622,149.1652375,10.0,0.01,-0.01,0.0,0.016896242275834084,0.016905728727579117,352,-0.0006480856682173908,-4.4434407755034044e-05,-0.12893947958946228,12.587,28.08,80,GUIDED,True,ACTIVE,10,6
2026-09-28T19:58:40.284223,-35.3632622,149.1652376,10.0,0.01,-0.01,0.0,0.019152095541357994,0.019164206460118294,352,-0.00065138767240569,-0.00013851637777406722,-0.12885943055152893,12.587,28.16,80,GUIDED,True,ACTIVE,10,6
2026-09-28T19:58:40.786386,-35.3632622,149.1652376,10.0,0.01,-0.01,0.0,0.02086467295885086,0.02087908796966076,352,-0.0006071513053029776,-3.8206933822948486e-05,-0.1289658397436142,12.587,28.08,80,GUIDED,True,ACTIVE,10,6
2026-09-28T19:58:41.287550,-35.3632622,149.1652376,10.0,0.01,-0.01,0.0,0.022495657205581665,0.022511104121804237,352,-0.0004486257676035166,-0.00026774138677865267,-0.12889057397842407,12.587,28.08,80,GUIDED,True,ACTIVE,10,6
2026-09-28T19:58:41.788343,-35.3632622,149.1652376,10.0,0.01,-0.02,0.0,0.02321160025894642,0.023225044831633568,352,-0.0001474857999710366,-6.429622590076178e-05,-0.1289833039045334,12.587,28.08,80,GUIDED,True,ACTIVE,10,6
2026-09-28T19:58:42.288984,-35.3632622,149.1652376,9.999,0.01,-0.01,0.0,0.02274213917553425,0.022745048627257347,352,-0.0001371315447613597,-7.2409377025906e-05,-0.12909623980522156,12.587,28.08,79,GUIDED,True,ACTIVE,10,6
2026-09-28T19:58:42.789605,-35.3632622,149.1652376,9.999,0.01,-0.01,0.0,0.021936697885394096,0.02193867415189743,352,-5.757557300967164e-05,-1.1559014637896325e-05,-0.12855765223503113,12.587,28.08,79,GUIDED,True,ACTIVE,10,6
2026-09-28T19:58:43.290269,-35.3632622,149.1652376,9.998,0.01,-0.01,0.0,0.021722061559557915,0.0217351783066988,352,-5.667136065312661e-05,-7.661041308892891e-05,-0.1290532350540161,12.587,28.16,79,GUIDED,True,ACTIVE,10,6
2026-09-28T19:58:43.790582,-35.3632622,149.1652376,9.998,0.01,-0.01,0.0,0.021708983927965164,0.02172950468957424,352,4.2521431169006974e-05,-0.00012595215230248868,-0.12892751395702362,12.587,28.08,79,GUIDED,True,ACTIVE,10,6
2026-09-28T19:58:44.291195,-35.3632622,149.1652376,9.999,0.01,-0.01,0.0,0.021217413246631622,0.021232396364212036,352,0.000299834122415632,-0.00013252148346509784,-0.12890999019145966,12.587,28.08,79,GUIDED,True,ACTIVE,10,6
2026-09-28T19:58:44.791544,-35.3632622,149.1652376,9.999,0.01,-0.01,0.0,0.01972357928752899,0.01972716674208641,352,0.0003038124123122543,0.00037738194805569947,-0.12893074750900269,12.587,28.08,79,GUIDED,True,ACTIVE,10,6
2026-09-28T19:58:45.291914,-35.3632622,149.1652376,10.0,0.01,-0.01,0.0,0.018176645040512085,0.018176885321736336,352,0.00012150223483331501,0.00045499298721551895,-0.12872783839702606,12.587,28.08,79,GUIDED,True,ACTIVE,10,6
2026-09-28T19:58:45.792455,-35.3632622,149.1652376,10.0,0.0,-0.01,0.0,0.016652563586831093,0.016654832288622856,352,2.5623853616707493e-06,0.0004589045711327344,-0.12897931039333344,12.587,28.08,79,GUIDED,True,ACTIVE,10,6
2026-09-28T19:58:46.293077,-35.3632622,149.1652376,10.0,0.0,-0.01,0.0,0.016875477507710457,0.016880542039871216,352,-0.00011543082655407488,9.817062527872622e-05,-0.1289714127779007,12.587,28.08,78,GUIDED,True,ACTIVE,10,6
2026-09-28T19:58:46.793707,-35.3632622,149.1652376,10.0,0.0,-0.01,0.0,0.016662124544382095,0.0166727676987648,352,-2.3421096557285637e-05,0.0001310583611484617,-0.12884873151779175,12.587,28.08,78,GUIDED,True,ACTIVE,10,6
2026-09-28T19:58:47.294267,-35.3632622,149.1652376,10.0,0.0,-0.01,0.0,0.017336808145046234,0.01734958030283451,352,-5.4968782933428884e-05,3.277864016126841e-05,-0.12888814508914948,12.587,28.08,78,GUIDED,True,ACTIVE,10,6
2026-09-28T19:58:47.794454,-35.3632622,149.1652376,10.0,0.0,-0.01,0.0,0.017638975754380226,0.01765257865190506,352,-5.680093090631999e-05,-0.00025756811373867095,-0.12898759543895721,12.587,28.08,78,GUIDED,True,ACTIVE,10,6
2026-09-28T19:58:48.295229,-35.3632622,149.1652376,10.0,0.01,-0.01,0.0,0.018807679414749146,0.018823718652129173,352,1.1640444427030161e-05,-0.0005543014849536121,-0.12895362079143524,12.587,28.08,78,GUIDED,True,ACTIVE,10,6
2026-09-28T19:58:48.795977,-35.3632622,149.1652376,9.999,0.01,-0.01,0.0,0.01973039284348488,0.019731737673282623,352,0.00016717411926947534,-0.0004892715951427817,-0.12879633903503418,12.587,28.16,78,GUIDED,True,ACTIVE,10,6
2026-09-28T19:58:49.296874,-35.3632622,149.1652376,9.999,0.01,-0.01,0.0,0.020906681194901466,0.020911455154418945,352,-3.2794785511214286e-05,-0.0003078474255744368,-0.1287117302417755,12.587,28.08,78,GUIDED,True,ACTIVE,10,6
2026-09-28T19:58:49.797519,-35.3632622,149.1652376,9.998,0.01,-0.01,0.0,0.020690880715847015,0.020703179761767387,352,0.00010219398245681077,-8.641558088129386e-05,-0.12882904708385468,12.587,28.08,78,GUIDED,True,ACTIVE,10,6
2026-09-28T19:58:50.298219,-35.3632622,149.1652376,9.998,0.01,-0.01,0.0,0.020745202898979187,0.02077479287981987,352,4.070880459039472e-05,-1.9637758668977767e-05,-0.12887799739837646,12.587,28.08,78,GUIDED,True,ACTIVE,10,6
2026-09-28T19:58:50.798527,-35.3632622,149.1652376,9.999,0.01,-0.01,0.0,0.02020232193171978,0.020225942134857178,352,-7.025995728326961e-05,-0.00013812293764203787,-0.12889647483825684,12.587,28.08,77,GUIDED,True,ACTIVE,10,6
2026-09-28T19:58:51.299209,-35.3632622,149.1652376,9.999,0.01,-0.01,0.0,0.02047107368707657,0.02047124132514,352,-4.826105578104034e-05,-5.899204552406445e-05,-0.12879687547683716,12.587,28.08,77,GUIDED,True,ACTIVE,10,6
2026-09-28T19:58:51.799503,-35.3632622,149.1652376,10.0,0.01,-0.01,0.0,0.020276477560400963,0.020276490598917007,352,6.336881142487982e-06,-5.043829878559336e-05,-0.12889006733894348,12.587,28.08,77,GUIDED,True,ACTIVE,10,6
2026-09-28T19:58:52.300180,-35.3632622,149.1652376,10.0,0.01,-0.01,0.0,0.0205018799751997,0.020504137501120567,352,-5.696186417480931e-05,-8.17441032268107e-05,-0.12889614701271057,12.587,28.16,77,GUIDED,True,ACTIVE,10,6
2026-09-28T19:58:52.800483,-35.3632622,149.1652376,10.0,0.01,-0.01,0.0,0.020331867039203644,0.020336203277111053,352,-5.349086131900549e-05,-0.00010021709749707952,-0.12888212502002716,12.587,28.08,77,GUIDED,True,ACTIVE,10,6
2026-09-28T19:58:53.301167,-35.3632622,149.1652376,10.0,0.01,-0.01,0.0,0.02068973332643509,0.020698728039860725,352,-6.955346907489002e-05,-0.00026655750116333365,-0.12884677946567535,12.587,28.08,77,GUIDED,True,ACTIVE,10,6
2026-09-28T19:58:53.801780,-35.3632622,149.1652376,10.0,0.01,-0.01,0.0,0.021324865520000458,0.02133529633283615,352,0.0001384120259899646,-0.0009592171991243958,-0.12882378697395325,12.587,28.08,77,GUIDED,True,ACTIVE,10,6
2026-09-28T19:58:54.302461,-35.3632622,149.1652376,10.0,0.01,-0.01,0.0,0.022936804220080376,0.022951506078243256,352,9.271818998968229e-05,-0.0003370676131453365,-0.12895317375659943,12.587,28.08,77,GUIDED,True,ACTIVE,10,6
2026-09-28T19:58:54.803121,-35.3632622,149.1652376,10.0,0.01,-0.01,0.0,0.022551219910383224,0.022552603855729103,352,7.037267550913384e-06,0.00012516300193965435,-0.1290784776210785,12.587,28.08,76,GUIDED,True,ACTIVE,10,6
2026-09-28T19:58:55.304211,-35.3632622,149.1652376,9.999,0.01,-0.01,0.0,0.02107514627277851,0.021078502759337425,352,-5.6998054787982255e-05,0.0002884257410187274,-0.12881828844547272,12.587,28.16,76,GUIDED,True,ACTIVE,10,6
2026-09-28T19:58:55.804626,-35.3632622,149.1652376,9.999,0.01,-0.01,0.0,0.02001156471669674,0.020024556666612625,352,-0.00013079497148282826,0.00022194749908521771,-0.12897314131259918,12.587,28.08,76,GUIDED,True,ACTIVE,10,6
2026-09-28T19:58:56.305183,-35.3632622,149.1652376,9.998,0.01,-0.01,0.0,0.01982690952718258,0.019854266196489334,352,-6.39410936855711e-05,-3.825520980171859e-05,-0.12880578637123108,12.587,28.16,76,GUIDED,True,ACTIVE,10,6
2026-09-28T19:58:56.805606,-35.3632622,149.1652376,9.998,0.01,-0.01,0.0,0.019685233011841774,0.019725888967514038,352,0.00012680869258474559,-0.00014198404096532613,-0.12889480590820312,12.587,28.08,76,GUIDED,True,ACTIVE,10,6
2026-09-28T19:58:57.306366,-35.3632622,149.1652376,9.999,0.01,-0.01,0.0,0.019825568422675133,0.01985047198832035,352,5.03289493281045e-06,-0.0001404147915309295,-0.12873472273349762,12.587,28.16,76,GUIDED,True,ACTIVE,10,6
2026-09-28T19:58:57.807493,-35.3632622,149.1652376,10.0,0.01,-0.01,0.0,0.019673068076372147,0.01967436820268631,352,-2.7636628146865405e-05,-0.00016116848564706743,-0.1289134919643402,12.587,28.08,76,GUIDED,True,ACTIVE,10,6
2026-09-28T19:58:58.308250,-35.3632622,149.1652376,10.0,0.01,-0.01,0.0,0.020007934421300888,0.020010683685541153,352,-7.495270983781666e-05,-0.00012004801828879863,-0.12896928191184998,12.587,28.08,76,GUIDED,True,ACTIVE,10,6
2026-09-28T19:58:58.808868,-35.3632622,149.1652376,10.0,0.01,-0.01,0.0,0.01985420659184456,0.01985972933471203,352,2.0551403849822236e-06,-0.00014868150174152106,-0.1287793517112732,12.587,28.08,76,GUIDED,True,ACTIVE,10,6
2026-09-28T19:58:59.309515,-35.3632622,149.1652376,10.0,0.01,-0.01,0.0,0.019996782764792442,0.02000417746603489,352,1.0181503967032768e-05,-0.00016308878548443317,-0.1288900226354599,12.587,28.08,75,GUIDED,True,ACTIVE,10,6
2026-09-28T19:58:59.810021,-35.3632622,149.1652376,10.0,0.01,-0.01,0.0,0.019929151982069016,0.01993650384247303,352,-1.7077032680390403e-05,-0.00013075002061668783,-0.12885776162147522,12.587,28.08,75,GUIDED,True,ACTIVE,10,6
2026-09-28T19:59:00.310719,-35.3632622,149.1652376,10.0,0.01,-0.01,0.0,0.020192952826619148,0.020210281014442444,352,-3.0357259674929082e-05,-0.00012994074495509267,-0.12885473668575287,12.587,28.08,75,GUIDED,True,ACTIVE,10,6
2026-09-28T19:59:00.811194,-35.3632622,149.1652376,10.0,0.01,-0.01,0.0,0.020105333998799324,0.020121928304433823,352,-6.620400381507352e-05,-0.00011551379429874942,-0.12889118492603302,12.587,28.08,75,GUIDED,True,ACTIVE,10,6
2026-09-28T19:59:01.311697,-35.3632622,149.1652376,10.0,0.01,-0.01,0.0,0.02015329711139202,0.02016676403582096,352,5.5834392696851864e-05,-0.00012547901133075356,-0.12885954976081848,12.587,28.08,75,GUIDED,True,ACTIVE,10,6
2026-09-28T19:59:01.812131,-35.3632622,149.1652376,10.0,0.01,-0.01,0.0,0.0199811439961195,0.019998718053102493,352,-1.9864772184519097e-05,-0.00015126894868444651,-0.12881973385810852,12.587,28.08,75,GUIDED,True,ACTIVE,10,6
2026-09-28T19:59:02.312579,-35.3632622,149.1652376,9.999,0.01,-0.01,0.0,0.020336784422397614,0.020337369292974472,352,-6.530690734507516e-05,-0.0001664131850702688,-0.1288723647594452,12.587,28.08,75,GUIDED,True,ACTIVE,10,6
2026-09-28T19:59:02.812925,-35.3632622,149.1652376,9.999,0.01,-0.01,0.0,0.02011699229478836,0.020119447261095047,352,-2.0827334083151072e-05,-0.00010753569222288206,-0.12862984836101532,12.587,28.16,75,GUIDED,True,ACTIVE,10,6
2026-09-28T19:59:03.313463,-35.3632622,149.1652376,9.998,0.01,-0.01,0.0,0.0202068742364645,0.02023249864578247,352,8.397818601224571e-05,-7.738442218396813e-05,-0.12899163365364075,12.587,28.08,74,GUIDED,True,ACTIVE,10,6
2026-09-28T19:59:03.814016,-35.3632622,149.1652376,9.998,0.01,-0.01,0.0,0.01986089162528515,0.019877437502145767,352,-1.3380051314015873e-05,-0.00010683454456739128,-0.12885452806949615,12.587,28.08,74,GUIDED,True,ACTIVE,10,6
2026-09-28T19:59:04.314510,-35.3632622,149.1652376,9.999,0.01,-0.01,0.0,0.020022034645080566,0.02004229463636875,352,-0.00010282691073371097,-0.00015772238839417696,-0.12885354459285736,12.587,28.08,74,GUIDED,True,ACTIVE,10,6
2026-09-28T19:59:04.815198,-35.3632622,149.1652376,9.999,0.01,-0.01,0.0,0.020386215299367905,0.020387711003422737,352,9.289105946663767e-05,-0.00017950906476471573,-0.1289660781621933,12.587,28.08,74,GUIDED,True,ACTIVE,10,6
2026-09-28T19:59:05.315508,-35.3632622,149.1652376,10.0,0.01,-0.01,0.0,0.02031276561319828,0.020312799140810966,352,-2.6654939574655145e-05,-0.0001644182193558663,-0.1286977082490921,12.587,28.08,74,GUIDED,True,ACTIVE,10,6
2026-09-28T19:59:05.816019,-35.3632622,149.1652376,10.0,0.01,-0.01,0.0,0.02024865709245205,0.02025335095822811,352,-0.00010285218741046265,-9.35592470341362e-05,-0.1287258118391037,12.587,28.08,74,GUIDED,True,ACTIVE,10,6
2026-09-28T19:59:06.316468,-35.3632622,149.1652376,10.0,0.01,-0.01,0.0,0.020414575934410095,0.020417816936969757,352,-0.00010572499741101637,-9.657734335632995e-05,-0.12885648012161255,12.587,28.16,74,GUIDED,True,ACTIVE,10,6
2026-09-28T19:59:06.817143,-35.3632622,149.1652376,10.0,0.01,-0.01,0.0,0.020023414865136147,0.020033905282616615,352,-8.338428597198799e-05,-0.00010383554763393477,-0.1288152039051056,12.587,28.08,74,GUIDED,True,ACTIVE,10,6
2026-09-28T19:59:07.317824,-35.3632622,149.1652376,10.0,0.01,-0.01,0.0,0.020329823717474937,0.020340336486697197,352,6.303437112364918e-05,-0.00014618791465181857,-0.12877590954303741,12.587,28.08,74,GUIDED,True,ACTIVE,10,6
2026-09-28T19:59:07.818489,-35.3632622,149.1652376,9.999,0.01,-0.01,0.0,0.019901540130376816,0.01990196667611599,352,0.00012244246318005025,-0.00012032290396746248,-0.12883205711841583,12.587,28.16,73,GUIDED,True,ACTIVE,10,6
2026-09-28T19:59:08.319277,-35.3632622,149.1652376,9.999,0.01,-0.01,0.0,0.020288873463869095,0.020291993394494057,352,1.2636079418371082e-06,-0.0002530795754864812,-0.12894871830940247,12.587,28.08,73,GUIDED,True,ACTIVE,10,6
2026-09-28T19:59:08.819900,-35.3632622,149.1652376,9.998,0.01,-0.01,0.0,0.01982167176902294,0.01982899010181427,352,1.194400852000399e-06,-0.00010511370783206075,-0.12874279916286469,12.587,28.08,73,GUIDED,True,ACTIVE,10,6
2026-09-28T19:59:09.320591,-35.3632622,149.1652376,9.998,0.01,-0.01,0.0,0.020177995786070824,0.020212529227137566,352,-0.00019002782937604934,-0.0002728814142756164,-0.12879213690757751,12.587,28.08,73,GUIDED,True,ACTIVE,10,6
2026-09-28T19:59:09.821135,-35.3632622,149.1652376,9.998,0.01,-0.01,0.0,0.02011907659471035,0.020154766738414764,352,-0.0001474378805141896,1.4861239833408035e-05,-0.12889495491981506,12.587,28.08,73,GUIDED,True,ACTIVE,10,6
2026-09-28T19:59:10.321456,-35.3632622,149.1652376,9.999,0.01,-0.01,0.0,0.020238807424902916,0.020261967554688454,352,-1.4435748198593501e-05,-0.0002595218538772315,-0.12857449054718018,12.587,28.08,73,GUIDED,True,ACTIVE,10,6
2026-09-28T19:59:10.821834,-35.3632622,149.1652376,9.999,0.01,-0.01,0.0,0.02111295610666275,0.021113958209753036,352,9.915023110806942e-05,-0.0010855374857783318,-0.12881794571876526,12.587,28.08,73,GUIDED,True,ACTIVE,10,6
2026-09-28T19:59:11.322642,-35.3632622,149.1652376,10.0,0.01,-0.01,0.0,0.023276561871170998,0.023276647552847862,352,0.00017839865176938474,-0.001074617845006287,-0.1288863718509674,12.587,28.08,73,GUIDED,True,ACTIVE,10,6
2026-09-28T19:59:11.823488,-35.3632623,149.1652376,10.0,0.01,-0.01,0.0,0.02445117197930813,0.024451935663819313,352,0.0002395575138507411,-0.000857397448271513,-0.12875428795814514,12.587,28.08,72,GUIDED,True,ACTIVE,10,6
2026-09-28T19:59:12.324054,-35.3632623,149.1652376,10.0,0.02,-0.01,0.0,0.02550053969025612,0.025504665449261665,352,0.00011133587395306677,-0.0005994578823447227,-0.12873418629169464,12.587,28.08,72,GUIDED,True,ACTIVE,10,6
2026-09-28T19:59:12.824750,-35.3632623,149.1652376,10.0,0.02,-0.01,0.0,0.025246983394026756,0.025253526866436005,352,-0.00016694604710210115,0.0002997440751641989,-0.12881168723106384,12.587,28.08,72,GUIDED,True,ACTIVE,10,6
2026-09-28T19:59:13.325497,-35.3632622,149.1652376,10.0,0.01,-0.01,0.0,0.022914675995707512,0.022923236712813377,352,-5.525690357899293e-05,0.0005824144463986158,-0.1288917362689972,12.587,28.08,72,GUIDED,True,ACTIVE,10,6
2026-09-28T19:59:13.826603,-35.3632622,149.1652376,10.0,0.01,-0.01,0.0,0.02009900100529194,0.020113222301006317,352,-8.123488805722445e-05,0.0006645578541792929,-0.1289406716823578,12.587,28.08,72,GUIDED,True,ACTIVE,10,6
2026-09-28T19:59:14.327458,-35.3632622,149.1652376,9.999,0.01,-0.01,0.0,0.01852058805525303,0.018520591780543327,352,-0.00018588738748803735,0.0005142559530213475,-0.12878285348415375,12.587,28.08,72,GUIDED,True,ACTIVE,10,6
2026-09-28T19:59:14.828020,-35.3632622,149.1652376,9.999,0.0,-0.01,0.0,0.017216848209500313,0.017225045710802078,352,-6.118754390627146e-05,0.000528251170180738,-0.12890313565731049,12.587,28.08,72,GUIDED,True,ACTIVE,10,6
2026-09-28T19:59:15.328476,-35.3632622,149.1652376,9.998,0.0,-0.01,0.0,0.017380839213728905,0.017400868237018585,352,0.0003550763940438628,5.444746420835145e-05,-0.12884992361068726,12.587,28.08,72,GUIDED,True,ACTIVE,10,6
2026-09-28T19:59:15.829251,-35.3632622,149.1652376,9.998,0.0,-0.01,0.0,0.015833953395485878,0.01588282734155655,352,0.0007617343799211085,0.00015653372975066304,-0.12884566187858582,12.587,28.08,72,GUIDED,True,ACTIVE,10,6
2026-09-28T19:59:16.329901,-35.3632622,149.1652375,9.999,0.0,-0.01,0.0,0.013955077156424522,0.013999423012137413,352,0.0008484944701194763,0.00010194748756475747,-0.12878504395484924,12.587,28.16,71,GUIDED,True,ACTIVE,10,6
2026-09-28T19:59:16.830502,-35.3632622,149.1652375,9.999,0.0,0.0,0.0,0.013058002106845379,0.013060499913990498,352,0.0005030905012972653,-0.0004730751388706267,-0.128758504986763,12.587,28.08,71,GUIDED,True,ACTIVE,10,6
2026-09-28T19:59:17.331190,-35.3632622,149.1652375,10.0,0.01,0.0,0.0,0.014558429829776287,0.01455856952816248,352,0.0005029750755056739,-0.0004918530466966331,-0.12873873114585876,12.587,28.08,71,GUIDED,True,ACTIVE,10,6
2026-09-28T19:59:17.831994,-35.3632622,149.1652375,10.0,0.01,0.0,0.0,0.01637897454202175,0.01637900434434414,352,-0.00032166109303943813,-0.0004706991312559694,-0.1287507861852646,12.587,28.16,71,GUIDED,True,ACTIVE,10,6
2026-09-28T19:59:18.332583,-35.3632622,149.1652375,10.0,0.01,-0.01,0.0,0.019075801596045494,0.019081542268395424,352,-0.0006632485310547054,-0.00032106562866829336,-0.1287710964679718,12.587,28.08,71,GUIDED,True,ACTIVE,10,6
2026-09-28T19:59:18.833079,-35.3632622,149.1652376,10.0,0.01,-0.01,0.0,0.021269790828227997,0.021278543397784233,352,-0.0008776980685070157,-0.00026017133495770395,-0.12867841124534607,12.587,28.08,71,GUIDED,True,ACTIVE,10,6
2026-09-28T19:59:19.333698,-35.3632622,149.1652376,10.0,0.01,-0.01,0.0,0.02337133325636387,0.023380370810627937,352,-0.0006117524462752044,-0.00020396406762301922,-0.12890954315662384,12.587,28.08,71,GUIDED,True,ACTIVE,10,6
2026-09-28T19:59:19.834156,-35.3632622,149.1652376,10.0,0.01,-0.01,0.0,0.023914210498332977,0.023927778005599976,352,-0.00038470441359095275,-0.0002384336548857391,-0.1288371980190277,12.587,28.08,71,GUIDED,True,ACTIVE,10,6
2026-09-28T19:59:20.334506,-35.3632622,149.1652376,10.0,0.01,-0.02,0.0,0.02452423982322216,0.024540163576602936,352,-0.00021444805315695703,-0.0008272991981357336,-0.12889039516448975,12.587,28.08,70,GUIDED,True,ACTIVE,10,6
2026-09-28T19:59:20.835140,-35.3632622,149.1652376,10.0,0.01,-0.01,0.0,0.025670967996120453,0.025686228647828102,352,2.3371889255940914e-05,-0.0011561940191313624,-0.1288652867078781,12.587,28.08,70,GUIDED,True,ACTIVE,10,6
2026-09-28T19:59:21.335449,-35.3632622,149.1652376,10.0,0.01,-0.01,0.0,0.026906931772828102,0.026908883824944496,352,8.734953007660806e-05,-0.001024982426315546,-0.12868595123291016,12.587,28.08,70,GUIDED,True,ACTIVE,10,6
2026-09-28T19:59:21.836099,-35.3632623,149.1652376,9.999,0.02,-0.01,0.0,0.02753583900630474,0.02753625437617302,352,0.00024909040075726807,-0.0007276826072484255,-0.12869775295257568,12.587,28.08,70,GUIDED,True,ACTIVE,10,6
2026-09-28T19:59:22.336520,-35.3632623,149.1652376,9.999,0.02,-0.01,0.0,0.026952289044857025,0.02696872130036354,352,0.00028036802541464567,-0.000415168353356421,-0.1286681592464447,12.587,28.08,70,GUIDED,True,ACTIVE,10,6
2026-09-28T19:59:22.837048,-35.3632623,149.1652376,9.998,0.02,-0.01,0.0,0.02556445635855198,0.025593217462301254,352,0.00018151492986362427,0.00027542325551621616,-0.128811776638031,12.587,28.08,70,GUIDED,True,ACTIVE,10,6
2026-09-28T19:59:23.337463,-35.3632623,149.1652376,9.999,0.01,-0.01,0.0,0.02254491299390793,0.022573545575141907,352,-4.565158815239556e-05,0.0005408581346273422,-0.1285496950149536,12.587,28.08,70,RTL,True,ACTIVE,10,6
2026-09-28T19:59:23.837901,-35.3632622,149.1652376,10.0,0.01,-0.01,0.0,0.0199324619024992,0.022006651386618614,352,-0.00017452819156460464,0.0005414656479842961,-0.12881925702095032,12.587,28.25,70,RTL,True,ACTIVE,10,6
2026-09-28T19:59:24.338600,-35.3632622,149.1652376,10.036,0.01,-0.01,-0.17,0.018181556835770607,0.17205758392810822,352,-0.00011281893239356577,0.0007321321172639728,-0.12894655764102936,12.587,29.57,69,RTL,True,ACTIVE,10,6
2026-09-28T19:59:24.839367,-35.3632622,149.1652376,10.211,0.0,-0.01,-0.54,0.0167755838483572,0.546122670173645,352,-2.9496766728698276e-05,0.00043301726691424847,-0.1289474219083786,12.587,30.9,69,RTL,True,ACTIVE,10,6
2026-09-28T19:59:25.339949,-35.3632622,149.1652376,10.592,0.0,-0.01,-0.91,0.016236675903201103,0.9148210287094116,352,0.0004626225563697517,0.00010965478577418253,-0.12875264883041382,12.587,30.49,69,RTL,True,ACTIVE,10,6
2026-09-28T19:59:25.840583,-35.3632622,149.1652375,11.104,0.0,-0.01,-1.04,0.014450660906732082,1.0469576120376587,352,0.0007208214956335723,0.00018005828314926475,-0.1287042647600174,12.587,29.16,69,RTL,True,ACTIVE,10,6
2026-09-28T19:59:26.340833,-35.3632622,149.1652375,11.63,0.0,-0.01,-0.99,0.013083926402032375,0.9995015859603882,352,0.000615866738371551,0.00024457054678350687,-0.1287757307291031,12.587,28.49,69,RTL,True,ACTIVE,10,6
2026-09-28T19:59:26.841459,-35.3632622,149.1652375,12.107,0.0,0.0,-0.81,0.012119055725634098,0.8131259083747864,352,0.0006575200241059065,-0.0001640468108234927,-0.1288461983203888,12.587,27.17,69,RTL,True,ACTIVE,10,6
2026-09-28T19:59:27.342015,-35.3632622,149.1652375,12.437,0.0,0.0,-0.41,0.012867136858403683,0.41727837920188904,352,0.00027840278926305473,-0.0003319250245112926,-0.12868840992450714,12.587,25.84,69,RTL,True,ACTIVE,10,6
2026-09-28T19:59:27.842644,-35.3632622,149.1652375,12.55,0.01,0.0,-0.02,0.015130605548620224,0.03257915377616882,352,-0.0002572244848124683,-0.0006813203217461705,-0.12853075563907623,12.587,26.33,69,RTL,True,ACTIVE,10,6
2026-09-28T19:59:28.343164,-35.3632622,149.1652375,12.525,0.0,0.0,0.09,0.0013468745164573193,0.09673355519771576,352,0.003641388611868024,0.006587924901396036,-0.12874116003513336,12.587,27.91,69,RTL,True,ACTIVE,10,6
2026-09-28T19:59:28.843707,-35.3632623,149.1652377,12.49,0.0,0.0,0.04,0.0029686468187719584,0.04443374648690224,352,-0.0035735121928155422,-0.005543196108192205,-0.12903334200382233,12.587,28.41,68,RTL,True,ACTIVE,10,6
2026-09-28T19:59:29.344232,-35.3632623,149.1652377,12.479,0.01,-0.02,0.0,0.02856922708451748,0.02921287901699543,352,-0.0003908727958332747,-0.0003293230547569692,-0.12900172173976898,12.587,28.25,68,RTL,True,ACTIVE,10,6
2026-09-28T19:59:29.844697,-35.3632623,149.1652377,12.478,0.01,-0.01,0.0,0.026442019268870354,0.02679733745753765,352,-0.00035015729372389615,-0.00025816773995757103,-0.12877996265888214,12.587,28.08,68,RTL,True,ACTIVE,10,6
2026-09-28T19:59:30.345342,-35.3632623,149.1652377,12.479,0.01,-0.01,0.0,0.02569430321455002,0.02606736496090889,352,-0.00010311810183338821,-0.0004261356370989233,-0.12872949242591858,12.587,28.08,68,RTL,True,ACTIVE,10,6
2026-09-28T19:59:30.845849,-35.3632623,149.1652377,12.479,0.01,-0.01,0.0,0.02503392845392227,0.025188909843564034,352,-2.613464630485396e-06,-0.0005484590656124055,-0.1287808120250702,12.587,28.08,68,RTL,True,ACTIVE,10,6
2026-09-28T19:59:31.346491,-35.3632623,149.1652377,12.479,0.01,-0.01,0.0,0.02514883130788803,0.025255236774683,352,-0.00014451156312134117,-0.0004786058852914721,-0.12882742285728455,12.587,28.08,68,RTL,True,ACTIVE,10,6
2026-09-28T19:59:31.846646,-35.3632623,149.1652377,12.479,0.01,-0.01,0.0,0.0244184210896492,0.0246298685669899,352,-0.00012630777200683951,-0.00037556132883764803,-0.1288425326347351,12.587,28.08,68,RTL,True,ACTIVE,10,6
2026-09-28T19:59:32.347234,-35.3632623,149.1652377,12.479,0.01,-0.01,0.0,0.02503272145986557,0.025371888652443886,352,-0.0005771983414888382,-0.00033187164808623493,-0.12884971499443054,12.587,28.08,68,RTL,True,ACTIVE,10,6
2026-09-28T19:59:32.847889,-35.3632623,149.1652377,12.479,0.01,-0.01,0.0,0.02455679140985012,0.02492745779454708,352,9.2393318482209e-05,-0.00031191660673357546,-0.12863843142986298,12.587,28.08,67,RTL,True,ACTIVE,10,6
2026-09-28T19:59:33.348460,-35.3632623,149.1652377,12.479,0.01,-0.01,0.0,0.023112988099455833,0.023494921624660492,352,0.0004988891305401921,-0.00020418540225364268,-0.12903495132923126,12.587,28.08,67,RTL,True,ACTIVE,10,6
2026-09-28T19:59:33.849101,-35.3632623,149.1652377,12.48,0.01,-0.01,0.0,0.02173842489719391,0.022111710160970688,352,0.0002425233251415193,-0.00010940080392174423,-0.12855800986289978,12.587,28.08,67,RTL,True,ACTIVE,10,6
2026-09-28T19:59:34.349454,-35.3632623,149.1652377,12.479,0.01,-0.01,0.01,0.02002202346920967,0.027114668861031532,352,4.933084346703254e-05,0.0006385117885656655,-0.12886567413806915,12.587,27.66,67,RTL,True,ACTIVE,10,6
2026-09-28T19:59:34.850103,-35.3632623,149.1652377,12.366,0.01,-0.01,0.47,0.017974255606532097,0.47619059681892395,352,0.0002000415843212977,0.000831565645057708,-0.1290764957666397,12.587,24.67,67,RTL,True,ACTIVE,10,6
2026-09-28T19:59:35.350458,-35.3632623,149.1652377,11.988,0.0,-0.01,1.03,0.015557258389890194,1.0343871116638184,352,0.00021349491726141423,0.0006543968338519335,-0.12890931963920593,12.587,24.17,67,RTL,True,ACTIVE,10,6
2026-09-28T19:59:35.850662,-35.3632623,149.1652377,11.333,0.0,-0.01,1.47,0.014260869473218918,1.4754170179367065,352,0.0004809812526218593,0.00020060224051121622,-0.1286490112543106,12.587,25.59,67,RTL,True,ACTIVE,10,6
2026-09-28T19:59:36.350973,-35.3632623,149.1652377,10.648,0.0,-0.01,1.08,0.013860713690519333,1.0831477642059326,352,0.0003785736917052418,-0.0001410249969922006,-0.1286730319261551,12.587,30.57,67,RTL,True,ACTIVE,10,6
2026-09-28T19:59:36.851447,-35.3632623,149.1652377,10.247,0.0,-0.01,0.51,0.013828053139150143,0.5136266350746155,352,9.194035374093801e-05,-0.00012138799502281472,-0.12877902388572693,12.587,30.07,67,RTL,True,ACTIVE,10,6
2026-09-28T19:59:37.351742,-35.3632623,149.1652377,10.027,0.0,-0.01,0.38,0.014526870101690292,0.39014989137649536,352,0.00018141702457796782,-0.00014883554831612855,-0.128810316324234,12.587,27.83,66,RTL,True,ACTIVE,10,6
2026-09-28T19:59:37.852421,-35.3632623,149.1652377,9.814,0.0,-0.01,0.44,0.014803986996412277,0.443915992975235,352,-2.3480457457480952e-05,-0.00024158843734767288,-0.12878286838531494,12.587,27.41,66,RTL,True,ACTIVE,10,6
2026-09-28T19:59:38.353127,-35.3632623,149.1652377,9.576,0.01,-0.01,0.48,0.017611542716622353,0.4890536367893219,352,0.0002749751729425043,-0.0008456279174424708,-0.12872754037380219,12.587,27.58,66,RTL,True,ACTIVE,10,6
2026-09-28T19:59:38.853459,-35.3632623,149.1652377,9.326,0.01,-0.01,0.49,0.020334813743829727,0.5000346899032593,352,-0.0001839670294430107,-0.0009771930053830147,-0.12877728044986725,12.587,27.75,66,RTL,True,ACTIVE,10,6
2026-09-28T19:59:39.353933,-35.3632623,149.1652377,9.072,0.01,-0.01,0.49,0.022496255114674568,0.4988105297088623,352,-0.0002393515023868531,-0.0007735820254310966,-0.12873320281505585,12.587,27.75,66,RTL,True,ACTIVE,10,6
2026-09-28T19:59:39.854462,-35.3632623,149.1652377,8.818,0.01,-0.01,0.49,0.023957112804055214,0.4941902458667755,352,-0.0003359461552463472,-0.00045410211896523833,-0.12872953712940216,12.587,27.75,66,RTL,True,ACTIVE,10,6
2026-09-28T19:59:40.355161,-35.3632623,149.1652377,8.567,0.01,-0.01,0.49,0.02424762211740017,0.4919574558734894,352,8.115184027701616e-05,-0.00040574572631157935,-0.12858134508132935,12.587,27.75,66,RTL,True,ACTIVE,10,6
2026-09-28T19:59:40.855542,-35.3632623,149.1652377,8.318,0.01,-0.01,0.48,0.023064611479640007,0.4905332624912262,352,9.158404282061383e-05,-0.00029937762883491814,-0.1287059336900711,12.587,27.75,66,RTL,True,ACTIVE,10,6
2026-09-28T19:59:41.356227,-35.3632623,149.1652377,8.067,0.01,-0.01,0.48,0.02258937805891037,0.4902646839618683,352,-0.00019015274301636964,-0.00011298598110442981,-0.12892316281795502,12.587,27.75,65,RTL,True,ACTIVE,10,6
2026-09-28T19:59:41.856884,-35.3632623,149.1652377,7.817,0.01,-0.01,0.48,0.021775811910629272,0.48985859751701355,352,-1.7473723801231245e-06,-0.000252426863880828,-0.1288733184337616,12.587,27.75,65,RTL,True,ACTIVE,10,6
2026-09-28T19:59:42.357518,-35.3632623,149.1652377,7.566,0.01,-0.01,0.48,0.02279135398566723,0.489784300327301,352,-0.00020849490829277784,-0.00011864551197504625,-0.12868690490722656,12.587,27.75,65,RTL,True,ACTIVE,10,6
2026-09-28T19:59:42.858220,-35.3632623,149.1652377,7.316,0.01,-0.01,0.48,0.021783703938126564,0.48955440521240234,352,8.345090463990346e-05,0.0005619673756882548,-0.1287028193473816,12.587,27.75,65,RTL,True,ACTIVE,10,6
2026-09-28T19:59:43.359005,-35.3632623,149.1652377,7.068,0.01,-0.01,0.48,0.018928809091448784,0.4894730746746063,352,-0.0004592271870933473,0.0008282849448733032,-0.12883716821670532,12.587,27.75,65,RTL,True,ACTIVE,10,6
2026-09-28T19:59:43.859980,-35.3632623,149.1652377,6.818,0.0,-0.01,0.48,0.018066197633743286,0.48965877294540405,352,0.0003724178241100162,-0.00010151293099625036,-0.12897934019565582,12.587,27.75,65,RTL,True,ACTIVE,10,6
2026-09-28T19:59:44.360717,-35.3632623,149.1652377,6.567,0.0,-0.01,0.48,0.01708259806036949,0.4902232587337494,352,-0.00021191166888456792,0.000479792506666854,-0.1290077418088913,12.587,27.75,65,RTL,True,ACTIVE,10,6
2026-09-28T19:59:44.861459,-35.3632623,149.1652377,6.317,0.0,-0.01,0.48,0.01743297651410103,0.49025458097457886,352,0.00017553442739881575,-1.596986476215534e-05,-0.12896738946437836,12.587,27.75,65,RTL,True,ACTIVE,10,6
2026-09-28T19:59:45.362169,-35.3632623,149.1652377,6.068,0.0,-0.01,0.49,0.016723990440368652,0.4905507266521454,352,-0.0002637717698235065,-1.230981888511451e-05,-0.1289464682340622,12.587,27.75,65,RTL,True,ACTIVE,10,6
2026-09-28T19:59:45.862457,-35.3632623,149.1652377,5.818,0.0,-0.01,0.48,0.017504245042800903,0.4902734160423279,352,8.06458956503775e-06,-9.279912046622485e-05,-0.12864930927753448,12.587,27.75,64,RTL,True,ACTIVE,10,6
2026-09-28T19:59:46.362870,-35.3632623,149.1652377,5.567,0.01,-0.01,0.48,0.018485020846128464,0.48983195424079895,352,-0.00010595705680316314,-0.0003427363117225468,-0.1283523440361023,12.587,27.75,64,RTL,True,ACTIVE,10,6
2026-09-28T19:59:46.863514,-35.3632623,149.1652377,5.317,0.01,-0.01,0.48,0.017766352742910385,0.48954370617866516,352,0.0003834459639620036,-0.000780708622187376,-0.12810954451560974,12.587,27.75,64,RTL,True,ACTIVE,10,6
2026-09-28T19:59:47.364314,-35.3632623,149.1652377,4.943,0.01,-0.01,0.48,0.021271340548992157,0.4901217222213745,352,2.2826150598120876e-05,-0.0006653749733231962,-0.12836278975009918,12.587,27.75,64,RTL,True,ACTIVE,10,6
2026-09-28T19:59:47.864671,-35.3632623,149.1652377,4.693,0.01,-0.01,0.48,0.02287696674466133,0.4901486337184906,352,0.00020850518194492906,-0.00054934126092121,-0.1287558674812317,12.587,27.75,64,RTL,True,ACTIVE,10,6
2026-09-28T19:59:48.365950,-35.3632623,149.1652377,4.567,0.01,-0.01,0.48,0.023320568725466728,0.49011728167533875,352,0.00027186289662495255,-0.0004119942896068096,-0.12888586521148682,12.587,27.75,64,RTL,True,ACTIVE,10,6
2026-09-28T19:59:48.866720,-35.3632623,149.1652377,4.317,0.01,-0.01,0.48,0.022673767060041428,0.4902752935886383,352,0.0003287955478299409,-9.750754543347284e-05,-0.12894470989704132,12.587,27.75,64,RTL,True,ACTIVE,10,6
2026-09-28T19:59:49.366922,-35.3632623,149.1652377,3.943,0.01,-0.01,0.48,0.02029002644121647,0.48998624086380005,352,0.00034868597867898643,4.9274891352979466e-05,-0.12881505489349365,12.587,27.75,64,RTL,True,ACTIVE,10,6
2026-09-28T19:59:49.868554,-35.3632623,149.1652377,3.693,0.01,-0.01,0.48,0.019341450184583664,0.49007460474967957,352,0.00013085216050967574,-0.00012496861745603383,-0.12848758697509766,12.587,27.75,63,RTL,True,ACTIVE,10,6
2026-09-28T19:59:50.369709,-35.3632623,149.1652377,3.442,0.01,-0.01,0.48,0.019631732255220413,0.49022388458251953,352,9.867652988759801e-05,-0.0004303051973693073,-0.12888982892036438,12.587,27.75,63,RTL,True,ACTIVE,10,6
2026-09-28T19:59:50.870733,-35.3632623,149.1652377,3.192,0.01,-0.01,0.48,0.020124543458223343,0.4901444911956787,352,0.0003333745407871902,-0.00020291183318477124,-0.12876111268997192,12.587,27.75,63,RTL,True,ACTIVE,10,6
2026-09-28T19:59:51.372290,-35.3632623,149.1652377,2.942,0.01,-0.01,0.48,0.019523561000823975,0.4898371398448944,352,4.050187999382615e-05,0.0004911283613182604,-0.1287635713815689,12.587,27.75,63,RTL,True,ACTIVE,10,6
2026-09-28T19:59:51.873461,-35.3632623,149.1652377,2.692,0.01,-0.01,0.48,0.016949418932199478,0.48914602398872375,352,5.627366590488236e-06,0.0006142347119748592,-0.12896639108657837,12.587,27.75,63,RTL,True,ACTIVE,10,6
2026-09-28T19:59:52.373967,-35.3632623,149.1652377,2.441,0.0,-0.01,0.48,0.016185708343982697,0.4893849492073059,352,-0.0003825352468993515,0.0005884576821699739,-0.12917189300060272,12.587,27.75,63,RTL,True,ACTIVE,10,6
2026-09-28T19:59:52.874683,-35.3632623,149.1652377,2.191,0.0,-0.01,0.48,0.017265066504478455,0.4890538156032562,352,-0.0006289962329901755,0.0003310209431219846,-0.12882830202579498,12.587,27.75,63,RTL,True,ACTIVE,10,6
2026-09-28T19:59:53.375479,-35.3632623,149.1652377,1.942,0.0,-0.01,0.48,0.01871800608932972,0.4894905686378479,352,-0.00010296906839357689,-9.950639650924131e-05,-0.1285373717546463,12.587,27.75,63,RTL,True,ACTIVE,10,6
2026-09-28T19:59:53.876067,-35.3632623,149.1652377,1.692,0.0,-0.01,0.48,0.018368348479270935,0.4892224371433258,352,-1.2648098163481336e-05,0.00014670826203655452,-0.1292438805103302,12.587,27.75,63,RTL,True,ACTIVE,10,6
2026-09-28T19:59:54.380915,-35.3632623,149.1652377,1.442,0.0,-0.01,0.48,0.017809739336371422,0.48948830366134644,352,9.591009438736364e-05,-7.792452379362658e-05,-0.1290730983018875,12.587,27.75,62,RTL,True,ACTIVE,10,6
2026-09-28T19:59:54.882029,-35.3632623,149.1652377,1.191,0.0,-0.01,0.48,0.017666932195425034,0.48949873447418213,352,-6.128950917627662e-05,1.9155630070599727e-05,-0.12842108309268951,12.587,27.75,62,RTL,True,ACTIVE,10,6
2026-09-28T19:59:55.382584,-35.3632623,149.1652377,0.943,0.0,-0.01,0.48,0.01846587099134922,0.4898199141025543,352,-0.0001675747917033732,-0.0007972547318786383,-0.12894564867019653,12.587,27.75,62,RTL,True,ACTIVE,10,6
2026-09-28T19:59:55.882940,-35.3632623,149.1652377,0.694,0.01,-0.01,0.49,0.02073083445429802,0.49053236842155457,352,0.00013990170555189252,-0.0010202017147094011,-0.1288108229637146,12.587,27.75,62,LAND,True,ACTIVE,10,6
2026-09-28T19:59:56.383563,-35.3632623,149.1652377,0.443,0.01,-0.01,0.49,0.022940736263990402,0.49084922671318054,352,0.0002834679908119142,-0.00086474500130862,-0.12871575355529785,12.587,27.75,62,LAND,True,ACTIVE,10,6
2026-09-28T19:59:56.884143,-35.3632623,149.1652377,0.193,0.01,-0.01,0.49,0.02361159399151802,0.49098649621009827,352,-0.000140224932692945,-0.0004933484015055001,-0.1287810355424881,12.587,27.75,62,LAND,True,ACTIVE,10,6
2026-09-28T19:59:57.384465,-35.3632623,149.1652377,0.084,0.01,-0.01,-0.11,0.016601907089352608,0.11834505200386047,352,5.820232763653621e-05,-0.0001281164586544037,-0.12849819660186768,12.587,4.81,62,LAND,True,ACTIVE,10,6
2026-09-28T19:59:57.885356,-35.3632623,149.1652377,0.077,0.01,-0.01,0.01,0.017491482198238373,0.02295859344303608,352,6.435570685425773e-05,-0.00011182299203937873,-0.12847085297107697,12.587,0.08,62,LAND,True,ACTIVE,10,6
2026-09-28T19:59:58.385953,-35.3632624,149.1652377,0.069,0.01,-0.01,0.01,0.017398716881871223,0.020274344831705093,352,5.77107239223551e-05,-0.00011205153714399785,-0.1284368485212326,12.587,0.08,62,LAND,True,ACTIVE,10,6
2026-09-28T19:59:58.886514,-35.3632624,149.1652377,0.062,0.01,-0.01,0.0,0.017568690702319145,0.019927535206079483,352,5.3281615691957995e-05,-0.00010929498967016116,-0.1284148246049881,12.587,0.0,62,LAND,True,ACTIVE,10,6
2026-09-28T19:59:59.387200,-35.3632624,149.1652377,0.053,0.01,-0.01,0.0,0.01796104945242405,0.02020176313817501,352,3.2216383260674775e-05,-0.00013174589548725635,-0.12759272754192352,12.587,0.0,62,LAND,True,ACTIVE,10,6
2026-09-28T19:59:59.887460,-35.3632624,149.1652377,0.038,0.01,-0.01,0.0,0.018592044711112976,0.02099297195672989,352,2.3649916329304688e-05,-0.00013212159683462232,-0.1253671795129776,12.587,0.0,62,LAND,False,STANDBY,10,6
2026-09-28T20:00:00.387797,-35.3632624,149.1652377,0.027,0.01,-0.01,0.0,0.018803440034389496,0.021262679249048233,352,3.958789602620527e-05,-0.00010910876153502613,-0.12440773099660873,12.587,0.0,62,LAND,False,STANDBY,10,6
2026-09-28T20:00:00.888462,-35.3632624,149.1652377,0.018,0.01,-0.01,0.0,0.018064724281430244,0.02048242837190628,352,7.568293221993372e-05,-5.696439984603785e-05,-0.12390127778053284,12.587,0.0,62,LAND,False,STANDBY,10,6
2026-09-28T20:00:01.388663,-35.3632624,149.1652377,0.012,0.01,-0.01,0.0,0.017021257430315018,0.01936541311442852,352,9.763622801983729e-05,-3.361717608640902e-05,-0.12362369894981384,12.587,0.0,62,LAND,False,STANDBY,10,6
2026-09-28T20:00:01.888891,-35.3632624,149.1652377,0.007,0.01,-0.01,0.0,0.016194600611925125,0.018363166600465775,352,0.00011977435497101396,-1.642926872591488e-05,-0.12348154187202454,12.587,0.0,62,LAND,False,STANDBY,10,6
2026-09-28T20:00:02.389461,-35.3632624,149.1652377,0.004,0.0,-0.01,0.0,0.015687935054302216,0.017614321783185005,352,0.00011333479778841138,-1.8383600036031567e-05,-0.12341445684432983,12.587,0.0,62,LAND,False,STANDBY,10,6
2026-09-28T20:00:02.889787,-35.3632624,149.1652377,0.001,0.0,-0.01,0.0,0.015219129621982574,0.016873691231012344,352,9.279197547584772e-05,-2.8278414902160875e-05,-0.12338636070489883,12.587,0.0,62,LAND,False,STANDBY,10,6
2026-09-28T20:00:03.390117,-35.3632624,149.1652377,0.0,0.0,-0.01,0.0,0.015677526593208313,0.01695997826755047,352,4.4824650103691965e-05,-7.939336501294747e-05,-0.12340076267719269,12.587,0.0,62,LAND,False,STANDBY,10,6
2026-09-28T20:00:03.890497,-35.3632624,149.1652377,-0.001,0.01,-0.01,0.0,0.016544274985790253,0.017511611804366112,352,9.525897439743858e-06,-0.00010783404286485165,-0.1234138011932373,12.587,0.0,62,LAND,False,STANDBY,10,6
2026-09-28T20:00:04.391117,-35.3632624,149.1652377,-0.002,0.01,-0.01,0.0,0.01763995736837387,0.018347395583987236,352,-3.4583335946081206e-05,-0.00015671343135181814,-0.1234464943408966,12.587,0.0,62,LAND,False,STANDBY,10,6
2026-09-28T20:00:04.891449,-35.3632624,149.1652377,-0.003,0.01,-0.01,0.0,0.01884397305548191,0.019342457875609398,352,-7.683393050683662e-05,-0.00019581743981689215,-0.12348836660385132,12.587,0.0,62,LAND,False,STANDBY,10,6
2026-09-28T20:00:05.392097,-35.3632624,149.1652377,-0.003,0.01,-0.01,0.0,0.020252583548426628,0.020572971552610397,352,-0.00011710736725945026,-0.00023852905724197626,-0.12354259192943573,12.587,0.0,62,LAND,False,STANDBY,10,6
2026-09-28T20:00:05.892448,-35.3632624,149.1652377,-0.003,0.01,-0.01,0.0,0.021614491939544678,0.021809488534927368,352,-0.00014807582192588598,-0.0002765444223769009,-0.12360019236803055,12.587,0.0,62,LAND,False,STANDBY,10,6
2026-09-28T20:00:06.393088,-35.3632624,149.1652377,-0.003,0.01,-0.01,0.0,0.02285231463611126,0.022957000881433487,352,-0.00018726875714492053,-0.00031614876934327185,-0.12366362661123276,12.587,0.0,62,LAND,False,STANDBY,10,6
2026-09-28T20:00:06.893565,-35.3632624,149.1652377,-0.002,0.01,-0.01,0.0,0.023887721821665764,0.023941481485962868,352,-0.00021479956922121346,-0.0003435266553424299,-0.12374658137559891,12.587,0.0,62,LAND,False,STANDBY,10,6
2026-09-28T20:00:07.393979,-35.3632624,149.1652377,-0.002,0.01,-0.01,0.0,0.024845918640494347,0.02486492320895195,352,-0.00024255149764940143,-0.0003652223676908761,-0.12383943051099777,12.587,0.0,62,LAND,False,STANDBY,10,6
2026-09-28T20:00:07.894463,-35.3632624,149.1652377,-0.002,0.01,-0.02,0.0,0.025488730520009995,0.02549414336681366,352,-0.00026458690990693867,-0.00036622665356844664,-0.12394097447395325,12.587,0.0,62,LAND,False,STANDBY,10,6
2026-09-28T20:00:08.395040,-35.3632624,149.1652377,-0.001,0.01,-0.02,0.0,0.026218123733997345,0.026218732818961143,352,-0.0002865489514078945,-0.0003855715331155807,-0.12404140830039978,12.587,0.0,62,LAND,False,STANDBY,10,6
2026-09-28T20:00:08.895564,-35.3632624,149.1652377,0.0,0.01,-0.02,0.0,0.026548245921730995,0.02654886245727539,352,-0.0002840730594471097,-0.00039069008198566735,-0.1241515576839447,12.587,0.0,62,LAND,False,STANDBY,10,6
2026-09-28T20:00:09.396139,-35.3632624,149.1652377,0.0,0.01,-0.02,0.0,0.027001842856407166,0.027006329968571663,352,-0.00029398128390312195,-0.00040378764970228076,-0.12427207082509995,12.587,0.0,62,LAND,False,STANDBY,10,6
2026-09-28T20:00:09.896547,-35.3632624,149.1652377,0.0,0.01,-0.02,0.0,0.02704121358692646,0.027056576684117317,352,-0.00030289278947748244,-0.0004028584808111191,-0.1243971511721611,12.587,0.0,62,LAND,False,STANDBY,10,6
2026-09-28T20:00:10.396776,-35.3632624,149.1652377,0.0,0.01,-0.02,0.0,0.027251487597823143,0.02728087641298771,352,-0.00030489335767924786,-0.0003966179210692644,-0.12452569603919983,12.587,0.0,62,LAND,False,STANDBY,10,6
2026-09-28T20:00:10.897199,-35.3632624,149.1652377,0.001,0.01,-0.02,0.0,0.02720540389418602,0.027245208621025085,352,-0.0002914586802944541,-0.0003870603977702558,-0.1246623694896698,12.587,0.0,62,LAND,False,STANDBY,10,6
2026-09-28T20:00:11.397790,-35.3632624,149.1652377,0.002,0.01,-0.02,0.0,0.02739260531961918,0.027436895295977592,352,-0.00028811683296225965,-0.000388957530958578,-0.12480893731117249,12.587,0.0,62,LAND,False,STANDBY,10,6
2026-09-28T20:00:11.898548,-35.3632624,149.1652377,0.002,0.01,-0.02,0.0,0.027075694873929024,0.027130696922540665,352,-0.00027421474806033075,-0.00037851923843845725,-0.12496258318424225,12.587,0.0,62,LAND,False,STANDBY,10,6
2026-09-28T20:00:12.399173,-35.3632624,149.1652377,0.003,0.01,-0.02,0.0,0.02688131481409073,0.02694595977663994,352,-0.000272230216069147,-0.0003702445246744901,-0.12512002885341644,12.587,0.0,62,LAND,False,STANDBY,10,6
2026-09-28T20:00:12.899471,-35.3632624,149.1652377,0.003,0.01,-0.02,0.0,0.026394719257950783,0.026467647403478622,352,-0.00024951150408014655,-0.0003605616802815348,-0.12528382241725922,12.587,0.0,62,LAND,False,STANDBY,10,6
2026-09-28T20:00:13.400107,-35.3632624,149.1652377,0.003,0.01,-0.02,0.0,0.026531623676419258,0.026612211018800735,352,-0.00024836554075591266,-0.0003544897772371769,-0.1254420280456543,12.587,0.0,62,LAND,False,STANDBY,10,6
2026-09-28T20:00:13.900765,-35.3632624,149.1652377,0.004,0.01,-0.02,0.0,0.02609945461153984,0.02617906779050827,352,-0.00023891379532869905,-0.00034872093237936497,-0.12562358379364014,12.587,0.0,62,LAND,False,STANDBY,10,6
2026-09-28T20:00:14.401520,-35.3632624,149.1652377,0.004,0.01,-0.02,0.0,0.025954844430088997,0.026037126779556274,352,-0.000234680061112158,-0.0003470958035904914,-0.12580925226211548,12.587,0.0,62,LAND,False,STANDBY,10,6
2026-09-28T20:00:14.901986,-35.3632624,149.1652377,0.004,0.01,-0.02,0.0,0.025597944855690002,0.025684986263513565,352,-0.00021797984663862735,-0.0003318276721984148,-0.12598976492881775,12.587,0.0,62,LAND,False,STANDBY,10,6
2026-09-28T20:00:15.402516,-35.3632624,149.1652377,0.005,0.01,-0.02,0.0,0.025555694475769997,0.02564365044236183,352,-0.0002179546863771975,-0.00033038610126823187,-0.12617872655391693,12.587,0.0,62,LAND,False,STANDBY,10,6
2026-09-28T20:00:15.902931,-35.3632624,149.1652377,0.005,0.01,-0.01,0.0,0.025144703686237335,0.025235088542103767,352,-0.00021089718211442232,-0.0003264194820076227,-0.12637002766132355,12.587,0.0,62,LAND,False,STANDBY,10,6
2026-09-28T20:00:16.403642,-35.3632624,149.1652377,0.005,0.01,-0.01,0.0,0.025387370958924294,0.025465408340096474,352,-0.00021381420083343983,-0.0003272353787906468,-0.12656019628047943,12.587,0.0,62,LAND,False,STANDBY,10,6
2026-09-28T20:00:16.904102,-35.3632624,149.1652377,0.005,0.01,-0.01,0.0,0.02515208162367344,0.02523774467408657,352,-0.00020686493371613324,-0.0003122698690276593,-0.12675738334655762,12.587,0.0,62,LAND,False,STANDBY,10,6
2026-09-28T20:00:17.404797,-35.3632624,149.1652377,0.005,0.01,-0.01,0.0,0.024918826296925545,0.025006864219903946,352,-0.0002081792481476441,-0.0003038792929146439,-0.1269567459821701,12.587,0.0,62,LAND,False,STANDBY,10,6
2026-09-28T20:00:17.905506,-35.3632624,149.1652377,0.005,0.01,-0.01,0.0,0.024734413251280785,0.024815864861011505,352,-0.00019826809875667095,-0.00029797988827340305,-0.12716801464557648,12.587,0.0,62,LAND,False,STANDBY,10,6
2026-09-28T20:00:18.406326,-35.3632624,149.1652377,0.006,0.01,-0.01,0.0,0.02463681437075138,0.024709947407245636,352,-0.00019732413056772202,-0.00029363969224505126,-0.12736894190311432,12.587,0.0,62,LAND,False,STANDBY,10,6
2026-09-28T20:00:18.906738,-35.3632624,149.1652377,0.006,0.01,-0.01,0.0,0.024441922083497047,0.024518487975001335,352,-0.00019560848886612803,-0.0002795061736833304,-0.12757840752601624,12.587,0.0,62,LAND,False,STANDBY,10,6
2026-09-28T20:00:19.407459,-35.3632624,149.1652377,0.006,0.01,-0.01,0.0,0.024371622130274773,0.024441756308078766,352,-0.00019680600962601602,-0.0002801980881486088,-0.12779036164283752,12.587,0.0,62,LAND,False,STANDBY,10,6
2026-09-28T20:00:19.908159,-35.3632624,149.1652377,0.006,0.01,-0.01,0.0,0.02437584288418293,0.02443636953830719,352,-0.0001964898983715102,-0.00026205391623079777,-0.12800806760787964,12.587,0.0,62,LAND,False,STANDBY,10,6
2026-09-28T20:00:20.408698,-35.3632624,149.1652377,0.006,0.01,-0.01,0.0,0.024317631497979164,0.024370919913053513,352,-0.0002022288681473583,-0.000266885879682377,-0.12823179364204407,12.587,0.0,62,LAND,False,STANDBY,10,6
2026-09-28T20:00:20.909501,-35.3632624,149.1652377,0.006,0.01,-0.01,0.0,0.024257821962237358,0.02431293949484825,352,-0.0002003288100240752,-0.0002603400789666921,-0.12845176458358765,12.587,0.0,62,LAND,False,STANDBY,10,6
2026-09-28T20:00:21.409917,-35.3632624,149.1652377,0.006,0.01,-0.01,0.0,0.0243882667273283,0.02443823777139187,352,-0.0001984538830583915,-0.00026811976567842066,-0.12867514789104462,12.587,0.0,62,LAND,False,STANDBY,10,6
2026-09-28T20:00:21.910573,-35.3632624,149.1652377,0.005,0.01,-0.01,0.0,0.024319106712937355,0.024365324527025223,352,-0.00019844755297526717,-0.0002654503332450986,-0.12889496982097626,12.587,0.0,62,LAND,False,STANDBY,10,6
2026-09-28T20:00:22.411314,-35.3632624,149.1652377,0.005,0.01,-0.01,0.0,0.024322403594851494,0.024363873526453972,352,-0.00019621157844085246,-0.00026170918135903776,-0.12911094725131989,12.587,0.0,62,LAND,False,STANDBY,10,6
2026-09-28T20:00:22.911717,-35.3632624,149.1652377,0.005,0.01,-0.01,0.0,0.02425491251051426,0.024296564981341362,352,-0.00018512154929339886,-0.00025724072474986315,-0.12932853400707245,12.587,0.0,62,LAND,False,STANDBY,10,6
2026-09-28T20:00:23.412454,-35.3632624,149.1652377,0.005,0.01,-0.01,0.0,0.02424163930118084,0.02428271248936653,352,-0.0001767499779816717,-0.0002518520050216466,-0.1295483559370041,12.587,0.0,62,LAND,False,STANDBY,10,6
2026-09-28T20:00:23.913247,-35.3632624,149.1652377,0.005,0.01,-0.01,0.0,0.02399761788547039,0.024030907079577446,352,-0.00016553641762584448,-0.0002487440360710025,-0.12976966798305511,12.587,0.0,62,LAND,False,STANDBY,10,6
2026-09-28T20:00:24.413513,-35.3632624,149.1652377,0.005,0.01,-0.01,0.0,0.024046340957283974,0.0240801889449358,352,-0.00017051993927452713,-0.0002555331739131361,-0.12999525666236877,12.587,0.0,62,LAND,False,STANDBY,10,6
2026-09-28T20:00:24.913801,-35.3632624,149.1652377,0.005,0.01,-0.01,0.0,0.0239367987960577,0.023965416476130486,352,-0.00016692497592885047,-0.0002517501125112176,-0.13022346794605255,12.587,0.0,62,LAND,False,STANDBY,10,6
2026-09-28T20:00:25.414504,-35.3632624,149.1652377,0.005,0.01,-0.01,0.0,0.023871371522545815,0.023894069716334343,352,-0.0001593103224877268,-0.000256501225521788,-0.13044384121894836,12.587,0.0,62,LAND,False,STANDBY,10,6
2026-09-28T20:00:25.915074,-35.3632624,149.1652377,0.005,0.01,-0.01,0.0,0.023830875754356384,0.02384679764509201,352,-0.00015574808639939874,-0.00025033377460204065,-0.13067305088043213,12.587,0.0,62,LAND,False,STANDBY,10,6
2026-09-28T20:00:26.416002,-35.3632624,149.1652377,0.005,0.01,-0.01,0.0,0.02412208542227745,0.024136124178767204,352,-0.00016661379777360708,-0.00026217036065645516,-0.13090671598911285,12.587,0.0,62,LAND,False,STANDBY,10,6
2026-09-28T20:00:26.916483,-35.3632624,149.1652377,0.004,0.01,-0.01,0.0,0.023935619741678238,0.023951131850481033,352,-0.00015462109877262264,-0.0002579586289357394,-0.13113082945346832,12.587,0.0,62,LAND,False,STANDBY,10,6
2026-09-28T20:00:27.417364,-35.3632624,149.1652377,0.004,0.01,-0.01,0.0,0.02401171624660492,0.024026283994317055,352,-0.0001527136191725731,-0.00025935389567166567,-0.13135510683059692,12.587,0.0,62,LAND,False,STANDBY,10,6
2026-09-28T20:00:27.918301,-35.3632624,149.1652377,0.004,0.01,-0.01,0.0,0.023843958973884583,0.023861877620220184,352,-0.00014557263057213277,-0.0002539466950111091,-0.1315908133983612,12.587,0.0,62,LAND,False,STANDBY,10,6
2026-09-28T20:00:28.418789,-35.3632624,149.1652377,0.004,0.01,-0.01,0.0,0.023767122998833656,0.023781606927514076,352,-0.00014898260997142643,-0.00026495152269490063,-0.13182267546653748,12.587,0.0,62,LAND,False,STANDBY,10,6
2026-09-28T20:00:28.919457,-35.3632624,149.1652377,0.004,0.01,-0.01,0.0,0.023829257115721703,0.0238413754850626,352,-0.00014929832832422107,-0.0002684251230675727,-0.13204364478588104,12.587,0.0,62,LAND,False,STANDBY,10,6
2026-09-28T20:00:29.420086,-35.3632624,149.1652377,0.004,0.01,-0.01,0.0,0.023938750848174095,0.023948634043335915,352,-0.0001540783850941807,-0.0002677080046851188,-0.13227279484272003,12.587,0.0,62,LAND,False,STANDBY,10,6
2026-09-28T20:00:29.920455,-35.3632624,149.1652377,0.004,0.01,-0.01,0.0,0.02360914833843708,0.023616502061486244,352,-0.00015496484411414713,-0.00026140990667045116,-0.1324947327375412,12.587,0.0,62,LAND,False,STANDBY,10,6
2026-09-28T20:00:30.421124,-35.3632624,149.1652377,0.004,0.01,-0.01,0.0,0.023835554718971252,0.02384418435394764,352,-0.0001610644394531846,-0.00026575123774819076,-0.13272130489349365,12.587,0.0,62,LAND,False,STANDBY,10,6
2026-09-28T20:00:30.921753,-35.3632624,149.1652377,0.004,0.01,-0.01,0.0,0.02387320064008236,0.02388107217848301,352,-0.0001607248414075002,-0.0002581928565632552,-0.1329503059387207,12.587,0.0,62,LAND,False,STANDBY,10,6
2026-09-28T20:00:31.422325,-35.3632624,149.1652377,0.004,0.01,-0.01,0.0,0.02398417890071869,0.023990448564291,352,-0.0001583754929015413,-0.00026129436446353793,-0.13318020105361938,12.587,0.0,62,LAND,False,STANDBY,10,6
2026-09-28T20:00:31.923055,-35.3632624,149.1652377,0.003,0.01,-0.01,0.0,0.023672446608543396,0.023677747696638107,352,-0.00015516900748480111,-0.00025106145767495036,-0.13340523838996887,12.587,0.0,62,LAND,False,STANDBY,10,6
2026-09-28T20:00:32.423563,-35.3632624,149.1652377,0.003,0.01,-0.01,0.0,0.023777522146701813,0.023783311247825623,352,-0.00016225087165366858,-0.0002534942177589983,-0.13363675773143768,12.587,0.0,62,LAND,False,STANDBY,10,6
2026-09-28T20:00:32.924580,-35.3632624,149.1652377,0.003,0.01,-0.01,0.0,0.02367229573428631,0.023675909265875816,352,-0.00015923600585665554,-0.000255062070209533,-0.1338667869567871,12.587,0.0,62,LAND,False,STANDBY,10,6
2026-09-28T20:00:33.425313,-35.3632624,149.1652377,0.003,0.01,-0.01,0.0,0.023839879781007767,0.023843513801693916,352,-0.0001671251084189862,-0.0002595805563032627,-0.13408760726451874,12.587,0.0,62,LAND,False,STANDBY,10,6
2026-09-28T20:00:33.925820,-35.3632624,149.1652377,0.003,0.01,-0.01,0.0,0.023913435637950897,0.023917147889733315,352,-0.00016550504369661212,-0.00025855033891275525,-0.13431121408939362,12.587,0.0,62,LAND,False,STANDBY,10,6
2026-09-28T20:00:34.426628,-35.3632624,149.1652377,0.003,0.01,-0.01,0.0,0.02393876574933529,0.023943345993757248,352,-0.0001720329892123118,-0.0002644319029059261,-0.13454172015190125,12.587,0.0,62,LAND,False,STANDBY,10,6
2026-09-28T20:00:34.927669,-35.3632624,149.1652377,0.003,0.01,-0.01,0.0,0.02396116591989994,0.023964982479810715,352,-0.00016892282292246819,-0.00026098519447259605,-0.1347619742155075,12.587,0.0,62,LAND,False,STANDBY,10,6
2026-09-28T20:00:35.428456,-35.3632624,149.1652377,0.003,0.01,-0.01,0.0,0.024071352556347847,0.024074982851743698,352,-0.0001662179856793955,-0.00026116054505109787,-0.13497719168663025,12.587,0.0,62,LAND,False,STANDBY,10,6
2026-09-28T20:00:35.928978,-35.3632624,149.1652377,0.003,0.01,-0.01,0.0,0.024150531738996506,0.024153748527169228,352,-0.0001681575522525236,-0.00025644488050602376,-0.13519205152988434,12.587,0.0,62,LAND,False,STANDBY,10,6
2026-09-28T20:00:36.429486,-35.3632624,149.1652377,0.003,0.01,-0.01,0.0,0.024240076541900635,0.024247214198112488,352,-0.00017274523270316422,-0.0002639188023749739,-0.13540463149547577,12.587,0.0,62,LAND,False,STANDBY,10,6
2026-09-28T20:00:36.930259,-35.3632624,149.1652377,0.003,0.01,-0.01,0.0,0.02419169805943966,0.02419941872358322,352,-0.00016568403225392103,-0.0002592126838862896,-0.1356184184551239,12.587,0.0,62,LAND,False,STANDBY,10,6
2026-09-28T20:00:37.431164,-35.3632624,149.1652377,0.003,0.01,-0.01,0.0,0.024294152855873108,0.024300122633576393,352,-0.00017263666086364537,-0.00025496730813756585,-0.1358197182416916,12.587,0.0,62,LAND,False,STANDBY,10,6
2026-09-28T20:00:37.932127,-35.3632624,149.1652377,0.003,0.01,-0.01,0.0,0.024192973971366882,0.024197155609726906,352,-0.00017780580674298108,-0.00024795622448436916,-0.1360287219285965,12.587,0.0,62,LAND,False,STANDBY,10,6
2026-09-28T20:00:38.433128,-35.3632624,149.1652377,0.003,0.01,-0.01,0.0,0.0242236889898777,0.024228738620877266,352,-0.00017611887597013265,-0.00024493710952810943,-0.13624300062656403,12.587,0.0,62,LAND,False,STANDBY,10,6
2026-09-28T20:00:38.933827,-35.3632624,149.1652377,0.003,0.01,-0.01,0.0,0.024035442620515823,0.024041632190346718,352,-0.00016636498912703246,-0.00023984137806110084,-0.1364501714706421,12.587,0.0,62,LAND,False,STANDBY,10,6
2026-09-28T20:00:39.434462,-35.3632624,149.1652377,0.003,0.01,-0.01,0.0,0.023977546021342278,0.023984123021364212,352,-0.00016459084872622043,-0.0002388117281952873,-0.13664653897285461,12.587,0.0,62,LAND,False,STANDBY,10,6
2026-09-28T20:00:39.935195,-35.3632624,149.1652377,0.003,0.01,-0.01,0.0,0.02385389618575573,0.023859111592173576,352,-0.0001560343080200255,-0.00023183508892543614,-0.13684861361980438,12.587,0.0,62,LAND,False,STANDBY,10,6
2026-09-28T20:00:40.436000,-35.3632624,149.1652377,0.003,0.01,-0.01,0.0,0.023802608251571655,0.023807456716895103,352,-0.00015370803885161877,-0.0002305070956936106,-0.1370467245578766,12.587,0.0,62,LAND,False,STANDBY,10,6
2026-09-28T20:00:40.936623,-35.3632624,149.1652377,0.003,0.01,-0.01,0.0,0.023773299530148506,0.023776594549417496,352,-0.00014653643302153796,-0.00023547228192910552,-0.1372416615486145,12.587,0.0,62,LAND,False,STANDBY,10,6
2026-09-28T20:00:41.437113,-35.3632624,149.1652377,0.003,0.01,-0.01,0.0,0.023763474076986313,0.02376618981361389,352,-0.000150879321154207,-0.00023522153787780553,-0.1374383568763733,12.587,0.0,62,LAND,False,STANDBY,10,6
2026-09-28T20:00:41.937830,-35.3632624,149.1652377,0.003,0.01,-0.01,0.0,0.023470042273402214,0.02347128838300705,352,-0.00014328170800581574,-0.00022813057876192033,-0.1376340389251709,12.587,0.0,62,LAND,False,STANDBY,10,6
2026-09-28T20:00:42.438459,-35.3632624,149.1652377,0.003,0.01,-0.01,0.0,0.023606665432453156,0.02360789105296135,352,-0.00015375511429738253,-0.00023857460473664105,-0.13782215118408203,12.587,0.0,62,LAND,False,STANDBY,10,6
2026-09-28T20:00:42.939096,-35.3632624,149.1652377,0.003,0.01,-0.01,0.0,0.023279497399926186,0.023281225934624672,352,-0.00014565895253326744,-0.00024089228827506304,-0.13800831139087677,12.587,0.0,62,LAND,False,STANDBY,10,6
2026-09-28T20:00:43.439354,-35.3632624,149.1652377,0.003,0.01,-0.01,0.0,0.023506242781877518,0.02350817248225212,352,-0.00015169654216151685,-0.00025272462517023087,-0.13819685578346252,12.587,0.0,62,LAND,False,STANDBY,10,6
2026-09-28T20:00:43.940092,-35.3632624,149.1652377,0.003,0.01,-0.01,0.0,0.023500608280301094,0.023501813411712646,352,-0.0001449217670597136,-0.00025432719849050045,-0.13837599754333496,12.587,0.0,62,LAND,False,STANDBY,10,6
2026-09-28T20:00:44.440674,-35.3632624,149.1652377,0.003,0.01,-0.01,0.0,0.023438461124897003,0.023439355194568634,352,-0.00015056785196065903,-0.0002496680535841733,-0.13855302333831787,12.587,0.0,62,LAND,False,STANDBY,10,6
2026-09-28T20:00:44.941403,-35.3632624,149.1652377,0.003,0.01,-0.01,0.0,0.023257002234458923,0.023257417604327202,352,-0.00014903619012329727,-0.00024627248058095574,-0.1387360543012619,12.587,0.0,62,LAND,False,STANDBY,10,6
2026-09-28T20:00:45.441922,-35.3632624,149.1652377,0.002,0.01,-0.01,0.0,0.02343093231320381,0.02343178726732731,352,-0.00016127954586409032,-0.0002553779922891408,-0.13890306651592255,12.587,0.0,62,LAND,False,STANDBY,10,6
2026-09-28T20:00:45.942674,-35.3632624,149.1652377,0.002,0.01,-0.01,0.0,0.02356657199561596,0.02356712892651558,352,-0.00015174917643889785,-0.00024929444771260023,-0.13907182216644287,12.587,0.0,62,LAND,False,STANDBY,10,6
2026-09-28T20:00:46.443417,-35.3632624,149.1652377,0.002,0.01,-0.01,0.0,0.023568619042634964,0.02356952428817749,352,-0.00014910372556187212,-0.0002529157791286707,-0.13924144208431244,12.587,0.0,62,LAND,False,STANDBY,10,6
2026-09-28T20:00:46.944065,-35.3632624,149.1652377,0.002,0.01,-0.01,0.0,0.02356513775885105,0.023567603901028633,352,-0.00015772705955896527,-0.00025409850059077144,-0.13939900696277618,12.587,0.0,62,LAND,False,STANDBY,10,6
2026-09-28T20:00:47.444654,-35.3632624,149.1652377,0.002,0.01,-0.01,0.0,0.023630157113075256,0.023632578551769257,352,-0.0001533859031042084,-0.00025961632491089404,-0.13955163955688477,12.587,0.0,62,LAND,False,STANDBY,10,6
2026-09-28T20:00:47.945225,-35.3632624,149.1652377,0.002,0.01,-0.01,0.0,0.023702437058091164,0.02370564453303814,352,-0.00015308777801692486,-0.0002490234619472176,-0.13970106840133667,12.587,0.0,62,LAND,False,STANDBY,10,6
2026-09-28T20:00:48.445867,-35.3632624,149.1652377,0.003,0.01,-0.01,0.0,0.02379201166331768,0.023794522508978844,351,-0.00015904159226920456,-0.0002523754083085805,-0.13985034823417664,12.587,0.0,62,LAND,False,STANDBY,10,6
2026-09-28T20:00:48.946452,-35.3632624,149.1652377,0.003,0.01,-0.01,0.0,0.023736024275422096,0.023739248514175415,351,-0.00016147801943589002,-0.0002454240166116506,-0.13999803364276886,12.587,0.0,62,LAND,False,STANDBY,10,6
2026-09-28T20:00:49.447083,-35.3632624,149.1652377,0.003,0.01,-0.01,0.0,0.023795323446393013,0.023798853158950806,351,-0.000167281978065148,-0.0002510607591830194,-0.14014120399951935,12.587,0.0,62,LAND,False,STANDBY,10,6
2026-09-28T20:00:49.947790,-35.3632624,149.1652377,0.003,0.01,-0.01,0.0,0.023779885843396187,0.02378399483859539,351,-0.00015724058903288096,-0.00024249298439826816,-0.14028047025203705,12.587,0.0,62,LAND,False,STANDBY,10,6
2026-09-28T20:00:50.448539,-35.3632624,149.1652377,0.003,0.01,-0.01,0.0,0.02367187850177288,0.02367662452161312,351,-0.00015669444110244513,-0.0002460961404722184,-0.1404149830341339,12.587,0.0,62,LAND,False,STANDBY,10,6
2026-09-28T20:00:50.948921,-35.3632624,149.1652377,0.003,0.01,-0.01,0.0,0.02370237372815609,0.023707134649157524,351,-0.00015929460641928017,-0.000245093455305323,-0.1405511498451233,12.587,0.0,62,LAND,False,STANDBY,10,6
2026-09-28T20:00:51.449491,-35.3632624,149.1652377,0.003,0.01,-0.01,0.0,0.02390814945101738,0.0239127017557621,351,-0.00016943452646955848,-0.0002516364329494536,-0.14068910479545593,12.587,0.0,62,LAND,False,STANDBY,10,6
2026-09-28T20:00:51.950202,-35.3632624,149.1652377,0.003,0.01,-0.01,0.0,0.02376203052699566,0.023766925558447838,351,-0.00016327528282999992,-0.0002523811999708414,-0.14081856608390808,12.587,0.0,62,LAND,False,STANDBY,10,6
2026-09-28T20:00:52.450544,-35.3632624,149.1652377,0.003,0.01,-0.01,0.0,0.0238475501537323,0.023851562291383743,351,-0.00016697631508577615,-0.00026039054500870407,-0.14094626903533936,12.587,0.0,62,LAND,False,STANDBY,10,6
2026-09-28T20:00:52.951456,-35.3632624,149.1652377,0.003,0.01,-0.01,0.0,0.02384825423359871,0.02385266125202179,351,-0.0001642345159780234,-0.00026039747172035277,-0.141073077917099,12.587,0.0,62,LAND,False,STANDBY,10,6
2026-09-28T20:00:53.451936,-35.3632624,149.1652377,0.003,0.01,-0.01,0.0,0.024209732189774513,0.02421349287033081,351,-0.0001680240238783881,-0.0002670440881047398,-0.14118827879428864,12.587,0.0,62,LAND,False,STANDBY,10,6
2026-09-28T20:00:53.952465,-35.3632624,149.1652377,0.003,0.01,-0.01,0.0,0.024012280628085136,0.024015961214900017,351,-0.00016203339328058064,-0.000258030864642933,-0.1412985473871231,12.587,0.0,62,LAND,False,STANDBY,10,6
2026-09-28T20:00:54.453339,-35.3632624,149.1652377,0.003,0.01,-0.01,0.0,0.02411203645169735,0.02411332167685032,351,-0.0001582412951393053,-0.0002577030973043293,-0.1414051502943039,12.587,0.0,62,LAND,False,STANDBY,10,6
2026-09-28T20:00:54.954041,-35.3632624,149.1652377,0.003,0.01,-0.01,0.0,0.024065865203738213,0.02406693808734417,351,-0.00015011493815109134,-0.0002508228353690356,-0.1415138691663742,12.587,0.0,62,LAND,False,STANDBY,10,6
2026-09-28T20:00:55.454664,-35.3632624,149.1652377,0.003,0.01,-0.01,0.0,0.024146612733602524,0.02414691261947155,351,-0.0001568871084600687,-0.0002547599433455616,-0.14162448048591614,12.587,0.0,62,LAND,False,STANDBY,10,6
2026-09-28T20:00:55.955458,-35.3632624,149.1652377,0.002,0.01,-0.01,0.0,0.0239934790879488,0.023993834853172302,351,-0.00015912376693449914,-0.0002451231412123889,-0.14172278344631195,12.587,0.0,62,LAND,False,STANDBY,10,6
2026-09-28T20:00:56.456338,-35.3632624,149.1652377,0.002,0.01,-0.01,0.0,0.023986060172319412,0.02398606762290001,351,-0.00015680522483307868,-0.0002456664515193552,-0.14181573688983917,12.587,0.0,62,LAND,False,STANDBY,10,6
2026-09-28T20:00:56.956956,-35.3632624,149.1652377,0.002,0.01,-0.01,0.0,0.023850208148360252,0.02385021559894085,351,-0.00014793514856137335,-0.00023670992231927812,-0.14189907908439636,12.587,0.0,62,LAND,False,STANDBY,10,6
2026-09-28T20:00:57.457671,-35.3632624,149.1652377,0.002,0.01,-0.01,0.0,0.02371121011674404,0.023711303249001503,351,-0.0001520143123343587,-0.0002380802616244182,-0.1419966071844101,12.587,0.0,62,LAND,False,STANDBY,10,6
2026-09-28T20:00:57.958337,-35.3632624,149.1652377,0.002,0.01,-0.01,0.0,0.023706907406449318,0.023707037791609764,351,-0.0001402808993589133,-0.0002293075667694211,-0.1420876383781433,12.587,0.0,62,LAND,False,STANDBY,10,6
2026-09-28T20:00:58.458821,-35.3632624,149.1652377,0.002,0.01,-0.01,0.0,0.023823833093047142,0.023824118077754974,351,-0.00014623120659962296,-0.0002385430852882564,-0.14217382669448853,12.587,0.0,62,LAND,False,STANDBY,10,6
2026-09-28T20:00:58.959498,-35.3632624,149.1652377,0.002,0.01,-0.01,0.0,0.023487769067287445,0.023487815633416176,351,-0.00014707296213600785,-0.00023935115314088762,-0.14224958419799805,12.587,0.0,62,LAND,False,STANDBY,10,6
2026-09-28T20:00:59.460461,-35.3632624,149.1652377,0.002,0.01,-0.01,0.0,0.023470884189009666,0.02347223460674286,351,-0.00015188100223895162,-0.00024461481370963156,-0.142332062125206,12.587,0.0,62,LAND,False,STANDBY,10,6
2026-09-28T20:00:59.960919,-35.3632624,149.1652377,0.002,0.01,-0.01,0.0,0.023482874035835266,0.023483630269765854,351,-0.00015601908671669662,-0.0002432439650874585,-0.14241331815719604,12.587,0.0,62,LAND,False,STANDBY,10,6
2026-09-28T20:01:00.461921,-35.3632624,149.1652377,0.002,0.01,-0.01,0.0,0.02355593629181385,0.023556426167488098,351,-0.00014982707216404378,-0.0002364736865274608,-0.1424790620803833,12.587,0.0,62,LAND,False,STANDBY,10,6
2026-09-28T20:01:00.962712,-35.3632624,149.1652377,0.002,0.01,-0.01,0.0,0.02367432415485382,0.023674344643950462,351,-0.0001521251251688227,-0.00024286576081067324,-0.14254353940486908,12.587,0.0,62,LAND,False,STANDBY,10,6
2026-09-28T20:01:01.463604,-35.3632624,149.1652377,0.002,0.01,-0.01,0.0,0.023658590391278267,0.023658644407987595,351,-0.00015607861860189587,-0.00024188928364310414,-0.14260409772396088,12.587,0.0,62,LAND,False,STANDBY,10,6
2026-09-28T20:01:01.964048,-35.3632624,149.1652377,0.002,0.01,-0.01,0.0,0.023705845698714256,0.023705849424004555,351,-0.0001608195307198912,-0.00024317347561009228,-0.14266657829284668,12.587,0.0,62,LAND,False,STANDBY,10,6
2026-09-28T20:01:02.464666,-35.3632624,149.1652377,0.002,0.01,-0.01,0.0,0.02377498336136341,0.02377498336136341,351,-0.00016034390137065202,-0.00023659641738049686,-0.14273618161678314,12.587,0.0,62,LAND,False,STANDBY,10,6
2026-09-28T20:01:02.965458,-35.3632624,149.1652377,0.002,0.01,-0.01,0.0,0.023672277107834816,0.02367229573428631,351,-0.00016792630776762962,-0.0002335269091418013,-0.14279426634311676,12.587,0.0,62,LAND,False,STANDBY,10,6
2026-09-28T20:01:03.466083,-35.3632624,149.1652377,0.002,0.01,-0.01,0.0,0.02386711724102497,0.02386719360947609,351,-0.0001729967480059713,-0.00024518126156181097,-0.1428489089012146,12.587,0.0,62,LAND,False,STANDBY,10,6
2026-09-28T20:01:03.966710,-35.3632624,149.1652377,0.002,0.01,-0.01,0.0,0.023764705285429955,0.023765185847878456,351,-0.0001623689167900011,-0.00023550266632810235,-0.1428908258676529,12.587,0.0,62,LAND,False,STANDBY,10,6
2026-09-28T20:01:04.467344,-35.3632624,149.1652377,0.002,0.01,-0.01,0.0,0.023770269006490707,0.023770764470100403,351,-0.00016647021402604878,-0.00024265903630293906,-0.1429416984319687,12.587,0.0,62,LAND,False,STANDBY,10,6
2026-09-28T20:01:04.967822,-35.3632624,149.1652377,0.002,0.01,-0.01,0.0,0.023699363693594933,0.02369953878223896,351,-0.0001597999653313309,-0.00024008021864574403,-0.14299136400222778,12.587,0.0,62,LAND,False,STANDBY,10,6
2026-09-28T20:01:05.468462,-35.3632624,149.1652377,0.002,0.01,-0.01,0.0,0.023816123604774475,0.02381613291800022,351,-0.00015281795640476048,-0.00023751849948894233,-0.14303399622440338,12.587,0.0,62,LAND,False,STANDBY,10,6
2026-09-28T20:01:05.969149,-35.3632624,149.1652377,0.002,0.01,-0.01,0.0,0.023722827434539795,0.023722829297184944,351,-0.00015357966185547411,-0.0002376380580244586,-0.14307008683681488,12.587,0.0,62,LAND,False,STANDBY,10,6
2026-09-28T20:01:06.469661,-35.3632624,149.1652377,0.002,0.01,-0.01,0.0,0.023651698604226112,0.02365170419216156,351,-0.0001615263900021091,-0.00024293492606375366,-0.14310422539710999,12.587,0.0,62,LAND,False,STANDBY,10,6
2026-09-28T20:01:06.970104,-35.3632624,149.1652377,0.002,0.01,-0.01,0.0,0.0236696507781744,0.0236696507781744,351,-0.00015855672245379537,-0.0002494506479706615,-0.14313268661499023,12.587,0.0,62,LAND,False,STANDBY,10,6
2026-09-28T20:01:07.470921,-35.3632624,149.1652377,0.002,0.01,-0.01,0.0,0.023837421089410782,0.023837432265281677,351,-0.00016707193572074175,-0.0002482224954292178,-0.14315882325172424,12.587,0.0,62,LAND,False,STANDBY,10,6
2026-09-28T20:01:07.971549,-35.3632624,149.1652377,0.002,0.01,-0.01,0.0,0.02384728379547596,0.023847367614507675,351,-0.00016684904403518885,-0.00024636287707835436,-0.1431945413351059,12.587,0.0,62,LAND,False,STANDBY,10,6
2026-09-28T20:01:08.471736,-35.3632624,149.1652377,0.002,0.01,-0.01,0.0,0.023994524031877518,0.02399473451077938,351,-0.00017030336312018335,-0.00025050679687410593,-0.143212229013443,12.587,0.0,62,LAND,False,STANDBY,10,6
2026-09-28T20:01:08.972468,-35.3632624,149.1652377,0.002,0.01,-0.01,0.0,0.023930393159389496,0.02393045462667942,351,-0.00016404436610173434,-0.0002471820334903896,-0.1432286500930786,12.587,0.0,62,LAND,False,STANDBY,10,6
2026-09-28T20:01:09.473418,-35.3632624,149.1652377,0.002,0.01,-0.01,0.0,0.02417050488293171,0.02417054958641529,351,-0.00016744835011195391,-0.0002486316079739481,-0.14324399828910828,12.587,0.0,62,LAND,False,STANDBY,10,6
2026-09-28T20:01:09.974419,-35.3632624,149.1652377,0.002,0.01,-0.01,0.0,0.023827968165278435,0.02382844127714634,351,-0.00017059544916264713,-0.00024788882001303136,-0.14326316118240356,12.587,0.0,62,LAND,False,STANDBY,10,6
2026-09-28T20:01:10.474877,-35.3632624,149.1652377,0.002,0.01,-0.01,0.0,0.02426876313984394,0.02426879294216633,351,-0.00017871794989332557,-0.00025979665224440396,-0.14327964186668396,12.587,0.0,62,LAND,False,STANDBY,10,6
2026-09-28T20:01:10.975691,-35.3632624,149.1652377,0.002,0.01,-0.01,0.0,0.024124376475811005,0.024124467745423317,351,-0.00016838086594361812,-0.00025423301849514246,-0.14328959584236145,12.587,0.0,62,LAND,False,STANDBY,10,6
2026-09-28T20:01:11.476865,-35.3632624,149.1652377,0.002,0.01,-0.01,0.0,0.02402641996741295,0.024026595056056976,351,-0.00016366549243684858,-0.00026111063198186457,-0.14330489933490753,12.587,0.0,62,LAND,False,STANDBY,10,6
2026-09-28T20:01:11.977887,-35.3632624,149.1652377,0.002,0.01,-0.01,0.0,0.02380608581006527,0.023806307464838028,351,-0.00015126152720768005,-0.0002573238161858171,-0.1433216780424118,12.587,0.0,62,LAND,False,STANDBY,10,6
2026-09-28T20:01:12.480049,-35.3632624,149.1652377,0.002,0.01,-0.01,0.0,0.024021461606025696,0.024022331461310387,351,-0.0001546199491713196,-0.0002626128843985498,-0.14333349466323853,12.587,0.0,62,LAND,False,STANDBY,10,6
2026-09-28T20:01:12.981138,-35.3632624,149.1652377,0.002,0.01,-0.01,0.0,0.02391422539949417,0.02391441911458969,351,-0.00014868735161144286,-0.0002604889450594783,-0.1433422863483429,12.587,0.0,62,LAND,False,STANDBY,10,6
2026-09-28T20:01:13.482679,-35.3632624,149.1652377,0.002,0.01,-0.01,0.0,0.023793818429112434,0.023793980479240417,351,-0.00014873153122607619,-0.00026164654991589487,-0.14334283769130707,12.587,0.0,62,LAND,False,STANDBY,10,6
2026-09-28T20:01:13.984107,-35.3632624,149.1652377,0.002,0.01,-0.01,0.0,0.023785891011357307,0.023785891011357307,351,-0.00014912083861418068,-0.00025740524870343506,-0.1433423012495041,12.587,0.0,62,LAND,False,STANDBY,10,6
2026-09-28T20:01:14.484940,-35.3632624,149.1652377,0.002,0.01,-0.01,0.0,0.02392047643661499,0.023920610547065735,351,-0.0001460235216654837,-0.00024584351922385395,-0.143346905708313,12.587,0.0,62,LAND,False,STANDBY,10,6
2026-09-28T20:01:14.985994,-35.3632624,149.1652377,0.002,0.01,-0.01,0.0,0.023808587342500687,0.02380947954952717,351,-0.00013877569290343672,-0.00024124365882016718,-0.14334991574287415,12.587,0.0,62,LAND,False,STANDBY,10,6
2026-09-28T20:01:15.487455,-35.3632624,149.1652377,0.002,0.01,-0.01,0.0,0.02376655302941799,0.02376684732735157,351,-0.0001477950718253851,-0.00024916318943724036,-0.14335162937641144,12.587,0.0,62,LAND,False,STANDBY,10,6
2026-09-28T20:01:15.987948,-35.3632624,149.1652377,0.002,0.01,-0.01,0.0,0.02367020770907402,0.023670362308621407,351,-0.0001463996450183913,-0.00024320394732058048,-0.14334626495838165,12.587,0.0,62,LAND,False,STANDBY,10,6
2026-09-28T20:01:16.488513,-35.3632624,149.1652377,0.002,0.01,-0.01,0.0,0.023653224110603333,0.023653488606214523,351,-0.00015221326611936092,-0.0002455311478115618,-0.1433466523885727,12.587,0.0,62,LAND,False,STANDBY,10,6
2026-09-28T20:01:16.989828,-35.3632624,149.1652377,0.002,0.01,-0.01,0.0,0.02353445626795292,0.023535609245300293,351,-0.0001553796319058165,-0.00023743505880702287,-0.14333955943584442,12.587,0.0,62,LAND,False,STANDBY,10,6
2026-09-28T20:01:17.490654,-35.3632624,149.1652377,0.002,0.01,-0.01,0.0,0.02362561970949173,0.02362588234245777,351,-0.00015966077626217157,-0.00024161215696949512,-0.14332441985607147,12.587,0.0,62,LAND,False,STANDBY,10,6
2026-09-28T20:01:17.991206,-35.3632624,149.1652377,0.002,0.01,-0.01,0.0,0.023665478453040123,0.02366594783961773,351,-0.00015213596634566784,-0.00023258135479409248,-0.14331303536891937,12.587,0.0,62,LAND,False,STANDBY,10,6
2026-09-28T20:01:18.491948,-35.3632624,149.1652377,0.002,0.01,-0.01,0.0,0.023802848532795906,0.023803532123565674,351,-0.0001592521439306438,-0.00023605300521012396,-0.14329850673675537,12.587,0.0,62,LAND,False,STANDBY,10,6
2026-09-28T20:01:18.992456,-35.3632624,149.1652377,0.002,0.01,-0.01,0.0,0.023667611181735992,0.023669052869081497,351,-0.00015392442583106458,-0.00022888786043040454,-0.14328259229660034,12.587,0.0,62,LAND,False,STANDBY,10,6
2026-09-28T20:01:19.493198,-35.3632624,149.1652377,0.001,0.01,-0.01,0.0,0.02381500042974949,0.023816745728254318,351,-0.00015712965978309512,-0.00023422602680511773,-0.14327241480350494,12.587,0.0,62,LAND,False,STANDBY,10,6
2026-09-28T20:01:19.993872,-35.3632624,149.1652377,0.001,0.01,-0.01,0.0,0.02369784004986286,0.023699333891272545,351,-0.0001456105092074722,-0.0002304389199707657,-0.1432524472475052,12.587,0.0,62,LAND,False,STANDBY,10,6
2026-09-28T20:01:20.494457,-35.3632624,149.1652377,0.001,0.01,-0.01,0.0,0.02369600348174572,0.02369743213057518,351,-0.0001370951213175431,-0.00023127983149606735,-0.14323709905147552,12.587,0.0,62,LAND,False,STANDBY,10,6
2026-09-28T20:01:20.995194,-35.3632624,149.1652377,0.001,0.01,-0.01,0.0,0.023553187027573586,0.02355458401143551,351,-0.0001418698375346139,-0.0002336687030037865,-0.1432160586118698,12.587,0.0,62,LAND,False,STANDBY,10,6
2026-09-28T20:01:21.495818,-35.3632624,149.1652377,0.001,0.01,-0.01,0.0,0.023576848208904266,0.02357780933380127,351,-0.00013753745588473976,-0.00023360922932624817,-0.14319542050361633,12.587,0.0,62,LAND,False,STANDBY,10,6
2026-09-28T20:01:21.998434,-35.3632624,149.1652377,0.001,0.01,-0.01,0.0,0.023371640592813492,0.023373248055577278,351,-0.0001329326187260449,-0.00023148462059907615,-0.14317364990711212,12.587,0.0,62,LAND,False,STANDBY,10,6
2026-09-28T20:01:22.499207,-35.3632624,149.1652377,0.001,0.01,-0.01,0.0,0.02369050681591034,0.02369188517332077,351,-0.00014447113790083677,-0.0002339222701266408,-0.1431465595960617,12.587,0.0,62,LAND,False,STANDBY,10,6
2026-09-28T20:01:22.999683,-35.3632624,149.1652377,0.001,0.01,-0.01,0.0,0.02352684922516346,0.023527542129158974,351,-0.0001440504565834999,-0.00023234958644025028,-0.14312434196472168,12.587,0.0,62,LAND,False,STANDBY,10,6
2026-09-28T20:01:23.499899,-35.3632624,149.1652377,0.001,0.01,-0.01,0.0,0.023733416572213173,0.023733634501695633,351,-0.00015142497431952506,-0.00023636424157302827,-0.14310353994369507,12.587,0.0,62,LAND,False,STANDBY,10,6
2026-09-28T20:01:24.000528,-35.3632624,149.1652377,0.001,0.01,-0.01,0.0,0.02373833954334259,0.023738427087664604,351,-0.00015088118379935622,-0.0002309768315171823,-0.14307747781276703,12.587,0.0,62,LAND,False,STANDBY,10,6
2026-09-28T20:01:24.501100,-35.3632624,149.1652377,0.001,0.01,-0.01,0.0,0.02365434356033802,0.02365451492369175,351,-0.00015150955005083233,-0.00022837449796497822,-0.14306320250034332,12.587,0.0,62,LAND,False,STANDBY,10,6
2026-09-28T20:01:25.001464,-35.3632624,149.1652377,0.002,0.01,-0.01,0.0,0.0237154308706522,0.023715432733297348,351,-0.0001531848101876676,-0.0002253978163935244,-0.14303751289844513,12.587,0.0,62,LAND,False,STANDBY,10,6
2026-09-28T20:01:25.501972,-35.3632624,149.1652377,0.002,0.01,-0.01,0.0,0.023860517889261246,0.02386079542338848,351,-0.00016002390475478023,-0.0002250337420264259,-0.14301428198814392,12.587,0.0,62,LAND,False,STANDBY,10,6
2026-09-28T20:01:26.002505,-35.3632624,149.1652377,0.002,0.01,-0.01,0.0,0.023656567558646202,0.02365696243941784,351,-0.0001691436191322282,-0.0002230908430647105,-0.14298541843891144,12.587,0.0,62,LAND,False,STANDBY,10,6
2026-09-28T20:01:26.503197,-35.3632624,149.1652377,0.002,0.01,-0.01,0.0,0.023794835433363914,0.02379501424729824,351,-0.0001724352769088,-0.0002322909567737952,-0.14295628666877747,12.587,0.0,62,LAND,False,STANDBY,10,6
2026-09-28T20:01:27.003797,-35.3632624,149.1652377,0.002,0.01,-0.01,0.0,0.02371670864522457,0.02371671237051487,351,-0.00016751118528191,-0.00022820834419690073,-0.1429351419210434,12.587,0.0,62,LAND,False,STANDBY,10,6
2026-09-28T20:01:27.504453,-35.3632624,149.1652377,0.002,0.01,-0.01,0.0,0.023839028552174568,0.02383991703391075,351,-0.0001645628799451515,-0.00023807997058611363,-0.14291441440582275,12.587,0.0,62,LAND,False,STANDBY,10,6
2026-09-28T20:01:28.005134,-35.3632624,149.1652377,0.002,0.01,-0.01,0.0,0.02377130649983883,0.023772526532411575,351,-0.00016019078611861914,-0.00023832263832446188,-0.14287588000297546,12.587,0.0,62,LAND,False,STANDBY,10,6
2026-09-28T20:01:28.505722,-35.3632624,149.1652377,0.002,0.01,-0.01,0.0,0.023949965834617615,0.023950260132551193,351,-0.0001629206381039694,-0.00024362695694435388,-0.14284732937812805,12.587,0.0,62,LAND,False,STANDBY,10,6
2026-09-28T20:01:29.006002,-35.3632624,149.1652377,0.002,0.01,-0.01,0.0,0.023966491222381592,0.023967428132891655,351,-0.00015322124818339944,-0.00024067288904916495,-0.1428161859512329,12.587,0.0,62,LAND,False,STANDBY,10,6
2026-09-28T20:01:29.506457,-35.3632624,149.1652377,0.002,0.01,-0.01,0.0,0.023916756734251976,0.023918623104691505,351,-0.00015487831842619926,-0.0002424768463242799,-0.14278243482112885,12.587,0.0,62,LAND,False,STANDBY,10,6
2026-09-28T20:01:30.007155,-35.3632624,149.1652377,0.002,0.01,-0.01,0.0,0.023794518783688545,0.023795517161488533,351,-0.00014800092321820557,-0.0002439264499116689,-0.1427532583475113,12.587,0.0,62,LAND,False,STANDBY,10,6
2026-09-28T20:01:30.507487,-35.3632624,149.1652377,0.002,0.01,-0.01,0.0,0.023906834423542023,0.023907799273729324,351,-0.00014896322682034224,-0.0002541184949222952,-0.14272187650203705,12.587,0.0,62,LAND,False,STANDBY,10,6
2026-09-28T20:01:31.008216,-35.3632624,149.1652377,0.002,0.01,-0.01,0.0,0.02378845028579235,0.02378925308585167,351,-0.00014177768025547266,-0.00024688488338142633,-0.14269065856933594,12.587,0.0,62,LAND,False,STANDBY,10,6
2026-09-28T20:01:31.509021,-35.3632624,149.1652377,0.002,0.01,-0.01,0.0,0.02371317893266678,0.02371368370950222,351,-0.00014917591761332005,-0.0002568779163993895,-0.14265106618404388,12.587,0.0,62,LAND,False,STANDBY,10,6
2026-09-28T20:01:32.009564,-35.3632624,149.1652377,0.002,0.01,-0.01,0.0,0.023673122748732567,0.023673968389630318,351,-0.0001424538786523044,-0.00025342556182295084,-0.14262257516384125,12.587,0.0,62,LAND,False,STANDBY,10,6
2026-09-28T20:01:32.510190,-35.3632624,149.1652377,0.002,0.01,-0.01,0.0,0.02384355291724205,0.02384432777762413,351,-0.00014516647206619382,-0.00026435605832375586,-0.14258763194084167,12.587,0.0,62,LAND,False,STANDBY,10,6
2026-09-28T20:01:33.010796,-35.3632624,149.1652377,0.002,0.01,-0.01,0.0,0.023896608501672745,0.023898135870695114,351,-0.00014875800115987659,-0.0002634561387822032,-0.14255200326442719,12.587,0.0,62,LAND,False,STANDBY,10,6
2026-09-28T20:01:33.511153,-35.3632624,149.1652377,0.002,0.01,-0.01,0.0,0.023931607604026794,0.02393374964594841,351,-0.00015340512618422508,-0.00027193230926059186,-0.14252090454101562,12.587,0.0,62,LAND,False,STANDBY,10,6
2026-09-28T20:01:34.011674,-35.3632624,149.1652377,0.002,0.01,-0.01,0.0,0.02387707307934761,0.02387923002243042,351,-0.0001412206911481917,-0.0002684085920918733,-0.14247941970825195,12.587,0.0,62,LAND,False,STANDBY,10,6
2026-09-28T20:01:34.512094,-35.3632624,149.1652377,0.002,0.01,-0.01,0.0,0.024088624864816666,0.024090399965643883,351,-0.00014363789523486048,-0.00027055441751144826,-0.14243416488170624,12.587,0.0,62,LAND,False,STANDBY,10,6
2026-09-28T20:01:35.012848,-35.3632624,149.1652377,0.002,0.01,-0.01,0.0,0.024107998237013817,0.024108845740556717,351,-0.00013519667845685035,-0.0002616381098050624,-0.14239394664764404,12.587,0.0,62,LAND,False,STANDBY,10,6
2026-09-28T20:01:35.513456,-35.3632624,149.1652377,0.002,0.01,-0.01,0.0,0.02418043464422226,0.024181049317121506,351,-0.00013979768846184015,-0.0002612167736515403,-0.14236745238304138,12.587,0.0,62,LAND,False,STANDBY,10,6
2026-09-28T20:01:36.013877,-35.3632624,149.1652377,0.002,0.01,-0.01,0.0,0.02394406497478485,0.02394416742026806,351,-0.00013211026089265943,-0.00024976147687993944,-0.14233967661857605,12.587,0.0,62,LAND,False,STANDBY,10,6
2026-09-28T20:01:36.514509,-35.3632624,149.1652377,0.002,0.01,-0.01,0.0,0.024034861475229263,0.024034932255744934,351,-0.00013486581156030297,-0.00025170290609821677,-0.142300084233284,12.587,0.0,62,LAND,False,STANDBY,10,6
2026-09-28T20:01:37.015187,-35.3632624,149.1652377,0.002,0.01,-0.01,0.0,0.023787418380379677,0.023787440732121468,351,-0.0001295290858251974,-0.00025334215024486184,-0.14226436614990234,12.587,0.0,62,LAND,False,STANDBY,10,6
2026-09-28T20:01:37.515573,-35.3632624,149.1652377,0.002,0.01,-0.01,0.0,0.02399800345301628,0.02399805560708046,351,-0.00013311159273143858,-0.00025307165924459696,-0.14223060011863708,12.587,0.0,62,LAND,False,STANDBY,10,6
2026-09-28T20:01:38.016417,-35.3632624,149.1652377,0.002,0.01,-0.01,0.0,0.023819809779524803,0.02381984516978264,351,-0.00012716633500531316,-0.00023858106578700244,-0.14219841361045837,12.587,0.0,62,LAND,False,STANDBY,10,6
2026-09-28T20:01:38.516973,-35.3632624,149.1652377,0.002,0.01,-0.01,0.0,0.023829258978366852,0.02382926642894745,351,-0.00012715967022813857,-0.00024001768906600773,-0.14217114448547363,12.587,0.0,62,LAND,False,STANDBY,10,6
2026-09-28T20:01:39.017731,-35.3632624,149.1652377,0.002,0.01,-0.01,0.0,0.023451847955584526,0.023451851680874825,351,-0.000125758713693358,-0.00024001042766030878,-0.14213566482067108,12.587,0.0,62,LAND,False,STANDBY,10,6
2026-09-28T20:01:39.518054,-35.3632624,149.1652377,0.002,0.01,-0.01,0.0,0.02365243434906006,0.023652490228414536,351,-0.0001347531797364354,-0.0002464945719111711,-0.1421072781085968,12.587,0.0,62,LAND,False,STANDBY,10,6
2026-09-28T20:01:40.018461,-35.3632624,149.1652377,0.002,0.01,-0.01,0.0,0.023548373952507973,0.023548483848571777,351,-0.0001366987853543833,-0.00023916935606393963,-0.1420750617980957,12.587,0.0,62,LAND,False,STANDBY,10,6
2026-09-28T20:01:40.518889,-35.3632624,149.1652377,0.002,0.01,-0.01,0.0,0.023667067289352417,0.023667210713028908,351,-0.00014787283726036549,-0.00023669972142670304,-0.14204712212085724,12.587,0.0,62,LAND,False,STANDBY,10,6
2026-09-28T20:01:41.020284,-35.3632624,149.1652377,0.002,0.01,-0.01,0.0,0.02347705326974392,0.023478131741285324,351,-0.00014302520139608532,-0.0002318670303793624,-0.14201226830482483,12.587,0.0,62,LAND,False,STANDBY,10,6
2026-09-28T20:01:41.522147,-35.3632624,149.1652377,0.002,0.01,-0.01,0.0,0.02365884929895401,0.023659618571400642,351,-0.0001496052573202178,-0.00023984188737813383,-0.14199873805046082,12.587,0.0,62,LAND,False,STANDBY,10,6
2026-09-28T20:01:42.022994,-35.3632624,149.1652377,0.002,0.01,-0.01,0.0,0.02354174107313156,0.02354181371629238,351,-0.00014468637527897954,-0.00023609628260601312,-0.1419684737920761,12.587,0.0,62,LAND,False,STANDBY,10,6
2026-09-28T20:01:42.523527,-35.3632624,149.1652377,0.002,0.01,-0.01,0.0,0.023552369326353073,0.0235527902841568,351,-0.00014243142504710704,-0.00023701463942416012,-0.1419333517551422,12.587,0.0,62,LAND,False,STANDBY,10,6
2026-09-28T20:01:43.024566,-35.3632624,149.1652377,0.002,0.01,-0.01,0.0,0.023549016565084457,0.02354910597205162,351,-0.00014001397357787937,-0.0002406120765954256,-0.14190010726451874,12.587,0.0,62,LAND,False,STANDBY,10,6
2026-09-28T20:01:43.525475,-35.3632624,149.1652377,0.002,0.01,-0.01,0.0,0.023706063628196716,0.0237061008810997,351,-0.0001419285690644756,-0.00024985859636217356,-0.14186620712280273,12.587,0.0,62,LAND,False,STANDBY,10,6
2026-09-28T20:01:44.026650,-35.3632624,149.1652377,0.002,0.01,-0.01,0.0,0.023673342540860176,0.02367369830608368,351,-0.0001364948839182034,-0.00025218911468982697,-0.1418347805738449,12.587,0.0,62,LAND,False,STANDBY,10,6
2026-09-28T20:01:44.527543,-35.3632624,149.1652377,0.002,0.01,-0.01,0.0,0.02367081120610237,0.023671016097068787,351,-0.00014258790179155767,-0.0002498147659935057,-0.14180022478103638,12.587,0.0,62,LAND,False,STANDBY,10,6
2026-09-28T20:01:45.028526,-35.3632624,149.1652377,0.002,0.01,-0.01,0.0,0.02367713674902916,0.02367754466831684,351,-0.00014202271995600313,-0.0002410321612842381,-0.14176900684833527,12.587,0.0,62,LAND,False,STANDBY,10,6
2026-09-28T20:01:45.529561,-35.3632624,149.1652377,0.002,0.01,-0.01,0.0,0.023796427994966507,0.02379685267806053,351,-0.00014359493798110634,-0.000251381890848279,-0.1417400985956192,12.587,0.0,62,LAND,False,STANDBY,10,6
2026-09-28T20:01:46.030534,-35.3632624,149.1652377,0.002,0.01,-0.01,0.0,0.023741187527775764,0.02374144271016121,351,-0.0001337192952632904,-0.00024193644640035927,-0.1417100578546524,12.587,0.0,62,LAND,False,STANDBY,10,6
2026-09-28T20:01:46.531481,-35.3632624,149.1652377,0.002,0.01,-0.01,0.0,0.02365340106189251,0.02365351840853691,351,-0.00013393769040703773,-0.00023648679780308157,-0.1416797935962677,12.587,0.0,62,LAND,False,STANDBY,10,6
2026-09-28T20:01:47.033183,-35.3632624,149.1652377,0.002,0.01,-0.01,0.0,0.023552181199193,0.02355218306183815,351,-0.00012388307368382812,-0.00023059715749695897,-0.14164842665195465,12.587,0.0,62,LAND,False,STANDBY,10,6
2026-09-28T20:01:47.533697,-35.3632624,149.1652377,0.002,0.01,-0.01,0.0,0.023632407188415527,0.02363261766731739,351,-0.00013298892008606344,-0.0002349110582144931,-0.14162158966064453,12.587,0.0,62,LAND,False,STANDBY,10,6
2026-09-28T20:01:48.034400,-35.3632624,149.1652377,0.002,0.01,-0.01,0.0,0.02360970713198185,0.023609885945916176,351,-0.00012874427193310112,-0.00023961726401466876,-0.14159463346004486,12.587,0.0,62,LAND,False,STANDBY,10,6
2026-09-28T20:01:48.535111,-35.3632624,149.1652377,0.002,0.01,-0.01,0.0,0.023813992738723755,0.02381446585059166,351,-0.00014029325393494219,-0.0002479031390976161,-0.14156635105609894,12.587,0.0,62,LAND,False,STANDBY,10,6
2026-09-28T20:01:49.036642,-35.3632624,149.1652377,0.002,0.01,-0.01,0.0,0.02380896545946598,0.023809630423784256,351,-0.0001330562517978251,-0.00024595632567070425,-0.14153362810611725,12.587,0.0,62,LAND,False,STANDBY,10,6
2026-09-28T20:01:49.537735,-35.3632624,149.1652377,0.002,0.01,-0.01,0.0,0.024174382910132408,0.02417495846748352,351,-0.0001377447770209983,-0.00024939849390648305,-0.1415088027715683,12.587,0.0,62,LAND,False,STANDBY,10,6
2026-09-28T20:01:50.039312,-35.3632624,149.1652377,0.002,0.01,-0.01,0.0,0.02400178834795952,0.024002384394407272,351,-0.0001253718655789271,-0.0002482496784068644,-0.14148534834384918,12.587,0.0,62,LAND,False,STANDBY,10,6
2026-09-28T20:01:50.540176,-35.3632624,149.1652377,0.002,0.01,-0.01,0.0,0.023969244211912155,0.02396930567920208,351,-0.00012941259774379432,-0.0002553371887188405,-0.1414513736963272,12.587,0.0,62,LAND,False,STANDBY,10,6
2026-09-28T20:01:51.040641,-35.3632624,149.1652377,0.002,0.01,-0.01,0.0,0.023720644414424896,0.023721184581518173,351,-0.00012356782099232078,-0.0002448561426717788,-0.14142130315303802,12.587,0.0,62,LAND,False,STANDBY,10,6
2026-09-28T20:01:51.541541,-35.3632624,149.1652377,0.002,0.01,-0.01,0.0,0.023588011041283607,0.02358815260231495,351,-0.0001326441124547273,-0.00023942854022607207,-0.14139680564403534,12.587,0.0,62,LAND,False,STANDBY,10,6
2026-09-28T20:01:52.042388,-35.3632624,149.1652377,0.002,0.01,-0.01,0.0,0.023666642606258392,0.02366720885038376,351,-0.00013099414354655892,-0.00024059988209046423,-0.1413692831993103,12.587,0.0,62,LAND,False,STANDBY,10,6
2026-09-28T20:01:52.543790,-35.3632624,149.1652377,0.002,0.01,-0.01,0.0,0.02382543310523033,0.02382652647793293,351,-0.00013086026592645794,-0.00024726963602006435,-0.14133380353450775,12.587,0.0,62,LAND,False,STANDBY,10,6
2026-09-28T20:01:53.044468,-35.3632624,149.1652377,0.002,0.01,-0.01,0.0,0.02361714281141758,0.023617597296833992,351,-0.0001312439126195386,-0.00024158277665264904,-0.14130668342113495,12.587,0.0,62,LAND,False,STANDBY,10,6
2026-09-28T20:01:53.545168,-35.3632624,149.1652377,0.002,0.01,-0.01,0.0,0.02369965985417366,0.023699944838881493,351,-0.00013611299800686538,-0.00024505725014023483,-0.141280397772789,12.587,0.0,62,LAND,False,STANDBY,10,6
2026-09-28T20:01:54.047713,-35.3632624,149.1652377,0.002,0.01,-0.01,0.0,0.023616785183548927,0.023616816848516464,351,-0.00013726357428822666,-0.00023388158297166228,-0.14126113057136536,12.587,0.0,62,LAND,False,STANDBY,10,6
2026-09-28T20:01:54.548068,-35.3632624,149.1652377,0.002,0.01,-0.01,0.0,0.023840440437197685,0.02384047396481037,351,-0.00013215973740443587,-0.0002312998112756759,-0.1412360817193985,12.587,0.0,62,LAND,False,STANDBY,10,6
2026-09-28T20:01:55.049035,-35.3632624,149.1652377,0.002,0.01,-0.01,0.0,0.023650968447327614,0.02365109696984291,351,-0.00013381608005147427,-0.00021851560450159013,-0.14121182262897491,12.587,0.0,62,LAND,False,STANDBY,10,6
2026-09-28T20:01:55.550267,-35.3632624,149.1652377,0.002,0.01,-0.01,0.0,0.02343226969242096,0.023432323709130287,351,-0.00013799499720335007,-0.00022448613890446723,-0.14118658006191254,12.587,0.0,62,LAND,False,STANDBY,10,6
2026-09-28T20:01:56.050561,-35.3632624,149.1652377,0.002,0.01,-0.01,0.0,0.023426875472068787,0.023427274078130722,351,-0.00013660559488926083,-0.00022033050481695682,-0.1411748230457306,12.587,0.0,62,LAND,False,STANDBY,10,6
2026-09-28T20:01:56.551504,-35.3632624,149.1652377,0.002,0.01,-0.01,0.0,0.02353636361658573,0.02353692427277565,351,-0.00014514931535813957,-0.00022493085998576134,-0.14115117490291595,12.587,0.0,62,LAND,False,STANDBY,10,6
2026-09-28T20:01:57.051680,-35.3632624,149.1652377,0.002,0.01,-0.01,0.0,0.023393550887703896,0.02339470386505127,351,-0.00013523991219699383,-0.0002221498725702986,-0.14112606644630432,12.587,0.0,62,LAND,False,STANDBY,10,6
2026-09-28T20:01:57.552229,-35.3632624,149.1652377,0.002,0.01,-0.01,0.0,0.023501185700297356,0.023501278832554817,351,-0.00013906344247516245,-0.0002275542210554704,-0.14110375940799713,12.587,0.0,62,LAND,False,STANDBY,10,6
2026-09-28T20:01:58.052770,-35.3632624,149.1652377,0.002,0.01,-0.01,0.0,0.023613793775439262,0.023613829165697098,351,-0.00013501870853360742,-0.00023062698892317712,-0.1410718411207199,12.587,0.0,62,LAND,False,STANDBY,10,6
2026-09-28T20:01:58.553455,-35.3632624,149.1652377,0.002,0.01,-0.01,0.0,0.02361348830163479,0.02361374907195568,351,-0.00015368529420811683,-0.000237839252804406,-0.1410541981458664,12.587,0.0,62,LAND,False,STANDBY,10,6
2026-09-28T20:01:59.054301,-35.3632624,149.1652377,0.002,0.01,-0.01,0.0,0.023636477068066597,0.023636527359485626,351,-0.0001517575146863237,-0.00022911424457561225,-0.1410275101661682,12.587,0.0,62,LAND,False,STANDBY,10,6
2026-09-28T20:01:59.554989,-35.3632624,149.1652377,0.002,0.01,-0.01,0.0,0.023748429492115974,0.023748571053147316,351,-0.00014638224092777818,-0.00023000485089141876,-0.14100681245326996,12.587,0.0,62,LAND,False,STANDBY,10,6
2026-09-28T20:02:00.055613,-35.3632624,149.1652377,0.002,0.01,-0.01,0.0,0.023665638640522957,0.023665770888328552,351,-0.00013995861809235066,-0.00022562203230336308,-0.14098447561264038,12.587,0.0,62,LAND,False,STANDBY,10,6
2026-09-28T20:02:00.556106,-35.3632624,149.1652377,0.002,0.01,-0.01,0.0,0.02374611608684063,0.023746132850646973,351,-0.00014099967665970325,-0.00022034313587937504,-0.14097295701503754,12.587,0.0,62,LAND,False,STANDBY,10,6
2026-09-28T20:02:01.056726,-35.3632624,149.1652377,0.002,0.01,-0.01,0.0,0.023623114451766014,0.023623162880539894,351,-0.00013236743689049035,-0.0002157246635761112,-0.1409476399421692,12.587,0.0,62,LAND,False,STANDBY,10,6
2026-09-28T20:02:01.557411,-35.3632624,149.1652377,0.002,0.01,-0.01,0.0,0.023567629978060722,0.023567650467157364,351,-0.00013308894995134324,-0.0002179299044655636,-0.14092646539211273,12.587,0.0,62,LAND,False,STANDBY,10,6
2026-09-28T20:02:02.059499,-35.3632624,149.1652377,0.002,0.01,-0.01,0.0,0.023300694301724434,0.023300698027014732,351,-0.00012885360047221184,-0.0002188253856729716,-0.14090806245803833,12.587,0.0,62,LAND,False,STANDBY,10,6
2026-09-28T20:02:02.559987,-35.3632624,149.1652377,0.002,0.01,-0.01,0.0,0.023273689672350883,0.023273710161447525,351,-0.00013328173372428864,-0.00021750184532720596,-0.1408819556236267,12.587,0.0,62,LAND,False,STANDBY,10,6
2026-09-28T20:02:03.060558,-35.3632624,149.1652377,0.002,0.01,-0.01,0.0,0.02319902740418911,0.023199530318379402,351,-0.00013742058945354074,-0.00021122238831594586,-0.14085979759693146,12.587,0.0,62,LAND,False,STANDBY,10,6
2026-09-28T20:02:03.561500,-35.3632624,149.1652377,0.002,0.01,-0.01,0.0,0.02328367903828621,0.02328462339937687,351,-0.00014641921734437346,-0.0002239569294033572,-0.14083896577358246,12.587,0.0,62,LAND,False,STANDBY,10,6
2026-09-28T20:02:04.062222,-35.3632624,149.1652377,0.002,0.01,-0.01,0.0,0.023283198475837708,0.023283684626221657,351,-0.00014945417933631688,-0.00023056672944221646,-0.14080984890460968,12.587,0.0,62,LAND,False,STANDBY,10,6
2026-09-28T20:02:04.562668,-35.3632624,149.1652377,0.002,0.01,-0.01,0.0,0.023632362484931946,0.02363315410912037,351,-0.00015910541696939617,-0.00024088336795102805,-0.14078976213932037,12.587,0.0,62,LAND,False,STANDBY,10,6
2026-09-28T20:02:05.063403,-35.3632624,149.1652377,0.002,0.01,-0.01,0.0,0.0235725250095129,0.02357322722673416,351,-0.00015084186452440917,-0.00023606083414051682,-0.1407707929611206,12.587,0.0,62,LAND,False,STANDBY,10,6
2026-09-28T20:02:05.564102,-35.3632624,149.1652377,0.002,0.01,-0.01,0.0,0.0239107608795166,0.023911073803901672,351,-0.00015451449144165963,-0.0002465886063873768,-0.1407511979341507,12.587,0.0,62,LAND,False,STANDBY,10,6
2026-09-28T20:02:06.066851,-35.3632624,149.1652377,0.002,0.01,-0.01,0.0,0.023800380527973175,0.023800482973456383,351,-0.00014576237299479544,-0.0002505386946722865,-0.14073446393013,12.587,0.0,62,LAND,False,STANDBY,10,6
2026-09-28T20:02:06.567614,-35.3632624,149.1652377,0.002,0.01,-0.01,0.0,0.023983115330338478,0.023983340710401535,351,-0.00014987122267484665,-0.00025607459247112274,-0.14071734249591827,12.587,0.0,62,LAND,False,STANDBY,10,6
2026-09-28T20:02:07.068278,-35.3632624,149.1652377,0.002,0.01,-0.01,0.0,0.02427256666123867,0.024272572249174118,351,-0.0001534813200123608,-0.0002478948445059359,-0.14070409536361694,12.587,0.0,62,LAND,False,STANDBY,10,6
2026-09-28T20:02:07.569096,-35.3632624,149.1652377,0.002,0.01,-0.01,0.0,0.0245074313133955,0.024507535621523857,351,-0.0001649121259106323,-0.0002528723271097988,-0.14069104194641113,12.587,0.0,62,LAND,False,STANDBY,10,6
2026-09-28T20:02:08.069729,-35.3632624,149.1652377,0.002,0.01,-0.01,0.0,0.02412867359817028,0.02412920817732811,351,-0.00015190096746664494,-0.0002363276871619746,-0.1406669318675995,12.587,0.0,62,LAND,False,STANDBY,10,6
2026-09-28T20:02:08.570465,-35.3632624,149.1652377,0.002,0.01,-0.01,0.0,0.024152282625436783,0.024153312668204308,351,-0.00015533021360170096,-0.00023345925728790462,-0.14065659046173096,12.587,0.0,62,LAND,False,STANDBY,10,6
2026-09-28T20:02:09.071237,-35.3632624,149.1652377,0.002,0.01,-0.01,0.0,0.023909125477075577,0.02391035668551922,351,-0.00013765414769295603,-0.00022461864864453673,-0.1406402885913849,12.587,0.0,62,LAND,False,STANDBY,10,6
2026-09-28T20:02:09.572203,-35.3632624,149.1652377,0.002,0.01,-0.01,0.0,0.02379561774432659,0.023796431720256805,351,-0.0001359261223115027,-0.00022822133905719966,-0.14062000811100006,12.587,0.0,62,LAND,False,STANDBY,10,6
2026-09-28T20:02:10.072461,-35.3632624,149.1652377,0.002,0.01,-0.01,0.0,0.02368394285440445,0.023684009909629822,351,-0.00013654025678988546,-0.0002204101620009169,-0.14059282839298248,12.587,0.0,62,LAND,False,STANDBY,10,6
2026-09-28T20:02:10.575580,-35.3632624,149.1652377,0.002,0.01,-0.01,0.0,0.023586079478263855,0.023586122319102287,351,-0.00013388450315687805,-0.00022546149557456374,-0.14057768881320953,12.587,0.0,62,LAND,False,STANDBY,10,6
2026-09-28T20:02:11.075800,-35.3632624,149.1652377,0.002,0.01,-0.01,0.0,0.02335980534553528,0.02335982397198677,351,-0.000129097665194422,-0.00021861502318643034,-0.1405646651983261,12.587,0.0,62,LAND,False,STANDBY,10,6
2026-09-28T20:02:11.576495,-35.3632624,149.1652377,0.002,0.01,-0.01,0.0,0.023374713957309723,0.023374926298856735,351,-0.00012537770089693367,-0.00023188239720184356,-0.14055021107196808,12.587,0.0,62,LAND,False,STANDBY,10,6
2026-09-28T20:02:12.077245,-35.3632624,149.1652377,0.002,0.01,-0.01,0.0,0.0233551524579525,0.023355264216661453,351,-0.00011925371654797345,-0.00022155691112857312,-0.14053010940551758,12.587,0.0,62,LAND,False,STANDBY,10,6
2026-09-28T20:02:12.578083,-35.3632624,149.1652377,0.002,0.01,-0.01,0.0,0.023384850472211838,0.02338515780866146,351,-0.0001240987330675125,-0.0002271438279422,-0.1405123621225357,12.587,0.0,62,LAND,False,STANDBY,10,6
2026-09-28T20:02:13.078614,-35.3632624,149.1652377,0.002,0.01,-0.01,0.0,0.02321448177099228,0.023214679211378098,351,-0.00012607211829163134,-0.00022048153914511204,-0.14049910008907318,12.587,0.0,62,LAND,False,STANDBY,10,6
2026-09-28T20:02:13.579434,-35.3632624,149.1652377,0.002,0.01,-0.01,0.0,0.02327137254178524,0.02327166125178337,351,-0.0001269349013455212,-0.0002192621905123815,-0.1404791623353958,12.587,0.0,62,LAND,False,STANDBY,10,6
2026-09-28T20:02:14.080180,-35.3632624,149.1652377,0.002,0.01,-0.01,0.0,0.023286690935492516,0.023286884650588036,351,-0.00012431615323293954,-0.0002169626677641645,-0.14046168327331543,12.587,0.0,62,LAND,False,STANDBY,10,6
2026-09-28T20:02:14.581082,-35.3632624,149.1652377,0.002,0.01,-0.01,0.0,0.023482918739318848,0.023483050987124443,351,-0.00012375462392810732,-0.00022742168221157044,-0.14044320583343506,12.587,0.0,62,LAND,False,STANDBY,10,6
2026-09-28T20:02:15.081459,-35.3632624,149.1652377,0.002,0.01,-0.01,0.0,0.023375453427433968,0.023375466465950012,351,-0.00012399214028846473,-0.0002274739381391555,-0.14043623208999634,12.587,0.0,62,LAND,False,STANDBY,10,6
2026-09-28T20:02:15.582044,-35.3632624,149.1652377,0.002,0.01,-0.01,0.0,0.023426298052072525,0.02342640794813633,351,-0.00013269971532281488,-0.0002333319716854021,-0.1404220312833786,12.587,0.0,62,LAND,False,STANDBY,10,6
2026-09-28T20:02:16.082768,-35.3632624,149.1652377,0.002,0.01,-0.01,0.0,0.02343563362956047,0.023435864597558975,351,-0.00012686241825576872,-0.00022613265900872648,-0.14041239023208618,12.587,0.0,62,LAND,False,STANDBY,10,6
2026-09-28T20:02:16.583504,-35.3632624,149.1652377,0.002,0.01,-0.01,0.0,0.023685673251748085,0.02368593029677868,351,-0.0001360884343739599,-0.00024008034961298108,-0.14040309190750122,12.587,0.0,62,LAND,False,STANDBY,10,6
2026-09-28T20:02:17.084276,-35.3632624,149.1652377,0.002,0.01,-0.01,0.0,0.023656878620386124,0.02365742437541485,351,-0.0001344201882602647,-0.00023660868464503437,-0.14038889110088348,12.587,0.0,62,LAND,False,STANDBY,10,6
2026-09-28T20:02:17.585281,-35.3632624,149.1652377,0.002,0.01,-0.01,0.0,0.02382253296673298,0.023823199793696404,351,-0.00014669811935164034,-0.00023676698037888855,-0.14037202298641205,12.587,0.0,62,LAND,False,STANDBY,10,6
2026-09-28T20:02:18.086039,-35.3632624,149.1652377,0.002,0.01,-0.01,0.0,0.023826444521546364,0.023826973512768745,351,-0.0001444357621949166,-0.00023604296438861638,-0.14035584032535553,12.587,0.0,62,LAND,False,STANDBY,10,6
2026-09-28T20:02:18.586587,-35.3632624,149.1652377,0.002,0.01,-0.01,0.0,0.023972053080797195,0.02397266775369644,351,-0.00014525339065585285,-0.00023565629089716822,-0.14033550024032593,12.587,0.0,62,LAND,False,STANDBY,10,6
2026-09-28T20:02:19.087463,-35.3632624,149.1652377,0.002,0.01,-0.01,0.0,0.02386557124555111,0.02386604994535446,351,-0.00014329448458738625,-0.00022998341592028737,-0.14031913876533508,12.587,0.0,62,LAND,False,STANDBY,10,6
2026-09-28T20:02:19.587786,-35.3632624,149.1652377,0.002,0.01,-0.01,0.0,0.023983566090464592,0.023984136059880257,351,-0.00015061319572851062,-0.00023330804833676666,-0.14030657708644867,12.587,0.0,62,LAND,False,STANDBY,10,6
2026-09-28T20:02:20.088562,-35.3632624,149.1652377,0.002,0.01,-0.01,0.0,0.02386540174484253,0.023865867406129837,351,-0.00014945385919418186,-0.0002368930436205119,-0.14029723405838013,12.587,0.0,62,LAND,False,STANDBY,10,6
2026-09-28T20:02:20.589620,-35.3632624,149.1652377,0.002,0.01,-0.01,0.0,0.0240130927413702,0.02401311695575714,351,-0.00015884992899373174,-0.00023702946782577783,-0.1402929723262787,12.587,0.0,62,LAND,False,STANDBY,10,6
2026-09-28T20:02:21.090302,-35.3632624,149.1652377,0.002,0.01,-0.01,0.0,0.023786652833223343,0.02378666214644909,351,-0.00014662426838185638,-0.00023085651628207415,-0.14028474688529968,12.587,0.0,62,LAND,False,STANDBY,10,6
2026-09-28T20:02:21.590932,-35.3632624,149.1652377,0.002,0.01,-0.01,0.0,0.02407619170844555,0.024076193571090698,351,-0.00015390731277875602,-0.0002363731327932328,-0.14027224481105804,12.587,0.0,62,LAND,False,STANDBY,10,6
2026-09-28T20:02:22.091550,-35.3632624,149.1652377,0.002,0.01,-0.01,0.0,0.023905165493488312,0.023905232548713684,351,-0.00015252029697876424,-0.00022709240147378296,-0.14026492834091187,12.587,0.0,62,LAND,False,STANDBY,10,6
2026-09-28T20:02:22.592228,-35.3632624,149.1652377,0.002,0.01,-0.01,0.0,0.02383892983198166,0.023839090019464493,351,-0.000157573027536273,-0.00023244600743055344,-0.14025641977787018,12.587,0.0,62,LAND,False,STANDBY,10,6
2026-09-28T20:02:23.093033,-35.3632624,149.1652377,0.002,0.01,-0.01,0.0,0.023803183808922768,0.02380320057272911,351,-0.00015757963410578668,-0.0002305656234966591,-0.14024662971496582,12.587,0.0,62,LAND,False,STANDBY,10,6
2026-09-28T20:02:23.594119,-35.3632624,149.1652377,0.002,0.01,-0.01,0.0,0.02377701736986637,0.023777032271027565,351,-0.0001529501605546102,-0.0002341565559618175,-0.14023588597774506,12.587,0.0,62,LAND,False,STANDBY,10,6
2026-09-28T20:02:24.094463,-35.3632624,149.1652377,0.002,0.01,-0.01,0.0,0.023639803752303123,0.02363983541727066,351,-0.00014569074846804142,-0.00022837867436464876,-0.14023220539093018,12.587,0.0,62,LAND,False,STANDBY,10,6
2026-09-28T20:02:24.595269,-35.3632624,149.1652377,0.002,0.01,-0.01,0.0,0.0236702598631382,0.02367028407752514,351,-0.0001525000116089359,-0.00023459955991711468,-0.14022979140281677,12.587,0.0,62,LAND,False,STANDBY,10,6
2026-09-28T20:02:25.095523,-35.3632624,149.1652377,0.002,0.01,-0.01,0.0,0.023757614195346832,0.02375761792063713,351,-0.00014938224921934307,-0.00023037208302412182,-0.14022716879844666,12.587,0.0,62,LAND,False,STANDBY,10,6
2026-09-28T20:02:25.596333,-35.3632624,149.1652377,0.002,0.01,-0.01,0.0,0.023818446323275566,0.023818450048565865,351,-0.00015772631741128862,-0.00023724760103505105,-0.1402217298746109,12.587,0.0,62,LAND,False,STANDBY,10,6
2026-09-28T20:02:26.096786,-35.3632624,149.1652377,0.002,0.01,-0.01,0.0,0.0239443089812994,0.02394433505833149,351,-0.00015524988702964038,-0.00023148496984504163,-0.14021055400371552,12.587,0.0,62,LAND,False,STANDBY,10,6
2026-09-28T20:02:26.597466,-35.3632624,149.1652377,0.002,0.01,-0.01,0.0,0.02403492107987404,0.024035140872001648,351,-0.00015424867160618305,-0.00024629273684695363,-0.1401912271976471,12.587,0.0,62,LAND,False,STANDBY,10,6
2026-09-28T20:02:27.098217,-35.3632624,149.1652377,0.002,0.01,-0.01,0.0,0.02402511239051819,0.024025149643421173,351,-0.00014451728202402592,-0.00024571234825998545,-0.14018453657627106,12.587,0.0,62,LAND,False,STANDBY,10,6
2026-09-28T20:02:27.598869,-35.3632624,149.1652377,0.002,0.01,-0.01,0.0,0.024032847955822945,0.024032942950725555,351,-0.00014767085667699575,-0.00025162723613902926,-0.14017361402511597,12.587,0.0,62,LAND,False,STANDBY,10,6
2026-09-28T20:02:28.099464,-35.3632624,149.1652377,0.002,0.01,-0.01,0.0,0.023957159370183945,0.023957211524248123,351,-0.00014579755952581763,-0.0002514140505809337,-0.14016668498516083,12.587,0.0,62,LAND,False,STANDBY,10,6
2026-09-28T20:02:28.600141,-35.3632624,149.1652377,0.002,0.01,-0.01,0.0,0.024013224989175797,0.024013351649045944,351,-0.00014761733473278582,-0.0002562087611295283,-0.14015185832977295,12.587,0.0,62,LAND,False,STANDBY,10,6
2026-09-28T20:02:29.100469,-35.3632624,149.1652377,0.002,0.01,-0.01,0.0,0.023974617943167686,0.02397475764155388,351,-0.00014363561058416963,-0.0002517998800612986,-0.14014208316802979,12.587,0.0,62,LAND,False,STANDBY,10,6
2026-09-28T20:02:29.601170,-35.3632624,149.1652377,0.002,0.01,-0.01,0.0,0.024030501022934914,0.024030588567256927,351,-0.00014803418889641762,-0.0002522979339119047,-0.14013583958148956,12.587,0.0,62,LAND,False,STANDBY,10,6
2026-09-28T20:02:30.101713,-35.3632624,149.1652377,0.002,0.01,-0.01,0.0,0.023988882079720497,0.023989051580429077,351,-0.000142470293212682,-0.0002464305143803358,-0.14012765884399414,12.587,0.0,62,LAND,False,STANDBY,10,6
2026-09-28T20:02:30.602547,-35.3632624,149.1652377,0.002,0.01,-0.01,0.0,0.02395777776837349,0.023958206176757812,351,-0.00015613452706020325,-0.00024203251814469695,-0.14011918008327484,12.587,0.0,62,LAND,False,STANDBY,10,6
2026-09-28T20:02:31.103306,-35.3632624,149.1652377,0.002,0.01,-0.01,0.0,0.02388755977153778,0.023887651041150093,351,-0.00015400735719595104,-0.00022699299734085798,-0.14011789858341217,12.587,0.0,62,LAND,False,STANDBY,10,6
2026-09-28T20:02:31.604059,-35.3632624,149.1652377,0.002,0.01,-0.01,0.0,0.023982932791113853,0.023983022198081017,351,-0.00015755482309032232,-0.00022747569892089814,-0.14010748267173767,12.587,0.0,62,LAND,False,STANDBY,10,6
2026-09-28T20:02:32.104790,-35.3632624,149.1652377,0.002,0.01,-0.01,0.0,0.02385980635881424,0.023859981447458267,351,-0.00016358745051547885,-0.00021839814144186676,-0.1400972455739975,12.587,0.0,62,LAND,False,STANDBY,10,6
2026-09-28T20:02:32.605536,-35.3632624,149.1652377,0.002,0.01,-0.01,0.0,0.023824306204915047,0.02382436767220497,351,-0.0001613278582226485,-0.00021819239191245288,-0.14008784294128418,12.587,0.0,62,LAND,False,STANDBY,10,6
2026-09-28T20:02:33.106338,-35.3632624,149.1652377,0.002,0.01,-0.01,0.0,0.02370491810142994,0.023704923689365387,351,-0.00016042262723203748,-0.00021874050435144454,-0.14009259641170502,12.587,0.0,62,LAND,False,STANDBY,10,6
2026-09-28T20:02:33.607319,-35.3632624,149.1652377,0.002,0.01,-0.01,0.0,0.02373371832072735,0.023734059184789658,351,-0.00016061651695054024,-0.0002225812349934131,-0.14008384943008423,12.587,0.0,62,LAND,False,STANDBY,10,6
2026-09-28T20:02:34.107613,-35.3632624,149.1652377,0.002,0.01,-0.01,0.0,0.02377186343073845,0.023771872743964195,351,-0.0001562046236358583,-0.00021525300689972937,-0.14008547365665436,12.587,0.0,62,LAND,False,STANDBY,10,6
2026-09-28T20:02:34.608347,-35.3632624,149.1652377,0.002,0.01,-0.01,0.0,0.023920563980937004,0.0239205714315176,351,-0.0001610174949746579,-0.00021600046602543443,-0.14007195830345154,12.587,0.0,62,LAND,False,STANDBY,10,6
2026-09-28T20:02:35.109130,-35.3632624,149.1652377,0.002,0.01,-0.01,0.0,0.02358987182378769,0.02358987368643284,351,-0.00015571889525745064,-0.00020939238311257213,-0.1400587111711502,12.587,0.0,62,LAND,False,STANDBY,10,6
2026-09-28T20:02:35.609605,-35.3632624,149.1652377,0.002,0.01,-0.01,0.0,0.023638660088181496,0.0236387737095356,351,-0.00015911123773548752,-0.00021713720343541354,-0.14005440473556519,12.587,0.0,62,LAND,False,STANDBY,10,6
2026-09-28T20:02:36.110542,-35.3632624,149.1652377,0.002,0.01,-0.01,0.0,0.0237995907664299,0.0237995944917202,351,-0.0001503074890933931,-0.00022126984549686313,-0.1400422751903534,12.587,0.0,62,LAND,False,STANDBY,10,6
2026-09-28T20:02:36.612026,-35.3632624,149.1652377,0.002,0.01,-0.01,0.0,0.02397708222270012,0.02397727407515049,351,-0.00015236233593896031,-0.00022239662939682603,-0.14004355669021606,12.587,0.0,62,LAND,False,STANDBY,10,6
2026-09-28T20:02:37.112435,-35.3632624,149.1652377,0.002,0.01,-0.01,0.0,0.023709410801529884,0.023709716275334358,351,-0.0001413628488080576,-0.00021389839821495116,-0.14003250002861023,12.587,0.0,62,LAND,False,STANDBY,10,6
2026-09-28T20:02:37.613469,-35.3632624,149.1652377,0.002,0.01,-0.01,0.0,0.02373318374156952,0.023733222857117653,351,-0.0001449286937713623,-0.00021654060401488096,-0.14003930985927582,12.587,0.0,62,LAND,False,STANDBY,10,6
2026-09-28T20:02:38.114648,-35.3632624,149.1652377,0.002,0.01,-0.01,0.0,0.0236891508102417,0.023689955472946167,351,-0.00013839805615134537,-0.0002145654580090195,-0.1400376409292221,12.587,0.0,62,LAND,False,STANDBY,10,6
2026-09-28T20:02:38.615518,-35.3632624,149.1652377,0.002,0.01,-0.01,0.0,0.023641541600227356,0.023641666397452354,351,-0.00014049262972548604,-0.00021488231141120195,-0.14003117382526398,12.587,0.0,62,LAND,False,STANDBY,10,6
2026-09-28T20:02:39.116146,-35.3632624,149.1652377,0.002,0.01,-0.01,0.0,0.02343307062983513,0.023433079943060875,351,-0.0001444008230464533,-0.0001981336681637913,-0.14002440869808197,12.587,0.0,62,LAND,False,STANDBY,10,6
2026-09-28T20:02:39.616934,-35.3632624,149.1652377,0.002,0.01,-0.01,0.0,0.023384764790534973,0.023384811356663704,351,-0.00014244680642150342,-0.00020710819808300585,-0.14002159237861633,12.587,0.0,62,LAND,False,STANDBY,10,6
2026-09-28T20:02:40.117535,-35.3632624,149.1652377,0.002,0.01,-0.01,0.0,0.023391831666231155,0.02339199371635914,351,-0.0001318558061029762,-0.0002117696712957695,-0.14001794159412384,12.587,0.0,62,LAND,False,STANDBY,10,6
2026-09-28T20:02:40.617892,-35.3632624,149.1652377,0.002,0.01,-0.01,0.0,0.023449022322893143,0.023449625819921494,351,-0.00013372844841796905,-0.00022216908109840006,-0.14001643657684326,12.587,0.0,62,LAND,False,STANDBY,10,6
2026-09-28T20:02:41.118461,-35.3632624,149.1652377,0.002,0.01,-0.01,0.0,0.02353115938603878,0.023531291633844376,351,-0.00013790173397865146,-0.0002201691531809047,-0.14002101123332977,12.587,0.0,62,LAND,False,STANDBY,10,6
2026-09-28T20:02:41.618815,-35.3632624,149.1652377,0.002,0.01,-0.01,0.0,0.023762069642543793,0.023762444034218788,351,-0.00014672822726424783,-0.0002270956611027941,-0.14001096785068512,12.587,0.0,62,LAND,False,STANDBY,10,6
2026-09-28T20:02:42.119453,-35.3632624,149.1652377,0.002,0.01,-0.01,0.0,0.02377570979297161,0.02377675659954548,351,-0.00014357389591168612,-0.0002259460452478379,-0.1400085687637329,12.587,0.0,62,LAND,False,STANDBY,10,6
2026-09-28T20:02:42.620109,-35.3632624,149.1652377,0.002,0.01,-0.01,0.0,0.023945506662130356,0.023945534601807594,351,-0.00014913648192305118,-0.00023765841615386307,-0.14000655710697174,12.587,0.0,62,LAND,False,STANDBY,10,6
2026-09-28T20:02:43.120499,-35.3632624,149.1652377,0.002,0.01,-0.01,0.0,0.023968594148755074,0.023968596011400223,351,-0.00013972597662359476,-0.00023491565661970526,-0.13999401032924652,12.587,0.0,62,LAND,False,STANDBY,10,6
2026-09-28T20:02:43.621225,-35.3632624,149.1652377,0.002,0.01,-0.01,0.0,0.023942911997437477,0.023942938074469566,351,-0.00014196308620739728,-0.0002378602948738262,-0.13998724520206451,12.587,0.0,62,LAND,False,STANDBY,10,6
2026-09-28T20:02:44.121537,-35.3632624,149.1652377,0.002,0.01,-0.01,0.0,0.02379784733057022,0.023797892034053802,351,-0.00013909592234995216,-0.0002297659229952842,-0.13998596370220184,12.587,0.0,62,LAND,False,STANDBY,10,6
2026-09-28T20:02:44.622540,-35.3632624,149.1652377,0.002,0.01,-0.01,0.0,0.023809276521205902,0.023809336125850677,351,-0.00015414398512803018,-0.00022901632473804057,-0.13997451961040497,12.587,0.0,62,LAND,False,STANDBY,10,6
2026-09-28T20:02:45.122765,-35.3632624,149.1652377,0.002,0.01,-0.01,0.0,0.02377316914498806,0.0237731896340847,351,-0.00014447201101575047,-0.00022994421306066215,-0.13997170329093933,12.587,0.0,62,LAND,False,STANDBY,10,6
2026-09-28T20:02:45.624075,-35.3632624,149.1652377,0.002,0.01,-0.01,0.0,0.023848077282309532,0.023848265409469604,351,-0.00014830527652520686,-0.0002279761974932626,-0.13996708393096924,12.587,0.0,62,LAND,False,STANDBY,10,6
2026-09-28T20:02:46.124642,-35.3632624,149.1652377,0.002,0.01,-0.01,0.0,0.024059966206550598,0.024060113355517387,351,-0.0001483938394812867,-0.00023171366774477065,-0.13996334373950958,12.587,0.0,62,LAND,False,STANDBY,10,6
2026-09-28T20:02:46.624988,-35.3632624,149.1652377,0.002,0.01,-0.01,0.0,0.024160651490092278,0.024161027744412422,351,-0.00014823753735981882,-0.00023699238954577595,-0.13995659351348877,12.587,0.0,62,LAND,False,STANDBY,10,6
2026-09-28T20:02:47.125567,-35.3632624,149.1652377,0.002,0.01,-0.01,0.0,0.02399476245045662,0.023995550349354744,351,-0.0001337425783276558,-0.0002320710918866098,-0.13995152711868286,12.587,0.0,62,LAND,False,STANDBY,10,6
2026-09-28T20:02:47.625999,-35.3632624,149.1652377,0.002,0.01,-0.01,0.0,0.024002114310860634,0.024002429097890854,351,-0.00013398364535532892,-0.0002354480529902503,-0.1399419605731964,12.587,0.0,62,LAND,False,STANDBY,10,6
2026-09-28T20:02:48.126573,-35.3632624,149.1652377,0.002,0.01,-0.01,0.0,0.02356618456542492,0.02356667071580887,351,-0.00013332201342564076,-0.00022565145627595484,-0.13994351029396057,12.587,0.0,62,LAND,False,STANDBY,10,6
2026-09-28T20:02:48.627206,-35.3632624,149.1652377,0.002,0.01,-0.01,0.0,0.02382044494152069,0.02382085472345352,351,-0.00014302434283308685,-0.00022891027037985623,-0.1399463415145874,12.587,0.0,62,LAND,False,STANDBY,10,6
2026-09-28T20:02:49.128286,-35.3632624,149.1652377,0.002,0.01,-0.01,0.0,0.023761821910738945,0.023762037977576256,351,-0.00014372180157806724,-0.00022657390218228102,-0.1399438977241516,12.587,0.0,62,LAND,False,STANDBY,10,6
2026-09-28T20:02:49.628969,-35.3632624,149.1652377,0.002,0.01,-0.01,0.0,0.023710081353783607,0.023710083216428757,351,-0.00015102370525710285,-0.00023716261785011739,-0.13993637263774872,12.587,0.0,62,LAND,False,STANDBY,10,6
2026-09-28T20:02:50.129692,-35.3632624,149.1652377,0.002,0.01,-0.01,0.0,0.02381259761750698,0.023812660947442055,351,-0.00014443532563745975,-0.0002301714412169531,-0.13994279503822327,12.587,0.0,62,LAND,False,STANDBY,10,6
2026-09-28T20:02:50.630372,-35.3632624,149.1652377,0.002,0.01,-0.01,0.0,0.023894185200333595,0.023894185200333595,351,-0.00014815271424595267,-0.0002229455712949857,-0.13992977142333984,12.587,0.0,62,LAND,False,STANDBY,10,6
2026-09-28T20:02:51.131105,-35.3632624,149.1652377,0.002,0.01,-0.01,0.0,0.023737968876957893,0.023738009855151176,351,-0.0001450906420359388,-0.00023067383153829724,-0.13992425799369812,12.587,0.0,62,LAND,False,STANDBY,10,6
2026-09-28T20:02:51.631773,-35.3632624,149.1652377,0.002,0.01,-0.01,0.0,0.023760167881846428,0.023760398849844933,351,-0.0001422899222234264,-0.0002354748867219314,-0.13991692662239075,12.587,0.0,62,LAND,False,STANDBY,10,6
2026-09-28T20:02:52.133072,-35.3632624,149.1652377,0.002,0.01,-0.01,0.0,0.02378297969698906,0.023782983422279358,351,-0.00014565694436896592,-0.00023271814279723912,-0.13991530239582062,12.587,0.0,62,LAND,False,STANDBY,10,6
2026-09-28T20:02:52.634398,-35.3632624,149.1652377,0.002,0.01,-0.01,0.0,0.023824695497751236,0.02382480725646019,351,-0.00014314180589281023,-0.00022829054796602577,-0.1399107426404953,12.587,0.0,62,LAND,False,STANDBY,10,6
2026-09-28T20:02:53.135575,-35.3632624,149.1652377,0.002,0.01,-0.01,0.0,0.023966945707798004,0.023967234417796135,351,-0.0001346908393315971,-0.00023341494670603424,-0.13990344107151031,12.587,0.0,62,LAND,False,STANDBY,10,6
2026-09-28T20:02:53.636579,-35.3632624,149.1652377,0.002,0.01,-0.01,0.0,0.023675814270973206,0.02367606945335865,351,-0.00012350946781225502,-0.00022481285850517452,-0.13989762961864471,12.587,0.0,62,LAND,False,STANDBY,10,6
2026-09-28T20:02:54.137574,-35.3632624,149.1652377,0.002,0.01,-0.01,0.0,0.023869788274168968,0.02386980876326561,351,-0.00012746857828460634,-0.00022808399808127433,-0.13989371061325073,12.587,0.0,62,LAND,False,STANDBY,10,6
2026-09-28T20:02:54.638540,-35.3632624,149.1652377,0.002,0.01,-0.01,0.0,0.023498225957155228,0.02349827066063881,351,-0.0001228178880410269,-0.00021497334819287062,-0.1398954689502716,12.587,0.0,62,LAND,False,STANDBY,10,6
2026-09-28T20:02:55.140184,-35.3632624,149.1652377,0.002,0.01,-0.01,0.0,0.023623600602149963,0.023623600602149963,351,-0.0001296441478189081,-0.00021790896425954998,-0.1398913413286209,12.587,0.0,62,LAND,False,STANDBY,10,6
2026-09-28T20:02:55.640773,-35.3632624,149.1652377,0.002,0.01,-0.01,0.0,0.0233065914362669,0.023306619375944138,351,-0.00012448287452571094,-0.0002135226532118395,-0.1398857831954956,12.587,0.0,62,LAND,False,STANDBY,10,6
2026-09-28T20:02:56.141524,-35.3632624,149.1652377,0.002,0.01,-0.01,0.0,0.023606913164258003,0.023607058450579643,351,-0.00012265442637726665,-0.0002152880624635145,-0.13988631963729858,12.587,0.0,62,LAND,False,STANDBY,10,6
2026-09-28T20:02:56.642105,-35.3632624,149.1652377,0.002,0.01,-0.01,0.0,0.023265307769179344,0.023265309631824493,351,-0.00012303049152251333,-0.00021815604122821242,-0.1398920863866806,12.587,0.0,62,LAND,False,STANDBY,10,6
2026-09-28T20:02:57.143131,-35.3632624,149.1652377,0.002,0.01,-0.01,0.0,0.023664819076657295,0.023664819076657295,351,-0.0001332532410742715,-0.0002283756621181965,-0.1398865431547165,12.587,0.0,62,LAND,False,STANDBY,10,6
2026-09-28T20:02:57.643797,-35.3632624,149.1652377,0.002,0.01,-0.01,0.0,0.023422399535775185,0.023422617465257645,351,-0.0001300194999203086,-0.00023303968191612512,-0.1398957371711731,12.587,0.0,62,LAND,False,STANDBY,10,6
2026-09-28T20:02:58.144472,-35.3632624,149.1652377,0.002,0.01,-0.01,0.0,0.023706870153546333,0.023707250133156776,351,-0.00013144841068424284,-0.00024105758348014206,-0.13989628851413727,12.587,0.0,62,LAND,False,STANDBY,10,6
2026-09-28T20:02:58.645188,-35.3632624,149.1652377,0.002,0.01,-0.01,0.0,0.023491375148296356,0.023491879925131798,351,-0.00012892972154077142,-0.0002374330797465518,-0.13990241289138794,12.587,0.0,62,LAND,False,STANDBY,10,6
2026-09-28T20:02:59.146574,-35.3632624,149.1652377,0.002,0.01,-0.01,0.0,0.023728402331471443,0.02372870221734047,351,-0.00013689922343473881,-0.000240863548242487,-0.13990315794944763,12.587,0.0,62,LAND,False,STANDBY,10,6
2026-09-28T20:02:59.646848,-35.3632624,149.1652377,0.002,0.01,-0.01,0.0,0.023717641830444336,0.02371862158179283,351,-0.0001387383381370455,-0.00024521476007066667,-0.13990987837314606,12.587,0.0,62,LAND,False,STANDBY,10,6
2026-09-28T20:03:00.147461,-35.3632624,149.1652377,0.002,0.01,-0.01,0.0,0.02404208481311798,0.02404237538576126,351,-0.0001468745613237843,-0.000249152653850615,-0.1399078518152237,12.587,0.0,62,LAND,False,STANDBY,10,6
2026-09-28T20:03:00.648291,-35.3632624,149.1652377,0.002,0.01,-0.01,0.0,0.023873338475823402,0.023873357102274895,351,-0.0001491449074819684,-0.00024157832376658916,-0.13990402221679688,12.587,0.0,62,LAND,False,STANDBY,10,6
2026-09-28T20:03:01.148940,-35.3632624,149.1652377,0.002,0.01,-0.01,0.0,0.024023830890655518,0.024023832753300667,351,-0.00014921171532478184,-0.00023738309391774237,-0.13988995552062988,12.587,0.0,62,LAND,False,STANDBY,10,6
2026-09-28T20:03:01.649515,-35.3632624,149.1652377,0.002,0.01,-0.01,0.0,0.023789647966623306,0.023790434002876282,351,-0.0001323237520409748,-0.00021801734692417085,-0.13988322019577026,12.587,0.0,62,LAND,False,STANDBY,10,6
2026-09-28T20:03:02.150269,-35.3632624,149.1652377,0.002,0.01,-0.01,0.0,0.02378326840698719,0.023783473297953606,351,-0.00011418886424507946,-0.00020195003889966756,-0.13986697793006897,12.587,0.0,62,LAND,False,STANDBY,10,6
2026-09-28T20:03:02.651110,-35.3632624,149.1652377,0.002,0.01,-0.01,0.0,0.023452013731002808,0.023452313616871834,351,-8.145751780830324e-05,-0.00016769290959928185,-0.13984505832195282,12.587,0.0,62,LAND,False,STANDBY,10,6
2026-09-28T20:03:03.152566,-35.3632624,149.1652377,0.002,0.01,-0.01,0.0,0.023235978558659554,0.02323721908032894,351,-5.266754669719376e-05,-0.00013809297524858266,-0.13980849087238312,12.587,0.0,62,LAND,False,STANDBY,10,6
2026-09-28T20:03:03.653530,-35.3632624,149.1652377,0.002,0.01,-0.01,0.0,0.022335102781653404,0.022337352856993675,352,-6.114844836702105e-06,-9.631811553845182e-05,-0.13977409899234772,12.587,0.0,62,LAND,False,STANDBY,10,6
2026-09-28T20:03:04.154848,-35.3632624,149.1652377,0.001,0.01,-0.01,0.0,0.02150808833539486,0.021511482074856758,352,3.330747131258249e-05,-6.65944826323539e-05,-0.1397363841533661,12.587,0.0,62,LAND,False,STANDBY,10,6
2026-09-28T20:03:04.655553,-35.3632624,149.1652377,0.001,0.01,-0.01,0.0,0.020536348223686218,0.02053978480398655,352,7.948226266307756e-05,-2.0713583580800332e-05,-0.1397061049938202,12.587,0.0,62,LAND,False,STANDBY,10,6
2026-09-28T20:03:05.156255,-35.3632624,149.1652377,0.001,0.01,-0.01,0.0,0.019955052062869072,0.01995842717587948,352,0.0001279825810343027,1.88594676728826e-05,-0.1396615207195282,12.587,0.0,62,LAND,False,STANDBY,10,6
2026-09-28T20:03:05.656819,-35.3632624,149.1652377,0.001,0.01,-0.01,0.0,0.01885407231748104,0.018857264891266823,352,0.0001750259252730757,6.951077375560999e-05,-0.13961176574230194,12.587,0.0,62,LAND,False,STANDBY,10,6
2026-09-28T20:03:06.157556,-35.3632624,149.1652377,0.001,0.01,-0.01,0.0,0.017963135614991188,0.01796455681324005,352,0.00022171149612404406,0.00012552500993479043,-0.13955974578857422,12.587,0.0,62,LAND,False,STANDBY,10,6
2026-09-28T20:03:06.657916,-35.3632624,149.1652377,0.001,0.01,-0.01,0.0,0.01683381386101246,0.01683533564209938,352,0.0002778192865662277,0.00018314996850676835,-0.13949424028396606,12.587,0.0,62,LAND,False,STANDBY,10,6
2026-09-28T20:03:07.158571,-35.3632624,149.1652377,0.001,0.0,-0.01,0.0,0.015854066237807274,0.01585443876683712,352,0.00033108642674051225,0.00023550975311081856,-0.13943317532539368,12.587,0.0,62,LAND,False,STANDBY,10,6
2026-09-28T20:03:07.659294,-35.3632624,149.1652377,0.001,0.0,-0.01,0.0,0.014394143596291542,0.014394856058061123,352,0.00038442653021775186,0.0002915166551247239,-0.13936938345432281,12.587,0.0,62,LAND,False,STANDBY,10,6
2026-09-28T20:03:08.160129,-35.3632624,149.1652377,0.001,0.0,-0.01,0.0,0.01328868605196476,0.013289373368024826,352,0.0004302790330257267,0.00034477742156013846,-0.13930575549602509,12.587,0.0,62,LAND,False,STANDBY,10,6
2026-09-28T20:03:08.661285,-35.3632624,149.1652377,0.001,0.0,0.0,0.0,0.012021605856716633,0.012023516930639744,352,0.0004845005751121789,0.0003950952959712595,-0.13923749327659607,12.587,0.0,62,LAND,False,STANDBY,10,6
2026-09-28T20:03:09.162630,-35.3632624,149.1652377,0.001,0.0,0.0,0.0,0.01098102517426014,0.010982224717736244,352,0.0005319035844877362,0.00044317252468317747,-0.13916653394699097,12.587,0.0,62,LAND,False,STANDBY,10,6
2026-09-28T20:03:09.663256,-35.3632624,149.1652377,0.001,0.0,0.0,0.0,0.009603277780115604,0.009603572078049183,352,0.0005840924568474293,0.0004934680182486773,-0.13909296691417694,12.587,0.0,62,LAND,False,STANDBY,10,6
2026-09-28T20:03:10.163491,-35.3632624,149.1652377,0.001,0.0,0.0,0.0,0.008518335409462452,0.008518463931977749,352,0.0006391913047991693,0.0005357751506380737,-0.13900990784168243,12.587,0.0,62,LAND,False,STANDBY,10,6
2026-09-28T20:03:10.664149,-35.3632624,149.1652377,0.002,0.0,0.0,0.0,0.007433055900037289,0.007433139719069004,352,0.0006929095252417028,0.0005827907589264214,-0.13892649114131927,12.587,0.0,62,LAND,False,STANDBY,10,6
2026-09-28T20:03:11.165464,-35.3632624,149.1652377,0.002,0.0,0.0,0.0,0.006522978190332651,0.006522980518639088,352,0.0007296254043467343,0.0006340317195281386,-0.13884922862052917,12.587,0.0,62,LAND,False,STANDBY,10,6
2026-09-28T20:03:11.666164,-35.3632624,149.1652377,0.002,0.0,0.0,0.0,0.005439622327685356,0.0054401373490691185,352,0.0007813203264959157,0.0006667231791652739,-0.13877178728580475,12.587,0.0,62,LAND,False,STANDBY,10,6
2026-09-28T20:03:12.166713,-35.3632624,149.1652377,0.002,0.0,0.0,0.0,0.004647162277251482,0.0046486519277095795,352,0.0008181416196748614,0.0007057271432131529,-0.13867813348770142,12.587,0.0,62,LAND,False,STANDBY,10,6
2026-09-28T20:03:12.667336,-35.3632624,149.1652377,0.002,0.0,0.0,0.0,0.003678003791719675,0.0036780498921871185,352,0.0008583454764448106,0.0007531979354098439,-0.1385892927646637,12.587,0.0,62,LAND,False,STANDBY,10,6
2026-09-28T20:03:13.168018,-35.3632624,149.1652377,0.002,0.0,0.0,0.0,0.002748559694737196,0.0027488665655255318,352,0.0009072782122530043,0.0007966897683218122,-0.13850435614585876,12.587,0.0,62,LAND,False,STANDBY,10,6
2026-09-28T20:03:13.668464,-35.3632624,149.1652377,0.002,0.0,0.0,0.0,0.0018283360404893756,0.0018287046113982797,352,0.0009400759008713067,0.0008416893542744219,-0.13840416073799133,12.587,0.0,62,LAND,False,STANDBY,10,6
2026-09-28T20:03:14.168698,-35.3632624,149.1652377,0.002,0.0,0.0,0.0,0.0010562927927821875,0.00105898710899055,352,0.0009770756587386131,0.00087978650117293,-0.1383027583360672,12.587,0.0,62,LAND,False,STANDBY,10,6
2026-09-28T20:03:14.669536,-35.3632624,149.1652377,0.002,0.0,0.0,0.0,0.00015881135186646134,0.0001961657399078831,352,0.0010110067669302225,0.000920016027521342,-0.1382046639919281,12.587,0.0,62,LAND,False,STANDBY,10,6
2026-09-28T20:03:15.170224,-35.3632624,149.1652377,0.002,0.0,0.0,0.0,0.0006601642817258835,0.0006729470333084464,352,0.001049534883350134,0.0009530691313557327,-0.13809071481227875,12.587,0.0,62,LAND,False,STANDBY,10,6
2026-09-28T20:03:15.670783,-35.3632624,149.1652377,0.002,0.0,0.0,0.0,0.0015368862077593803,0.0015378637472167611,352,0.0010848443489521742,0.0009893818059936166,-0.13799162209033966,12.587,0.0,62,LAND,False,STANDBY,10,6
2026-09-28T20:03:16.171096,-35.3632625,149.1652378,0.002,0.0,0.0,0.0,0.0022382615134119987,0.0022383148316293955,352,0.0011100120609626174,0.0010264799930155277,-0.13788749277591705,12.587,0.0,62,LAND,False,STANDBY,10,6
2026-09-28T20:03:16.672065,-35.3632625,149.1652378,0.002,0.0,0.0,0.0,0.0029646686743944883,0.0029662325978279114,352,0.0011386866681277752,0.0010585460113361478,-0.13777613639831543,12.587,0.0,62,LAND,False,STANDBY,10,6
2026-09-28T20:03:17.172467,-35.3632625,149.1652378,0.002,0.0,0.0,0.0,0.003687511896714568,0.003687662072479725,352,0.0011636364506557584,0.0010955753969028592,-0.1376630961894989,12.587,0.0,62,LAND,False,STANDBY,10,6
2026-09-28T20:03:17.673173,-35.3632625,149.1652378,0.002,0.0,0.0,0.0,0.004412732552736998,0.004412736278027296,352,0.0012017632834613323,0.0011315195588395,-0.13755491375923157,12.587,0.0,62,LAND,False,STANDBY,10,6
2026-09-28T20:03:18.174091,-35.3632625,149.1652378,0.002,0.0,0.0,0.0,0.005110233090817928,0.005110589321702719,352,0.0012310148449614644,0.001157333143055439,-0.13744381070137024,12.587,0.0,62,LAND,False,STANDBY,10,6
2026-09-28T20:03:18.675193,-35.3632625,149.1652378,0.002,0.0,0.0,0.0,0.005708351731300354,0.005708365235477686,352,0.0012631791178137064,0.0011859334772452712,-0.13731813430786133,12.587,0.0,62,LAND,False,STANDBY,10,6
2026-09-28T20:03:19.175790,-35.3632625,149.1652378,0.002,0.0,0.0,0.0,0.0063745202496647835,0.006374831777065992,352,0.0012927288189530373,0.0012089862721040845,-0.1372026950120926,12.587,0.0,62,LAND,False,STANDBY,10,6
2026-09-28T20:03:19.676377,-35.3632625,149.1652378,0.002,0.0,0.0,0.0,0.00692763039842248,0.006927716080099344,352,0.0013125292025506496,0.0012379890540614724,-0.13707566261291504,12.587,0.0,62,LAND,False,STANDBY,10,6
2026-09-28T20:03:20.177084,-35.3632625,149.1652378,0.002,0.0,0.0,0.0,0.007444153074175119,0.0074445209465920925,352,0.001335040433332324,0.0012677987106144428,-0.136945903301239,12.587,0.0,62,LAND,False,STANDBY,10,6
2026-09-28T20:03:20.678087,-35.3632625,149.1652378,0.002,0.0,0.0,0.0,0.007904904894530773,0.007905364967882633,352,0.0013578857760876417,0.001292275614105165,-0.1368159055709839,12.587,0.0,62,LAND,False,STANDBY,10,6
2026-09-28T20:03:21.178526,-35.3632625,149.1652378,0.002,0.0,0.0,0.0,0.008553894236683846,0.008553952910006046,352,0.001401520217768848,0.00131882110144943,-0.13668113946914673,12.587,0.0,62,LAND,False,STANDBY,10,6
2026-09-28T20:03:21.679448,-35.3632625,149.1652378,0.002,0.0,0.0,0.0,0.00898582674562931,0.008986076340079308,352,0.0014248497318476439,0.0013334831455722451,-0.13655297458171844,12.587,0.0,62,LAND,False,STANDBY,10,6
2026-09-28T20:03:22.180242,-35.3632625,149.1652378,0.002,0.0,0.0,0.0,0.009590230882167816,0.009590419009327888,352,0.0014472289476543665,0.0013509913114830852,-0.13641931116580963,12.587,0.0,62,LAND,False,STANDBY,10,6
2026-09-28T20:03:22.683196,-35.3632625,149.1652378,0.002,0.0,0.0,0.0,0.009960638359189034,0.009960656054317951,352,0.0014691537944599986,0.0013685883022844791,-0.1362837255001068,12.587,0.0,62,LAND,False,STANDBY,10,6
2026-09-28T20:03:23.184466,-35.3632625,149.1652378,0.002,0.0,0.0,0.0,0.010566489771008492,0.01056712493300438,352,0.0014980480773374438,0.0013888933463022113,-0.1361497938632965,12.587,0.0,62,LAND,False,STANDBY,10,6
2026-09-28T20:03:23.685101,-35.3632625,149.1652378,0.002,0.0,0.0,0.0,0.011024823412299156,0.011025897227227688,352,0.0015207539545372128,0.0014104311121627688,-0.13601113855838776,12.587,0.0,62,LAND,False,STANDBY,10,6
2026-09-28T20:03:24.185465,-35.3632625,149.1652378,0.002,0.0,0.0,0.0,0.011661211028695107,0.011661677621304989,352,0.0015300450613722205,0.0014350935816764832,-0.1358605921268463,12.587,0.0,62,LAND,False,STANDBY,10,6
2026-09-28T20:03:24.686114,-35.3632625,149.1652378,0.002,0.0,0.0,0.0,0.012036845088005066,0.012036975473165512,352,0.001556478557176888,0.0014483756385743618,-0.13571378588676453,12.587,0.0,62,LAND,False,STANDBY,10,6
2026-09-28T20:03:25.186481,-35.3632625,149.1652378,0.002,0.0,0.0,0.0,0.01245516911149025,0.01245607528835535,352,0.0015801005065441132,0.0014663789188489318,-0.13555531203746796,12.587,0.0,62,LAND,False,STANDBY,10,6
2026-09-28T20:03:25.686911,-35.3632625,149.1652378,0.002,0.0,0.01,0.0,0.012663031928241253,0.012663975358009338,352,0.0015915862750262022,0.0014758199686184525,-0.13540755212306976,12.587,0.0,62,LAND,False,STANDBY,10,6
2026-09-28T20:03:26.187451,-35.3632625,149.1652378,0.002,0.0,0.01,0.0,0.01321082841604948,0.013210918754339218,352,0.0016141197411343455,0.0014978183899074793,-0.13526073098182678,12.587,0.0,62,LAND,False,STANDBY,10,6
2026-09-28T20:03:26.688103,-35.3632625,149.1652378,0.002,0.0,0.01,0.0,0.01364736258983612,0.01364736258983612,352,0.0016309783095493913,0.0015116010326892138,-0.1351073682308197,12.587,0.0,62,LAND,False,STANDBY,10,6
2026-09-28T20:03:27.188785,-35.3632625,149.1652378,0.002,0.0,0.01,0.0,0.014089593663811684,0.014089648611843586,352,0.0016434857388958335,0.0015247552655637264,-0.13495367765426636,12.587,0.0,62,LAND,False,STANDBY,10,6
2026-09-28T20:03:27.689044,-35.3632625,149.1652378,0.002,0.0,0.01,0.0,0.014270630665123463,0.014270748943090439,352,0.0016545910621061921,0.0015335750067606568,-0.1347956359386444,12.587,0.0,62,LAND,False,STANDBY,10,6
2026-09-28T20:03:28.189526,-35.3632625,149.1652378,0.002,0.0,0.01,0.0,0.014555881731212139,0.014556500129401684,352,0.0016616617795079947,0.0015461061848327518,-0.13463257253170013,12.587,0.0,62,LAND,False,STANDBY,10,6
2026-09-28T20:03:28.690180,-35.3632625,149.1652378,0.002,0.0,0.01,0.0,0.014629767276346684,0.014630138874053955,352,0.0016698860563337803,0.0015645690727978945,-0.13447754085063934,12.587,0.0,62,LAND,False,STANDBY,10,6
2026-09-28T20:03:29.190447,-35.3632625,149.1652379,0.002,0.0,0.01,0.0,0.015068748965859413,0.015069656074047089,352,0.0016810549423098564,0.001584431971423328,-0.13431116938591003,12.587,0.0,62,LAND,False,STANDBY,10,6
2026-09-28T20:03:29.691099,-35.3632625,149.1652379,0.002,0.0,0.01,0.0,0.014953676611185074,0.01495413575321436,352,0.001678640372119844,0.001598749659024179,-0.13414381444454193,12.587,0.0,62,LAND,False,STANDBY,10,6
2026-09-28T20:03:30.191578,-35.3632625,149.1652379,0.002,0.0,0.01,0.0,0.015467215329408646,0.015467261895537376,352,0.001693303813226521,0.0016221393598243594,-0.13397738337516785,12.587,0.0,62,LAND,False,STANDBY,10,6
2026-09-28T20:03:30.692027,-35.3632625,149.1652379,0.002,0.0,0.01,0.0,0.015667712315917015,0.01566772162914276,352,0.001704563619568944,0.0016321786679327488,-0.13380730152130127,12.587,0.0,62,LAND,False,STANDBY,10,6
2026-09-28T20:03:31.192494,-35.3632625,149.1652379,0.002,0.0,0.01,0.0,0.01584981568157673,0.015850363299250603,352,0.0017203503521159291,0.0016362931346520782,-0.13363446295261383,12.587,0.0,62,LAND,False,STANDBY,10,6
2026-09-28T20:03:31.693044,-35.3632625,149.1652379,0.002,0.0,0.01,0.0,0.015922123566269875,0.01592240296304226,352,0.001727251335978508,0.001639560447074473,-0.13347499072551727,12.587,0.0,62,LAND,False,STANDBY,10,6
2026-09-28T20:03:32.193467,-35.3632625,149.1652379,0.002,-0.01,0.01,0.0,0.016399728134274483,0.01639985851943493,352,0.001741844112984836,0.0016479011392220855,-0.13330429792404175,12.587,0.0,62,LAND,False,STANDBY,10,6
2026-09-28T20:03:32.693882,-35.3632625,149.1652379,0.002,-0.01,0.01,0.0,0.01649889536201954,0.01649896427989006,352,0.0017521484987810254,0.0016557102790102363,-0.13313224911689758,12.587,0.0,62,LAND,False,STANDBY,10,6
2026-09-28T20:03:33.194526,-35.3632625,149.1652379,0.002,-0.01,0.01,0.0,0.016932452097535133,0.016932476311922073,352,0.0017676175339147449,0.0016697391401976347,-0.13295379281044006,12.587,0.0,62,LAND,False,STANDBY,10,6
2026-09-28T20:03:33.694810,-35.3632625,149.1652379,0.002,-0.01,0.01,0.0,0.01695438288152218,0.01695597544312477,352,0.0017838688800111413,0.0016695185331627727,-0.13277198374271393,12.587,0.0,62,LAND,False,STANDBY,10,6
2026-09-28T20:03:34.195466,-35.3632625,149.1652379,0.002,-0.01,0.01,0.0,0.01741481013596058,0.017418036237359047,352,0.0018012798391282558,0.0016800109297037125,-0.13259419798851013,12.587,0.0,62,LAND,False,STANDBY,10,6
2026-09-28T20:03:34.695902,-35.3632625,149.1652379,0.002,-0.01,0.01,0.0,0.01745806634426117,0.017461581155657768,352,0.0018082022434100509,0.0016870462568476796,-0.1324179768562317,12.587,0.0,62,LAND,False,STANDBY,10,6
2026-09-28T20:03:35.196465,-35.3632625,149.1652379,0.002,-0.01,0.01,0.0,0.01783960498869419,0.017842771485447884,352,0.0018206608947366476,0.0016984036192297935,-0.1322329342365265,12.587,0.0,62,LAND,False,STANDBY,10,6
2026-09-28T20:03:35.697254,-35.3632625,149.1652379,0.002,-0.01,0.01,0.0,0.017847005277872086,0.017849482595920563,352,0.0018201700877398252,0.0017087055603042245,-0.13204824924468994,12.587,0.0,62,LAND,False,STANDBY,10,6
2026-09-28T20:03:36.198191,-35.3632625,149.1652379,0.002,-0.01,0.01,0.0,0.018141504377126694,0.018143728375434875,352,0.0018305816920474172,0.0017226904164999723,-0.13187453150749207,12.587,0.0,62,LAND,False,STANDBY,10,6
2026-09-28T20:03:36.698818,-35.3632625,149.1652379,0.002,-0.01,0.01,0.0,0.0181731004267931,0.018175853416323662,352,0.0018359741661697626,0.001737039303407073,-0.1316954791545868,12.587,0.0,62,LAND,False,STANDBY,10,6
2026-09-28T20:03:37.199288,-35.3632625,149.1652379,0.002,-0.01,0.01,0.0,0.01857023872435093,0.018572229892015457,352,0.001845222432166338,0.001747772330418229,-0.13150988519191742,12.587,0.0,62,LAND,False,STANDBY,10,6
2026-09-28T20:03:37.700467,-35.3632625,149.1652379,0.002,-0.01,0.01,0.0,0.01861412636935711,0.018615400418639183,352,0.0018593145068734884,0.0017492675688117743,-0.13133127987384796,12.587,0.0,62,LAND,False,STANDBY,10,6
2026-09-28T20:03:38.201362,-35.3632625,149.1652379,0.002,-0.01,0.01,0.0,0.018894540145993233,0.0188958290964365,352,0.0018681110814213753,0.0017671133391559124,-0.13115447759628296,12.587,0.0,62,LAND,False,STANDBY,10,6
2026-09-28T20:03:38.702024,-35.3632625,149.1652379,0.002,-0.01,0.01,0.0,0.01897856965661049,0.01897883042693138,352,0.0018737420905381441,0.0017734967404976487,-0.13096599280834198,12.587,0.0,62,LAND,False,STANDBY,10,6
2026-09-28T20:03:39.202458,-35.3632625,149.1652379,0.002,-0.01,0.01,0.0,0.019321104511618614,0.019321292638778687,352,0.0018775509670376778,0.0017850440926849842,-0.13078716397285461,12.587,0.0,62,LAND,False,STANDBY,10,6
2026-09-28T20:03:39.703092,-35.3632625,149.1652379,0.002,-0.01,0.01,0.0,0.019346987828612328,0.019347520545125008,352,0.0018745316192507744,0.0017902026884257793,-0.13060200214385986,12.587,0.0,62,LAND,False,STANDBY,10,6
2026-09-28T20:03:40.203892,-35.3632625,149.1652379,0.002,-0.01,0.01,0.0,0.01956547237932682,0.019568409770727158,352,0.0018772920593619347,0.0018025037134066224,-0.13041621446609497,12.587,0.0,62,LAND,False,STANDBY,10,6
2026-09-28T20:03:40.704465,-35.3632625,149.1652379,0.002,-0.01,0.01,0.0,0.01945887878537178,0.01946237124502659,352,0.0018831590423360467,0.001796990749426186,-0.13023290038108826,12.587,0.0,62,LAND,False,STANDBY,10,6
2026-09-28T20:03:41.205270,-35.3632625,149.1652379,0.002,-0.01,0.01,0.0,0.019880669191479683,0.0198820773512125,352,0.001894804765470326,0.00180371617898345,-0.13004344701766968,12.587,0.0,62,LAND,False,STANDBY,10,6
2026-09-28T20:03:41.706307,-35.3632625,149.1652379,0.002,-0.01,0.01,0.0,0.019749632105231285,0.01975075900554657,352,0.0018975153798237443,0.0018097361316904426,-0.12985460460186005,12.587,0.0,62,LAND,False,STANDBY,10,6
2026-09-28T20:03:42.206658,-35.3632625,149.1652379,0.002,-0.01,0.01,0.0,0.020112084224820137,0.020113710314035416,352,0.00190218526404351,0.0018228953704237938,-0.12966738641262054,12.587,0.0,62,LAND,False,STANDBY,10,6
2026-09-28T20:03:42.706961,-35.3632625,149.1652379,0.002,-0.01,0.01,0.0,0.02003328874707222,0.020036272704601288,352,0.0019063780782744288,0.0018254717579111457,-0.12947474420070648,12.587,0.0,62,LAND,False,STANDBY,10,6
2026-09-28T20:03:43.207524,-35.3632625,149.1652379,0.002,-0.01,0.01,0.0,0.020314106717705727,0.020314795896410942,352,0.0019177753711119294,0.0018393384525552392,-0.12928655743598938,12.587,0.0,62,LAND,False,STANDBY,10,6
2026-09-28T20:03:43.707988,-35.3632625,149.1652379,0.002,-0.01,0.01,0.0,0.02037792280316353,0.02037855051457882,352,0.0019270197954028845,0.0018422233406454325,-0.12909545004367828,12.587,0.0,62,LAND,False,STANDBY,10,6
2026-09-28T20:03:44.208471,-35.3632625,149.1652379,0.002,-0.01,0.01,0.0,0.020535746589303017,0.02053586021065712,352,0.0019337483681738377,0.0018527648644521832,-0.12890219688415527,12.587,0.0,62,LAND,False,STANDBY,10,6
2026-09-28T20:03:44.709196,-35.3632625,149.1652379,0.002,-0.01,0.01,0.0,0.02069137431681156,0.020691372454166412,352,0.0019411748507991433,0.0018587500089779496,-0.1287183165550232,12.587,0.0,62,LAND,False,STANDBY,10,6
2026-09-28T20:03:45.210052,-35.3632625,149.1652379,0.002,-0.01,0.01,0.0,0.02102796547114849,0.02102799527347088,352,0.0019549191929399967,0.0018673115409910679,-0.1285255253314972,12.587,0.0,62,LAND,False,STANDBY,10,6
2026-09-28T20:03:45.710999,-35.3632625,149.1652379,0.002,-0.01,0.01,0.0,0.02070557326078415,0.020705660805106163,352,0.001955547137185931,0.0018669252749532461,-0.12833020091056824,12.587,0.0,62,LAND,False,STANDBY,10,6
2026-09-28T20:03:46.211474,-35.3632625,149.1652379,0.002,-0.01,0.01,0.0,0.021055974066257477,0.02105620689690113,352,0.001966188196092844,0.0018736440688371658,-0.12813764810562134,12.587,0.0,62,LAND,False,STANDBY,10,6
2026-09-28T20:03:46.712364,-35.3632625,149.1652379,0.002,-0.01,0.01,0.0,0.021053560078144073,0.02105357125401497,352,0.001969926990568638,0.0018725278787314892,-0.1279440075159073,12.587,0.0,62,LAND,False,STANDBY,10,6
2026-09-28T20:03:47.212964,-35.3632625,149.1652379,0.002,-0.01,0.01,0.0,0.02147546038031578,0.021475519984960556,352,0.001974258804693818,0.0018809401663020253,-0.12776057422161102,12.587,0.0,62,LAND,False,STANDBY,10,6
2026-09-28T20:03:47.713779,-35.3632625,149.1652379,0.002,-0.01,0.01,0.0,0.02141677774488926,0.021417226642370224,352,0.001972790341824293,0.0018822109559550881,-0.12757013738155365,12.587,0.0,62,LAND,False,STANDBY,10,6
2026-09-28T20:03:48.214584,-35.3632625,149.1652379,0.002,-0.01,0.01,0.0,0.021677182987332344,0.021677864715456963,352,0.001979017397388816,0.0018804435385391116,-0.12737788259983063,12.587,0.0,62,LAND,False,STANDBY,10,6
2026-09-28T20:03:48.715346,-35.3632625,149.1652379,0.002,-0.01,0.01,0.0,0.02153179980814457,0.021532202139496803,352,0.001978467218577862,0.0018827466992661357,-0.1271895170211792,12.587,0.0,62,LAND,False,STANDBY,10,6
2026-09-28T20:03:49.215872,-35.3632625,149.1652379,0.002,-0.01,0.01,0.0,0.02187233231961727,0.021872535347938538,352,0.0019774790853261948,0.0018896370893344283,-0.12699450552463531,12.587,0.0,62,LAND,False,STANDBY,10,6
2026-09-28T20:03:49.716464,-35.3632625,149.1652379,0.002,-0.01,0.01,0.0,0.021749747917056084,0.021749982610344887,352,0.0019727458711713552,0.0018859553383663297,-0.12680433690547943,12.587,0.0,62,LAND,False,STANDBY,10,6
2026-09-28T20:03:50.217095,-35.3632625,149.1652379,0.002,-0.01,0.01,0.0,0.02203434705734253,0.02203468605875969,352,0.0019871587865054607,0.0018846068996936083,-0.12660430371761322,12.587,0.0,62,LAND,False,STANDBY,10,6
2026-09-28T20:03:50.717644,-35.3632625,149.1652379,0.002,-0.01,0.01,0.0,0.02172752097249031,0.02172858454287052,352,0.0019946822430938482,0.0018896894762292504,-0.12641647458076477,12.587,0.0,62,LAND,False,STANDBY,10,6
2026-09-28T20:03:51.218513,-35.3632625,149.1652379,0.002,-0.01,0.01,0.0,0.02192249707877636,0.021923111751675606,352,0.002002815017476678,0.0018921291921287775,-0.126225084066391,12.587,0.0,62,LAND,False,STANDBY,10,6
2026-09-28T20:03:51.719574,-35.3632625,149.1652379,0.002,-0.01,0.01,0.0,0.02179836668074131,0.02179865725338459,352,0.0020087342709302902,0.001892669009976089,-0.12602867186069489,12.587,0.0,62,LAND,False,STANDBY,10,6
2026-09-28T20:03:52.220275,-35.3632625,149.1652379,0.002,-0.01,0.01,0.0,0.022098483517766,0.022099167108535767,352,0.0020104043651372194,0.0018991571851074696,-0.12583835422992706,12.587,0.0,62,LAND,False,STANDBY,10,6
2026-09-28T20:03:52.720740,-35.3632625,149.1652379,0.002,-0.01,0.01,0.0,0.02191905304789543,0.021919680759310722,352,0.0020066630095243454,0.0018968528602272272,-0.12564855813980103,12.587,0.0,62,LAND,False,STANDBY,10,6
2026-09-28T20:03:53.221550,-35.3632625,149.1652379,0.002,-0.01,0.01,0.0,0.022145593538880348,0.022145986557006836,352,0.002018118044361472,0.0019089726265519857,-0.12546081840991974,12.587,0.0,62,LAND,False,STANDBY,10,6
2026-09-28T20:03:53.722227,-35.3632625,149.1652379,0.002,-0.01,0.01,0.0,0.022052958607673645,0.022053485736250877,352,0.002016539918258786,0.0019116109469905496,-0.12526854872703552,12.587,0.0,62,LAND,False,STANDBY,10,6
2026-09-28T20:03:54.223063,-35.3632625,149.1652379,0.002,-0.01,0.01,0.0,0.02239263616502285,0.02239331416785717,352,0.002021628897637129,0.0019152344902977347,-0.125078946352005,12.587,0.0,62,LAND,False,STANDBY,10,6
2026-09-28T20:03:54.723543,-35.3632625,149.1652379,0.002,-0.01,0.01,0.0,0.02229551412165165,0.0222959965467453,352,0.002020026557147503,0.0019125762628391385,-0.12489814311265945,12.587,0.0,62,LAND,False,STANDBY,10,6
2026-09-28T20:03:55.223823,-35.3632625,149.1652379,0.002,-0.01,0.01,0.0,0.022539829835295677,0.022540166974067688,352,0.002027907408773899,0.0019183742115274072,-0.12470659613609314,12.587,0.0,62,LAND,False,STANDBY,10,6
2026-09-28T20:03:55.724462,-35.3632625,149.1652379,0.002,-0.01,0.01,0.0,0.02234874665737152,0.02234945073723793,352,0.002026940695941448,0.0019217750523239374,-0.12451376020908356,12.587,0.0,62,LAND,False,STANDBY,10,6
2026-09-28T20:03:56.225294,-35.3632625,149.1652379,0.002,-0.01,0.01,0.0,0.02251986600458622,0.02252044714987278,352,0.0020297900773584843,0.0019230531761422753,-0.12432488054037094,12.587,0.0,62,LAND,False,STANDBY,10,6
2026-09-28T20:03:56.726337,-35.3632625,149.1652379,0.002,-0.01,0.01,0.0,0.022255731746554375,0.02225624956190586,352,0.0020305467769503593,0.0019294611411169171,-0.1241467297077179,12.587,0.0,62,LAND,False,STANDBY,10,6
2026-09-28T20:03:57.227050,-35.3632626,149.1652379,0.002,-0.01,0.01,0.0,0.02266555279493332,0.02266569621860981,352,0.0020351901184767485,0.0019394808914512396,-0.1239551305770874,12.587,0.0,62,LAND,False,STANDBY,10,6
2026-09-28T20:03:57.727823,-35.3632625,149.1652379,0.002,-0.01,0.01,0.0,0.022655196487903595,0.022655315697193146,352,0.0020346264354884624,0.0019455626606941223,-0.12377065420150757,12.587,0.0,62,LAND,False,STANDBY,10,6
2026-09-28T20:03:58.228494,-35.3632626,149.1652379,0.002,-0.01,0.01,0.0,0.022769633680582047,0.022769784554839134,352,0.002042460022494197,0.0019527925178408623,-0.12358726561069489,12.587,0.0,62,LAND,False,STANDBY,10,6
2026-09-28T20:03:58.729275,-35.3632625,149.1652379,0.002,-0.01,0.01,0.0,0.022633584216237068,0.022633591666817665,352,0.0020469753071665764,0.0019535168539732695,-0.12340140342712402,12.587,0.0,62,LAND,False,STANDBY,10,6
2026-09-28T20:03:59.230394,-35.3632626,149.1652379,0.002,-0.01,0.01,0.0,0.023157868534326553,0.023158617317676544,352,0.0020466302521526814,0.0019516481552273035,-0.12321382015943527,12.587,0.0,62,LAND,False,STANDBY,10,6
2026-09-28T20:03:59.731203,-35.3632626,149.1652379,0.002,-0.01,0.01,0.0,0.02308405190706253,0.02308608591556549,352,0.002047270070761442,0.001938357949256897,-0.12302561849355698,12.587,0.0,62,LAND,False,STANDBY,10,6
2026-09-28T20:04:00.231816,-35.3632626,149.1652379,0.002,-0.01,0.01,0.0,0.023182881996035576,0.02318502776324749,352,0.0020586003083735704,0.0019466400844976306,-0.122836634516716,12.587,0.0,62,LAND,False,STANDBY,10,6
2026-09-28T20:04:00.732504,-35.3632626,149.1652379,0.002,-0.01,0.01,0.0,0.023016201332211494,0.02301785908639431,352,0.002049708506092429,0.0019345373148098588,-0.12264928966760635,12.587,0.0,62,LAND,False,STANDBY,10,6
2026-09-28T20:04:01.233023,-35.3632626,149.1652379,0.002,-0.01,0.01,0.0,0.023282822221517563,0.023284297436475754,352,0.0020536137744784355,0.0019334099488332868,-0.12245920300483704,12.587,0.0,62,LAND,False,STANDBY,10,6
2026-09-28T20:04:01.733784,-35.3632626,149.1652379,0.002,-0.01,0.01,0.0,0.022954801097512245,0.02295561321079731,353,0.002053076634183526,0.0019314360106363893,-0.12226787954568863,12.587,0.0,62,LAND,False,STANDBY,10,6
2026-09-28T20:04:02.235377,-35.3632626,149.1652379,0.002,-0.01,0.01,0.0,0.023239105939865112,0.023239562287926674,353,0.002051921794191003,0.0019331456860527396,-0.1220817118883133,12.587,0.0,62,LAND,False,STANDBY,10,6
2026-09-28T20:04:02.736520,-35.3632626,149.1652379,0.002,-0.01,0.01,0.0,0.022931858897209167,0.022931907325983047,353,0.002042236505076289,0.0019261636771261692,-0.12189355492591858,12.587,0.0,62,LAND,False,STANDBY,10,6
2026-09-28T20:04:03.237756,-35.3632626,149.1652379,0.002,-0.01,0.01,0.0,0.02293538860976696,0.022935442626476288,353,0.0020395792089402676,0.001931300270371139,-0.12171369791030884,12.587,0.0,62,LAND,False,STANDBY,10,6
2026-09-28T20:04:03.738405,-35.3632625,149.1652379,0.002,-0.01,0.01,0.0,0.022647079080343246,0.022647252306342125,353,0.002041142201051116,0.0019318863051012158,-0.12153567373752594,12.587,0.0,62,LAND,False,STANDBY,10,6
2026-09-28T20:04:04.239245,-35.3632626,149.1652379,0.002,-0.01,0.01,0.0,0.023006074130535126,0.023006148636341095,353,0.0020499718375504017,0.0019428308587521315,-0.12135300785303116,12.587,0.0,62,LAND,False,STANDBY,10,6
2026-09-28T20:04:04.740180,-35.3632626,149.1652379,0.002,-0.01,0.01,0.0,0.022855723276734352,0.022855745628476143,353,0.002044129651039839,0.0019430021056905389,-0.12117290496826172,12.587,0.0,62,LAND,False,STANDBY,10,6
2026-09-28T20:04:05.242516,-35.3632626,149.1652379,0.002,-0.01,0.01,0.0,0.02313985489308834,0.023140162229537964,353,0.0020457010250538588,0.0019393489928916097,-0.12099167704582214,12.587,0.0,62,LAND,False,STANDBY,10,6
2026-09-28T20:04:05.743325,-35.3632626,149.1652379,0.002,-0.01,0.01,0.0,0.022995587438344955,0.02299572341144085,353,0.0020454316399991512,0.001942660310305655,-0.12080699950456619,12.587,0.0,62,LAND,False,STANDBY,10,6
2026-09-28T20:04:06.243972,-35.3632626,149.1652379,0.002,-0.01,0.01,0.0,0.023180995136499405,0.023181505501270294,353,0.0020448891445994377,0.0019521015929058194,-0.12062720954418182,12.587,0.0,62,LAND,False,STANDBY,10,6
2026-09-28T20:04:06.744565,-35.3632626,149.1652379,0.002,-0.01,0.01,0.0,0.023005230352282524,0.023005547001957893,353,0.002039153128862381,0.0019556323532015085,-0.12044470757246017,12.587,0.0,62,LAND,False,STANDBY,10,6
2026-09-28T20:04:07.244888,-35.3632626,149.1652379,0.002,-0.01,0.01,0.0,0.023177290335297585,0.023177528753876686,353,0.0020367035176604986,0.0019568235147744417,-0.12026353925466537,12.587,0.0,62,LAND,False,STANDBY,10,6
2026-09-28T20:04:07.746125,-35.3632626,149.1652379,0.002,-0.01,0.01,0.0,0.022820957005023956,0.022821590304374695,353,0.0020420493092387915,0.001947713317349553,-0.1200801357626915,12.587,0.0,62,LAND,False,STANDBY,10,6
2026-09-28T20:04:08.246716,-35.3632626,149.1652379,0.002,-0.01,0.01,0.0,0.023084810003638268,0.023084869608283043,353,0.002043503802269697,0.0019472123822197318,-0.11990323662757874,12.587,0.0,62,LAND,False,STANDBY,10,6
2026-09-28T20:04:08.747397,-35.3632626,149.1652379,0.002,-0.01,0.01,0.0,0.02291993610560894,0.022920187562704086,353,0.0020323253702372313,0.001938672736287117,-0.11972662061452866,12.587,0.0,62,LAND,False,STANDBY,10,6
2026-09-28T20:04:09.248077,-35.3632626,149.1652379,0.002,-0.01,0.01,0.0,0.02318902313709259,0.023189261555671692,353,0.0020397633779793978,0.0019435026915743947,-0.11955877393484116,12.587,0.0,62,LAND,False,STANDBY,10,6
2026-09-28T20:04:09.749284,-35.3632626,149.1652379,0.002,-0.01,0.01,0.0,0.02280762791633606,0.022807851433753967,353,0.0020418891217559576,0.0019367692293599248,-0.11938115209341049,12.587,0.0,62,LAND,False,STANDBY,10,6
2026-09-28T20:04:10.250315,-35.3632626,149.1652379,0.002,-0.01,0.01,0.0,0.02299940213561058,0.022999893873929977,353,0.0020458383951336145,0.0019380396697670221,-0.11921439319849014,12.587,0.0,62,LAND,False,STANDBY,10,6
2026-09-28T20:04:10.751403,-35.3632626,149.1652379,0.002,-0.01,0.01,0.0,0.02289782091975212,0.022898387163877487,353,0.002045511966571212,0.00193322217091918,-0.11904019117355347,12.587,0.0,62,LAND,False,STANDBY,10,6
2026-09-28T20:04:11.251767,-35.3632626,149.1652379,0.002,-0.01,0.01,0.0,0.02296878769993782,0.022968970239162445,353,0.002048047259449959,0.001940858201123774,-0.11887242645025253,12.587,0.0,62,LAND,False,STANDBY,10,6
2026-09-28T20:04:11.752583,-35.3632626,149.1652379,0.002,-0.01,0.01,0.0,0.023068584501743317,0.02306867018342018,353,0.0020453687757253647,0.001942864153534174,-0.11870066821575165,12.587,0.0,62,LAND,False,STANDBY,10,6
2026-09-28T20:04:12.253891,-35.3632626,149.1652379,0.002,-0.01,0.01,0.0,0.023267000913619995,0.02326705865561962,353,0.0020516179502010345,0.0019513214938342571,-0.11852755397558212,12.587,0.0,62,LAND,False,STANDBY,10,6
2026-09-28T20:04:12.754497,-35.3632626,149.1652379,0.002,-0.01,0.01,0.0,0.02296024188399315,0.022960245609283447,353,0.0020542910788208246,0.0019532523583620787,-0.11835246533155441,12.587,0.0,62,LAND,False,STANDBY,10,6
2026-09-28T20:04:13.255341,-35.3632626,149.1652379,0.002,-0.01,0.01,0.0,0.0232484620064497,0.023248588666319847,353,0.002054608892649412,0.001956980675458908,-0.11818215250968933,12.587,0.0,62,LAND,False,STANDBY,10,6
2026-09-28T20:04:13.756118,-35.3632626,149.1652379,0.002,-0.01,0.01,0.0,0.02297159843146801,0.02297181263566017,353,0.0020488647278398275,0.001952622551470995,-0.1180054098367691,12.587,0.0,62,LAND,False,STANDBY,10,6
2026-09-28T20:04:14.256515,-35.3632626,149.1652379,0.002,-0.01,0.01,0.0,0.023301465436816216,0.023301761597394943,353,0.002059550490230322,0.001955624669790268,-0.11783786118030548,12.587,0.0,62,LAND,False,STANDBY,10,6
2026-09-28T20:04:14.757184,-35.3632626,149.1652379,0.002,-0.01,0.01,0.0,0.02309415489435196,0.02309468202292919,353,0.0020544962026178837,0.0019489788683131337,-0.11768030375242233,12.587,0.0,62,LAND,False,STANDBY,10,6
2026-09-28T20:04:15.257579,-35.3632626,149.1652379,0.002,-0.01,0.01,0.0,0.023461494594812393,0.0234622061252594,353,0.0020610992796719074,0.0019445244688540697,-0.11751075834035873,12.587,0.0,62,LAND,False,STANDBY,10,6
2026-09-28T20:04:15.758271,-35.3632626,149.1652379,0.002,-0.01,0.01,0.0,0.02309959940612316,0.02310010977089405,353,0.0020641626324504614,0.0019389123190194368,-0.11734405159950256,12.587,0.0,62,LAND,False,STANDBY,10,6
2026-09-28T20:04:16.258837,-35.3632626,149.1652379,0.002,-0.01,0.01,0.0,0.023267103359103203,0.023267226293683052,353,0.002065139589831233,0.0019419774180278182,-0.11717966198921204,12.587,0.0,62,LAND,False,STANDBY,10,6
2026-09-28T20:04:16.759458,-35.3632626,149.1652379,0.002,-0.01,0.01,0.0,0.023073134943842888,0.023073242977261543,353,0.00206957571208477,0.0019348752684891224,-0.11701513081789017,12.587,0.0,62,LAND,False,STANDBY,10,6
2026-09-28T20:04:17.259725,-35.3632626,149.1652379,0.002,-0.01,0.01,0.0,0.023385055363178253,0.023385390639305115,353,0.0020744814537465572,0.0019383708713576198,-0.1168554276227951,12.587,0.0,62,LAND,False,STANDBY,10,6
2026-09-28T20:04:17.760244,-35.3632626,149.1652379,0.002,-0.01,0.01,0.0,0.023100774735212326,0.02310105971992016,353,0.002078813733533025,0.0019275011727586389,-0.11669474095106125,12.587,0.0,62,LAND,False,STANDBY,10,6
2026-09-28T20:04:18.261009,-35.3632626,149.1652379,0.002,-0.01,0.01,0.0,0.023379068821668625,0.023379260674118996,353,0.0020844191312789917,0.0019343827152624726,-0.11652780324220657,12.587,0.0,62,LAND,False,STANDBY,10,6
2026-09-28T20:04:18.761979,-35.3632626,149.1652379,0.002,-0.01,0.01,0.0,0.0231173075735569,0.02311764657497406,353,0.0020817220211029053,0.0019399055745452642,-0.11637021601200104,12.587,0.0,62,LAND,False,STANDBY,10,6
2026-09-28T20:04:19.262875,-35.3632626,149.1652379,0.002,-0.01,0.01,0.0,0.023430773988366127,0.023430775851011276,353,0.002087448723614216,0.0019410094246268272,-0.11620454490184784,12.587,0.0,62,LAND,False,STANDBY,10,6
2026-09-28T20:04:19.763564,-35.3632626,149.1652379,0.002,-0.01,0.01,0.0,0.023347940295934677,0.023348720744252205,353,0.0020834405440837145,0.0019314317032694817,-0.11605039238929749,12.587,0.0,62,LAND,False,STANDBY,10,6
2026-09-28T20:04:20.264405,-35.3632626,149.1652379,0.002,-0.01,0.01,0.0,0.023551421239972115,0.023552918806672096,353,0.0020827599801123142,0.0019331872463226318,-0.11589517444372177,12.587,0.0,62,LAND,False,STANDBY,10,6
2026-09-28T20:04:20.765378,-35.3632626,149.1652379,0.002,-0.01,0.01,0.0,0.023202205076813698,0.023203888908028603,353,0.0020836531184613705,0.0019294926896691322,-0.11574721336364746,12.587,0.0,62,LAND,False,STANDBY,10,6
2026-09-28T20:04:21.266371,-35.3632626,149.1652379,0.002,-0.01,0.01,0.0,0.023425165563821793,0.023426519706845284,353,0.0020841287914663553,0.0019341267179697752,-0.11558984220027924,12.587,0.0,62,LAND,False,STANDBY,10,6
2026-09-28T20:04:21.767127,-35.3632626,149.1652379,0.002,-0.01,0.01,0.0,0.023415928706526756,0.023416871204972267,353,0.002089954447001219,0.0019368065986782312,-0.11543316394090652,12.587,0.0,62,LAND,False,STANDBY,10,6
2026-09-28T20:04:22.267497,-35.3632626,149.1652379,0.002,-0.01,0.01,0.0,0.023491879925131798,0.023493528366088867,353,0.002088318346068263,0.0019390893867239356,-0.115278460085392,12.587,0.0,62,LAND,False,STANDBY,10,6
2026-09-28T20:04:22.768175,-35.3632626,149.1652379,0.002,-0.01,0.01,0.0,0.023328077048063278,0.023329898715019226,353,0.0020815886091440916,0.0019373699324205518,-0.1151229739189148,12.587,0.0,62,LAND,False,STANDBY,10,6
2026-09-28T20:04:23.268864,-35.3632626,149.1652379,0.002,-0.01,0.01,0.0,0.02342086471617222,0.023421907797455788,353,0.002078678924590349,0.0019502467475831509,-0.11497686803340912,12.587,0.0,62,LAND,False,STANDBY,10,6
2026-09-28T20:04:23.769474,-35.3632626,149.1652379,0.002,-0.01,0.01,0.0,0.023276932537555695,0.0232786126434803,353,0.00206969678401947,0.001945537282153964,-0.11482275277376175,12.587,0.0,62,LAND,False,STANDBY,10,6
2026-09-28T20:04:24.270122,-35.3632626,149.1652379,0.002,-0.01,0.01,0.0,0.023414606228470802,0.02341618575155735,353,0.0020718874875456095,0.001954035134986043,-0.11467994004487991,12.587,0.0,62,LAND,False,STANDBY,10,6
2026-09-28T20:04:24.770844,-35.3632626,149.1652379,0.002,-0.01,0.01,0.0,0.023385385051369667,0.02338619902729988,353,0.0020699987653642893,0.0019576491322368383,-0.11452683806419373,12.587,0.0,62,LAND,False,STANDBY,10,6
2026-09-28T20:04:25.271880,-35.3632626,149.1652379,0.002,-0.01,0.01,0.0,0.023577583953738213,0.023578625172376633,353,0.0020719594322144985,0.00196648295968771,-0.11438518017530441,12.587,0.0,62,LAND,False,STANDBY,10,6
2026-09-28T20:04:25.773431,-35.3632626,149.1652379,0.002,-0.01,0.01,0.0,0.023326614871621132,0.023328591138124466,353,0.0020722844637930393,0.0019662536215037107,-0.11423695087432861,12.587,0.0,62,LAND,False,STANDBY,10,6
2026-09-28T20:04:26.274550,-35.3632626,149.1652379,0.002,-0.01,0.01,0.0,0.023639149963855743,0.02364117093384266,353,0.0020782260689884424,0.0019690371118485928,-0.11409361660480499,12.587,0.0,62,LAND,False,STANDBY,10,6
2026-09-28T20:04:26.775443,-35.3632626,149.1652379,0.002,-0.01,0.01,0.0,0.023562205955386162,0.023563327267766,353,0.002059427322819829,0.001976009923964739,-0.11395329982042313,12.587,0.0,62,LAND,False,STANDBY,10,6
2026-09-28T20:04:27.276629,-35.3632626,149.1652379,0.002,-0.01,0.01,0.0,0.02355402335524559,0.02355509251356125,353,0.0020699622109532356,0.0019784369505941868,-0.1138150617480278,12.587,0.0,62,LAND,False,STANDBY,10,6
2026-09-28T20:04:27.777589,-35.3632626,149.1652379,0.001,-0.01,0.01,0.0,0.023452704772353172,0.023454559966921806,353,0.0020662816241383553,0.0019721814896911383,-0.11367601156234741,12.587,0.0,62,LAND,False,STANDBY,10,6
2026-09-28T20:04:28.278285,-35.3632626,149.1652379,0.001,-0.01,0.01,0.0,0.023645924404263496,0.023648163303732872,353,0.002068739617243409,0.0019669332541525364,-0.11353183537721634,12.587,0.0,62,LAND,False,STANDBY,10,6
2026-09-28T20:04:28.779889,-35.3632626,149.1652379,0.001,-0.01,0.01,0.0,0.023434512317180634,0.023436371237039566,353,0.002063455292955041,0.001959980698302388,-0.11339868605136871,12.587,0.0,62,LAND,False,STANDBY,10,6
2026-09-28T20:04:29.280790,-35.3632626,149.1652379,0.001,-0.01,0.01,0.0,0.023617826402187347,0.02361913025379181,353,0.002067823428660631,0.001960484543815255,-0.11325670033693314,12.587,0.0,62,LAND,False,STANDBY,10,6
2026-09-28T20:04:29.781579,-35.3632626,149.1652379,0.001,-0.01,0.01,0.0,0.023300768807530403,0.023301605135202408,353,0.0020683547481894493,0.001960668945685029,-0.11312443763017654,12.587,0.0,62,LAND,False,STANDBY,10,6
2026-09-28T20:04:30.282173,-35.3632626,149.1652379,0.001,-0.01,0.01,0.0,0.023482035845518112,0.023482538759708405,353,0.0020689829252660275,0.0019614037591964006,-0.1129913255572319,12.587,0.0,62,LAND,False,STANDBY,10,6
2026-09-28T20:04:30.782454,-35.3632626,149.1652379,0.002,-0.01,0.01,0.0,0.023223094642162323,0.02322312816977501,353,0.0020716176368296146,0.0019487139070406556,-0.1128559336066246,12.587,0.0,62,LAND,False,STANDBY,10,6
2026-09-28T20:04:31.282820,-35.3632626,149.1652379,0.002,-0.01,0.01,0.0,0.023345522582530975,0.023345928639173508,353,0.0020774221047759056,0.0019459055038169026,-0.11272574961185455,12.587,0.0,62,LAND,False,STANDBY,10,6
2026-09-28T20:04:31.783568,-35.3632626,149.1652379,0.002,-0.01,0.01,0.0,0.023163504898548126,0.02316412702202797,353,0.00206744484603405,0.0019424528582021594,-0.11259965598583221,12.587,0.0,62,LAND,False,STANDBY,10,6
2026-09-28T20:04:32.284072,-35.3632626,149.1652379,0.002,-0.01,0.01,0.0,0.023414654657244682,0.0234147310256958,353,0.002080594887956977,0.0019449793035164475,-0.11246892809867859,12.587,0.0,62,LAND,False,STANDBY,10,6
2026-09-28T20:04:32.784481,-35.3632626,149.1652379,0.002,-0.01,0.01,0.0,0.023304225876927376,0.023304250091314316,353,0.0020754386205226183,0.001941652619279921,-0.11234299093484879,12.587,0.0,62,LAND,False,STANDBY,10,6
2026-09-28T20:04:33.285277,-35.3632626,149.1652379,0.002,-0.01,0.01,0.0,0.023497730493545532,0.02349786087870598,353,0.0020847669802606106,0.001945929485373199,-0.11221258342266083,12.587,0.0,62,LAND,False,STANDBY,10,6
2026-09-28T20:04:33.786070,-35.3632626,149.1652379,0.002,-0.01,0.01,0.0,0.023288967087864876,0.02328898012638092,353,0.0020830805879086256,0.0019455247092992067,-0.11208520084619522,12.587,0.0,62,LAND,False,STANDBY,10,6
2026-09-28T20:04:34.287788,-35.3632626,149.1652379,0.002,-0.01,0.01,0.0,0.023498665541410446,0.023498715832829475,353,0.002089486224576831,0.0019452942069619894,-0.11197241395711899,12.587,0.0,62,LAND,False,STANDBY,10,6
2026-09-28T20:04:34.790142,-35.3632626,149.1652379,0.002,-0.01,0.01,0.0,0.023352542892098427,0.02335299737751484,353,0.0020772810094058514,0.0019510991405695677,-0.11184631288051605,12.587,0.0,62,LAND,False,STANDBY,10,6
2026-09-28T20:04:35.290607,-35.3632626,149.1652379,0.002,-0.01,0.01,0.0,0.023510821163654327,0.023511236533522606,353,0.0020832959562540054,0.001954510109499097,-0.11173267662525177,12.587,0.0,62,LAND,False,STANDBY,10,6
2026-09-28T20:04:35.790796,-35.3632626,149.1652379,0.002,-0.01,0.01,0.0,0.023364802822470665,0.02336590364575386,353,0.002080189064145088,0.0019519093912094831,-0.11161155998706818,12.587,0.0,62,LAND,False,STANDBY,10,6
2026-09-28T20:04:36.292249,-35.3632626,149.1652379,0.002,-0.01,0.01,0.0,0.023671863600611687,0.023672906681895256,353,0.002082391642034054,0.0019599038641899824,-0.11149311810731888,12.587,0.0,62,LAND,False,STANDBY,10,6
2026-09-28T20:04:36.794411,-35.3632626,149.1652379,0.002,-0.01,0.01,0.0,0.0235600546002388,0.023560335859656334,353,0.00207655131816864,0.0019607734866440296,-0.11137954890727997,12.587,0.0,62,LAND,False,STANDBY,10,6
2026-09-28T20:04:37.295447,-35.3632626,149.1652379,0.002,-0.01,0.01,0.0,0.023746369406580925,0.02374698407948017,353,0.0020748248789459467,0.0019585927948355675,-0.11125992238521576,12.587,0.0,62,LAND,False,STANDBY,10,6
2026-09-28T20:04:37.796173,-35.3632626,149.1652379,0.002,-0.01,0.01,0.0,0.023601336404681206,0.023601919412612915,353,0.002071939641609788,0.0019674496725201607,-0.11115249991416931,12.587,0.0,62,LAND,False,STANDBY,10,6
2026-09-28T20:04:38.297665,-35.3632626,149.1652379,0.002,-0.01,0.01,0.0,0.023610467091202736,0.023610597476363182,353,0.002064845757558942,0.0019640251994132996,-0.11104076355695724,12.587,0.0,62,LAND,False,STANDBY,10,6
2026-09-28T20:04:38.798529,-35.3632626,149.1652379,0.002,-0.01,0.01,0.0,0.02354365773499012,0.023543715476989746,353,0.0020602995064109564,0.0019574291072785854,-0.11092567443847656,12.587,0.0,62,LAND,False,STANDBY,10,6
2026-09-28T20:04:39.299678,-35.3632626,149.1652379,0.002,-0.01,0.01,0.0,0.023693619295954704,0.02369365468621254,353,0.002061318838968873,0.001963483402505517,-0.11081422865390778,12.587,0.0,62,LAND,False,STANDBY,10,6
2026-09-28T20:04:39.801136,-35.3632626,149.1652379,0.002,-0.01,0.01,0.0,0.023395411670207977,0.023395445197820663,353,0.0020499706733971834,0.0019652717746794224,-0.11070004850625992,12.587,0.0,62,LAND,False,STANDBY,10,6
2026-09-28T20:04:40.301578,-35.3632626,149.1652379,0.002,-0.01,0.01,0.0,0.02356954850256443,0.023569561541080475,353,0.0020528577733784914,0.0019759053830057383,-0.11059559881687164,12.587,0.0,62,LAND,False,STANDBY,10,6
2026-09-28T20:04:40.802998,-35.3632626,149.1652379,0.002,-0.01,0.01,0.0,0.023397592827677727,0.02339761145412922,353,0.0020518151577562094,0.0019747386686503887,-0.11048875749111176,12.587,0.0,62,LAND,False,STANDBY,10,6
2026-09-28T20:04:41.304101,-35.3632626,149.1652379,0.002,-0.01,0.01,0.0,0.023627370595932007,0.02362748235464096,353,0.0020524999126791954,0.0019771684892475605,-0.11038000881671906,12.587,0.0,62,LAND,False,STANDBY,10,6
2026-09-28T20:04:41.804827,-35.3632626,149.1652379,0.002,-0.01,0.01,0.0,0.023368217051029205,0.02336825802922249,353,0.0020547122694551945,0.0019812840037047863,-0.11027953773736954,12.587,0.0,62,LAND,False,STANDBY,10,6
2026-09-28T20:04:42.305463,-35.3632626,149.1652379,0.002,-0.01,0.01,0.0,0.023670338094234467,0.02367052622139454,353,0.002060083905234933,0.001980964792892337,-0.11017128825187683,12.587,0.0,62,LAND,False,STANDBY,10,6
2026-09-28T20:04:42.807781,-35.3632626,149.1652379,0.002,-0.01,0.01,0.0,0.02344345673918724,0.023444032296538353,353,0.0020613304805010557,0.0019787680357694626,-0.1100623831152916,12.587,0.0,62,LAND,False,STANDBY,10,6
2026-09-28T20:04:43.309287,-35.3632626,149.1652379,0.002,-0.01,0.01,0.0,0.023710159584879875,0.023710163310170174,353,0.002060543280094862,0.001986416522413492,-0.10995417833328247,12.587,0.0,62,LAND,False,STANDBY,10,6
2026-09-28T20:04:43.810149,-35.3632626,149.1652379,0.002,-0.01,0.01,0.0,0.023450002074241638,0.023450054228305817,353,0.002055123681202531,0.0019891338888555765,-0.1098550409078598,12.587,0.0,62,LAND,False,STANDBY,10,6
2026-09-28T20:04:44.312898,-35.3632626,149.1652379,0.002,-0.01,0.01,0.0,0.023653265088796616,0.023653365671634674,353,0.0020558484829962254,0.00198715110309422,-0.10975407063961029,12.587,0.0,62,LAND,False,STANDBY,10,6
2026-09-28T20:04:44.813468,-35.3632626,149.1652379,0.002,-0.01,0.01,0.0,0.023506706580519676,0.023506835103034973,353,0.0020462980028241873,0.0019816283602267504,-0.10965689271688461,12.587,0.0,62,LAND,False,STANDBY,10,6
2026-09-28T20:04:45.314164,-35.3632626,149.1652379,0.002,-0.01,0.01,0.0,0.023725476115942,0.023725764825940132,353,0.0020550379995256662,0.0019912286661565304,-0.10955003648996353,12.587,0.0,62,LAND,False,STANDBY,10,6
2026-09-28T20:04:45.814800,-35.3632626,149.1652379,0.002,-0.01,0.01,0.0,0.023458972573280334,0.02345956675708294,353,0.002055889694020152,0.001989865442737937,-0.10944748669862747,12.587,0.0,62,LAND,False,STANDBY,10,6
2026-09-28T20:04:46.315468,-35.3632626,149.1652379,0.002,-0.01,0.01,0.0,0.023741459473967552,0.023741943761706352,353,0.002064644591882825,0.001999680884182453,-0.10935303568840027,12.587,0.0,62,LAND,False,STANDBY,10,6
2026-09-28T20:04:46.816107,-35.3632626,149.1652379,0.002,-0.01,0.01,0.0,0.023541131988167763,0.023542476817965508,353,0.0020598736591637135,0.0019906528759747744,-0.10926511138677597,12.587,0.0,62,LAND,False,STANDBY,10,6
2026-09-28T20:04:47.316611,-35.3632626,149.1652379,0.002,-0.01,0.01,0.0,0.023648617789149284,0.023650066927075386,353,0.002062904415652156,0.0019904905930161476,-0.10917684435844421,12.587,0.0,62,LAND,False,STANDBY,10,6
2026-09-28T20:04:47.817365,-35.3632626,149.1652379,0.002,-0.01,0.01,0.0,0.02344588376581669,0.0234468262642622,353,0.0020565686281770468,0.001990731107071042,-0.10908623039722443,12.587,0.0,62,LAND,False,STANDBY,10,6
2026-09-28T20:04:48.318726,-35.3632626,149.1652379,0.002,-0.01,0.01,0.0,0.023727210238575935,0.023727815598249435,353,0.0020619488786906004,0.0019957025069743395,-0.10899142920970917,12.587,0.0,62,LAND,False,STANDBY,10,6
2026-09-28T20:04:48.819388,-35.3632626,149.1652379,0.002,-0.01,0.01,0.0,0.02350546419620514,0.023505505174398422,353,0.0020503683481365442,0.0019880428444594145,-0.10889223963022232,12.587,0.0,62,LAND,False,STANDBY,10,6
2026-09-28T20:04:49.319602,-35.3632626,149.1652379,0.002,-0.01,0.01,0.0,0.02358979731798172,0.02359013259410858,353,0.002045725705102086,0.001992402132600546,-0.10879311710596085,12.587,0.0,62,LAND,False,STANDBY,10,6
2026-09-28T20:04:49.820219,-35.3632626,149.1652379,0.002,-0.01,0.01,0.0,0.023433374240994453,0.023433398455381393,353,0.002044778550043702,0.001988111762329936,-0.10870789736509323,12.587,0.0,62,LAND,False,STANDBY,10,6
2026-09-28T20:04:50.320710,-35.3632626,149.1652379,0.002,-0.01,0.01,0.0,0.02367859147489071,0.023678874596953392,353,0.0020490398164838552,0.001987945521250367,-0.10861758142709732,12.587,0.0,62,LAND,False,STANDBY,10,6
2026-09-28T20:04:50.821422,-35.3632626,149.1652379,0.002,-0.01,0.01,0.0,0.023547247052192688,0.023547573015093803,353,0.0020527176093310118,0.0019953062292188406,-0.10853219777345657,12.587,0.0,62,LAND,False,STANDBY,10,6
2026-09-28T20:04:51.322158,-35.3632626,149.1652379,0.002,-0.01,0.01,0.0,0.02373155951499939,0.02373206987977028,353,0.002066799206659198,0.0019980473443865776,-0.1084502562880516,12.587,0.0,62,LAND,False,STANDBY,10,6
2026-09-28T20:04:51.822457,-35.3632626,149.1652379,0.002,-0.01,0.01,0.0,0.023529646918177605,0.02352994866669178,353,0.0020699298474937677,0.0019940268248319626,-0.1083713248372078,12.587,0.0,62,LAND,False,STANDBY,10,6
2026-09-28T20:04:52.323067,-35.3632626,149.1652379,0.002,-0.01,0.01,0.0,0.02382567524909973,0.023825781419873238,353,0.002072882140055299,0.001993149286136031,-0.10828454792499542,12.587,0.0,62,LAND,False,STANDBY,10,6
2026-09-28T20:04:52.823607,-35.3632626,149.1652379,0.002,-0.01,0.01,0.0,0.02349584549665451,0.02349584735929966,353,0.002069968031719327,0.001982007408514619,-0.10820332914590836,12.587,0.0,62,LAND,False,STANDBY,10,6
2026-09-28T20:04:53.324091,-35.3632626,149.1652379,0.002,-0.01,0.01,0.0,0.023857897147536278,0.023857897147536278,353,0.0020739163737744093,0.001982354326173663,-0.1081194281578064,12.587,0.0,62,LAND,False,STANDBY,10,6
2026-09-28T20:04:53.824573,-35.3632626,149.1652379,0.002,-0.01,0.01,0.0,0.023862769827246666,0.02386278472840786,353,0.002075107768177986,0.001975465100258589,-0.10803859680891037,12.587,0.0,62,LAND,False,STANDBY,10,6
2026-09-28T20:04:54.325174,-35.3632626,149.1652379,0.002,-0.01,0.01,0.0,0.02390563115477562,0.02390575222671032,353,0.0020803993102163076,0.0019738669507205486,-0.10796275734901428,12.587,0.0,62,LAND,False,STANDBY,10,6
2026-09-28T20:04:54.825679,-35.3632626,149.1652379,0.002,-0.01,0.01,0.0,0.023759495466947556,0.023759501054883003,353,0.0020858021453022957,0.001969913486391306,-0.10788697004318237,12.587,0.0,62,LAND,False,STANDBY,10,6
2026-09-28T20:04:55.325879,-35.3632626,149.1652379,0.002,-0.01,0.01,0.0,0.023813825100660324,0.023814115673303604,353,0.002090567024424672,0.0019748900085687637,-0.10781309008598328,12.587,0.0,62,LAND,False,STANDBY,10,6
2026-09-28T20:04:55.826484,-35.3632626,149.1652379,0.002,-0.01,0.01,0.0,0.023578563705086708,0.023579442873597145,353,0.0020887271966785192,0.0019777489360421896,-0.10773053020238876,12.587,0.0,62,LAND,False,STANDBY,10,6
2026-09-28T20:04:56.327121,-35.3632626,149.1652379,0.002,-0.01,0.01,0.0,0.02402082458138466,0.024021420627832413,353,0.0020977105014026165,0.0019809468649327755,-0.10764186084270477,12.587,0.0,62,LAND,False,STANDBY,10,6
2026-09-28T20:04:56.827532,-35.3632626,149.1652379,0.002,-0.01,0.01,0.0,0.023896489292383194,0.023897016420960426,353,0.002092327456921339,0.0019800078589469194,-0.1075698733329773,12.587,0.0,62,LAND,False,STANDBY,10,6
2026-09-28T20:04:57.328230,-35.3632626,149.1652379,0.002,-0.01,0.01,0.0,0.02419726736843586,0.024197526276111603,353,0.002089602639898658,0.0019808816723525524,-0.10749039053916931,12.587,0.0,62,LAND,False,STANDBY,10,6
2026-09-28T20:04:57.828456,-35.3632626,149.1652379,0.002,-0.01,0.01,0.0,0.023876694962382317,0.023877035826444626,353,0.0020865797996520996,0.001967063406482339,-0.10741598159074783,12.587,0.0,62,LAND,False,STANDBY,10,6
2026-09-28T20:04:58.329020,-35.3632626,149.1652379,0.002,-0.01,0.01,0.0,0.02404595911502838,0.02404603734612465,353,0.002097157295793295,0.001974495593458414,-0.10734011977910995,12.587,0.0,62,LAND,False,STANDBY,10,6
2026-09-28T20:04:58.829456,-35.3632626,149.1652379,0.002,-0.01,0.01,0.0,0.023764491081237793,0.02376450039446354,353,0.0020917104557156563,0.0019657122902572155,-0.10727009177207947,12.587,0.0,62,LAND,False,STANDBY,10,6
2026-09-28T20:04:59.330114,-35.3632626,149.1652379,0.002,-0.01,0.01,0.0,0.023978453129529953,0.023978684097528458,353,0.0020916874054819345,0.001970202662050724,-0.10719933360815048,12.587,0.0,62,LAND,False,STANDBY,10,6
2026-09-28T20:04:59.830500,-35.3632626,149.1652379,0.002,-0.01,0.01,0.0,0.023762468248605728,0.02376249060034752,353,0.0020846605766564608,0.0019709193147718906,-0.10713589936494827,12.587,0.0,62,LAND,False,STANDBY,10,6
2026-09-28T20:05:00.331152,-35.3632626,149.1652379,0.002,-0.01,0.01,0.0,0.02402169443666935,0.024021809920668602,353,0.0020973263308405876,0.001971813151612878,-0.10706909745931625,12.587,0.0,62,LAND,False,STANDBY,10,6
2026-09-28T20:05:00.831492,-35.3632626,149.1652379,0.002,-0.01,0.01,0.0,0.02395019866526127,0.02395090088248253,353,0.002094932133331895,0.0019694874063134193,-0.10699403285980225,12.587,0.0,62,LAND,False,STANDBY,10,6
2026-09-28T20:05:01.332621,-35.3632626,149.1652379,0.002,-0.01,0.01,0.0,0.02414092607796192,0.024141166359186172,353,0.00209618266671896,0.001964125083759427,-0.10693172365427017,12.587,0.0,62,LAND,False,STANDBY,10,6
2026-09-28T20:05:01.833049,-35.3632626,149.1652379,0.002,-0.01,0.01,0.0,0.023879805579781532,0.023880254477262497,353,0.0020885898265987635,0.0019583827815949917,-0.10686196386814117,12.587,0.0,62,LAND,False,STANDBY,10,6
2026-09-28T20:05:02.333456,-35.3632626,149.1652379,0.002,-0.01,0.01,0.0,0.02401210367679596,0.02401275932788849,353,0.002072746166959405,0.0019647248554974794,-0.10680286586284637,12.587,0.0,62,LAND,False,STANDBY,10,6
2026-09-28T20:05:02.834553,-35.3632626,149.1652379,0.002,-0.01,0.01,0.0,0.02371608279645443,0.023717138916254044,353,0.002065535169094801,0.0019659698009490967,-0.10672949999570847,12.587,0.0,62,LAND,False,STANDBY,10,6
2026-09-28T20:05:03.336056,-35.3632626,149.1652379,0.002,-0.01,0.01,0.0,0.023857614025473595,0.023858174681663513,353,0.0020690239034593105,0.0019676857627928257,-0.10667389631271362,12.587,0.0,62,LAND,False,STANDBY,10,6
2026-09-28T20:05:03.836579,-35.3632626,149.1652379,0.002,-0.01,0.01,0.0,0.023547951132059097,0.023548761382699013,353,0.0020711440593004227,0.0019649083260446787,-0.10660678148269653,12.587,0.0,62,LAND,False,STANDBY,10,6
2026-09-28T20:05:04.337090,-35.3632626,149.1652379,0.002,-0.01,0.01,0.0,0.023597126826643944,0.02359846979379654,353,0.0020742041524499655,0.001970841083675623,-0.10654622316360474,12.587,0.0,62,LAND,False,STANDBY,10,6
2026-09-28T20:05:04.838873,-35.3632626,149.1652379,0.002,-0.01,0.01,0.0,0.023517360910773277,0.02351829968392849,353,0.002074840245768428,0.0019720271229743958,-0.10648093372583389,12.587,0.0,62,LAND,False,STANDBY,10,6
2026-09-28T20:05:05.339575,-35.3632626,149.1652379,0.002,-0.01,0.01,0.0,0.02364087849855423,0.023642797023057938,353,0.0020714071579277515,0.0019769759383052588,-0.10641759634017944,12.587,0.0,62,LAND,False,STANDBY,10,6
2026-09-28T20:05:05.840589,-35.3632626,149.1652379,0.002,-0.01,0.01,0.0,0.023446211591362953,0.023447580635547638,353,0.0020742008928209543,0.001977016916498542,-0.10635735839605331,12.587,0.0,62,LAND,False,STANDBY,10,6
2026-09-28T20:05:06.341454,-35.3632626,149.1652379,0.002,-0.01,0.01,0.0,0.023638291284441948,0.02363903820514679,353,0.002069891430437565,0.001974921440705657,-0.10629502683877945,12.587,0.0,62,LAND,False,STANDBY,10,6
2026-09-28T20:05:06.842525,-35.3632626,149.1652379,0.002,-0.01,0.01,0.0,0.02350761368870735,0.02350824885070324,353,0.0020718660671263933,0.00197614380158484,-0.10623539984226227,12.587,0.0,62,LAND,False,STANDBY,10,6
2026-09-28T20:05:07.343616,-35.3632626,149.1652379,0.002,-0.01,0.01,0.0,0.023564931005239487,0.023566339164972305,353,0.002078150399029255,0.0019789179787039757,-0.10617530345916748,12.587,0.0,62,LAND,False,STANDBY,10,6
2026-09-28T20:05:07.844514,-35.3632626,149.1652379,0.002,-0.01,0.01,0.0,0.023453660309314728,0.023455671966075897,353,0.0020780584309250116,0.0019750255160033703,-0.10611385852098465,12.587,0.0,62,LAND,False,STANDBY,10,6
2026-09-28T20:05:08.345498,-35.3632626,149.1652379,0.002,-0.01,0.01,0.0,0.023670637980103493,0.023671818897128105,353,0.002078346209600568,0.0019816490821540356,-0.10606019198894501,12.587,0.0,62,LAND,False,STANDBY,10,6
2026-09-28T20:05:08.846273,-35.3632626,149.1652379,0.001,-0.01,0.01,0.0,0.023746788501739502,0.02374809980392456,353,0.0020749010145664215,0.0019824213813990355,-0.10600706189870834,12.587,0.0,62,LAND,False,STANDBY,10,6
2026-09-28T20:05:09.346909,-35.3632626,149.1652379,0.002,-0.01,0.01,0.0,0.023957127705216408,0.023958181962370872,353,0.002074908697977662,0.0019857955630868673,-0.10595358163118362,12.587,0.0,62,LAND,False,STANDBY,10,6
2026-09-28T20:05:09.847537,-35.3632626,149.1652379,0.001,-0.01,0.01,0.0,0.02385396510362625,0.02385559491813183,353,0.0020654264371842146,0.001983266556635499,-0.10589712858200073,12.587,0.0,62,LAND,False,STANDBY,10,6
2026-09-28T20:05:10.348181,-35.3632626,149.1652379,0.001,-0.01,0.01,0.0,0.023912306874990463,0.023914331570267677,353,0.0020630776416510344,0.001983323134481907,-0.10584937781095505,12.587,0.0,62,LAND,False,STANDBY,10,6
2026-09-28T20:05:10.848756,-35.3632626,149.1652379,0.001,-0.01,0.01,0.0,0.023628877475857735,0.02363000065088272,353,0.0020602841395884752,0.001977735199034214,-0.10578875243663788,12.587,0.0,62,LAND,False,STANDBY,10,6
2026-09-28T20:05:11.349274,-35.3632626,149.1652379,0.001,-0.01,0.01,0.0,0.023911943659186363,0.023912979289889336,353,0.002059302991256118,0.0019792355597019196,-0.10574209690093994,12.587,0.0,62,LAND,False,STANDBY,10,6
2026-09-28T20:05:11.849689,-35.3632626,149.1652379,0.001,-0.01,0.01,0.0,0.023554127663373947,0.023555289953947067,353,0.002059571910649538,0.001968307886272669,-0.1056927815079689,12.587,0.0,62,LAND,False,STANDBY,10,6
2026-09-28T20:05:12.350224,-35.3632626,149.1652379,0.001,-0.01,0.01,0.0,0.023735368624329567,0.02373805269598961,353,0.0020573001820594072,0.0019835950806736946,-0.1056414246559143,12.587,0.0,62,LAND,False,STANDBY,10,6
2026-09-28T20:05:12.850886,-35.3632626,149.1652379,0.001,-0.01,0.01,0.0,0.02350061573088169,0.023502063006162643,353,0.002055517164990306,0.001990944379940629,-0.1055934801697731,12.587,0.0,62,LAND,False,STANDBY,10,6
2026-09-28T20:05:13.351507,-35.3632626,149.1652379,0.001,-0.01,0.01,0.0,0.02372659556567669,0.023728253319859505,353,0.002062604995444417,0.0019998031202703714,-0.10554186999797821,12.587,0.0,62,LAND,False,STANDBY,10,6
2026-09-28T20:05:13.852218,-35.3632626,149.1652379,0.001,-0.01,0.01,0.0,0.023534424602985382,0.02353561483323574,353,0.002064737258478999,0.0019968587439507246,-0.10549937933683395,12.587,0.0,62,LAND,False,STANDBY,10,6
2026-09-28T20:05:14.352638,-35.3632626,149.1652379,0.001,-0.01,0.01,0.0,0.023844169452786446,0.023844415321946144,353,0.0020692928228527308,0.0020001670345664024,-0.1054539605975151,12.587,0.0,62,LAND,False,STANDBY,10,6
2026-09-28T20:05:14.853291,-35.3632626,149.1652379,0.002,-0.01,0.01,0.0,0.023671187460422516,0.02367122285068035,353,0.002060186117887497,0.00200280430726707,-0.10541108250617981,12.587,0.0,62,LAND,False,STANDBY,10,6
2026-09-28T20:05:15.354025,-35.3632626,149.1652379,0.002,-0.01,0.01,0.0,0.024028580635786057,0.024028873071074486,353,0.002061000093817711,0.002011528005823493,-0.10536681115627289,12.587,0.0,62,LAND,False,STANDBY,10,6
2026-09-28T20:05:15.854651,-35.3632626,149.1652379,0.002,-0.01,0.01,0.0,0.02370542101562023,0.02370573952794075,353,0.0020497289951890707,0.001999862724915147,-0.10532602667808533,12.587,0.0,62,LAND,False,STANDBY,10,6
2026-09-28T20:05:16.356595,-35.3632626,149.1652379,0.002,-0.01,0.01,0.0,0.023809632286429405,0.023810116574168205,353,0.002063762629404664,0.0020022704266011715,-0.10527903586626053,12.587,0.0,62,LAND,False,STANDBY,10,6
2026-09-28T20:05:16.857023,-35.3632626,149.1652379,0.002,-0.01,0.01,0.0,0.023710522800683975,0.023711465299129486,353,0.0020623398013412952,0.0019944123923778534,-0.10523077845573425,12.587,0.0,62,LAND,False,STANDBY,10,6
2026-09-28T20:05:17.357935,-35.3632626,149.1652379,0.002,-0.01,0.01,0.0,0.023937081918120384,0.02393743395805359,353,0.002066822722554207,0.001995350467041135,-0.10518915951251984,12.587,0.0,62,LAND,False,STANDBY,10,6
2026-09-28T20:05:17.858521,-35.3632626,149.1652379,0.002,-0.01,0.01,0.0,0.02387753687798977,0.023877708241343498,353,0.0020711503457278013,0.0019848353695124388,-0.10515548288822174,12.587,0.0,62,LAND,False,STANDBY,10,6
2026-09-28T20:05:18.359108,-35.3632626,149.1652379,0.002,-0.01,0.01,0.0,0.023928478360176086,0.02392864227294922,353,0.002075537107884884,0.0019822565373033285,-0.10511212795972824,12.587,0.0,62,LAND,False,STANDBY,10,6
2026-09-28T20:05:18.859747,-35.3632626,149.1652379,0.002,-0.01,0.01,0.0,0.02375347726047039,0.023753980174660683,353,0.0020727324299514294,0.0019858304876834154,-0.10507578402757645,12.587,0.0,62,LAND,False,STANDBY,10,6
2026-09-28T20:05:19.360459,-35.3632626,149.1652379,0.002,-0.01,0.01,0.0,0.023845843970775604,0.023846149444580078,353,0.002069105627015233,0.001979680499061942,-0.10504551231861115,12.587,0.0,62,LAND,False,STANDBY,10,6
2026-09-28T20:05:19.860931,-35.3632626,149.1652379,0.002,-0.01,0.01,0.0,0.02353479340672493,0.023534825071692467,353,0.0020691417157649994,0.0019684380386024714,-0.10501465946435928,12.587,0.0,62,LAND,False,STANDBY,10,6
2026-09-28T20:05:20.361637,-35.3632626,149.1652379,0.002,-0.01,0.01,0.0,0.023819107562303543,0.023819129914045334,353,0.002072074916213751,0.0019683886785060167,-0.10497456789016724,12.587,0.0,62,LAND,False,STANDBY,10,6
2026-09-28T20:05:20.862309,-35.3632626,149.1652379,0.002,-0.01,0.01,0.0,0.023685194551944733,0.023685218766331673,353,0.002073995303362608,0.00196224101819098,-0.10492874681949615,12.587,0.0,62,LAND,False,STANDBY,10,6
2026-09-28T20:05:21.362869,-35.3632626,149.1652379,0.002,-0.01,0.01,0.0,0.02377944067120552,0.02377956733107567,354,0.0020757466554641724,0.001966798910871148,-0.10489161312580109,12.587,0.0,62,LAND,False,STANDBY,10,6
2026-09-28T20:05:21.863481,-35.3632626,149.1652379,0.002,-0.01,0.01,0.0,0.023576177656650543,0.023576198145747185,354,0.0020683978218585253,0.001962789334356785,-0.10484818369150162,12.587,0.0,62,LAND,False,STANDBY,10,6
2026-09-28T20:05:22.364126,-35.3632626,149.1652379,0.002,-0.01,0.01,0.0,0.023816050961613655,0.023816056549549103,354,0.002071776194497943,0.00196578330360353,-0.10481303930282593,12.587,0.0,62,LAND,False,STANDBY,10,6
2026-09-28T20:05:22.864872,-35.3632626,149.1652379,0.002,-0.01,0.01,0.0,0.02359742671251297,0.023597903549671173,354,0.0020820624195039272,0.001961322268471122,-0.10478196293115616,12.587,0.0,62,LAND,False,STANDBY,10,6
2026-09-28T20:05:23.365531,-35.3632626,149.1652379,0.002,-0.01,0.01,0.0,0.023892641067504883,0.023893112316727638,354,0.002084979321807623,0.001964686904102564,-0.10475172102451324,12.587,0.0,62,LAND,False,STANDBY,10,6
2026-09-28T20:05:23.865958,-35.3632626,149.1652379,0.002,-0.01,0.01,0.0,0.023543713614344597,0.02354416996240616,354,0.00208015413954854,0.0019789731595665216,-0.10471633076667786,12.587,0.0,62,LAND,False,STANDBY,10,6
2026-09-28T20:05:24.366908,-35.3632626,149.1652379,0.002,-0.01,0.01,0.0,0.023897865787148476,0.023898668587207794,354,0.0020785750821232796,0.0019795915577560663,-0.10467492043972015,12.587,0.0,62,LAND,False,STANDBY,10,6
2026-09-28T20:05:24.867563,-35.3632626,149.1652379,0.002,-0.01,0.01,0.0,0.0236708652228117,0.02367096021771431,354,0.0020803306251764297,0.001989839132875204,-0.10464004427194595,12.587,0.0,62,LAND,False,STANDBY,10,6
2026-09-28T20:05:25.367914,-35.3632626,149.1652379,0.002,-0.01,0.01,0.0,0.024007830768823624,0.02400793321430683,354,0.0020831201691180468,0.001991700381040573,-0.10460441559553146,12.587,0.0,62,LAND,False,STANDBY,10,6
2026-09-28T20:05:25.868507,-35.3632626,149.1652379,0.002,-0.01,0.01,0.0,0.02381044253706932,0.023811085149645805,354,0.0020808831322938204,0.001991154393181205,-0.10457377135753632,12.587,0.0,62,LAND,False,STANDBY,10,6
2026-09-28T20:05:26.369270,-35.3632626,149.1652379,0.002,-0.01,0.01,0.0,0.02420145832002163,0.02420150302350521,354,0.0020744618959724903,0.0019952196162194014,-0.10455276072025299,12.587,0.0,62,LAND,False,STANDBY,10,6
2026-09-28T20:05:26.869738,-35.3632626,149.1652379,0.002,-0.01,0.01,0.0,0.02382509969174862,0.02382599003612995,354,0.0020711226388812065,0.001982215093448758,-0.10451745241880417,12.587,0.0,62,LAND,False,STANDBY,10,6
2026-09-28T20:05:27.370527,-35.3632626,149.1652379,0.002,-0.01,0.01,0.0,0.024087190628051758,0.024087725207209587,354,0.0020690944511443377,0.0019869531970471144,-0.10448770225048065,12.587,0.0,62,LAND,False,STANDBY,10,6
2026-09-28T20:05:27.870986,-35.3632626,149.1652379,0.002,-0.01,0.01,0.0,0.02382069267332554,0.023821154609322548,354,0.002073570853099227,0.0019773670937865973,-0.10445404797792435,12.587,0.0,62,LAND,False,STANDBY,10,6
2026-09-28T20:05:28.371466,-35.3632626,149.1652379,0.002,-0.01,0.01,0.0,0.024072732776403427,0.024072783067822456,354,0.0020777261815965176,0.001981835812330246,-0.10442804545164108,12.587,0.0,62,LAND,False,STANDBY,10,6
2026-09-28T20:05:28.872068,-35.3632626,149.1652379,0.002,-0.01,0.01,0.0,0.02377268858253956,0.023772764950990677,354,0.0020629980135709047,0.001974462764337659,-0.10440557450056076,12.587,0.0,62,LAND,False,STANDBY,10,6
2026-09-28T20:05:29.372511,-35.3632626,149.1652379,0.002,-0.01,0.01,0.0,0.02400989457964897,0.02400999888777733,354,0.0020663761533796787,0.0019743500743061304,-0.10438530147075653,12.587,0.0,62,LAND,False,STANDBY,10,6
2026-09-28T20:05:29.873297,-35.3632626,149.1652379,0.002,-0.01,0.01,0.0,0.023794928565621376,0.02379506640136242,354,0.002069018082693219,0.001967488555237651,-0.10436356067657471,12.587,0.0,62,LAND,False,STANDBY,10,6
2026-09-28T20:05:30.373645,-35.3632626,149.1652379,0.002,-0.01,0.01,0.0,0.02385702356696129,0.02385745756328106,354,0.0020689198281615973,0.0019743768498301506,-0.10433357208967209,12.587,0.0,62,LAND,False,STANDBY,10,6
2026-09-28T20:05:30.874312,-35.3632626,149.1652379,0.002,-0.01,0.01,0.0,0.02358558028936386,0.02358601987361908,354,0.0020670820958912373,0.00198218016885221,-0.10430298745632172,12.587,0.0,62,LAND,False,STANDBY,10,6
2026-09-28T20:05:31.374859,-35.3632626,149.1652379,0.002,-0.01,0.01,0.0,0.02396455779671669,0.023964811116456985,354,0.002068663714453578,0.0019900829065591097,-0.10428353399038315,12.587,0.0,62,LAND,False,STANDBY,10,6
2026-09-28T20:05:31.875520,-35.3632626,149.1652379,0.002,-0.01,0.01,0.0,0.02376210130751133,0.02376210130751133,354,0.0020682686008512974,0.0019900610204786062,-0.1042645126581192,12.587,0.0,62,LAND,False,STANDBY,10,6
2026-09-28T20:05:32.376344,-35.3632626,149.1652379,0.002,-0.01,0.01,0.0,0.024058861657977104,0.024058884009718895,354,0.002069046488031745,0.0019881781190633774,-0.10424405336380005,12.587,0.0,62,LAND,False,STANDBY,10,6
2026-09-28T20:05:32.877163,-35.3632626,149.1652379,0.002,-0.01,0.01,0.0,0.02385549806058407,0.023855501785874367,354,0.0020730707328766584,0.0019830716773867607,-0.10422283411026001,12.587,0.0,62,LAND,False,STANDBY,10,6
2026-09-28T20:05:33.377623,-35.3632626,149.1652379,0.002,-0.01,0.01,0.0,0.023983489722013474,0.023983491584658623,354,0.0020820137578994036,0.0019769715145230293,-0.10420162230730057,12.587,0.0,62,LAND,False,STANDBY,10,6
2026-09-28T20:05:33.878408,-35.3632626,149.1652379,0.002,-0.01,0.01,0.0,0.02385757863521576,0.023857638239860535,354,0.002089068293571472,0.0019843734335154295,-0.10418389737606049,12.587,0.0,62,LAND,False,STANDBY,10,6
2026-09-28T20:05:34.379290,-35.3632626,149.1652379,0.002,-0.01,0.01,0.0,0.023928314447402954,0.023928551003336906,354,0.0020868401043117046,0.0019913529977202415,-0.10416273772716522,12.587,0.0,62,LAND,False,STANDBY,10,6
2026-09-28T20:05:34.880333,-35.3632626,149.1652379,0.002,-0.01,0.01,0.0,0.02362641505897045,0.023626703768968582,354,0.0020805865060538054,0.0019893422722816467,-0.10415048897266388,12.587,0.0,62,LAND,False,STANDBY,10,6
2026-09-28T20:05:35.381004,-35.3632626,149.1652379,0.002,-0.01,0.01,0.0,0.024278584867715836,0.024278700351715088,354,0.002091481350362301,0.001999654108658433,-0.10413264483213425,12.587,0.0,62,LAND,False,STANDBY,10,6
2026-09-28T20:05:35.881513,-35.3632626,149.1652379,0.002,-0.01,0.01,0.0,0.0241253562271595,0.02412571758031845,354,0.0020915470086038113,0.0019925138913094997,-0.1041148453950882,12.587,0.0,62,LAND,False,STANDBY,10,6
2026-09-28T20:05:36.382273,-35.3632626,149.1652379,0.002,-0.01,0.01,0.0,0.02417290210723877,0.024173105135560036,354,0.0020859939977526665,0.001988312229514122,-0.104103222489357,12.587,0.0,62,LAND,False,STANDBY,10,6
2026-09-28T20:05:36.882955,-35.3632626,149.1652379,0.002,-0.01,0.01,0.0,0.023850638419389725,0.02385147288441658,354,0.002087037544697523,0.001972456695511937,-0.10407496988773346,12.587,0.0,62,LAND,False,STANDBY,10,6
2026-09-28T20:05:37.383837,-35.3632626,149.1652379,0.002,-0.01,0.01,0.0,0.024161051958799362,0.02416154555976391,354,0.0020903272088617086,0.0019686531741172075,-0.10405460745096207,12.587,0.0,62,LAND,False,STANDBY,10,6
2026-09-28T20:05:37.885109,-35.3632626,149.1652379,0.002,-0.01,0.01,0.0,0.023823434486985207,0.023824140429496765,354,0.002091478556394577,0.0019652878399938345,-0.10403072088956833,12.587,0.0,62,LAND,False,STANDBY,10,6
2026-09-28T20:05:38.386259,-35.3632626,149.1652379,0.002,-0.01,0.01,0.0,0.024071093648672104,0.024072207510471344,354,0.0020917083602398634,0.0019687493331730366,-0.10401836782693863,12.587,0.0,62,LAND,False,STANDBY,10,6
2026-09-28T20:05:38.886519,-35.3632626,149.1652379,0.002,-0.01,0.01,0.0,0.023767100647091866,0.023767298087477684,354,0.0020854424219578505,0.001966306706890464,-0.10400792211294174,12.587,0.0,62,LAND,False,STANDBY,10,6
2026-09-28T20:05:39.387517,-35.3632626,149.1652379,0.002,-0.01,0.01,0.0,0.024013513699173927,0.024013517424464226,354,0.00209837406873703,0.0019700725097209215,-0.10399284958839417,12.587,0.0,62,LAND,False,STANDBY,10,6
2026-09-28T20:05:39.889178,-35.3632626,149.1652379,0.002,-0.01,0.01,0.0,0.023899750784039497,0.023900341242551804,354,0.00208861893042922,0.001967131858691573,-0.1039789468050003,12.587,0.0,62,LAND,False,STANDBY,10,6
2026-09-28T20:05:40.390299,-35.3632626,149.1652379,0.002,-0.01,0.01,0.0,0.024200815707445145,0.0242024976760149,354,0.002089523011818528,0.001966735813766718,-0.10396169126033783,12.587,0.0,62,LAND,False,STANDBY,10,6
2026-09-28T20:05:40.891460,-35.3632626,149.1652379,0.002,-0.01,0.01,0.0,0.023873720318078995,0.023875920102000237,354,0.0020805390086025,0.0019680021796375513,-0.10395419597625732,12.587,0.0,62,LAND,False,STANDBY,10,6
2026-09-28T20:05:41.392251,-35.3632626,149.1652379,0.002,-0.01,0.01,0.0,0.024098727852106094,0.024100061506032944,354,0.0020804365631192923,0.0019710129126906395,-0.10393725335597992,12.587,0.0,62,LAND,False,STANDBY,10,6
2026-09-28T20:05:41.892459,-35.3632626,149.1652379,0.002,-0.01,0.01,0.0,0.023843493312597275,0.0238451287150383,354,0.00208495301194489,0.0019676913507282734,-0.10392322391271591,12.587,0.0,62,LAND,False,STANDBY,10,6
2026-09-28T20:05:42.393135,-35.3632626,149.1652379,0.002,-0.01,0.01,0.0,0.02400157041847706,0.0240021999925375,354,0.0020863295067101717,0.0019677956588566303,-0.10391143709421158,12.587,0.0,62,LAND,False,STANDBY,10,6
2026-09-28T20:05:42.894031,-35.3632626,149.1652379,0.002,-0.01,0.01,0.0,0.02379818819463253,0.023798488080501556,354,0.0020770553965121508,0.001963201677426696,-0.10389717668294907,12.587,0.0,62,LAND,False,STANDBY,10,6
2026-09-28T20:05:43.394971,-35.3632626,149.1652379,0.002,-0.01,0.01,0.0,0.024041764438152313,0.024041814729571342,354,0.00207216152921319,0.0019676347728818655,-0.10387595742940903,12.587,0.0,62,LAND,False,STANDBY,10,6
2026-09-28T20:05:43.896138,-35.3632626,149.1652379,0.002,-0.01,0.01,0.0,0.023795805871486664,0.023795856162905693,354,0.002064784988760948,0.0019642815459519625,-0.1038646250963211,12.587,0.0,62,LAND,False,STANDBY,10,6
2026-09-28T20:05:44.397005,-35.3632626,149.1652379,0.002,-0.01,0.01,0.0,0.024029413238167763,0.02402947098016739,354,0.0020610434003174305,0.0019683409482240677,-0.10384626686573029,12.587,0.0,62,LAND,False,STANDBY,10,6
2026-09-28T20:05:44.897470,-35.3632626,149.1652379,0.002,-0.01,0.01,0.0,0.02376238815486431,0.023762602359056473,354,0.0020534030627459288,0.001962704351171851,-0.103837750852108,12.587,0.0,62,LAND,False,STANDBY,10,6
2026-09-28T20:05:45.397964,-35.3632626,149.1652379,0.002,-0.01,0.01,0.0,0.02380596287548542,0.023806152865290642,354,0.002035820158198476,0.001969589153304696,-0.10382955521345139,12.587,0.0,62,LAND,False,STANDBY,10,6
2026-09-28T20:05:45.899546,-35.3632626,149.1652379,0.002,-0.01,0.01,0.0,0.023503141477704048,0.023503150790929794,354,0.0020305251237004995,0.0019667393062263727,-0.10381806641817093,12.587,0.0,62,LAND,False,STANDBY,10,6
2026-09-28T20:05:46.400397,-35.3632626,149.1652379,0.002,-0.01,0.01,0.0,0.023690607398748398,0.02369101718068123,354,0.0020252098329365253,0.0019709456246346235,-0.10379864275455475,12.587,0.0,62,LAND,False,STANDBY,10,6
2026-09-28T20:05:46.902616,-35.3632626,149.1652379,0.002,-0.01,0.01,0.0,0.023463711142539978,0.02346477098762989,354,0.0020302264019846916,0.0019718536641448736,-0.10378691554069519,12.587,0.0,62,LAND,False,STANDBY,10,6
2026-09-28T20:05:47.403198,-35.3632626,149.1652379,0.002,-0.01,0.01,0.0,0.02342800609767437,0.023428335785865784,354,0.0020411605946719646,0.001981967594474554,-0.10377700626850128,12.587,0.0,62,LAND,False,STANDBY,10,6
2026-09-28T20:05:47.904464,-35.3632626,149.1652379,0.002,-0.01,0.01,0.0,0.023568006232380867,0.02356828935444355,354,0.0020428290590643883,0.0019763184245675802,-0.10376331955194473,12.587,0.0,62,LAND,False,STANDBY,10,6
2026-09-28T20:05:48.405317,-35.3632626,149.1652379,0.002,-0.01,0.01,0.0,0.023801809176802635,0.023802144452929497,354,0.002041260479018092,0.001979382010176778,-0.10375229269266129,12.587,0.0,62,LAND,False,STANDBY,10,6
2026-09-28T20:05:48.906914,-35.3632626,149.1652379,0.002,-0.01,0.01,0.0,0.023413589224219322,0.02341359294950962,354,0.0020407962147146463,0.0019777098204940557,-0.1037428006529808,12.587,0.0,62,LAND,False,STANDBY,10,6
2026-09-28T20:05:49.408674,-35.3632626,149.1652379,0.002,-0.01,0.01,0.0,0.02357431873679161,0.02357470989227295,354,0.002045264933258295,0.0019724315498024225,-0.10373172163963318,12.587,0.0,62,LAND,False,STANDBY,10,6
2026-09-28T20:05:49.909520,-35.3632626,149.1652379,0.002,-0.01,0.01,0.0,0.023382943123579025,0.023383380845189095,354,0.002050514332950115,0.0019666373264044523,-0.10372383147478104,12.587,0.0,62,LAND,False,STANDBY,10,6
2026-09-28T20:05:50.410604,-35.3632626,149.1652379,0.002,-0.01,0.01,0.0,0.023316187784075737,0.02331639640033245,354,0.0020563865546137094,0.0019621988758444786,-0.1037154272198677,12.587,0.0,62,LAND,False,STANDBY,10,6
2026-09-28T20:05:50.911539,-35.3632626,149.1652379,0.002,-0.01,0.01,0.0,0.023274650797247887,0.02327471598982811,354,0.0020508146844804287,0.0019640896935015917,-0.10371378064155579,12.587,0.0,62,LAND,False,STANDBY,10,6
2026-09-28T20:05:51.411848,-35.3632626,149.1652379,0.002,-0.01,0.01,0.0,0.02320115827023983,0.02320115827023983,354,0.0020568538457155228,0.0019620023667812347,-0.10369584709405899,12.587,0.0,62,LAND,False,STANDBY,10,6
2026-09-28T20:05:51.912501,-35.3632626,149.1652379,0.002,-0.01,0.01,0.0,0.023278675973415375,0.023278677836060524,354,0.002061652485281229,0.0019585788249969482,-0.10369587689638138,12.587,0.0,62,LAND,False,STANDBY,10,6
2026-09-28T20:05:52.413186,-35.3632626,149.1652379,0.002,-0.01,0.01,0.0,0.02333252504467964,0.02333265170454979,354,0.0020627074409276247,0.0019710680935531855,-0.10369313508272171,12.587,0.0,62,LAND,False,STANDBY,10,6
2026-09-28T20:05:52.914021,-35.3632626,149.1652379,0.002,-0.01,0.01,0.0,0.023479778319597244,0.023479780182242393,354,0.0020599679555743933,0.0019747994374483824,-0.10369236767292023,12.587,0.0,62,LAND,False,STANDBY,10,6
2026-09-28T20:05:53.414584,-35.3632626,149.1652379,0.002,-0.01,0.01,0.0,0.02359309047460556,0.02359316684305668,354,0.002066544257104397,0.0019715980160981417,-0.10368622839450836,12.587,0.0,62,LAND,False,STANDBY,10,6
2026-09-28T20:05:53.915927,-35.3632626,149.1652379,0.002,-0.01,0.01,0.0,0.023635920137166977,0.02363613434135914,354,0.002070032525807619,0.001971242018043995,-0.1036810651421547,12.587,0.0,62,LAND,False,STANDBY,10,6
2026-09-28T20:05:54.416456,-35.3632626,149.1652379,0.002,-0.01,0.01,0.0,0.02383476495742798,0.023835038766264915,354,0.0020716518629342318,0.0019722997676581144,-0.10367496311664581,12.587,0.0,62,LAND,False,STANDBY,10,6
2026-09-28T20:05:54.917097,-35.3632626,149.1652379,0.002,-0.01,0.01,0.0,0.023788265883922577,0.0237883273512125,354,0.002070804126560688,0.0019660182297229767,-0.10366938263177872,12.587,0.0,62,LAND,False,STANDBY,10,6
2026-09-28T20:05:55.417471,-35.3632626,149.1652379,0.002,-0.01,0.01,0.0,0.02384832128882408,0.023848360404372215,354,0.002078442368656397,0.001967556541785598,-0.10366401076316833,12.587,0.0,62,LAND,False,STANDBY,10,6
2026-09-28T20:05:55.918122,-35.3632626,149.1652379,0.002,-0.01,0.01,0.0,0.023782087489962578,0.023782096803188324,354,0.002066194312646985,0.00196586805395782,-0.10366301983594894,12.587,0.0,62,LAND,False,STANDBY,10,6
2026-09-28T20:05:56.418591,-35.3632626,149.1652379,0.002,-0.01,0.01,0.0,0.023713402450084686,0.02371365576982498,354,0.0020742430351674557,0.0019822122994810343,-0.10366009175777435,12.587,0.0,62,LAND,False,STANDBY,10,6
2026-09-28T20:05:56.920027,-35.3632626,149.1652379,0.002,-0.01,0.01,0.0,0.023747943341732025,0.023748138919472694,354,0.0020618941634893417,0.0019806891214102507,-0.10365008562803268,12.587,0.0,62,LAND,False,STANDBY,10,6
2026-09-28T20:05:57.421147,-35.3632626,149.1652379,0.002,-0.01,0.01,0.0,0.02375425025820732,0.02375425212085247,354,0.002062818268314004,0.001986574847251177,-0.10364937782287598,12.587,0.0,62,LAND,False,STANDBY,10,6
2026-09-28T20:05:57.921810,-35.3632626,149.1652379,0.002,-0.01,0.01,0.0,0.023724064230918884,0.02372409589588642,354,0.002063911408185959,0.001979211112484336,-0.10365171730518341,12.587,0.0,62,LAND,False,STANDBY,10,6
2026-09-28T20:05:58.422616,-35.3632626,149.1652379,0.002,-0.01,0.01,0.0,0.023866992443799973,0.023867027834057808,354,0.0020653782412409782,0.001983935944736004,-0.1036507859826088,12.587,0.0,62,LAND,False,STANDBY,10,6
2026-09-28T20:05:58.923687,-35.3632626,149.1652379,0.002,-0.01,0.01,0.0,0.02377939596772194,0.02377966418862343,354,0.0020633284002542496,0.001983530353754759,-0.10364025831222534,12.587,0.0,62,LAND,False,STANDBY,10,6
2026-09-28T20:05:59.424024,-35.3632626,149.1652379,0.002,-0.01,0.01,0.0,0.02393798902630806,0.02393811196088791,354,0.0020649214275181293,0.0019904847722500563,-0.1036466509103775,12.587,0.0,62,LAND,False,STANDBY,10,6
