timestamp,lat,lon,alt,velocity_x,velocity_y,velocity_z,ground_speed,air_speed,heading,roll,pitch,yaw,battery_voltage,battery_current,battery_level,mode,armed,system_status,satellites_visible,fix_type
2026-09-28T19:57:23.671416,-35.363262,149.1652372,9.818,-0.01,0.01,-0.52,0.0212074164301157,0.5206358432769775,352,0.0029213998932391405,0.003061887575313449,-0.12898488342761993,12.587,26.75,98,GUIDED,True,ACTIVE,10,6
2026-09-28T19:57:24.173731,-35.363262,149.1652373,9.999,0.06,0.06,-0.15,0.08684703707695007,0.17517809569835663,352,0.06796015053987503,-0.07115488499403,-0.13169707357883453,12.587,25.84,98,GUIDED,True,ACTIVE,10,6
2026-09-28T19:57:24.674531,-35.36326,149.165239,10.011,0.95,0.65,0.03,1.1636788845062256,1.1640796661376953,352,0.2029043585062027,-0.23228107392787933,-0.12749040126800537,12.587,29.33,98,GUIDED,True,ACTIVE,10,6
2026-09-28T19:57:25.175540,-35.3632532,149.1652445,9.994,2.04,1.38,0.0,2.4673879146575928,2.4673922061920166,15,0.10061279684305191,-0.30212053656578064,0.27024805545806885,12.587,29.66,97,GUIDED,True,ACTIVE,10,6
2026-09-28T19:57:25.676463,-35.3632418,149.1652539,9.992,3.04,2.04,-0.02,3.671424627304077,3.671511173248291,48,-0.08496427536010742,-0.3450700342655182,0.8409494757652283,12.587,29.91,97,GUIDED,True,ACTIVE,10,6
2026-09-28T19:57:26.177101,-35.3632259,149.165267,9.998,4.05,2.68,-0.03,4.867584228515625,4.867676734924316,54,-0.13388073444366455,-0.38063836097717285,0.9551090598106384,12.587,30.16,97,GUIDED,True,ACTIVE,10,6
2026-09-28T19:57:26.677764,-35.3632055,149.1652834,10.005,5.03,3.33,-0.02,6.042261600494385,6.042322635650635,39,-0.03414788097143173,-0.4613753855228424,0.6923782229423523,12.587,30.74,97,GUIDED,True,ACTIVE,10,6
2026-09-28T19:57:27.178594,-35.3631811,149.1653033,10.012,5.9,3.98,-0.03,7.125848770141602,7.125921249389648,24,0.0724952444434166,-0.44324639439582825,0.422534704208374,12.587,30.57,97,GUIDED,True,ACTIVE,10,6
2026-09-28T19:57:27.679410,-35.3631542,149.1653257,10.024,6.01,4.11,-0.02,7.292037010192871,7.292086124420166,25,0.024933747947216034,-0.3023636043071747,0.4494408965110779,12.587,28.33,97,GUIDED,True,ACTIVE,10,6
2026-09-28T19:57:28.180465,-35.3631276,149.1653478,10.025,5.81,3.91,0.0,7.011808395385742,7.011811256408691,35,-0.01972919888794422,-0.25550952553749084,0.6164283752441406,12.587,28.16,97,GUIDED,True,ACTIVE,10,6
2026-09-28T19:57:28.681119,-35.3631019,149.1653687,10.021,5.52,3.63,0.0,6.6161675453186035,6.616168022155762,39,-0.016515608876943588,-0.20697277784347534,0.6895027756690979,12.587,28.08,97,GUIDED,True,ACTIVE,10,6
2026-09-28T19:57:29.181468,-35.3630778,149.1653879,10.019,5.1,3.34,0.0,6.103283405303955,6.1032843589782715,35,0.007228191010653973,-0.1531422734260559,0.6187745928764343,12.587,28.0,96,GUIDED,True,ACTIVE,10,6
2026-09-28T19:57:29.682028,-35.363056,149.1654055,10.019,4.56,3.04,0.0,5.48280143737793,5.482802867889404,30,0.012588705867528915,-0.09399275481700897,0.5387532114982605,12.587,28.0,96,GUIDED,True,ACTIVE,10,6
2026-09-28T19:57:30.182830,-35.3630366,149.1654212,10.02,3.95,2.66,0.0,4.767428874969482,4.767429828643799,31,0.006478901486843824,-0.035659607499837875,0.5442217588424683,12.587,28.0,96,GUIDED,True,ACTIVE,10,6
2026-09-28T19:57:30.683491,-35.3630201,149.1654347,10.021,3.28,2.23,0.0,3.9730379581451416,3.973038911819458,34,0.005079355556517839,0.020746026188135147,0.597989559173584,12.587,28.16,96,GUIDED,True,ACTIVE,10,6
2026-09-28T19:57:31.183716,-35.3630068,149.1654456,10.022,2.57,1.75,0.0,3.1150577068328857,3.1150598526000977,35,0.007867207750678062,0.07553315907716751,0.6209407448768616,12.587,28.25,96,GUIDED,True,ACTIVE,10,6
2026-09-28T19:57:31.684365,-35.3629968,149.1654538,10.025,1.79,1.23,0.0,2.18203067779541,2.1820361614227295,34,0.005943060852587223,0.13594086468219757,0.5977693796157837,12.587,28.41,96,GUIDED,True,ACTIVE,10,6
2026-09-28T19:57:32.184922,-35.3629906,149.1654591,10.028,0.96,0.69,0.0,1.1919853687286377,1.1919986009597778,32,0.025505822151899338,0.14240728318691254,0.5720704197883606,12.587,28.41,96,GUIDED,True,ACTIVE,10,6
2026-09-28T19:57:32.685462,-35.3629877,149.1654631,10.029,0.33,0.99,0.0,1.0478862524032593,1.0478867292404175,42,0.21508319675922394,-0.08878917992115021,0.7474638223648071,12.587,28.74,96,GUIDED,True,ACTIVE,10,6
2026-09-28T19:57:33.185839,-35.3629867,149.1654719,10.03,0.09,2.23,0.0,2.2418036460876465,2.2418053150177,78,0.08979658782482147,-0.3041452169418335,1.3707706928253174,12.587,29.57,95,GUIDED,True,ACTIVE,10,6
2026-09-28T19:57:33.686455,-35.3629866,149.1654872,10.032,-0.01,3.44,0.0,3.441884994506836,3.4418859481811523,110,-0.09514612704515457,-0.3351159989833832,1.9273450374603271,12.587,29.66,95,GUIDED,True,ACTIVE,10,6
2026-09-28T19:57:34.186938,-35.3629868,149.1655092,10.034,-0.08,4.62,0.0,4.626839637756348,4.626839637756348,111,-0.11690822243690491,-0.3768348693847656,1.9469047784805298,12.587,30.07,95,GUIDED,True,ACTIVE,10,6
2026-09-28T19:57:34.687892,-35.3629872,149.1655377,10.039,-0.13,5.79,0.0,5.799724578857422,5.799724578857422,93,-0.002078294986858964,-0.45669910311698914,1.634415626525879,12.587,30.65,95,GUIDED,True,ACTIVE,10,6
2026-09-28T19:57:35.188558,-35.3629879,149.1655721,10.047,-0.22,6.58,0.0,6.585110187530518,6.585117816925049,80,0.06269335001707077,-0.31764644384384155,1.3967982530593872,12.587,28.91,95,GUIDED,True,ACTIVE,10,6
2026-09-28T19:57:35.688766,-35.362989,149.1656079,10.052,-0.24,6.45,0.01,6.463362693786621,6.463377475738525,83,0.018121598288416862,-0.23058748245239258,1.454345703125,12.587,28.08,95,GUIDED,True,ACTIVE,10,6
2026-09-28T19:57:36.189514,-35.3629899,149.1656425,10.046,-0.17,6.1,0.02,6.1038641929626465,6.10390567779541,93,-0.015879107639193535,-0.186505988240242,1.6291992664337158,12.587,28.0,95,GUIDED,True,ACTIVE,10,6
2026-09-28T19:57:36.690385,-35.3629905,149.165675,10.039,-0.09,5.65,0.01,5.652248382568359,5.652279376983643,96,-0.00972760934382677,-0.13959170877933502,1.68770432472229,12.587,28.0,95,GUIDED,True,ACTIVE,10,6
2026-09-28T19:57:37.191707,-35.3629909,149.1657048,10.034,-0.08,5.09,0.01,5.09607458114624,5.0960917472839355,91,0.005368255544453859,-0.08581078797578812,1.6052576303482056,12.587,28.0,94,GUIDED,True,ACTIVE,10,6
2026-09-28T19:57:37.692393,-35.3629913,149.165731,10.032,-0.08,4.44,0.0,4.44118070602417,4.44119119644165,87,0.0038559180684387684,-0.0287425946444273,1.5286072492599487,12.587,28.08,94,GUIDED,True,ACTIVE,10,6
2026-09-28T19:57:38.192844,-35.3629918,149.1657535,10.031,-0.08,3.68,0.0,3.684335470199585,3.684342384338379,88,-0.002402009442448616,0.02943047694861889,1.5426486730575562,12.587,28.16,94,GUIDED,True,ACTIVE,10,6
2026-09-28T19:57:38.693689,-35.3629922,149.1657716,10.032,-0.05,2.83,0.0,2.831329822540283,2.831333637237549,91,0.00022131031437311321,0.08849482238292694,1.5994622707366943,12.587,28.33,94,GUIDED,True,ACTIVE,10,6
2026-09-28T19:57:39.194410,-35.3629924,149.1657846,10.033,-0.02,1.86,0.0,1.8660845756530762,1.8660874366760254,92,0.004404252395033836,0.15129685401916504,1.6181706190109253,12.587,28.49,94,GUIDED,True,ACTIVE,10,6
2026-09-28T19:57:39.695162,-35.3629928,149.1657918,10.034,-0.17,0.69,0.0,0.7170648574829102,0.7170791625976562,94,0.09471698105335236,0.24597449600696564,1.6478139162063599,12.587,29.08,94,GUIDED,True,ACTIVE,10,6
2026-09-28T19:57:40.195884,-35.3629945,149.165792,10.036,-0.56,-0.61,0.0,0.8344106674194336,0.8344132304191589,119,0.21548353135585785,0.19050966203212738,2.0785624980926514,12.587,29.24,94,GUIDED,True,ACTIVE,10,6
2026-09-28T19:57:40.696452,-35.3629981,149.1657854,10.037,-1.0,-1.83,0.0,2.09665846824646,2.0966620445251465,160,0.31529876589775085,-0.012956761755049229,2.7961573600769043,12.587,29.41,94,GUIDED,True,ACTIVE,10,6
2026-09-28T19:57:41.196864,-35.3630037,149.1657721,10.036,-1.47,-3.0,0.0,3.3484625816345215,3.34846830368042,201,0.24779321253299713,-0.24796508252620697,-2.770925998687744,12.587,29.74,94,GUIDED,True,ACTIVE,10,6
2026-09-28T19:57:41.697669,-35.3630114,149.1657526,10.036,-1.93,-4.12,0.0,4.552433967590332,4.552435398101807,231,0.09172780066728592,-0.3842334747314453,-2.248541831970215,12.587,30.07,93,GUIDED,True,ACTIVE,10,6
2026-09-28T19:57:42.198612,-35.363021,149.1657273,10.04,-2.4,-5.07,0.0,5.615030288696289,5.615035533905029,252,-0.0485275574028492,-0.357147753238678,-1.8731372356414795,12.587,29.57,93,GUIDED,True,ACTIVE,10,6
2026-09-28T19:57:42.699148,-35.363032,149.1656989,10.046,-2.49,-5.16,0.0,5.735414028167725,5.735415458679199,257,-0.028989415615797043,-0.19618362188339233,-1.7945024967193604,12.587,28.0,93,GUIDED,True,ACTIVE,10,6
2026-09-28T19:57:43.199700,-35.3630428,149.1656711,10.041,-2.33,-4.86,0.01,5.3961405754089355,5.3961710929870605,247,0.007816926576197147,-0.14119257032871246,-1.9714275598526,12.587,28.0,93,GUIDED,True,ACTIVE,10,6
2026-09-28T19:57:43.700316,-35.3630526,149.1656453,10.033,-2.09,-4.45,0.01,4.923433303833008,4.9234538078308105,237,0.01029929518699646,-0.09141768515110016,-2.1361231803894043,12.587,28.08,93,GUIDED,True,ACTIVE,10,6
2026-09-28T19:57:44.200764,-35.3630613,149.1656221,10.029,-1.84,-3.94,0.0,4.35628080368042,4.356287002563477,239,-0.006134666036814451,-0.04003395140171051,-2.1103999614715576,12.587,28.08,93,GUIDED,True,ACTIVE,10,6
2026-09-28T19:57:44.701550,-35.3630688,149.1656019,10.027,-1.58,-3.31,0.0,3.6763908863067627,3.6763925552368164,245,-0.008280213922262192,0.015913253650069237,-1.9922113418579102,12.587,28.16,93,GUIDED,True,ACTIVE,10,6
2026-09-28T19:57:45.202237,-35.3630751,149.1655855,10.027,-1.27,-2.58,0.0,2.887877941131592,2.887878179550171,248,0.0003499244339764118,0.07648789137601852,-1.9498300552368164,12.587,28.25,93,GUIDED,True,ACTIVE,10,6
2026-09-28T19:57:45.702922,-35.3630798,149.1655735,10.028,-0.88,-1.74,0.0,1.9568949937820435,1.9568954706192017,245,-0.0012444400927051902,0.14291682839393616,-2.0051982402801514,12.587,28.41,92,GUIDED,True,ACTIVE,10,6
2026-09-28T19:57:46.203456,-35.3630826,149.1655663,10.029,-0.48,-0.91,0.0,1.0331648588180542,1.033168911933899,242,-0.00807733740657568,0.1380474716424942,-2.0586509704589844,12.587,28.41,92,GUIDED,True,ACTIVE,10,6
2026-09-28T19:57:46.704211,-35.363084,149.165563,10.03,-0.2,-0.31,0.0,0.37374821305274963,0.37375056743621826,242,-0.004338276106864214,0.09434530884027481,-2.0487587451934814,12.587,28.16,92,GUIDED,True,ACTIVE,10,6
2026-09-28T19:57:47.204959,-35.3630843,149.1655624,10.029,-0.03,0.01,0.0,0.040365416556596756,0.040366530418395996,244,-0.0007732149679213762,0.05014216527342796,-2.0098133087158203,12.587,28.16,92,GUIDED,True,ACTIVE,10,6
2026-09-28T19:57:47.705454,-35.3630842,149.1655629,10.028,0.03,0.15,0.0,0.15481679141521454,0.15481683611869812,245,0.0003869308275170624,0.019344963133335114,-1.9970754384994507,12.587,28.16,92,GUIDED,True,ACTIVE,10,6
2026-09-28T19:57:48.206200,-35.3630837,149.1655645,10.026,0.05,0.16,0.0,0.1832929104566574,0.18329891562461853,244,0.0008741231285966933,-0.001906392746604979,-2.0262601375579834,12.587,28.08,92,GUIDED,True,ACTIVE,10,6
2026-09-28T19:57:48.706868,-35.3630833,149.1655655,10.026,0.04,0.13,0.0,0.15750057995319366,0.15751953423023224,243,0.0011678618611767888,-0.0058166771195828915,-2.033143997192383,12.587,28.08,92,GUIDED,True,ACTIVE,10,6
2026-09-28T19:57:49.207459,-35.3630832,149.165566,10.026,0.03,0.1,0.0,0.11635266244411469,0.11640047281980515,243,0.0012764976127073169,-0.0068471371196210384,-2.0288190841674805,12.587,28.16,92,GUIDED,True,ACTIVE,10,6
2026-09-28T19:57:49.708039,-35.3630829,149.1655669,10.026,0.02,0.05,0.0,0.07487908005714417,0.0749722421169281,244,0.0007286395411938429,-0.006037253886461258,-2.012751817703247,12.587,28.08,91,GUIDED,True,ACTIVE,10,6
2026-09-28T19:57:50.208701,-35.3630827,149.1655672,10.027,0.01,0.02,0.0,0.0421869158744812,0.04229191690683365,244,0.0009078400325961411,-0.004546365700662136,-2.015228033065796,12.587,28.08,91,GUIDED,True,ACTIVE,10,6
2026-09-28T19:57:50.709755,-35.3630827,149.1655675,10.028,0.0,0.0,0.0,0.011081982403993607,0.011193708516657352,244,0.0008134478703141212,-0.003304777666926384,-2.0222814083099365,12.587,28.08,91,GUIDED,True,ACTIVE,10,6
2026-09-28T19:57:51.210556,-35.3630826,149.1655676,10.029,0.0,0.0,0.0,0.0029875196050852537,0.0032071699388325214,244,0.0010922919027507305,-0.001432229415513575,-2.024378538131714,12.587,28.08,91,GUIDED,True,ACTIVE,10,6
2026-09-28T19:57:51.711154,-35.3630826,149.1655676,10.029,0.0,0.0,0.0,0.005886501166969538,0.00591572979465127,244,0.0005248351371847093,-0.0006707452703267336,-2.0212156772613525,12.587,28.08,91,GUIDED,True,ACTIVE,10,6
2026-09-28T19:57:52.213100,-35.3630826,149.1655677,10.029,0.0,0.0,0.0,0.006116625387221575,0.006118106190115213,244,0.00026424237876199186,0.0002512263017706573,-2.01759934425354,12.587,28.08,91,GUIDED,True,ACTIVE,10,6
2026-09-28T19:57:52.713604,-35.3630826,149.1655677,10.029,0.0,0.0,0.0,0.004268323536962271,0.004292416386306286,244,0.00036680130870081484,0.0007911817519925535,-2.017843723297119,12.587,28.08,91,GUIDED,True,ACTIVE,10,6
2026-09-28T19:57:53.214113,-35.3630825,149.1655677,10.029,0.0,0.0,0.0,0.0024881677236407995,0.0026465889532119036,244,0.0006056479760445654,0.00045551135553978384,-2.0201330184936523,12.587,28.08,91,GUIDED,True,ACTIVE,10,6
2026-09-28T19:57:53.714775,-35.3630825,149.1655677,10.028,0.0,0.0,0.0,0.0011625890620052814,0.0017437400529161096,244,-0.00023875411716289818,0.0005725747905671597,-2.020698070526123,12.587,28.08,91,GUIDED,True,ACTIVE,10,6
2026-09-28T19:57:54.215638,-35.3630825,149.1655677,10.028,0.0,0.0,0.0,0.0016514682210981846,0.0023459368385374546,244,-0.0001512836606707424,0.0005209140363149345,-2.01941180229187,12.587,28.08,90,GUIDED,True,ACTIVE,10,6
2026-09-28T19:57:54.716246,-35.3630824,149.1655677,10.027,0.0,0.0,0.0,0.0038642771542072296,0.0044034202583134174,244,-0.00037846152554266155,0.00030506885377690196,-2.019430637359619,12.587,28.08,90,GUIDED,True,ACTIVE,10,6
2026-09-28T19:57:55.216571,-35.3630824,149.1655677,10.027,0.0,0.0,0.0,0.006519227754324675,0.006927514914423227,244,-0.0003605651145335287,0.00026753376005217433,-2.0199944972991943,12.587,28.08,90,GUIDED,True,ACTIVE,10,6
2026-09-28T19:57:55.717285,-35.3630824,149.1655677,10.027,0.0,0.0,0.0,0.008482375182211399,0.008813406340777874,244,-0.0003345112199895084,0.00042609439697116613,-2.019388437271118,12.587,28.08,90,GUIDED,True,ACTIVE,10,6
2026-09-28T19:57:56.218005,-35.3630824,149.1655678,10.028,0.0,0.0,0.0,0.009258001111447811,0.009363594464957714,244,-0.00012081893510185182,0.0005334888701327145,-2.019568681716919,12.587,28.08,90,GUIDED,True,ACTIVE,10,6
2026-09-28T19:57:56.718750,-35.3630824,149.1655678,10.029,0.0,0.0,0.0,0.009107968769967556,0.009168995544314384,244,5.416949716163799e-05,0.0006012381054461002,-2.0196642875671387,12.587,28.08,90,GUIDED,True,ACTIVE,10,6
2026-09-28T19:57:57.219664,-35.3630824,149.1655678,10.029,0.0,0.0,0.0,0.008674396201968193,0.00868274550884962,244,0.0001419982872903347,0.0005720079061575234,-2.0194027423858643,12.587,28.08,90,GUIDED,True,ACTIVE,10,6
2026-09-28T19:57:57.720115,-35.3630824,149.1655678,10.029,0.0,0.0,0.0,0.008163907565176487,0.00818165484815836,244,2.6461433662916534e-05,0.00028380085132084787,-2.019408941268921,12.587,28.08,90,GUIDED,True,ACTIVE,10,6
2026-09-28T19:57:58.220773,-35.3630824,149.1655678,10.028,0.0,0.0,0.0,0.00834717322140932,0.008406774140894413,244,0.00015308146248571575,-4.422381243784912e-05,-2.0196330547332764,12.587,28.08,89,GUIDED,True,ACTIVE,10,6
2026-09-28T19:57:58.721496,-35.3630824,149.1655678,10.028,0.0,0.0,0.0,0.009194394573569298,0.009306015446782112,244,3.6674991861218587e-05,-6.736678187735379e-05,-2.0195114612579346,12.587,28.08,89,GUIDED,True,ACTIVE,10,6
2026-09-28T19:57:59.222180,-35.3630824,149.1655678,10.027,0.0,0.0,0.0,0.009808610193431377,0.010002612136304379,244,0.00035797798773273826,-8.692747360328212e-05,-2.0195422172546387,12.587,28.08,89,GUIDED,True,ACTIVE,10,6
2026-09-28T19:57:59.722782,-35.3630824,149.1655678,10.027,0.0,0.0,0.0,0.009570976719260216,0.00974292866885662,244,0.00012861193681601435,0.00017651158850640059,-2.0194835662841797,12.587,28.08,89,GUIDED,True,ACTIVE,10,6
2026-09-28T19:58:00.223460,-35.3630824,149.1655678,10.028,0.0,0.0,0.0,0.009696290828287601,0.00984579510986805,244,-3.6398592783370987e-05,0.00021652461146004498,-2.0194358825683594,12.587,28.08,89,GUIDED,True,ACTIVE,10,6
2026-09-28T19:58:00.724136,-35.3630824,149.1655679,10.029,0.0,0.0,0.0,0.010077864862978458,0.010115728713572025,244,-0.00027177727315574884,2.041494008153677e-05,-2.019510269165039,12.587,28.08,89,GUIDED,True,ACTIVE,10,6
2026-09-28T19:58:01.224460,-35.3630823,149.1655679,10.029,-0.01,0.0,0.0,0.012612191960215569,0.012618768960237503,244,-0.000252201542025432,-0.000796813634224236,-2.019498586654663,12.587,28.08,89,GUIDED,True,ACTIVE,10,6
2026-09-28T19:58:01.724966,-35.3630823,149.1655679,10.029,-0.01,0.0,0.0,0.015066132880747318,0.01506680529564619,244,-0.00011132841609651223,-0.0008057328523136675,-2.0193426609039307,12.587,28.16,89,GUIDED,True,ACTIVE,10,6
2026-09-28T19:58:02.225498,-35.3630823,149.1655679,10.03,-0.01,0.0,0.0,0.01713082566857338,0.01713087409734726,244,5.828711437061429e-05,-0.0007036502938717604,-2.019556999206543,12.587,28.08,88,GUIDED,True,ACTIVE,10,6
2026-09-28T19:58:02.726171,-35.3630823,149.1655679,10.03,-0.01,0.0,0.0,0.017710959538817406,0.017710968852043152,244,0.00013818340084981173,-0.0004026329843327403,-2.0195603370666504,12.587,28.08,88,GUIDED,True,ACTIVE,10,6
2026-09-28T19:58:03.226774,-35.3630823,149.1655679,10.029,-0.01,0.0,0.0,0.017731865867972374,0.01774287037551403,244,1.8755614291876554e-05,-0.00034220394445583224,-2.0193352699279785,12.587,28.08,88,GUIDED,True,ACTIVE,10,6
2026-09-28T19:58:03.727506,-35.3630823,149.1655679,10.028,-0.01,0.0,0.0,0.01739572547376156,0.017443427816033363,244,-0.0001455643359804526,-4.8046797019196674e-05,-2.019437074661255,12.587,28.16,88,GUIDED,True,ACTIVE,10,6
2026-09-28T19:58:04.228303,-35.3630823,149.1655679,10.028,-0.01,0.0,0.0,0.01709171198308468,0.01716453954577446,244,-0.00038331738323904574,0.00032933615148067474,-2.01924467086792,12.587,28.08,88,GUIDED,True,ACTIVE,10,6
2026-09-28T19:58:04.728867,-35.3630823,149.1655679,10.028,-0.01,0.0,0.0,0.016102613881230354,0.01620032638311386,244,-0.0005642659380100667,0.00047967713908292353,-2.0194592475891113,12.587,28.08,88,GUIDED,True,ACTIVE,10,6
2026-09-28T19:58:05.229475,-35.3630823,149.1655679,10.028,-0.01,0.0,0.0,0.015617839060723782,0.01567903347313404,244,-0.0003114779538009316,0.0003096589643973857,-2.019209623336792,12.587,28.08,88,GUIDED,True,ACTIVE,10,6
2026-09-28T19:58:05.730142,-35.3630823,149.1655679,10.029,-0.01,0.0,0.0,0.015180659480392933,0.01519613154232502,244,-0.00015242688823491335,-8.277004963019863e-05,-2.0193450450897217,12.587,28.08,88,GUIDED,True,ACTIVE,10,6
2026-09-28T19:58:06.230457,-35.3630823,149.1655679,10.029,-0.01,0.0,0.0,0.015262125991284847,0.015263536013662815,244,-0.00010901292989728972,-8.60158761497587e-05,-2.0194027423858643,12.587,28.08,88,GUIDED,True,ACTIVE,10,6
2026-09-28T19:58:06.731033,-35.3630823,149.1655679,10.029,-0.01,0.0,0.0,0.014939933083951473,0.014940624125301838,244,-9.226593101629987e-05,-5.8181518397759646e-05,-2.0193569660186768,12.587,28.08,87,GUIDED,True,ACTIVE,10,6
2026-09-28T19:58:07.231568,-35.3630823,149.1655679,10.03,-0.01,0.0,0.0,0.015462459065020084,0.015462472103536129,244,-0.0002752301224973053,-0.00012448675988707691,-2.019334077835083,12.587,28.08,87,GUIDED,True,ACTIVE,10,6
2026-09-28T19:58:07.732049,-35.3630823,149.1655679,10.03,-0.01,0.0,0.0,0.016043994575738907,0.016046423465013504,244,-0.00015500244626309723,-0.00010082921653520316,-2.019212245941162,12.587,28.08,87,GUIDED,True,ACTIVE,10,6
2026-09-28T19:58:08.232683,-35.3630823,149.1655679,10.029,-0.01,0.0,0.0,0.016021793708205223,0.016021955758333206,244,-2.122019031958189e-05,-0.00010299724090145901,-2.0193982124328613,12.587,28.16,87,GUIDED,True,ACTIVE,10,6
2026-09-28T19:58:08.732963,-35.3630823,149.1655679,10.028,-0.01,0.0,0.0,0.015639957040548325,0.015662169083952904,244,-0.0001437663013348356,-0.0003777745587285608,-2.0192577838897705,12.587,28.16,87,GUIDED,True,ACTIVE,10,6
2026-09-28T19:58:09.233517,-35.3630823,149.1655679,10.028,-0.01,0.0,0.0,0.01682506687939167,0.016889547929167747,244,0.00016404141206294298,-0.0009236225741915405,-2.019322395324707,12.587,28.16,87,GUIDED,True,ACTIVE,10,6
2026-09-28T19:58:09.734091,-35.3630823,149.1655679,10.028,-0.01,0.0,0.0,0.01778048649430275,0.017901066690683365,244,0.00027139842859469354,-0.000843315792735666,-2.019458293914795,12.587,28.16,87,GUIDED,True,ACTIVE,10,6
2026-09-28T19:58:10.234548,-35.3630823,149.165568,10.028,-0.01,-0.01,0.0,0.01883924938738346,0.018880460411310196,244,0.00023400930513162166,-0.0007044297526590526,-2.0193049907684326,12.587,28.08,87,GUIDED,True,ACTIVE,10,6
2026-09-28T19:58:10.735099,-35.3630823,149.165568,10.029,-0.01,-0.01,0.0,0.018995055928826332,0.01901068538427353,244,0.00013478173059411347,-0.0004675349046010524,-2.019155740737915,12.587,28.08,86,GUIDED,True,ACTIVE,10,6
2026-09-28T19:58:11.235457,-35.3630823,149.165568,10.029,-0.01,-0.01,0.0,0.019246546551585197,0.019250400364398956,244,-0.0003883080498781055,-0.0005914315697737038,-2.0192606449127197,12.587,28.08,86,GUIDED,True,ACTIVE,10,6
2026-09-28T19:58:11.735975,-35.3630823,149.165568,10.03,-0.01,-0.01,0.0,0.02007845975458622,0.02007848024368286,244,-0.0005430657765828073,-0.000538436695933342,-2.019192695617676,12.587,28.08,86,GUIDED,True,ACTIVE,10,6
2026-09-28T19:58:12.236455,-35.3630823,149.165568,10.03,-0.01,0.0,0.0,0.02136095240712166,0.021361907944083214,244,-0.00047336178249679506,-0.00046800318523310125,-2.019383668899536,12.587,28.16,86,GUIDED,True,ACTIVE,10,6
2026-09-28T19:58:12.737130,-35.3630823,149.165568,10.03,-0.01,0.0,0.0,0.021743621677160263,0.021743953227996826,244,-0.0005539688863791525,-0.00012155431613791734,-2.019293785095215,12.587,28.08,86,GUIDED,True,ACTIVE,10,6
2026-09-28T19:58:13.237795,-35.3630823,149.1655679,10.03,-0.02,0.0,0.0,0.021536190062761307,0.021536465734243393,244,-0.0007046147366054356,0.00022311395150609314,-2.019108533859253,12.587,28.08,86,GUIDED,True,ACTIVE,10,6
2026-09-28T19:58:13.738461,-35.3630823,149.1655679,10.03,-0.02,0.0,0.0,0.020633269101381302,0.020633267238736153,244,-0.0004828882811125368,0.0002637338184285909,-2.0192296504974365,12.587,28.08,86,GUIDED,True,ACTIVE,10,6
2026-09-28T19:58:14.239166,-35.3630823,149.1655679,10.03,-0.02,0.0,0.0,0.020183926448225975,0.020185837522149086,244,-0.0004340404411777854,2.1707781343138777e-05,-2.0193331241607666,12.587,28.08,86,GUIDED,True,ACTIVE,10,6
2026-09-28T19:58:14.739855,-35.3630823,149.1655679,10.03,-0.01,0.0,0.0,0.019538313150405884,0.01954030618071556,244,-0.00019731471547856927,-0.000249176868237555,-2.0192012786865234,12.587,28.08,86,GUIDED,True,ACTIVE,10,6
2026-09-28T19:58:15.240459,-35.3630823,149.1655679,10.029,-0.01,0.0,0.0,0.01930171251296997,0.019302725791931152,244,-0.0002295899612363428,-0.00032398433540947735,-2.019259452819824,12.587,28.08,85,GUIDED,True,ACTIVE,10,6
2026-09-28T19:58:15.741255,-35.3630823,149.1655679,10.028,-0.01,0.0,0.0,0.019165435805916786,0.019201219081878662,244,-0.0003575921000447124,-0.0004329646471887827,-2.0192949771881104,12.587,28.08,85,GUIDED,True,ACTIVE,10,6
2026-09-28T19:58:16.242070,-35.3630823,149.1655679,10.028,-0.01,0.0,0.0,0.01934928633272648,0.019422678276896477,244,-0.00028077635215595365,-0.00018841843120753765,-2.019300699234009,12.587,28.08,85,GUIDED,True,ACTIVE,10,6
2026-09-28T19:58:16.743110,-35.3630823,149.1655679,10.028,-0.01,0.0,0.0,0.019396711140871048,0.019450869411230087,244,-0.00036900676786899567,-0.0002793815219774842,-2.0193493366241455,12.587,28.08,85,GUIDED,True,ACTIVE,10,6
2026-09-28T19:58:17.244112,-35.3630823,149.1655679,10.029,-0.01,0.0,0.0,0.020136289298534393,0.020150424912571907,244,-0.00019569427240639925,-0.00035993807250633836,-2.019163131713867,12.587,28.16,85,GUIDED,True,ACTIVE,10,6
2026-09-28T19:58:17.744460,-35.3630823,149.1655679,10.029,-0.01,0.0,0.0,0.019162598997354507,0.019166994839906693,244,0.0004804592754226178,-0.0006995140574872494,-2.019137382507324,12.587,28.08,85,GUIDED,True,ACTIVE,10,6
2026-09-28T19:58:18.245273,-35.3630823,149.1655679,10.03,-0.01,0.0,0.0,0.0186908096075058,0.018690811470150948,244,0.0005772565491497517,-0.000809770543128252,-2.019335985183716,12.587,28.08,85,GUIDED,True,ACTIVE,10,6
2026-09-28T19:58:18.746168,-35.3630823,149.1655679,10.03,-0.01,0.0,0.0,0.018465517088770866,0.018465574830770493,244,0.0003169492119923234,-0.0007900974596850574,-2.0191423892974854,12.587,28.16,85,GUIDED,True,ACTIVE,10,6
2026-09-28T19:58:19.246835,-35.3630823,149.1655679,10.03,-0.01,-0.01,0.0,0.018979359418153763,0.018979500979185104,244,0.0001596503861946985,-0.0006372231873683631,-2.0190680027008057,12.587,28.08,84,GUIDED,True,ACTIVE,10,6
2026-09-28T19:58:19.747795,-35.3630823,149.165568,10.03,-0.01,-0.01,0.0,0.01873340830206871,0.018733523786067963,244,-6.227004632819444e-05,-0.0004518128698691726,-2.0192646980285645,12.587,28.16,84,GUIDED,True,ACTIVE,10,6
2026-09-28T19:58:20.248673,-35.3630823,149.165568,10.03,-0.01,-0.01,0.0,0.018829017877578735,0.018830738961696625,244,-0.00018747488502413034,-0.0004715092363767326,-2.019151210784912,12.587,28.08,84,GUIDED,True,ACTIVE,10,6
2026-09-28T19:58:20.749360,-35.3630823,149.165568,10.03,-0.01,0.0,0.0,0.018864914774894714,0.01886698789894581,244,-0.0001945335097843781,-0.00046146896784193814,-2.019195079803467,12.587,28.16,84,GUIDED,True,ACTIVE,10,6
2026-09-28T19:58:21.250029,-35.3630823,149.165568,10.03,-0.01,0.0,0.0,0.019394105300307274,0.01939460076391697,244,-0.00035571554326452315,-8.760100172366947e-05,-2.0191619396209717,12.587,28.08,84,GUIDED,True,ACTIVE,10,6
2026-09-28T19:58:21.750683,-35.3630823,149.165568,10.03,-0.01,0.0,0.0,0.018800808116793633,0.0188018586486578,244,-0.0008526213350705802,1.5014337805041578e-05,-2.0191662311553955,12.587,28.08,84,GUIDED,True,ACTIVE,10,6
2026-09-28T19:58:22.251988,-35.3630823,149.1655679,10.03,-0.01,0.0,0.0,0.019844166934490204,0.019846972078084946,244,-0.0009369193576276302,-5.83385735808406e-06,-2.019122362136841,12.587,28.08,84,GUIDED,True,ACTIVE,10,6
2026-09-28T19:58:22.753462,-35.3630823,149.1655679,10.03,-0.02,0.0,0.0,0.021006319671869278,0.0210067518055439,244,-0.0006548765813931823,-0.00010946969268843532,-2.019415855407715,12.587,28.08,84,GUIDED,True,ACTIVE,10,6
2026-09-28T19:58:23.254049,-35.3630823,149.1655679,10.029,-0.02,0.0,0.0,0.021458087489008904,0.02145819365978241,244,-0.00038028755807317793,-0.0003062487521674484,-2.0191853046417236,12.587,28.08,84,GUIDED,True,ACTIVE,10,6
2026-09-28T19:58:23.754785,-35.3630823,149.1655679,10.028,-0.02,0.0,0.0,0.02150631882250309,0.021526718512177467,244,-0.00028345745522528887,-0.00046807751641608775,-2.019409418106079,12.587,28.08,83,GUIDED,True,ACTIVE,10,6
2026-09-28T19:58:24.255568,-35.3630823,149.1655679,10.028,-0.02,0.0,0.0,0.021694544702768326,0.021750813350081444,244,-0.0002288458199473098,-0.00023048935690894723,-2.0191543102264404,12.587,28.08,83,GUIDED,True,ACTIVE,10,6
2026-09-28T19:58:24.756233,-35.3630823,149.1655679,10.029,-0.02,0.0,0.0,0.0210119541734457,0.02103155106306076,244,-0.0003063493932131678,-0.0005408190772868693,-2.0191242694854736,12.587,28.08,83,GUIDED,True,ACTIVE,10,6
2026-09-28T19:58:25.256499,-35.3630823,149.1655679,10.029,-0.02,0.0,0.0,0.021230647340416908,0.021237071603536606,244,-0.00037018966395407915,-0.0004307916678953916,-2.0192477703094482,12.587,28.08,83,GUIDED,True,ACTIVE,10,6
2026-09-28T19:58:25.757158,-35.3630823,149.1655679,10.029,-0.02,0.0,0.0,0.021144477650523186,0.02114490605890751,244,-0.00035254316753707826,-0.00033688690746203065,-2.0191521644592285,12.587,28.08,83,GUIDED,True,ACTIVE,10,6
2026-09-28T19:58:26.257455,-35.3630823,149.1655679,10.03,-0.02,0.0,0.0,0.021127108484506607,0.02112717553973198,244,-0.0004833797866012901,-0.0003676475025713444,-2.019066095352173,12.587,28.16,83,GUIDED,True,ACTIVE,10,6
2026-09-28T19:58:26.758492,-35.3630823,149.1655679,10.03,-0.02,0.0,0.0,0.021636152639985085,0.021636277437210083,244,-9.35799180297181e-05,-0.000969869433902204,-2.0192010402679443,12.587,28.08,83,GUIDED,True,ACTIVE,10,6
2026-09-28T19:58:27.259418,-35.3630823,149.1655679,10.03,-0.02,0.0,0.0,0.022121693938970566,0.022121895104646683,244,0.00013275450328364968,-0.0011372718727216125,-2.0192856788635254,12.587,28.08,83,GUIDED,True,ACTIVE,10,6
2026-09-28T19:58:27.760182,-35.3630823,149.165568,10.03,-0.02,0.0,0.0,0.02259054407477379,0.02259150706231594,244,6.229097198229283e-05,-0.0010319652501493692,-2.019103765487671,12.587,28.08,82,GUIDED,True,ACTIVE,10,6
2026-09-28T19:58:28.261186,-35.3630823,149.165568,10.03,-0.02,-0.01,0.0,0.023011833429336548,0.023011844605207443,244,7.411709248117404e-06,-0.0007810393581166863,-2.0191447734832764,12.587,28.08,82,GUIDED,True,ACTIVE,10,6
2026-09-28T19:58:28.761909,-35.3630823,149.165568,10.03,-0.01,-0.01,0.0,0.022547230124473572,0.022549476474523544,244,-0.00027837231755256653,-0.0005429731099866331,-2.019224166870117,12.587,28.08,82,GUIDED,True,ACTIVE,10,6
2026-09-28T19:58:29.262529,-35.3630823,149.165568,10.03,-0.02,0.0,0.0,0.022560279816389084,0.02256406843662262,244,-0.00025094448938034475,-0.0005430979654192924,-2.018970251083374,12.587,28.08,82,GUIDED,True,ACTIVE,10,6
2026-09-28T19:58:29.763390,-35.3630823,149.165568,10.029,-0.02,0.0,0.0,0.022354699671268463,0.022356363013386726,244,-0.00016183184925466776,-0.0005774421733804047,-2.0192160606384277,12.587,28.08,82,GUIDED,True,ACTIVE,10,6
2026-09-28T19:58:30.264463,-35.3630823,149.165568,10.028,-0.02,0.0,0.0,0.022167889401316643,0.02217213250696659,244,-0.00046646574628539383,1.6159721781150438e-05,-2.0191328525543213,12.587,28.08,82,GUIDED,True,ACTIVE,10,6
2026-09-28T19:58:30.765054,-35.3630823,149.1655679,10.028,-0.01,0.0,0.0,0.020589090883731842,0.02062322199344635,244,-0.0006258030771277845,0.00019398434960749,-2.0191657543182373,12.587,28.08,82,GUIDED,True,ACTIVE,10,6
2026-09-28T19:58:31.265803,-35.3630823,149.1655679,10.028,-0.02,0.0,0.0,0.02050047181546688,0.02056056633591652,244,-0.0006244041142053902,-1.9884342691511847e-05,-2.0193896293640137,12.587,28.08,82,GUIDED,True,ACTIVE,10,6
2026-09-28T19:58:31.766721,-35.3630823,149.1655679,10.029,-0.02,0.0,0.0,0.020437154918909073,0.020453693345189095,244,-0.0004914721939712763,-0.0002121143916156143,-2.019266128540039,12.587,28.08,82,GUIDED,True,ACTIVE,10,6
2026-09-28T19:58:32.267956,-35.3630823,149.1655679,10.029,-0.02,0.0,0.0,0.02096092328429222,0.020962798967957497,244,-0.00042226730147376657,-0.00039364935946650803,-2.0189061164855957,12.587,28.08,81,GUIDED,True,ACTIVE,10,6
2026-09-28T19:58:32.768812,-35.3630823,149.1655679,10.03,-0.02,0.0,0.0,0.020704759284853935,0.02070607803761959,244,-0.0002486429875716567,-0.00037100937333889306,-2.019221305847168,12.587,28.08,81,GUIDED,True,ACTIVE,10,6
2026-09-28T19:58:33.269592,-35.3630823,149.1655679,10.03,-0.02,0.0,0.0,0.02070034295320511,0.020701587200164795,244,-0.00036754406755790114,-0.00035182354622520506,-2.019087314605713,12.587,28.08,81,GUIDED,True,ACTIVE,10,6
2026-09-28T19:58:33.770318,-35.3630823,149.1655679,10.03,-0.02,0.0,0.0,0.020511748269200325,0.02051377110183239,244,-0.00037057558074593544,-0.0003496399149298668,-2.0190846920013428,12.587,28.08,81,GUIDED,True,ACTIVE,10,6
2026-09-28T19:58:34.270922,-35.3630823,149.1655679,10.03,-0.02,0.0,0.0,0.020970607176423073,0.020971324294805527,244,-0.0003461509186308831,-0.0005050473264418542,-2.019115924835205,12.587,28.16,81,GUIDED,True,ACTIVE,10,6
2026-09-28T19:58:34.771719,-35.3630823,149.1655679,10.03,-0.02,0.0,0.0,0.020784715190529823,0.020786164328455925,244,-0.00026217062259092927,-0.00047862378414720297,-2.0191283226013184,12.587,28.08,81,GUIDED,True,ACTIVE,10,6
2026-09-28T19:58:35.272908,-35.3630823,149.1655679,10.03,-0.02,0.0,0.0,0.021164514124393463,0.021164922043681145,244,-0.00043362946598790586,-0.0005142194568179548,-2.019117593765259,12.587,28.08,81,GUIDED,True,ACTIVE,10,6
2026-09-28T19:58:35.773917,-35.3630823,149.1655679,10.03,-0.02,0.0,0.0,0.021372999995946884,0.021374642848968506,244,2.835233317455277e-05,-0.0009928469080477953,-2.018953561782837,12.587,28.08,81,GUIDED,True,ACTIVE,10,6
2026-09-28T19:58:36.275773,-35.3630823,149.1655679,10.03,-0.02,0.0,0.0,0.02211010456085205,0.022113170474767685,244,2.0062452676938847e-05,-0.0010969463037326932,-2.019167423248291,12.587,28.08,80,GUIDED,True,ACTIVE,10,6
2026-09-28T19:58:36.777810,-35.3630823,149.165568,10.03,-0.02,0.0,0.0,0.022659633308649063,0.022660693153738976,244,0.00010061399370897561,-0.0009927165228873491,-2.0191407203674316,12.587,28.08,80,GUIDED,True,ACTIVE,10,6
2026-09-28T19:58:37.278317,-35.3630823,149.165568,10.03,-0.02,-0.01,0.0,0.023563968017697334,0.023567412048578262,244,-0.00028586300322785974,-0.0008122822036966681,-2.019144296646118,12.587,28.08,80,GUIDED,True,ACTIVE,10,6
2026-09-28T19:58:37.779094,-35.3630823,149.165568,10.029,-0.02,-0.01,0.0,0.023461760953068733,0.0234658382833004,244,-0.00030183285707607865,-0.0005948850885033607,-2.019137144088745,12.587,28.16,80,GUIDED,True,ACTIVE,10,6
2026-09-28T19:58:38.280236,-35.3630823,149.165568,10.028,-0.02,-0.01,0.0,0.023386986926198006,0.023421762511134148,244,-0.0003205749671906233,-0.0005669824313372374,-2.0192244052886963,12.587,28.16,80,GUIDED,True,ACTIVE,10,6
2026-09-28T19:58:38.781726,-35.3630823,149.165568,10.028,-0.02,0.0,0.0,0.023243313655257225,0.02327919378876686,244,-0.00042288514669053257,-0.0003989957913290709,-2.0189132690429688,12.587,28.08,80,GUIDED,True,ACTIVE,10,6
2026-09-28T19:58:39.282210,-35.3630823,149.165568,10.029,-0.02,0.0,0.0,0.022806920111179352,0.022825483232736588,244,-0.0005709591205231845,0.00019350140064489096,-2.0192477703094482,12.587,28.16,80,GUIDED,True,ACTIVE,10,6
2026-09-28T19:58:39.782542,-35.3630823,149.1655679,10.029,-0.02,0.0,0.0,0.021862909197807312,0.021867208182811737,244,-0.000627562403678894,0.00016141262312885374,-2.0191752910614014,12.587,28.08,80,GUIDED,True,ACTIVE,10,6
2026-09-28T19:58:40.284456,-35.3630823,149.1655679,10.032,-0.02,0.0,-0.02,0.02155597135424614,0.03146716579794884,244,-0.000567897513974458,-0.00018890155479311943,-2.019076347351074,12.587,28.49,80,RTL,True,ACTIVE,10,6
2026-09-28T19:58:40.786289,-35.3630823,149.1655679,10.086,-0.02,0.0,-0.23,0.021589607000350952,0.2344534546136856,244,-0.0003002353187184781,-0.00037171077565290034,-2.019193410873413,12.587,29.99,79,RTL,True,ACTIVE,10,6
2026-09-28T19:58:41.287513,-35.3630823,149.1655679,10.304,-0.02,0.0,-0.65,0.022742850705981255,0.6598459482192993,244,-0.00041671821963973343,-0.0005524515872821212,-2.0191962718963623,12.587,31.32,79,RTL,True,ACTIVE,10,6
2026-09-28T19:58:41.788162,-35.3630823,149.1655679,10.758,-0.02,0.0,-1.13,0.023122048005461693,1.1358888149261475,244,-0.0005444406415335834,-0.0005542153376154602,-2.019155979156494,12.587,31.65,79,RTL,True,ACTIVE,10,6
2026-09-28T19:58:42.288737,-35.3630823,149.1655679,11.435,-0.02,0.0,-1.5,0.024618104100227356,1.507441520690918,244,-0.0005791113944724202,-0.0005969196790829301,-2.0191104412078857,12.587,30.99,79,RTL,True,ACTIVE,10,6
2026-09-28T19:58:42.789517,-35.3630823,149.1655679,12.248,-0.02,0.0,-1.63,0.025053834542632103,1.6401830911636353,244,-0.0005010604509152472,-0.0006010991637594998,-2.0191307067871094,12.587,29.66,79,RTL,True,ACTIVE,10,6
2026-09-28T19:58:43.290168,-35.3630823,149.1655679,13.084,-0.02,0.0,-1.59,0.02803758904337883,1.595239520072937,244,-0.0012952263932675123,-0.005854228511452675,-2.0190999507904053,12.587,28.99,79,RTL,True,ACTIVE,10,6
2026-09-28T19:58:43.790743,-35.3630824,149.1655677,13.87,-0.1,-0.12,-1.41,0.16866666078567505,1.4247337579727173,244,-0.008708352223038673,-0.060035884380340576,-2.0188252925872803,12.587,27.83,79,RTL,True,ACTIVE,10,6
2026-09-28T19:58:44.290910,-35.3630831,149.1655662,14.506,-0.31,-0.44,-1.01,0.5514183640480042,1.1543476581573486,244,-0.01789957843720913,-0.12324880063533783,-2.0181667804718018,12.587,26.33,79,RTL,True,ACTIVE,10,6
2026-09-28T19:58:44.791506,-35.3630852,149.1655625,14.905,-0.66,-0.96,-0.5,1.1664551496505737,1.2697283029556274,244,-0.02734871208667755,-0.19401788711547852,-2.016512632369995,12.587,26.0,78,RTL,True,ACTIVE,10,6
2026-09-28T19:58:45.291950,-35.3630891,149.1655554,15.054,-1.13,-1.67,-0.07,2.0240511894226074,2.025282382965088,244,-0.03865347430109978,-0.26876699924468994,-2.0135996341705322,12.587,27.08,78,RTL,True,ACTIVE,10,6
2026-09-28T19:58:45.792910,-35.3630954,149.1655438,15.043,-1.74,-2.57,0.09,3.1114437580108643,3.112941026687622,244,-0.04730803146958351,-0.33286792039871216,-2.010331869125366,12.587,29.08,78,RTL,True,ACTIVE,10,6
2026-09-28T19:58:46.293507,-35.3631045,149.1655272,15.006,-2.36,-3.49,0.05,4.2153167724609375,4.21561336517334,244,-0.046349477022886276,-0.34133002161979675,-2.010120391845703,12.587,29.91,78,RTL,True,ACTIVE,10,6
2026-09-28T19:58:46.794145,-35.363116,149.165506,14.993,-2.82,-4.18,0.0,5.049712657928467,5.049712657928467,244,-0.04165183752775192,-0.33313846588134766,-2.0110161304473877,12.587,29.49,78,RTL,True,ACTIVE,10,6
2026-09-28T19:58:47.294457,-35.3631295,149.1654815,14.995,-3.16,-4.69,-0.01,5.660988807678223,5.660998344421387,244,-0.0378795750439167,-0.3316158950328827,-2.0110790729522705,12.587,29.16,78,RTL,True,ACTIVE,10,6
2026-09-28T19:58:47.794709,-35.3631442,149.1654546,14.997,-3.4,-5.04,0.0,6.0897979736328125,6.089804172515869,244,-0.03404838219285011,-0.3222118318080902,-2.010991096496582,12.587,28.91,78,RTL,True,ACTIVE,10,6
2026-09-28T19:58:48.295194,-35.3631597,149.1654263,14.998,-3.53,-5.25,0.0,6.331452369689941,6.331454753875732,244,-0.0284722950309515,-0.3023746907711029,-2.011554718017578,12.587,28.74,78,RTL,True,ACTIVE,10,6
2026-09-28T19:58:48.796183,-35.3631756,149.1653971,14.997,-3.56,-5.31,0.0,6.400672435760498,6.4006733894348145,244,-0.024602850899100304,-0.28596487641334534,-2.012166738510132,12.587,28.49,77,RTL,True,ACTIVE,10,6
2026-09-28T19:58:49.297008,-35.3631917,149.1653676,14.996,-3.54,-5.3,0.0,6.376461029052734,6.376462459564209,244,-0.01951868087053299,-0.2526707053184509,-2.013155460357666,12.587,28.33,77,RTL,True,ACTIVE,10,6
2026-09-28T19:58:49.797461,-35.3632073,149.1653388,14.994,-3.39,-5.09,0.0,6.124841690063477,6.124842166900635,244,-0.011357078328728676,-0.1932820826768875,-2.0140297412872314,12.587,28.08,77,RTL,True,ACTIVE,10,6
2026-09-28T19:58:50.298497,-35.3632219,149.1653118,14.992,-3.12,-4.69,0.0,5.636801719665527,5.636801242828369,244,-0.00265124486759305,-0.11882296204566956,-2.0145318508148193,12.587,28.0,77,RTL,True,ACTIVE,10,6
2026-09-28T19:58:50.799231,-35.3632349,149.1652877,14.989,-2.71,-4.09,0.0,4.91565465927124,4.915655136108398,244,0.008054709993302822,-0.026725322008132935,-2.014375925064087,12.587,28.0,77,RTL,True,ACTIVE,10,6
2026-09-28T19:58:51.299872,-35.3632459,149.1652673,14.984,-2.16,-3.28,0.0,3.93325138092041,3.933253526687622,244,0.01917555183172226,0.07993589341640472,-2.0132789611816406,12.587,28.33,77,RTL,True,ACTIVE,10,6
2026-09-28T19:58:51.800458,-35.3632542,149.1652518,14.981,-1.51,-2.3,0.0,2.761737823486328,2.7617502212524414,244,0.023862533271312714,0.1401064246892929,-2.011657953262329,12.587,28.58,77,RTL,True,ACTIVE,10,6
2026-09-28T19:58:52.301079,-35.3632596,149.1652415,14.984,-0.94,-1.44,-0.01,1.7263059616088867,1.726386547088623,244,0.020518381148576736,0.13673679530620575,-2.0114352703094482,12.587,28.41,77,RTL,True,ACTIVE,10,6
2026-09-28T19:58:52.801566,-35.3632628,149.1652355,14.988,-0.5,-0.75,-0.01,0.9089239835739136,0.9090379476547241,244,0.016203390434384346,0.12042441964149475,-2.011740207672119,12.587,28.33,76,RTL,True,ACTIVE,10,6
2026-09-28T19:58:53.302117,-35.3632642,149.1652328,14.99,-0.18,-0.25,-0.01,0.31409406661987305,0.3142648935317993,244,0.011283145286142826,0.08865583688020706,-2.012460708618164,12.587,28.25,76,RTL,True,ACTIVE,10,6
2026-09-28T19:58:53.802454,-35.3632645,149.1652324,14.99,0.0,0.03,0.0,0.033700473606586456,0.03406320884823799,244,0.0047142961993813515,0.04352186992764473,-2.013043165206909,12.587,28.08,76,RTL,True,ACTIVE,10,6
2026-09-28T19:58:54.303027,-35.3632643,149.1652328,14.988,0.04,0.1,0.0,0.11569882929325104,0.11572292447090149,244,-0.000201733477297239,0.004393246956169605,-2.012681722640991,12.587,28.08,76,RTL,True,ACTIVE,10,6
2026-09-28T19:58:54.803499,-35.363264,149.1652336,14.985,0.05,0.11,0.0,0.12696067988872528,0.12703143060207367,244,0.0008788378909230232,0.0037710820324718952,-2.011756420135498,12.587,28.16,76,RTL,True,ACTIVE,10,6
2026-09-28T19:58:55.304157,-35.3632636,149.1652344,14.984,0.05,0.11,0.0,0.12587611377239227,0.12607039511203766,244,-0.0002722980279941112,0.0003103797207586467,-2.0118865966796875,12.587,28.08,76,RTL,True,ACTIVE,10,6
2026-09-28T19:58:55.805260,-35.3632632,149.1652351,14.984,0.04,0.1,0.0,0.11063126474618912,0.11094868183135986,244,-0.001406364026479423,-0.0025533547159284353,-2.0124406814575195,12.587,28.08,76,RTL,True,ACTIVE,10,6
2026-09-28T19:58:56.306475,-35.3632629,149.1652357,14.986,0.02,0.08,0.0,0.08650624752044678,0.08697138726711273,244,-0.0009463663445785642,-0.00436804536730051,-2.0129754543304443,12.587,28.08,76,RTL,True,ACTIVE,10,6
2026-09-28T19:58:56.807907,-35.3632627,149.1652362,14.988,0.01,0.05,0.0,0.05972886458039284,0.0600697286427021,244,-0.0012035496765747666,-0.004682618658989668,-2.0127902030944824,12.587,28.08,76,RTL,True,ACTIVE,10,6
2026-09-28T19:58:57.308527,-35.3632625,149.1652366,14.989,0.0,0.03,0.0,0.03752770647406578,0.03784501925110817,244,-0.001581793650984764,-0.004288967698812485,-2.012826442718506,12.587,28.08,75,RTL,True,ACTIVE,10,6
2026-09-28T19:58:57.808951,-35.3632623,149.1652368,14.989,-0.01,0.02,0.0,0.02531929686665535,0.02567301131784916,244,-0.0014452127506956458,-0.003003806807100773,-2.0126490592956543,12.587,28.08,75,RTL,True,ACTIVE,10,6
2026-09-28T19:58:58.309448,-35.3632623,149.1652369,14.99,-0.01,0.01,0.0,0.02225824072957039,0.022601423785090446,244,-0.0011018227087333798,-0.0018221589270979166,-2.012880802154541,12.587,28.08,75,RTL,True,ACTIVE,10,6
2026-09-28T19:58:58.809933,-35.3632622,149.165237,14.992,-0.02,0.0,0.0,0.022416869178414345,0.022613389417529106,244,-0.0009159588371403515,-0.0006763223791494966,-2.012786388397217,12.587,28.08,75,RTL,True,ACTIVE,10,6
2026-09-28T19:58:59.310457,-35.3632622,149.1652371,14.988,-0.02,0.0,0.06,0.023089850321412086,0.0733041763305664,244,-0.0005694337305612862,-0.00011780232307501137,-2.012674570083618,12.587,26.67,75,RTL,True,ACTIVE,10,6
2026-09-28T19:58:59.811053,-35.3632622,149.1652372,14.831,-0.01,0.0,0.57,0.021578198298811913,0.578031063079834,244,-0.00029060631641186774,-8.8638544184505e-06,-2.0126070976257324,12.587,24.59,75,RTL,True,ACTIVE,10,6
2026-09-28T19:59:00.311489,-35.3632622,149.1652372,14.402,-0.01,0.0,1.13,0.019840208813548088,1.1335935592651367,244,0.00019352628441993147,-0.0002797009365167469,-2.012716054916382,12.587,24.17,75,RTL,True,ACTIVE,10,6
2026-09-28T19:59:00.811714,-35.3632622,149.1652373,13.714,-0.01,0.0,1.52,0.01747058890759945,1.5288195610046387,244,-0.0001365952630294487,9.58603141043568e-06,-2.0128695964813232,12.587,25.75,75,RTL,True,ACTIVE,10,6
2026-09-28T19:59:01.312267,-35.3632621,149.1652373,12.922,-0.01,0.0,1.54,0.01775294542312622,1.541448712348938,244,-0.0008110630442388356,-0.00047605790314264596,-2.0129051208496094,12.587,27.17,75,RTL,True,ACTIVE,10,6
2026-09-28T19:59:01.812866,-35.3632621,149.1652374,12.145,-0.01,0.0,1.47,0.01930423080921173,1.479515552520752,244,-0.0005413157632574439,-0.00019491466809995472,-2.012965202331543,12.587,27.25,74,RTL,True,ACTIVE,10,6
2026-09-28T19:59:02.313516,-35.3632621,149.1652374,11.393,-0.01,0.0,1.42,0.018781108781695366,1.4258273839950562,244,-0.00041883927769958973,-0.00024482441949658096,-2.012894630432129,12.587,27.66,74,RTL,True,ACTIVE,10,6
2026-09-28T19:59:02.814001,-35.3632621,149.1652374,10.756,-0.01,0.0,1.0,0.01892842911183834,1.0005230903625488,244,-0.00048566138138994575,-0.00029113952768966556,-2.012749671936035,12.587,30.32,74,RTL,True,ACTIVE,10,6
2026-09-28T19:59:03.314463,-35.3632621,149.1652374,10.379,-0.01,0.0,0.49,0.01972607523202896,0.496107280254364,244,-0.0004939470090903342,5.639973096549511e-05,-2.012765645980835,12.587,29.91,74,RTL,True,ACTIVE,10,6
2026-09-28T19:59:03.815085,-35.3632621,149.1652374,10.164,-0.01,0.0,0.4,0.019431954249739647,0.4022015333175659,244,-0.00030260710627771914,-0.00033481960417702794,-2.012831449508667,12.587,27.75,74,RTL,True,ACTIVE,10,6
2026-09-28T19:59:04.315455,-35.3632621,149.1652374,9.947,-0.01,0.0,0.46,0.01946258544921875,0.4606533944606781,244,-0.00047154712956398726,-0.0004567012074403465,-2.012873649597168,12.587,27.41,74,RTL,True,ACTIVE,10,6
2026-09-28T19:59:04.815842,-35.3632621,149.1652375,9.704,-0.01,0.0,0.5,0.01998271234333515,0.5007099509239197,244,-0.0003920924209523946,-0.0005590047221630812,-2.012796401977539,12.587,27.66,74,RTL,True,ACTIVE,10,6
2026-09-28T19:59:05.316453,-35.363262,149.1652375,9.451,-0.02,0.0,0.5,0.021387530490756035,0.5082072019577026,244,-0.0009999636095017195,-0.000626978522632271,-2.01277494430542,12.587,27.75,74,RTL,True,ACTIVE,10,6
2026-09-28T19:59:05.816905,-35.363262,149.1652375,9.196,-0.02,0.0,0.5,0.024047721177339554,0.5040011405944824,244,-0.0011620910372585058,-0.0004970908630639315,-2.0128333568573,12.587,27.83,73,RTL,True,ACTIVE,10,6
2026-09-28T19:59:06.317573,-35.363262,149.1652375,8.943,-0.02,0.0,0.49,0.02581174112856388,0.4994243085384369,244,-0.0010747188935056329,-0.00013408821541815996,-2.0127644538879395,12.587,27.83,73,RTL,True,ACTIVE,10,6
2026-09-28T19:59:06.817823,-35.363262,149.1652375,8.691,-0.02,0.0,0.49,0.026813112199306488,0.4969199299812317,244,-0.0007187837036326528,-0.00017188435595016927,-2.0128085613250732,12.587,27.75,73,RTL,True,ACTIVE,10,6
2026-09-28T19:59:07.318456,-35.363262,149.1652375,8.441,-0.02,0.0,0.49,0.0275191068649292,0.4957524836063385,244,-0.0005132114165462554,-0.0007921230862848461,-2.013035297393799,12.587,27.75,73,RTL,True,ACTIVE,10,6
2026-09-28T19:59:07.818850,-35.363262,149.1652375,8.19,-0.02,0.0,0.49,0.02684592455625534,0.49459731578826904,244,-4.521344089880586e-05,0.00018458114936947823,-2.012920379638672,12.587,27.75,73,RTL,True,ACTIVE,10,6
2026-09-28T19:59:08.319463,-35.363262,149.1652375,7.938,-0.02,0.0,0.49,0.02411695383489132,0.4934619963169098,244,-2.2547283151652664e-05,0.00019779334252234548,-2.0124378204345703,12.587,27.75,73,RTL,True,ACTIVE,10,6
2026-09-28T19:59:08.820077,-35.363262,149.1652375,7.687,-0.02,0.0,0.49,0.020092444494366646,0.49248698353767395,244,0.00038313271943479776,-0.00020989982294850051,-2.012186050415039,12.587,27.75,73,RTL,True,ACTIVE,10,6
2026-09-28T19:59:09.320553,-35.363262,149.1652375,7.438,-0.01,0.0,0.49,0.01875198632478714,0.4918084144592285,244,-0.0001989593729376793,-4.767056816490367e-05,-2.0124247074127197,12.587,27.75,73,RTL,True,ACTIVE,10,6
2026-09-28T19:59:09.821325,-35.363262,149.1652375,7.187,-0.01,0.0,0.49,0.018254689872264862,0.4910356104373932,244,-0.0002595923433545977,9.254611359210685e-05,-2.013082265853882,12.587,27.75,73,RTL,True,ACTIVE,10,6
2026-09-28T19:59:10.321986,-35.363262,149.1652375,6.936,-0.01,0.0,0.48,0.018297625705599785,0.4902969002723694,244,-2.2219874153961428e-05,-0.0010439486941322684,-2.013498544692993,12.587,27.75,72,RTL,True,ACTIVE,10,6
2026-09-28T19:59:10.822521,-35.363262,149.1652375,6.685,-0.01,0.0,0.48,0.020578255876898766,0.4900520145893097,244,7.266548345796764e-05,-0.0012388544855639338,-2.0136640071868896,12.587,27.75,72,RTL,True,ACTIVE,10,6
2026-09-28T19:59:11.322834,-35.363262,149.1652375,6.436,-0.02,0.0,0.48,0.022044602781534195,0.48998984694480896,244,-0.00028878715238533914,-0.00047244669985957444,-2.0136396884918213,12.587,27.75,72,RTL,True,ACTIVE,10,6
2026-09-28T19:59:11.823160,-35.363262,149.1652376,6.186,-0.02,0.0,0.48,0.021643133834004402,0.4897677004337311,244,-0.0003547502856235951,-0.0007230604533106089,-2.013521194458008,12.587,27.75,72,RTL,True,ACTIVE,10,6
2026-09-28T19:59:12.323454,-35.363262,149.1652376,5.936,-0.02,0.0,0.48,0.022285504266619682,0.4896995425224304,244,-0.00041788886301219463,-0.00013702383148483932,-2.013306140899658,12.587,27.75,72,RTL,True,ACTIVE,10,6
2026-09-28T19:59:12.824796,-35.363262,149.1652376,5.686,-0.02,0.0,0.48,0.02177296206355095,0.49023836851119995,244,6.191757711349055e-05,-0.0004089806752745062,-2.0128347873687744,12.587,27.75,72,RTL,True,ACTIVE,10,6
2026-09-28T19:59:13.325531,-35.363262,149.1652376,5.437,-0.02,0.0,0.48,0.02220616489648819,0.4904608130455017,244,-0.00046735614887438715,-0.00017689942615106702,-2.0122687816619873,12.587,27.75,72,RTL,True,ACTIVE,10,6
2026-09-28T19:59:13.826540,-35.363262,149.1652376,5.186,-0.02,0.0,0.48,0.021878685802221298,0.4900586009025574,244,-0.0007298531127162278,0.0003793495416175574,-2.0121757984161377,12.587,27.75,72,RTL,True,ACTIVE,10,6
2026-09-28T19:59:14.326965,-35.363262,149.1652375,4.935,-0.02,0.0,0.48,0.021565880626440048,0.4897692799568176,244,-0.001337540103122592,-7.586296851513907e-05,-2.012327194213867,12.587,27.75,71,RTL,True,ACTIVE,10,6
2026-09-28T19:59:14.827640,-35.363262,149.1652375,4.685,-0.02,0.0,0.48,0.024348275735974312,0.4899785816669464,244,-0.0014537974493578076,-0.00026171511854045093,-2.012739419937134,12.587,27.75,71,RTL,True,ACTIVE,10,6
2026-09-28T19:59:15.328522,-35.363262,149.1652375,4.437,-0.02,0.0,0.48,0.027608776465058327,0.4903980493545532,244,-0.0012104235356673598,-0.0004212369385641068,-2.012920379638672,12.587,27.75,71,RTL,True,ACTIVE,10,6
2026-09-28T19:59:15.828899,-35.3632619,149.1652375,4.188,-0.02,0.0,0.49,0.027949171140789986,0.49139952659606934,244,-0.0008347781840711832,-0.0006614341982640326,-2.012556552886963,12.587,27.75,71,RTL,True,ACTIVE,10,6
2026-09-28T19:59:16.329554,-35.3632619,149.1652375,3.938,-0.02,0.0,0.49,0.02858790010213852,0.4913047254085541,244,-0.0008328175754286349,-0.0004001481574960053,-2.012671947479248,12.587,27.75,71,RTL,True,ACTIVE,10,6
2026-09-28T19:59:16.830273,-35.3632619,149.1652375,3.687,-0.02,0.0,0.49,0.027926770970225334,0.49201124906539917,244,-0.0005986539181321859,-0.00025971984723582864,-2.0131683349609375,12.587,27.75,71,RTL,True,ACTIVE,10,6
2026-09-28T19:59:17.331057,-35.3632619,149.1652375,3.436,-0.02,0.0,0.49,0.027648506686091423,0.4917950928211212,244,-0.0007107157725840807,-0.0001475817698519677,-2.013057231903076,12.587,27.75,71,RTL,True,ACTIVE,10,6
2026-09-28T19:59:17.831457,-35.363262,149.1652375,3.187,-0.02,0.0,0.49,0.026228217408061028,0.4911883771419525,244,0.00029842782532796264,-3.0721457733307034e-05,-2.0125865936279297,12.587,27.75,71,RTL,True,ACTIVE,10,6
2026-09-28T19:59:18.332155,-35.363262,149.1652375,2.937,-0.02,0.0,0.49,0.02279728092253208,0.4910644292831421,244,0.00039603098412044346,0.00011562026338651776,-2.0128250122070312,12.587,27.75,71,RTL,True,ACTIVE,10,6
2026-09-28T19:59:18.832532,-35.363262,149.1652375,2.687,-0.01,0.0,0.49,0.018898211419582367,0.4909057915210724,244,0.00012806519225705415,8.237513975473121e-05,-2.012735366821289,12.587,27.75,70,RTL,True,ACTIVE,10,6
2026-09-28T19:59:19.332865,-35.363262,149.1652375,2.436,-0.01,0.0,0.49,0.018427297472953796,0.49067720770835876,244,-0.0003581199562177062,-4.667088433052413e-05,-2.0127615928649902,12.587,27.75,70,RTL,True,ACTIVE,10,6
2026-09-28T19:59:19.833465,-35.363262,149.1652375,2.187,-0.01,0.0,0.49,0.01842861995100975,0.4907514750957489,244,-0.0003235993208363652,-0.00034691253677010536,-2.012498617172241,12.587,27.75,70,RTL,True,ACTIVE,10,6
2026-09-28T19:59:20.333925,-35.363262,149.1652375,1.937,-0.01,0.0,0.48,0.019566617906093597,0.4902239739894867,244,-0.0004275515675544739,-0.00037083550705574453,-2.012730121612549,12.587,27.75,70,RTL,True,ACTIVE,10,6
2026-09-28T19:59:20.834455,-35.363262,149.1652375,1.686,-0.02,0.0,0.48,0.02073955535888672,0.4901600480079651,244,-0.0004416687006596476,-0.00021206113160587847,-2.0128891468048096,12.587,27.75,70,RTL,True,ACTIVE,10,6
2026-09-28T19:59:21.334990,-35.363262,149.1652375,1.435,-0.02,0.0,0.48,0.020721159875392914,0.48985978960990906,244,4.6216966438805684e-05,-0.0007678010733798146,-2.0124504566192627,12.587,27.75,70,RTL,True,ACTIVE,10,6
2026-09-28T19:59:21.835603,-35.363262,149.1652376,1.186,-0.01,0.0,0.48,0.020759448409080505,0.48933282494544983,244,4.348806760390289e-05,-0.0008367800037376583,-2.0125925540924072,12.587,27.75,70,RTL,True,ACTIVE,10,6
2026-09-28T19:59:22.336263,-35.363262,149.1652376,0.936,-0.02,0.0,0.48,0.021876709535717964,0.4893627464771271,244,-0.0002476860536262393,-0.0008515886147506535,-2.0130796432495117,12.587,27.75,70,LAND,True,ACTIVE,10,6
2026-09-28T19:59:22.836956,-35.363262,149.1652376,0.685,-0.02,0.0,0.48,0.022517379373311996,0.48909294605255127,244,-0.00018954265397042036,-0.00047202230780385435,-2.012476682662964,12.587,27.75,69,LAND,True,ACTIVE,10,6
2026-09-28T19:59:23.337753,-35.363262,149.1652376,0.434,-0.02,0.0,0.48,0.02238292619585991,0.4893265664577484,244,-0.00037010328378528357,-0.00039271588320843875,-2.0126447677612305,12.587,27.75,69,LAND,True,ACTIVE,10,6
2026-09-28T19:59:23.838159,-35.363262,149.1652376,0.185,-0.02,0.0,0.48,0.02230122499167919,0.4885728657245636,244,-0.0010434797732159495,-0.0004937546909786761,-2.012636184692383,12.587,27.75,69,LAND,True,ACTIVE,10,6
2026-09-28T19:59:24.338456,-35.363262,149.1652376,0.085,-0.02,0.0,-0.1,0.024204691872000694,0.10303499549627304,244,-0.0004936212790198624,-0.00025146958068944514,-2.012777805328369,12.587,5.15,69,LAND,True,ACTIVE,10,6
2026-09-28T19:59:24.839157,-35.3632619,149.1652376,0.075,-0.02,0.0,0.01,0.021828966215252876,0.02504580467939377,244,-0.0004188580787740648,-0.00025597025523893535,-2.012772798538208,12.587,0.0,69,LAND,True,ACTIVE,10,6
2026-09-28T19:59:25.339460,-35.3632619,149.1652376,0.068,-0.02,0.0,0.01,0.02136249653995037,0.023752979934215546,244,-0.00040909458766691387,-0.00026785614318214357,-2.0127668380737305,12.587,0.08,69,LAND,True,ACTIVE,10,6
2026-09-28T19:59:25.839714,-35.3632619,149.1652376,0.062,-0.02,0.0,0.0,0.020732851698994637,0.022719047963619232,244,-0.00040731995250098407,-0.0002783241798169911,-2.012768030166626,12.587,0.0,69,LAND,True,STANDBY,10,6
2026-09-28T19:59:26.339982,-35.3632619,149.1652375,0.052,-0.02,0.0,0.0,0.02104317583143711,0.022959252819418907,244,-0.00041273198439739645,-0.0002956100506708026,-2.012835741043091,12.587,0.0,69,LAND,True,STANDBY,10,6
2026-09-28T19:59:26.840460,-35.3632619,149.1652375,0.038,-0.02,0.0,0.0,0.021127644926309586,0.023207787424325943,244,-0.00038414221489802003,-0.00032322824699804187,-2.0130646228790283,12.587,0.0,69,LAND,False,STANDBY,10,6
2026-09-28T19:59:27.340857,-35.3632619,149.1652375,0.026,-0.02,0.0,0.0,0.021388966590166092,0.0234331376850605,244,-0.0003597123140934855,-0.0003419097338337451,-2.0132904052734375,12.587,0.0,69,LAND,False,STANDBY,10,6
2026-09-28T19:59:27.841460,-35.3632619,149.1652375,0.018,-0.02,0.0,0.0,0.02096541039645672,0.02291574515402317,244,-0.0003169844567310065,-0.0003429222560953349,-2.0135207176208496,12.587,0.0,69,LAND,False,STANDBY,10,6
2026-09-28T19:59:28.342003,-35.3632619,149.1652375,0.012,-0.01,0.0,0.0,0.020832480862736702,0.022547243162989616,244,-0.00028903072234243155,-0.00034863705513998866,-2.0137436389923096,12.587,0.0,69,LAND,False,STANDBY,10,6
2026-09-28T19:59:28.842465,-35.3632619,149.1652375,0.008,-0.01,0.0,0.0,0.020199507474899292,0.021676955744624138,244,-0.00027121405582875013,-0.00034656852949410677,-2.0139758586883545,12.587,0.0,69,LAND,False,STANDBY,10,6
2026-09-28T19:59:29.343184,-35.3632619,149.1652375,0.005,-0.01,0.0,0.0,0.02007073536515236,0.021294794976711273,244,-0.0002643429907038808,-0.0003527970693539828,-2.014212131500244,12.587,0.0,69,LAND,False,STANDBY,10,6
2026-09-28T19:59:29.843652,-35.3632619,149.1652375,0.002,-0.01,0.0,0.0,0.019785331562161446,0.020753376185894012,244,-0.0002748355036601424,-0.0003543259808793664,-2.014453172683716,12.587,0.0,69,LAND,False,STANDBY,10,6
2026-09-28T19:59:30.344380,-35.3632619,149.1652375,0.001,-0.01,0.0,0.0,0.019989263266324997,0.020762432366609573,244,-0.0002933236537501216,-0.0003665332624223083,-2.014690399169922,12.587,0.0,69,LAND,False,STANDBY,10,6
2026-09-28T19:59:30.844850,-35.3632619,149.1652375,0.0,-0.01,0.0,0.0,0.020153619349002838,0.020732475444674492,244,-0.00030547709320671856,-0.0003862873709294945,-2.0149266719818115,12.587,0.0,69,LAND,False,STANDBY,10,6
2026-09-28T19:59:31.345570,-35.3632619,149.1652375,-0.001,-0.01,0.0,0.0,0.020851440727710724,0.021275782957673073,244,-0.0003258847864344716,-0.0004186586011201143,-2.0151562690734863,12.587,0.0,69,LAND,False,STANDBY,10,6
2026-09-28T19:59:31.846255,-35.3632619,149.1652375,-0.001,-0.02,0.0,0.0,0.02143288590013981,0.021706901490688324,244,-0.0003539928875397891,-0.0004413520509842783,-2.015389919281006,12.587,0.0,69,LAND,False,STANDBY,10,6
2026-09-28T19:59:32.346984,-35.3632619,149.1652375,-0.001,-0.02,0.0,0.0,0.02228866145014763,0.022447828203439713,244,-0.000382248661480844,-0.0004612247576005757,-2.0156168937683105,12.587,0.0,69,LAND,False,STANDBY,10,6
2026-09-28T19:59:32.847452,-35.3632619,149.1652375,-0.001,-0.02,0.0,0.0,0.022840499877929688,0.022928155958652496,244,-0.0003947758814319968,-0.0004772447282448411,-2.015839099884033,12.587,0.0,69,LAND,False,STANDBY,10,6
2026-09-28T19:59:33.348152,-35.3632619,149.1652375,-0.001,-0.02,0.0,0.0,0.023665275424718857,0.02371324971318245,244,-0.0004067528934683651,-0.0004894239827990532,-2.0160634517669678,12.587,0.0,69,LAND,False,STANDBY,10,6
2026-09-28T19:59:33.848463,-35.3632619,149.1652375,-0.001,-0.02,0.0,0.0,0.024282176047563553,0.024305667728185654,244,-0.0004208026803098619,-0.0005060991970822215,-2.016287326812744,12.587,0.0,69,LAND,False,STANDBY,10,6
2026-09-28T19:59:34.349032,-35.3632619,149.1652375,0.0,-0.02,0.0,0.0,0.024760646745562553,0.02476600371301174,244,-0.0004325248009990901,-0.0005161177832633257,-2.0165038108825684,12.587,0.0,69,LAND,False,STANDBY,10,6
2026-09-28T19:59:34.849457,-35.3632619,149.1652375,0.0,-0.02,0.0,0.0,0.024888770654797554,0.024888964369893074,244,-0.0004345822089817375,-0.000523109280038625,-2.0167200565338135,12.587,0.0,69,LAND,False,STANDBY,10,6
2026-09-28T19:59:35.349942,-35.3632619,149.1652375,0.0,-0.02,0.0,0.0,0.02542290650308132,0.025424614548683167,244,-0.0004343118635006249,-0.0005304387887008488,-2.016927719116211,12.587,0.0,69,LAND,False,STANDBY,10,6
2026-09-28T19:59:35.850447,-35.3632619,149.1652375,0.0,-0.02,0.0,0.0,0.02558848261833191,0.025595974177122116,244,-0.0004395186260808259,-0.0005317453178577125,-2.0171384811401367,12.587,0.0,69,LAND,False,STANDBY,10,6
2026-09-28T19:59:36.351149,-35.3632619,149.1652375,0.001,-0.02,0.0,0.0,0.0257271621376276,0.025740135461091995,244,-0.00043975451262667775,-0.0005354711320251226,-2.0173540115356445,12.587,0.0,69,LAND,False,STANDBY,10,6
2026-09-28T19:59:36.851627,-35.3632619,149.1652375,0.001,-0.02,0.0,0.0,0.025550013408064842,0.02557734027504921,244,-0.00043263944098725915,-0.0005301287164911628,-2.0175657272338867,12.587,0.0,69,LAND,False,STANDBY,10,6
2026-09-28T19:59:37.352271,-35.3632619,149.1652375,0.002,-0.02,0.0,0.0,0.02572430856525898,0.025766169652342796,244,-0.0004333697725087404,-0.0005273325368762016,-2.0177719593048096,12.587,0.0,69,LAND,False,STANDBY,10,6
2026-09-28T19:59:37.852831,-35.3632619,149.1652375,0.002,-0.02,0.0,0.0,0.025225957855582237,0.025280345231294632,244,-0.0004216388624627143,-0.0005269706598483026,-2.017976999282837,12.587,0.0,69,LAND,False,STANDBY,10,6
2026-09-28T19:59:38.353633,-35.3632619,149.1652375,0.003,-0.02,0.0,0.0,0.02562529593706131,0.02568824216723442,244,-0.00042989736539311707,-0.0005311014247126877,-2.018183708190918,12.587,0.0,69,LAND,False,STANDBY,10,6
2026-09-28T19:59:38.853921,-35.3632619,149.1652375,0.003,-0.02,0.0,0.0,0.02539176307618618,0.025462230667471886,244,-0.00042190629756078124,-0.0005217104917392135,-2.0183799266815186,12.587,0.0,69,LAND,False,STANDBY,10,6
2026-09-28T19:59:39.354454,-35.3632619,149.1652375,0.004,-0.02,0.0,0.0,0.025318028405308723,0.025408707559108734,244,-0.0004177263181190938,-0.0005112614016979933,-2.0185790061950684,12.587,0.0,69,LAND,False,STANDBY,10,6
2026-09-28T19:59:39.855001,-35.3632619,149.1652375,0.004,-0.02,0.0,0.0,0.02495580166578293,0.025057075545191765,244,-0.00041275896364822984,-0.000503055052831769,-2.0187740325927734,12.587,0.0,69,LAND,False,STANDBY,10,6
2026-09-28T19:59:40.355573,-35.3632619,149.1652375,0.004,-0.02,0.0,0.0,0.02495455928146839,0.02505267783999443,244,-0.0004130516026634723,-0.0005020302487537265,-2.0189690589904785,12.587,0.0,69,LAND,False,STANDBY,10,6
2026-09-28T19:59:40.856157,-35.3632619,149.1652375,0.005,-0.02,0.0,0.0,0.024729041382670403,0.024833280593156815,244,-0.00040528556564822793,-0.0004894189769402146,-2.0191643238067627,12.587,0.0,69,LAND,False,STANDBY,10,6
2026-09-28T19:59:41.356456,-35.3632619,149.1652375,0.005,-0.02,0.0,0.0,0.024586807936429977,0.024692613631486893,244,-0.00040946551598608494,-0.0004844820068683475,-2.0193560123443604,12.587,0.0,69,LAND,False,STANDBY,10,6
2026-09-28T19:59:41.856828,-35.3632619,149.1652375,0.005,-0.02,0.0,0.0,0.024375438690185547,0.02448382042348385,244,-0.0004067388945259154,-0.0004737950803246349,-2.019545793533325,12.587,0.0,69,LAND,False,STANDBY,10,6
2026-09-28T19:59:42.357470,-35.3632619,149.1652375,0.005,-0.02,0.0,0.0,0.02460448071360588,0.024709787219762802,244,-0.00041550747118890285,-0.00047046548570506275,-2.0197408199310303,12.587,0.0,69,LAND,False,STANDBY,10,6
2026-09-28T19:59:42.858167,-35.3632619,149.1652375,0.006,-0.02,0.0,0.0,0.024285782128572464,0.024387579411268234,244,-0.0004125248233322054,-0.000466175057226792,-2.0199289321899414,12.587,0.0,69,LAND,False,STANDBY,10,6
2026-09-28T19:59:43.359085,-35.3632619,149.1652375,0.006,-0.02,0.0,0.0,0.02448306791484356,0.02459016442298889,244,-0.00041282142046839,-0.0004672876966651529,-2.020113229751587,12.587,0.0,69,LAND,False,STANDBY,10,6
2026-09-28T19:59:43.859893,-35.3632619,149.1652375,0.006,-0.02,0.0,0.0,0.024255333468317986,0.024350594729185104,244,-0.0004131582099944353,-0.00046857885899953544,-2.020296096801758,12.587,0.0,69,LAND,False,STANDBY,10,6
2026-09-28T19:59:44.360669,-35.3632619,149.1652375,0.006,-0.02,0.0,0.0,0.024495355784893036,0.02458583377301693,244,-0.0004076169861946255,-0.00047182748676277697,-2.020470142364502,12.587,0.0,69,LAND,False,STANDBY,10,6
2026-09-28T19:59:44.861591,-35.3632619,149.1652375,0.006,-0.02,0.0,0.0,0.024202894419431686,0.024293003603816032,244,-0.0004004458023700863,-0.00046353432117030025,-2.020644187927246,12.587,0.0,69,LAND,False,STANDBY,10,6
2026-09-28T19:59:45.362384,-35.3632619,149.1652375,0.006,-0.02,0.0,0.0,0.02438100054860115,0.024475250393152237,244,-0.000393172464100644,-0.00046389957424253225,-2.0208070278167725,12.587,0.0,69,LAND,False,STANDBY,10,6
2026-09-28T19:59:45.863004,-35.3632619,149.1652375,0.006,-0.02,0.0,0.0,0.024012556299567223,0.024104369804263115,244,-0.00037955332663841546,-0.0004541437665466219,-2.020970106124878,12.587,0.0,69,LAND,False,STANDBY,10,6
2026-09-28T19:59:46.363454,-35.3632619,149.1652375,0.006,-0.02,0.0,0.0,0.024202654138207436,0.024279840290546417,244,-0.000385793624445796,-0.00046251722960732877,-2.0211284160614014,12.587,0.0,69,LAND,False,STANDBY,10,6
2026-09-28T19:59:46.863770,-35.3632619,149.1652375,0.006,-0.02,0.0,0.0,0.024024952203035355,0.024103127419948578,244,-0.00038033886812627316,-0.00045982698793523014,-2.021301746368408,12.587,0.0,69,LAND,False,STANDBY,10,6
2026-09-28T19:59:47.364143,-35.3632619,149.1652375,0.006,-0.02,0.0,0.0,0.02399592474102974,0.02405284158885479,244,-0.0003757370577659458,-0.000462094321846962,-2.0214505195617676,12.587,0.0,69,LAND,False,STANDBY,10,6
2026-09-28T19:59:47.864940,-35.3632619,149.1652375,0.006,-0.02,0.0,0.0,0.023716071620583534,0.023767296224832535,244,-0.0003636278852354735,-0.00045734827290289104,-2.0216097831726074,12.587,0.0,69,LAND,False,STANDBY,10,6
2026-09-28T19:59:48.365621,-35.3632619,149.1652375,0.006,-0.02,0.0,0.0,0.024043632671236992,0.02408699318766594,244,-0.00037519537727348506,-0.0004624331777449697,-2.021759510040283,12.587,0.0,69,LAND,False,STANDBY,10,6
2026-09-28T19:59:48.866504,-35.3632619,149.1652375,0.006,-0.02,0.0,0.0,0.023888517171144485,0.023930145427584648,244,-0.0003721115936059505,-0.0004615247598849237,-2.0219123363494873,12.587,0.0,69,LAND,False,STANDBY,10,6
2026-09-28T19:59:49.367270,-35.3632619,149.1652375,0.006,-0.02,0.0,0.0,0.02397647127509117,0.02402113564312458,244,-0.0003677102504298091,-0.00046452792594209313,-2.0220606327056885,12.587,0.0,69,LAND,False,STANDBY,10,6
2026-09-28T19:59:49.868028,-35.3632619,149.1652375,0.006,-0.02,0.0,0.0,0.023769186809659004,0.023811379447579384,244,-0.0003564608341548592,-0.000458034424809739,-2.0222012996673584,12.587,0.0,69,LAND,False,STANDBY,10,6
2026-09-28T19:59:50.368469,-35.3632619,149.1652375,0.006,-0.02,0.0,0.0,0.02390252985060215,0.023941203951835632,244,-0.0003599643532652408,-0.00046347634634003043,-2.022351026535034,12.587,0.0,69,LAND,False,STANDBY,10,6
2026-09-28T19:59:50.869602,-35.3632619,149.1652375,0.005,-0.02,0.0,0.0,0.023749923333525658,0.023788513615727425,244,-0.0003574364527594298,-0.0004657279932871461,-2.0224897861480713,12.587,0.0,69,LAND,False,STANDBY,10,6
2026-09-28T19:59:51.370562,-35.3632619,149.1652375,0.005,-0.02,0.0,0.0,0.023998098447918892,0.0240283515304327,244,-0.000364426668966189,-0.00047629373148083687,-2.0226199626922607,12.587,0.0,69,LAND,False,STANDBY,10,6
2026-09-28T19:59:51.871291,-35.3632619,149.1652375,0.005,-0.02,0.0,0.0,0.023542582988739014,0.023568501695990562,244,-0.0003631500294432044,-0.0004677243123296648,-2.0227513313293457,12.587,0.0,69,LAND,False,STANDBY,10,6
2026-09-28T19:59:52.371904,-35.3632619,149.1652375,0.005,-0.02,0.0,0.0,0.023936312645673752,0.023961005732417107,244,-0.0003717347572091967,-0.0004689675406552851,-2.0228748321533203,12.587,0.0,69,LAND,False,STANDBY,10,6
2026-09-28T19:59:52.872739,-35.3632619,149.1652375,0.005,-0.02,0.0,0.0,0.023910650983452797,0.023932330310344696,244,-0.00036789182922802866,-0.0004670160124078393,-2.0229973793029785,12.587,0.0,69,LAND,False,STANDBY,10,6
2026-09-28T19:59:53.373457,-35.3632619,149.1652375,0.005,-0.02,0.0,0.0,0.02397921308875084,0.023998992517590523,244,-0.0003751118201762438,-0.00046736374497413635,-2.0231263637542725,12.587,0.0,69,LAND,False,STANDBY,10,6
2026-09-28T19:59:53.874464,-35.3632619,149.1652375,0.005,-0.02,0.0,0.0,0.023776255548000336,0.02379346825182438,244,-0.00036397320218384266,-0.00046314788050949574,-2.023247480392456,12.587,0.0,69,LAND,False,STANDBY,10,6
2026-09-28T19:59:54.375174,-35.3632619,149.1652375,0.005,-0.02,0.0,0.0,0.02381349727511406,0.023829253390431404,244,-0.00037386437179520726,-0.00046176824253052473,-2.0233681201934814,12.587,0.0,69,LAND,False,STANDBY,10,6
2026-09-28T19:59:54.876061,-35.3632619,149.1652375,0.005,-0.02,0.0,0.0,0.02358759567141533,0.023601748049259186,244,-0.0003710898454301059,-0.0004604946880135685,-2.0234837532043457,12.587,0.0,69,LAND,False,STANDBY,10,6
2026-09-28T19:59:55.376476,-35.3632619,149.1652375,0.004,-0.02,0.0,0.0,0.023907087743282318,0.023917807266116142,244,-0.0003728368610609323,-0.0004633154021576047,-2.0236003398895264,12.587,0.0,69,LAND,False,STANDBY,10,6
2026-09-28T19:59:55.876757,-35.3632619,149.1652375,0.004,-0.02,0.0,0.0,0.023777388036251068,0.02378767356276512,244,-0.0003773672506213188,-0.00046428717905655503,-2.0237066745758057,12.587,0.0,69,LAND,False,STANDBY,10,6
2026-09-28T19:59:56.377491,-35.3632619,149.1652375,0.004,-0.02,0.0,0.0,0.02404460497200489,0.024055536836385727,244,-0.00038490197039209306,-0.00046664540423080325,-2.0238187313079834,12.587,0.0,69,LAND,False,STANDBY,10,6
2026-09-28T19:59:56.877989,-35.3632619,149.1652375,0.004,-0.02,0.0,0.0,0.023911939933896065,0.023921670392155647,244,-0.0003806912573054433,-0.0004703619924839586,-2.023932933807373,12.587,0.0,69,LAND,False,STANDBY,10,6
2026-09-28T19:59:57.378593,-35.3632619,149.1652375,0.004,-0.02,0.0,0.0,0.024143433198332787,0.02415335364639759,244,-0.00038143619894981384,-0.0004678649129346013,-2.0240330696105957,12.587,0.0,69,LAND,False,STANDBY,10,6
2026-09-28T19:59:57.879570,-35.3632619,149.1652375,0.004,-0.02,0.0,0.0,0.02408551424741745,0.024095095694065094,244,-0.00037568542757071555,-0.00046257389476522803,-2.024125337600708,12.587,0.0,69,LAND,False,STANDBY,10,6
2026-09-28T19:59:58.380078,-35.3632619,149.1652375,0.004,-0.02,0.0,0.0,0.02429015003144741,0.024300934746861458,244,-0.00038243411108851433,-0.0004724102618638426,-2.024219274520874,12.587,0.0,69,LAND,False,STANDBY,10,6
2026-09-28T19:59:58.880459,-35.3632619,149.1652375,0.004,-0.02,0.0,0.0,0.024264277890324593,0.02427752874791622,244,-0.0003810308699030429,-0.00046962095075286925,-2.024312973022461,12.587,0.0,69,LAND,False,STANDBY,10,6
2026-09-28T19:59:59.380920,-35.3632619,149.1652375,0.004,-0.02,0.0,0.0,0.024337222799658775,0.024351758882403374,244,-0.0003838174161501229,-0.00046696304343640804,-2.0244009494781494,12.587,0.0,69,LAND,False,STANDBY,10,6
2026-09-28T19:59:59.881461,-35.3632619,149.1652375,0.004,-0.02,0.0,0.0,0.024213936179876328,0.02422361820936203,244,-0.00038765103090554476,-0.00045791734009981155,-2.0244855880737305,12.587,0.0,69,LAND,False,STANDBY,10,6
2026-09-28T20:00:00.381851,-35.3632619,149.1652375,0.004,-0.02,0.0,0.0,0.02433977834880352,0.024350035935640335,244,-0.0003869116771966219,-0.0004528332210611552,-2.024575710296631,12.587,0.0,69,LAND,False,STANDBY,10,6
2026-09-28T20:00:00.882466,-35.3632619,149.1652375,0.004,-0.02,0.0,0.0,0.024090476334095,0.024103043600916862,244,-0.0003853642556350678,-0.000447539787273854,-2.024662494659424,12.587,0.0,69,LAND,False,STANDBY,10,6
2026-09-28T20:00:01.383195,-35.3632619,149.1652375,0.004,-0.02,0.0,0.0,0.024065133184194565,0.024076109752058983,244,-0.00037513350252993405,-0.0004454311274457723,-2.0247414112091064,12.587,0.0,69,LAND,False,STANDBY,10,6
2026-09-28T20:00:01.883720,-35.3632619,149.1652375,0.004,-0.02,0.0,0.0,0.023846980184316635,0.023857641965150833,243,-0.0003702377434819937,-0.0004417778109200299,-2.0248146057128906,12.587,0.0,69,LAND,False,STANDBY,10,6
2026-09-28T20:00:02.384435,-35.3632619,149.1652375,0.004,-0.02,0.0,0.0,0.023951206356287003,0.023960411548614502,243,-0.00036854116478934884,-0.00043662902317009866,-2.0248916149139404,12.587,0.0,69,LAND,False,STANDBY,10,6
2026-09-28T20:00:02.885320,-35.3632619,149.1652375,0.004,-0.02,0.0,0.0,0.02365283854305744,0.02366165816783905,243,-0.0003607576945796609,-0.000438718096120283,-2.024967670440674,12.587,0.0,69,LAND,False,STANDBY,10,6
2026-09-28T20:00:03.385875,-35.3632619,149.1652375,0.004,-0.02,0.0,0.0,0.023722678422927856,0.023728538304567337,243,-0.0003613000735640526,-0.0004416993469931185,-2.025036573410034,12.587,0.0,69,LAND,False,STANDBY,10,6
2026-09-28T20:00:03.886525,-35.3632619,149.1652375,0.004,-0.02,0.0,0.0,0.02346581034362316,0.023470181971788406,243,-0.0003563661011867225,-0.0004358694131951779,-2.025106430053711,12.587,0.0,69,LAND,False,STANDBY,10,6
2026-09-28T20:00:04.387237,-35.3632619,149.1652375,0.003,-0.02,0.0,0.0,0.023599086329340935,0.023602642118930817,243,-0.000359710946213454,-0.00044176014489494264,-2.025176763534546,12.587,0.0,69,LAND,False,STANDBY,10,6
2026-09-28T20:00:04.887774,-35.3632619,149.1652375,0.003,-0.02,0.0,0.0,0.02321753278374672,0.023220811039209366,243,-0.0003583819488994777,-0.00044466429972089827,-2.025240182876587,12.587,0.0,69,LAND,False,STANDBY,10,6
2026-09-28T20:00:05.388515,-35.3632619,149.1652375,0.003,-0.02,0.0,0.0,0.023498641327023506,0.023501936346292496,243,-0.00036283358349464834,-0.00045093984226696193,-2.0253124237060547,12.587,0.0,69,LAND,False,STANDBY,10,6
2026-09-28T20:00:05.889207,-35.3632619,149.1652375,0.003,-0.02,0.0,0.0,0.023340946063399315,0.02334386110305786,243,-0.00035697882412932813,-0.00045393925393000245,-2.0253713130950928,12.587,0.0,69,LAND,False,STANDBY,10,6
2026-09-28T20:00:06.390971,-35.3632619,149.1652375,0.003,-0.02,0.0,0.0,0.023616161197423935,0.023618586361408234,243,-0.0003589114348869771,-0.0004600987012963742,-2.0254290103912354,12.587,0.0,69,LAND,False,STANDBY,10,6
2026-09-28T20:00:06.891470,-35.3632619,149.1652375,0.003,-0.02,0.0,0.0,0.023216240108013153,0.02321759983897209,243,-0.0003523195337038487,-0.0004510099533945322,-2.0254878997802734,12.587,0.0,69,LAND,False,STANDBY,10,6
2026-09-28T20:00:07.392635,-35.3632619,149.1652375,0.003,-0.02,0.0,0.0,0.023487119004130363,0.02348935231566429,243,-0.0003685058618430048,-0.000455263041658327,-2.025538921356201,12.587,0.0,69,LAND,False,STANDBY,10,6
2026-09-28T20:00:07.893353,-35.3632619,149.1652375,0.003,-0.02,0.0,0.0,0.02341693453490734,0.023418301716446877,243,-0.0003683261456899345,-0.0004552858881652355,-2.025590658187866,12.587,0.0,69,LAND,False,STANDBY,10,6
2026-09-28T20:00:08.393994,-35.3632619,149.1652375,0.003,-0.02,0.0,0.0,0.023673200979828835,0.023674389347434044,243,-0.0003577332536224276,-0.0004535274638328701,-2.025639533996582,12.587,0.0,69,LAND,False,STANDBY,10,6
2026-09-28T20:00:08.894458,-35.3632619,149.1652375,0.003,-0.02,0.0,0.0,0.02346862480044365,0.023471903055906296,243,-0.00036158005241304636,-0.00045842910185456276,-2.025684118270874,12.587,0.0,69,LAND,False,STANDBY,10,6
2026-09-28T20:00:09.394790,-35.3632619,149.1652375,0.003,-0.02,0.0,0.0,0.02381124533712864,0.023815253749489784,243,-0.0003708612348418683,-0.00046019110595807433,-2.0257275104522705,12.587,0.0,69,LAND,False,STANDBY,10,6
2026-09-28T20:00:09.895460,-35.3632619,149.1652375,0.003,-0.02,0.0,0.0,0.02352060377597809,0.023525914177298546,243,-0.00036406025174073875,-0.0004621577973011881,-2.025766611099243,12.587,0.0,69,LAND,False,STANDBY,10,6
2026-09-28T20:00:10.396169,-35.3632619,149.1652375,0.003,-0.02,0.0,0.0,0.023806005716323853,0.023810699582099915,243,-0.00036822661058977246,-0.0004630930779967457,-2.02580189704895,12.587,0.0,69,LAND,False,STANDBY,10,6
2026-09-28T20:00:10.896791,-35.3632619,149.1652375,0.003,-0.02,0.0,0.0,0.023658141493797302,0.02366349659860134,243,-0.000368203385733068,-0.00045472593046724796,-2.0258431434631348,12.587,0.0,69,LAND,False,STANDBY,10,6
2026-09-28T20:00:11.397455,-35.3632619,149.1652375,0.003,-0.02,0.0,0.0,0.023908134549856186,0.023913690820336342,243,-0.0003757804224733263,-0.00045766690163873136,-2.0258753299713135,12.587,0.0,69,LAND,False,STANDBY,10,6
2026-09-28T20:00:11.898134,-35.3632619,149.1652375,0.003,-0.02,0.0,0.0,0.023737404495477676,0.023742524906992912,243,-0.000371123751392588,-0.00045295667950995266,-2.0259170532226562,12.587,0.0,69,LAND,False,STANDBY,10,6
2026-09-28T20:00:12.398726,-35.3632619,149.1652375,0.003,-0.02,0.0,0.0,0.02381400763988495,0.0238212700933218,243,-0.0003697491192724556,-0.00045715016312897205,-2.0259485244750977,12.587,0.0,69,LAND,False,STANDBY,10,6
2026-09-28T20:00:12.899320,-35.3632619,149.1652375,0.003,-0.02,0.0,0.0,0.02354578673839569,0.0235526692122221,243,-0.00036315564648248255,-0.00044966707355342805,-2.0259838104248047,12.587,0.0,69,LAND,False,STANDBY,10,6
2026-09-28T20:00:13.400034,-35.3632619,149.1652375,0.003,-0.02,0.0,0.0,0.023967215791344643,0.02397327683866024,243,-0.0003760141262318939,-0.000459904782474041,-2.026015043258667,12.587,0.0,69,LAND,False,STANDBY,10,6
2026-09-28T20:00:13.901006,-35.3632619,149.1652375,0.003,-0.02,0.0,0.0,0.02380000241100788,0.023806454613804817,243,-0.00037852386594749987,-0.0004560170928016305,-2.0260531902313232,12.587,0.0,69,LAND,False,STANDBY,10,6
2026-09-28T20:00:14.401565,-35.3632619,149.1652375,0.003,-0.02,0.0,0.0,0.023925209417939186,0.02393098920583725,243,-0.0003820324200205505,-0.00046458374708890915,-2.0260839462280273,12.587,0.0,69,LAND,False,STANDBY,10,6
2026-09-28T20:00:14.901883,-35.3632619,149.1652375,0.003,-0.02,0.0,0.0,0.02378183789551258,0.023786190897226334,243,-0.0003697854408528656,-0.00046663417015224695,-2.0261213779449463,12.587,0.0,69,LAND,False,STANDBY,10,6
2026-09-28T20:00:15.402470,-35.3632619,149.1652375,0.003,-0.02,0.0,0.0,0.0241199042648077,0.024125507101416588,243,-0.00037319993134588003,-0.00046855563414283097,-2.026149034500122,12.587,0.0,69,LAND,False,STANDBY,10,6
2026-09-28T20:00:15.903099,-35.3632619,149.1652375,0.003,-0.02,0.0,0.0,0.023928450420498848,0.023932740092277527,243,-0.00037178045022301376,-0.00046394465607590973,-2.026172637939453,12.587,0.0,69,LAND,False,STANDBY,10,6
2026-09-28T20:00:16.403795,-35.3632619,149.1652375,0.003,-0.02,0.0,0.0,0.02402483858168125,0.02402799017727375,243,-0.0003727974835783243,-0.0004613150958903134,-2.0261948108673096,12.587,0.0,69,LAND,False,STANDBY,10,6
2026-09-28T20:00:16.904455,-35.3632619,149.1652375,0.003,-0.02,0.0,0.0,0.02390310913324356,0.02390464022755623,243,-0.0003593593428377062,-0.00045754891471005976,-2.0262134075164795,12.587,0.0,69,LAND,False,STANDBY,10,6
2026-09-28T20:00:17.404939,-35.3632619,149.1652375,0.003,-0.02,0.0,0.0,0.024128258228302002,0.024129820987582207,243,-0.0003632527659647167,-0.0004582494730129838,-2.0262372493743896,12.587,0.0,69,LAND,False,STANDBY,10,6
2026-09-28T20:00:17.905455,-35.3632619,149.1652375,0.003,-0.02,0.0,0.0,0.023865316063165665,0.023865632712841034,243,-0.0003635574539657682,-0.00045043803402222693,-2.0262579917907715,12.587,0.0,69,LAND,False,STANDBY,10,6
2026-09-28T20:00:18.406269,-35.3632619,149.1652375,0.003,-0.02,0.0,0.0,0.024003487080335617,0.024004001170396805,243,-0.00036670660483650863,-0.0004523101379163563,-2.0262792110443115,12.587,0.0,69,LAND,False,STANDBY,10,6
2026-09-28T20:00:18.907452,-35.3632619,149.1652375,0.003,-0.02,0.0,0.0,0.023793209344148636,0.023793259635567665,243,-0.0003603838267736137,-0.000448347331257537,-2.026294708251953,12.587,0.0,69,LAND,False,STANDBY,10,6
2026-09-28T20:00:19.408122,-35.3632619,149.1652375,0.003,-0.02,0.0,0.0,0.02397044561803341,0.02397044748067856,243,-0.00036103781894780695,-0.0004447212559171021,-2.02630877494812,12.587,0.0,69,LAND,False,STANDBY,10,6
2026-09-28T20:00:19.908459,-35.3632619,149.1652375,0.003,-0.02,0.0,0.0,0.02356717921793461,0.023567471653223038,243,-0.00035696267150342464,-0.0004411006229929626,-2.026341676712036,12.587,0.0,69,LAND,False,STANDBY,10,6
2026-09-28T20:00:20.408769,-35.3632619,149.1652375,0.003,-0.02,0.0,0.0,0.023814110085368156,0.023814626038074493,243,-0.00034949445398524404,-0.0004397348966449499,-2.0263566970825195,12.587,0.0,69,LAND,False,STANDBY,10,6
2026-09-28T20:00:20.909458,-35.3632619,149.1652375,0.003,-0.02,0.0,0.0,0.023656576871871948,0.023656653240323067,243,-0.0003518877783790231,-0.0004446783277671784,-2.0263707637786865,12.587,0.0,69,LAND,False,STANDBY,10,6
2026-09-28T20:00:21.410185,-35.3632619,149.1652375,0.002,-0.02,0.0,0.0,0.02355649694800377,0.023556921631097794,243,-0.00035699180443771183,-0.00045293898438103497,-2.026381254196167,12.587,0.0,69,LAND,False,STANDBY,10,6
2026-09-28T20:00:21.910778,-35.3632619,149.1652375,0.003,-0.02,0.0,0.0,0.023404542356729507,0.02340555563569069,243,-0.00036517175612971187,-0.0004456607566680759,-2.026395082473755,12.587,0.0,69,LAND,False,STANDBY,10,6
2026-09-28T20:00:22.411488,-35.3632619,149.1652375,0.003,-0.02,0.0,0.0,0.023656001314520836,0.0236566960811615,243,-0.0003675706102512777,-0.0004464373050723225,-2.0264108180999756,12.587,0.0,69,LAND,False,STANDBY,10,6
2026-09-28T20:00:22.911762,-35.3632619,149.1652375,0.003,-0.02,0.0,0.0,0.02339433692395687,0.02339502051472664,243,-0.00035704931360669434,-0.0004456910246517509,-2.026416540145874,12.587,0.0,69,LAND,False,STANDBY,10,6
2026-09-28T20:00:23.412499,-35.3632619,149.1652375,0.002,-0.02,0.0,0.0,0.02374405227601528,0.023744063451886177,243,-0.00036176046705804765,-0.0004520334186963737,-2.026421070098877,12.587,0.0,69,LAND,False,STANDBY,10,6
2026-09-28T20:00:23.912786,-35.3632619,149.1652375,0.002,-0.02,0.0,0.0,0.023585746064782143,0.0235858503729105,243,-0.00036653250572271645,-0.0004462927463464439,-2.026427984237671,12.587,0.0,69,LAND,False,STANDBY,10,6
2026-09-28T20:00:24.413467,-35.3632619,149.1652375,0.002,-0.02,0.0,0.0,0.023845907300710678,0.023845907300710678,243,-0.0003726668073795736,-0.00044512961176224053,-2.026449203491211,12.587,0.0,69,LAND,False,STANDBY,10,6
2026-09-28T20:00:24.914092,-35.3632619,149.1652375,0.002,-0.02,0.0,0.0,0.023577602580189705,0.02357766032218933,243,-0.0003716710489243269,-0.00043728502350859344,-2.0264670848846436,12.587,0.0,69,LAND,False,STANDBY,10,6
2026-09-28T20:00:25.414554,-35.3632619,149.1652375,0.002,-0.02,0.0,0.0,0.023880215361714363,0.02388021908700466,243,-0.0003842279256787151,-0.0004466486570890993,-2.0264744758605957,12.587,0.0,69,LAND,False,STANDBY,10,6
2026-09-28T20:00:25.915156,-35.3632619,149.1652375,0.002,-0.02,0.0,0.0,0.02371196076273918,0.023712242022156715,243,-0.00037143423105590045,-0.0004423427162691951,-2.0264861583709717,12.587,0.0,69,LAND,False,STANDBY,10,6
2026-09-28T20:00:26.416055,-35.3632619,149.1652375,0.002,-0.02,0.0,0.0,0.0238124281167984,0.02381311170756817,243,-0.0003747144073713571,-0.0004484232049435377,-2.026489019393921,12.587,0.0,69,LAND,False,STANDBY,10,6
2026-09-28T20:00:26.916534,-35.3632619,149.1652375,0.002,-0.02,0.0,0.0,0.023572469130158424,0.02357286401093006,243,-0.00037061923649162054,-0.0004462903889361769,-2.026500940322876,12.587,0.0,69,LAND,False,STANDBY,10,6
2026-09-28T20:00:27.417425,-35.3632619,149.1652375,0.002,-0.02,0.0,0.0,0.023890728130936623,0.023891054093837738,243,-0.0003687446878757328,-0.0004454788868315518,-2.0265157222747803,12.587,0.0,69,LAND,False,STANDBY,10,6
2026-09-28T20:00:27.918248,-35.3632619,149.1652375,0.002,-0.02,0.0,0.0,0.023799074813723564,0.023799078539013863,243,-0.0003640612412709743,-0.00044763085315935314,-2.0265166759490967,12.587,0.0,69,LAND,False,STANDBY,10,6
2026-09-28T20:00:28.419077,-35.3632619,149.1652375,0.002,-0.02,0.0,0.0,0.023808138445019722,0.02380814403295517,243,-0.00036904969601891935,-0.0004469148407224566,-2.0265231132507324,12.587,0.0,69,LAND,False,STANDBY,10,6
2026-09-28T20:00:28.919734,-35.3632619,149.1652375,0.002,-0.02,0.0,0.0,0.023596178740262985,0.023596208542585373,243,-0.00036508531775325537,-0.00045525404857471585,-2.0265259742736816,12.587,0.0,69,LAND,False,STANDBY,10,6
2026-09-28T20:00:29.420454,-35.3632619,149.1652375,0.002,-0.02,0.0,0.0,0.023893121629953384,0.02389315329492092,243,-0.0003749403404071927,-0.00045492989011108875,-2.026524543762207,12.587,0.0,69,LAND,False,STANDBY,10,6
2026-09-28T20:00:29.921128,-35.3632619,149.1652375,0.002,-0.02,0.0,0.0,0.023705892264842987,0.023705950006842613,243,-0.0003724040579982102,-0.00045200344175100327,-2.026533842086792,12.587,0.0,69,LAND,False,STANDBY,10,6
2026-09-28T20:00:30.421460,-35.3632619,149.1652375,0.002,-0.02,0.0,0.0,0.02389020286500454,0.023890335112810135,243,-0.0003754692734219134,-0.00045947282342240214,-2.026534080505371,12.587,0.0,69,LAND,False,STANDBY,10,6
2026-09-28T20:00:30.922196,-35.3632619,149.1652375,0.002,-0.02,0.0,0.0,0.02376425825059414,0.02376437745988369,243,-0.0003763502463698387,-0.0004563355469144881,-2.0265307426452637,12.587,0.0,69,LAND,False,STANDBY,10,6
2026-09-28T20:00:31.422480,-35.3632619,149.1652375,0.002,-0.02,0.0,0.0,0.024042513221502304,0.02404262311756611,243,-0.0003737157385330647,-0.00045946339378133416,-2.0265324115753174,12.587,0.0,69,LAND,False,STANDBY,10,6
2026-09-28T20:00:31.922910,-35.3632619,149.1652375,0.002,-0.02,0.0,0.0,0.023929815739393234,0.02393007092177868,243,-0.00037072825944051147,-0.00045223458437249064,-2.026529550552368,12.587,0.0,69,LAND,False,STANDBY,10,6
2026-09-28T20:00:32.423458,-35.3632619,149.1652375,0.002,-0.02,0.0,0.0,0.024064132943749428,0.02406417578458786,243,-0.0003865897306241095,-0.0004652000206988305,-2.0265443325042725,12.587,0.0,69,LAND,False,STANDBY,10,6
2026-09-28T20:00:32.924321,-35.3632619,149.1652375,0.002,-0.02,0.0,0.0,0.024020966142416,0.02402099408209324,243,-0.0003801558632403612,-0.0004625042784027755,-2.0265462398529053,12.587,0.0,69,LAND,False,STANDBY,10,6
2026-09-28T20:00:33.425097,-35.3632619,149.1652375,0.002,-0.02,0.0,0.0,0.024265822023153305,0.024266202002763748,243,-0.00037510605761781335,-0.000464457378257066,-2.0265450477600098,12.587,0.0,69,LAND,False,STANDBY,10,6
2026-09-28T20:00:33.925776,-35.3632619,149.1652375,0.002,-0.02,0.0,0.0,0.023785201832652092,0.02378527633845806,243,-0.0003620896895881742,-0.0004624320426955819,-2.0265557765960693,12.587,0.0,69,LAND,False,STANDBY,10,6
2026-09-28T20:00:34.426538,-35.3632619,149.1652375,0.002,-0.02,0.0,0.0,0.02393242157995701,0.02393314614892006,243,-0.00035946708521805704,-0.00046821453724987805,-2.0265614986419678,12.587,0.0,69,LAND,False,STANDBY,10,6
2026-09-28T20:00:34.927458,-35.3632619,149.1652375,0.002,-0.02,0.0,0.0,0.023891029879450798,0.02389143593609333,243,-0.0003576814488042146,-0.000468977726995945,-2.0265629291534424,12.587,0.0,69,LAND,False,STANDBY,10,6
2026-09-28T20:00:35.428295,-35.3632619,149.1652375,0.002,-0.02,0.0,0.0,0.02401231974363327,0.02401246689260006,243,-0.0003588316321838647,-0.0004712266381829977,-2.0265579223632812,12.587,0.0,69,LAND,False,STANDBY,10,6
2026-09-28T20:00:35.929028,-35.3632619,149.1652375,0.002,-0.02,0.0,0.0,0.023661984130740166,0.023662060499191284,243,-0.00035668458440341055,-0.0004666117310989648,-2.0265567302703857,12.587,0.0,69,LAND,False,STANDBY,10,6
2026-09-28T20:00:36.429753,-35.3632619,149.1652375,0.002,-0.02,0.0,0.0,0.023989073932170868,0.023989073932170868,243,-0.00035796131123788655,-0.0004632952332030982,-2.026549816131592,12.587,0.0,69,LAND,False,STANDBY,10,6
2026-09-28T20:00:36.930324,-35.3632619,149.1652375,0.002,-0.02,0.0,0.0,0.023738767951726913,0.023739119991660118,243,-0.00035234334063716233,-0.0004508677520789206,-2.026553153991699,12.587,0.0,69,LAND,False,STANDBY,10,6
2026-09-28T20:00:37.431200,-35.3632619,149.1652375,0.002,-0.02,0.0,0.0,0.023916034027934074,0.02391691505908966,243,-0.00035259517608210444,-0.00045489254989661276,-2.0265555381774902,12.587,0.0,69,LAND,False,STANDBY,10,6
2026-09-28T20:00:37.931967,-35.3632619,149.1652375,0.002,-0.02,0.0,0.0,0.02362668700516224,0.023626957088708878,243,-0.0003497636062093079,-0.0004483703232835978,-2.026560068130493,12.587,0.0,69,LAND,False,STANDBY,10,6
2026-09-28T20:00:38.433074,-35.3632619,149.1652375,0.002,-0.02,0.0,0.0,0.023792196065187454,0.023792460560798645,243,-0.0003601719799917191,-0.0004522099334280938,-2.026557683944702,12.587,0.0,69,LAND,False,STANDBY,10,6
2026-09-28T20:00:38.933992,-35.3632619,149.1652375,0.002,-0.02,0.0,0.0,0.023430196568369865,0.023430928587913513,243,-0.0003594637382775545,-0.0004539748770184815,-2.026557207107544,12.587,0.0,69,LAND,False,STANDBY,10,6
2026-09-28T20:00:39.434498,-35.3632619,149.1652375,0.002,-0.02,0.0,0.0,0.02371533401310444,0.023715820163488388,243,-0.0003653056046459824,-0.00044612190686166286,-2.0265564918518066,12.587,0.0,69,LAND,False,STANDBY,10,6
2026-09-28T20:00:39.935306,-35.3632619,149.1652375,0.002,-0.02,0.0,0.0,0.023512158542871475,0.023512350395321846,243,-0.00036342404200695455,-0.00043795505189336836,-2.0265510082244873,12.587,0.0,69,LAND,False,STANDBY,10,6
2026-09-28T20:00:40.435800,-35.3632619,149.1652375,0.002,-0.02,0.0,0.0,0.023815149441361427,0.02381623536348343,243,-0.0003650833386927843,-0.0004441611235961318,-2.0265486240386963,12.587,0.0,69,LAND,False,STANDBY,10,6
2026-09-28T20:00:40.936457,-35.3632619,149.1652375,0.002,-0.02,0.0,0.0,0.023719152435660362,0.02372012287378311,243,-0.00036809389712288976,-0.0004383709456305951,-2.02655291557312,12.587,0.0,69,LAND,False,STANDBY,10,6
2026-09-28T20:00:41.436769,-35.3632619,149.1652375,0.002,-0.02,0.0,0.0,0.02381061390042305,0.023812150582671165,243,-0.00036428298335522413,-0.00043914825073443353,-2.026548147201538,12.587,0.0,69,LAND,False,STANDBY,10,6
2026-09-28T20:00:41.937195,-35.3632619,149.1652375,0.002,-0.02,0.0,0.0,0.023676933720707893,0.023678502067923546,243,-0.00035591094638220966,-0.0004384711501188576,-2.026542901992798,12.587,0.0,69,LAND,False,STANDBY,10,6
2026-09-28T20:00:42.437895,-35.3632619,149.1652375,0.002,-0.02,0.0,0.0,0.02372768521308899,0.02372986078262329,243,-0.00035310714156366885,-0.0004384478961583227,-2.0265443325042725,12.587,0.0,69,LAND,False,STANDBY,10,6
2026-09-28T20:00:42.938465,-35.3632619,149.1652375,0.002,-0.02,0.0,0.0,0.023455409333109856,0.023457493633031845,243,-0.0003453802492003888,-0.00043868087232112885,-2.026541233062744,12.587,0.0,69,LAND,False,STANDBY,10,6
2026-09-28T20:00:43.439175,-35.3632619,149.1652375,0.002,-0.02,0.0,0.0,0.023664670065045357,0.023666074499487877,243,-0.0003454219549894333,-0.00044526407145895064,-2.0265369415283203,12.587,0.0,69,LAND,False,STANDBY,10,6
2026-09-28T20:00:43.939941,-35.3632619,149.1652375,0.002,-0.02,0.0,0.0,0.0233809482306242,0.023382890969514847,243,-0.0003437725827097893,-0.00043787891627289355,-2.026536464691162,12.587,0.0,69,LAND,False,STANDBY,10,6
2026-09-28T20:00:44.440490,-35.3632619,149.1652375,0.002,-0.02,0.0,0.0,0.0234393198043108,0.023441331461071968,243,-0.0003466419584583491,-0.000436874310253188,-2.0265281200408936,12.587,0.0,69,LAND,False,STANDBY,10,6
2026-09-28T20:00:44.941248,-35.3632619,149.1652375,0.002,-0.02,0.0,0.0,0.023381229490041733,0.02338293567299843,243,-0.00035067880526185036,-0.00044443810475058854,-2.026519536972046,12.587,0.0,69,LAND,False,STANDBY,10,6
2026-09-28T20:00:45.442093,-35.3632619,149.1652375,0.002,-0.02,0.0,0.0,0.02354256808757782,0.02354319952428341,243,-0.0003580722841434181,-0.0004425660299602896,-2.0265190601348877,12.587,0.0,69,LAND,False,STANDBY,10,6
2026-09-28T20:00:45.942467,-35.3632619,149.1652375,0.002,-0.02,0.0,0.0,0.023559454828500748,0.023559771478176117,243,-0.00035806416417472064,-0.0004401091719046235,-2.0265185832977295,12.587,0.0,69,LAND,False,STANDBY,10,6
2026-09-28T20:00:46.443196,-35.3632619,149.1652375,0.002,-0.02,0.0,0.0,0.02384195663034916,0.023842163383960724,243,-0.00035841140197589993,-0.0004396590811666101,-2.026520252227783,12.587,0.0,69,LAND,False,STANDBY,10,6
2026-09-28T20:00:46.943448,-35.3632619,149.1652375,0.002,-0.02,0.0,0.0,0.02347356453537941,0.02347358502447605,243,-0.0003602618526201695,-0.00043589278357103467,-2.0265321731567383,12.587,0.0,69,LAND,False,STANDBY,10,6
2026-09-28T20:00:47.444333,-35.3632619,149.1652375,0.002,-0.02,0.0,0.0,0.023786477744579315,0.02378665842115879,243,-0.000364115898264572,-0.0004342053725849837,-2.0265321731567383,12.587,0.0,69,LAND,False,STANDBY,10,6
2026-09-28T20:00:47.944665,-35.3632619,149.1652375,0.002,-0.02,0.0,0.0,0.023704785853624344,0.02370557375252247,243,-0.00037018314469605684,-0.0004361376923043281,-2.0265285968780518,12.587,0.0,69,LAND,False,STANDBY,10,6
2026-09-28T20:00:48.445267,-35.3632619,149.1652375,0.002,-0.02,0.0,0.0,0.023786189034581184,0.023786460980772972,243,-0.00038178806426003575,-0.0004399599274620414,-2.0265233516693115,12.587,0.0,69,LAND,False,STANDBY,10,6
2026-09-28T20:00:48.945553,-35.3632619,149.1652375,0.002,-0.02,0.0,0.0,0.023620611056685448,0.023621004074811935,243,-0.0003767521702684462,-0.00043795217061415315,-2.0265250205993652,12.587,0.0,69,LAND,False,STANDBY,10,6
2026-09-28T20:00:49.445998,-35.3632619,149.1652375,0.002,-0.02,0.0,0.0,0.02380385622382164,0.02380412258207798,243,-0.0003776884695980698,-0.0004447651735972613,-2.0265238285064697,12.587,0.0,69,LAND,False,STANDBY,10,6
2026-09-28T20:00:49.946711,-35.3632619,149.1652375,0.002,-0.02,0.0,0.0,0.02367856726050377,0.02367943339049816,243,-0.00037028707447461784,-0.00044542321120388806,-2.0265212059020996,12.587,0.0,69,LAND,False,STANDBY,10,6
2026-09-28T20:00:50.447593,-35.3632619,149.1652375,0.002,-0.02,0.0,0.0,0.023953506723046303,0.023953987285494804,243,-0.00037131214048713446,-0.0004462063079699874,-2.0265157222747803,12.587,0.0,69,LAND,False,STANDBY,10,6
2026-09-28T20:00:50.948525,-35.3632619,149.1652375,0.002,-0.02,0.0,0.0,0.02386518009006977,0.023865321651101112,243,-0.0003685086267068982,-0.0004521314112935215,-2.026512384414673,12.587,0.0,69,LAND,False,STANDBY,10,6
2026-09-28T20:00:51.449423,-35.3632619,149.1652375,0.002,-0.02,0.0,0.0,0.024028291925787926,0.024029375985264778,243,-0.000362605118425563,-0.0004522979143075645,-2.02651309967041,12.587,0.0,69,LAND,False,STANDBY,10,6
2026-09-28T20:00:51.949976,-35.3632619,149.1652375,0.002,-0.02,0.0,0.0,0.023732302710413933,0.023733142763376236,243,-0.00036028900649398565,-0.0004475546593312174,-2.026508092880249,12.587,0.0,69,LAND,False,STANDBY,10,6
2026-09-28T20:00:52.450611,-35.3632619,149.1652375,0.002,-0.02,0.0,0.0,0.024030156433582306,0.024031110107898712,243,-0.00035805575316771865,-0.00045729693374596536,-2.0265021324157715,12.587,0.0,69,LAND,False,STANDBY,10,6
2026-09-28T20:00:52.951728,-35.3632619,149.1652375,0.002,-0.02,0.0,0.0,0.02379273809492588,0.02379358746111393,243,-0.0003488781221676618,-0.0004641817358788103,-2.0265002250671387,12.587,0.0,69,LAND,False,STANDBY,10,6
2026-09-28T20:00:53.452392,-35.3632619,149.1652375,0.002,-0.02,0.0,0.0,0.023808974772691727,0.02380928210914135,243,-0.0003544329956639558,-0.000463865784695372,-2.0264933109283447,12.587,0.0,69,LAND,False,STANDBY,10,6
2026-09-28T20:00:53.953019,-35.3632619,149.1652375,0.002,-0.02,0.0,0.0,0.02357543259859085,0.023576349020004272,243,-0.0003518433077260852,-0.00046129876864142716,-2.0264909267425537,12.587,0.0,69,LAND,False,STANDBY,10,6
2026-09-28T20:00:54.453498,-35.3632619,149.1652375,0.002,-0.02,0.0,0.0,0.023917702957987785,0.023918557912111282,243,-0.0003540060424711555,-0.0004672102222684771,-2.026489496231079,12.587,0.0,69,LAND,False,STANDBY,10,6
2026-09-28T20:00:54.953823,-35.3632619,149.1652375,0.002,-0.02,0.0,0.0,0.02371179684996605,0.023713259026408195,243,-0.00035511452006176114,-0.000471641484182328,-2.0264830589294434,12.587,0.0,69,LAND,False,STANDBY,10,6
2026-09-28T20:00:55.454593,-35.3632619,149.1652375,0.002,-0.02,0.0,0.0,0.024025149643421173,0.024026768282055855,243,-0.00036072262446396053,-0.0004833320272155106,-2.0264816284179688,12.587,0.0,69,LAND,False,STANDBY,10,6
2026-09-28T20:00:55.955544,-35.3632619,149.1652375,0.002,-0.02,0.0,0.0,0.02392035536468029,0.02392200380563736,243,-0.00035143576678819954,-0.00048023543786257505,-2.026470422744751,12.587,0.0,69,LAND,False,STANDBY,10,6
2026-09-28T20:00:56.456160,-35.3632619,149.1652375,0.002,-0.02,0.0,0.0,0.024072838947176933,0.0240746159106493,243,-0.0003511440008878708,-0.00048125104513019323,-2.0264573097229004,12.587,0.0,69,LAND,False,STANDBY,10,6
2026-09-28T20:00:56.956897,-35.3632619,149.1652375,0.002,-0.02,0.0,0.0,0.023895930498838425,0.023897385224699974,243,-0.00034108461113646626,-0.0004726163751911372,-2.0264530181884766,12.587,0.0,69,LAND,False,STANDBY,10,6
2026-09-28T20:00:57.457880,-35.3632619,149.1652375,0.002,-0.02,0.0,0.0,0.024136291816830635,0.024136420339345932,243,-0.00034619701909832656,-0.0004660125996451825,-2.026447296142578,12.587,0.0,69,LAND,False,STANDBY,10,6
2026-09-28T20:00:57.958470,-35.3632619,149.1652375,0.002,-0.02,0.0,0.0,0.023937596008181572,0.02393779717385769,243,-0.000340279599186033,-0.00046452958486042917,-2.026446580886841,12.587,0.0,69,LAND,False,STANDBY,10,6
2026-09-28T20:00:58.458967,-35.3632619,149.1652375,0.002,-0.02,0.0,0.0,0.023989401757717133,0.023989425972104073,243,-0.0003422602894715965,-0.00046279627713374794,-2.026441812515259,12.587,0.0,69,LAND,False,STANDBY,10,6
2026-09-28T20:00:58.959532,-35.3632619,149.1652375,0.002,-0.02,0.0,0.0,0.023754367604851723,0.02375437505543232,243,-0.0003410724748391658,-0.00046381467836908996,-2.0264368057250977,12.587,0.0,69,LAND,False,STANDBY,10,6
2026-09-28T20:00:59.460214,-35.3632619,149.1652375,0.002,-0.02,0.0,0.0,0.023916194215416908,0.02391626127064228,243,-0.0003424098249524832,-0.00046404279419220984,-2.026435375213623,12.587,0.0,69,LAND,False,STANDBY,10,6
2026-09-28T20:00:59.960991,-35.3632619,149.1652375,0.002,-0.02,0.0,0.0,0.023838434368371964,0.023838559165596962,243,-0.00033792672911658883,-0.0004536740016192198,-2.0264270305633545,12.587,0.0,69,LAND,False,STANDBY,10,6
2026-09-28T20:01:00.461874,-35.3632619,149.1652375,0.002,-0.02,0.0,0.0,0.02388330176472664,0.02388334833085537,243,-0.0003338096721563488,-0.00044953866745345294,-2.0264291763305664,12.587,0.0,69,LAND,False,STANDBY,10,6
2026-09-28T20:01:00.962455,-35.3632619,149.1652375,0.002,-0.02,0.0,0.0,0.02359491027891636,0.023594912141561508,243,-0.00033501346479170024,-0.0004480679053813219,-2.026432514190674,12.587,0.0,69,LAND,False,STANDBY,10,6
2026-09-28T20:01:01.463470,-35.3632619,149.1652375,0.002,-0.02,0.0,0.0,0.02365759201347828,0.023657595738768578,243,-0.0003404474991839379,-0.00045432429760694504,-2.026437997817993,12.587,0.0,69,LAND,False,STANDBY,10,6
2026-09-28T20:01:01.963731,-35.3632619,149.1652375,0.002,-0.02,0.0,0.0,0.02349001355469227,0.023490145802497864,243,-0.00034231392783112824,-0.00045246933586895466,-2.0264346599578857,12.587,0.0,69,LAND,False,STANDBY,10,6
2026-09-28T20:01:02.464549,-35.3632619,149.1652375,0.002,-0.02,0.0,0.0,0.023617399856448174,0.02361740730702877,243,-0.00035397877218201756,-0.0004494121531024575,-2.026440382003784,12.587,0.0,69,LAND,False,STANDBY,10,6
2026-09-28T20:01:02.964936,-35.3632619,149.1652375,0.002,-0.02,0.0,0.0,0.02340628020465374,0.02340663969516754,243,-0.0003473076212685555,-0.0004420004552230239,-2.0264346599578857,12.587,0.0,69,LAND,False,STANDBY,10,6
2026-09-28T20:01:03.465471,-35.3632619,149.1652375,0.002,-0.02,0.0,0.0,0.023719146847724915,0.02371956594288349,243,-0.0003571487031877041,-0.00044882181100547314,-2.026439666748047,12.587,0.0,69,LAND,False,STANDBY,10,6
2026-09-28T20:01:03.966185,-35.3632619,149.1652375,0.002,-0.02,0.0,0.0,0.023447442799806595,0.023447483777999878,243,-0.0003514871059451252,-0.0004501367802731693,-2.0264434814453125,12.587,0.0,69,LAND,False,STANDBY,10,6
2026-09-28T20:01:04.466822,-35.3632619,149.1652375,0.002,-0.02,0.0,0.0,0.023700909689068794,0.02370103821158409,243,-0.00035156705416738987,-0.00044826461817137897,-2.026441812515259,12.587,0.0,69,LAND,False,STANDBY,10,6
2026-09-28T20:01:04.967720,-35.3632619,149.1652375,0.002,-0.02,0.0,0.0,0.023481177166104317,0.023481277748942375,243,-0.0003452422097325325,-0.00044760137097910047,-2.026437997817993,12.587,0.0,69,LAND,False,STANDBY,10,6
2026-09-28T20:01:05.468502,-35.3632619,149.1652375,0.002,-0.02,0.0,0.0,0.02380218170583248,0.023802215233445168,243,-0.00034821880399249494,-0.0004598313826136291,-2.026433229446411,12.587,0.0,69,LAND,False,STANDBY,10,6
2026-09-28T20:01:05.969116,-35.3632619,149.1652375,0.002,-0.02,0.0,0.0,0.02362210676074028,0.02362212724983692,243,-0.00034656719071790576,-0.00045785927795805037,-2.0264298915863037,12.587,0.0,69,LAND,False,STANDBY,10,6
2026-09-28T20:01:06.469926,-35.3632619,149.1652375,0.002,-0.02,0.0,0.0,0.02375955320894718,0.023759616538882256,243,-0.0003469341027084738,-0.00046277567162178457,-2.0264267921447754,12.587,0.0,69,LAND,False,STANDBY,10,6
2026-09-28T20:01:06.970543,-35.3632619,149.1652375,0.002,-0.02,0.0,0.0,0.0235766489058733,0.023576654493808746,243,-0.0003489374357741326,-0.0004530406731646508,-2.0264203548431396,12.587,0.0,69,LAND,False,STANDBY,10,6
2026-09-28T20:01:07.471518,-35.3632619,149.1652375,0.002,-0.02,0.0,0.0,0.023899970576167107,0.023900413885712624,243,-0.0003510786045808345,-0.00046002661110833287,-2.026423215866089,12.587,0.0,69,LAND,False,STANDBY,10,6
2026-09-28T20:01:07.972001,-35.3632619,149.1652375,0.002,-0.02,0.0,0.0,0.023621341213583946,0.02362142689526081,243,-0.0003466831403784454,-0.0004558380169328302,-2.026425361633301,12.587,0.0,69,LAND,False,STANDBY,10,6
2026-09-28T20:01:08.472470,-35.3632619,149.1652375,0.002,-0.02,0.0,0.0,0.023627154529094696,0.023627186194062233,243,-0.00034129759296774864,-0.00044517332571558654,-2.026421308517456,12.587,0.0,69,LAND,False,STANDBY,10,6
2026-09-28T20:01:08.973245,-35.3632619,149.1652375,0.002,-0.02,0.0,0.0,0.023567071184515953,0.023567073047161102,243,-0.0003311270847916603,-0.0004393494164105505,-2.026418924331665,12.587,0.0,69,LAND,False,STANDBY,10,6
2026-09-28T20:01:09.474479,-35.3632619,149.1652375,0.002,-0.02,0.0,0.0,0.023675188422203064,0.023675190284848213,243,-0.0003442062879912555,-0.0004475704627111554,-2.0264203548431396,12.587,0.0,69,LAND,False,STANDBY,10,6
2026-09-28T20:01:09.975591,-35.3632619,149.1652375,0.002,-0.02,0.0,0.0,0.023638879880309105,0.02363923192024231,243,-0.0003370039921719581,-0.00044901997898705304,-2.026421546936035,12.587,0.0,69,LAND,False,STANDBY,10,6
2026-09-28T20:01:10.476048,-35.3632619,149.1652375,0.002,-0.02,0.0,0.0,0.02386946603655815,0.023870209231972694,243,-0.00034920196048915386,-0.0004580782842822373,-2.026421308517456,12.587,0.0,69,LAND,False,STANDBY,10,6
2026-09-28T20:01:10.976858,-35.3632619,149.1652375,0.002,-0.02,0.0,0.0,0.023762807250022888,0.02376377023756504,243,-0.0003402276197448373,-0.00045454525388777256,-2.026416778564453,12.587,0.0,69,LAND,False,STANDBY,10,6
2026-09-28T20:01:11.477519,-35.3632619,149.1652375,0.002,-0.02,0.0,0.0,0.0240680780261755,0.024068932980298996,243,-0.0003428809286560863,-0.0004559712251648307,-2.0264198780059814,12.587,0.0,69,LAND,False,STANDBY,10,6
2026-09-28T20:01:11.977944,-35.3632619,149.1652375,0.002,-0.02,0.0,0.0,0.02386026456952095,0.02386113815009594,243,-0.00033151573734357953,-0.0004554204933810979,-2.026423454284668,12.587,0.0,69,LAND,False,STANDBY,10,6
2026-09-28T20:01:12.479508,-35.3632619,149.1652375,0.002,-0.02,0.0,0.0,0.023879986256361008,0.023880155757069588,243,-0.0003363416763022542,-0.0004633781500160694,-2.0264158248901367,12.587,0.0,69,LAND,False,STANDBY,10,6
2026-09-28T20:01:12.980616,-35.3632619,149.1652375,0.002,-0.02,0.0,0.0,0.023668579757213593,0.02366938255727291,243,-0.0003308152372483164,-0.00045331064029596746,-2.026412010192871,12.587,0.0,69,LAND,False,STANDBY,10,6
2026-09-28T20:01:13.482334,-35.3632619,149.1652375,0.002,-0.02,0.0,0.0,0.02355148456990719,0.02355177327990532,243,-0.0003399713314138353,-0.0004480139759834856,-2.026413679122925,12.587,0.0,69,LAND,False,STANDBY,10,6
2026-09-28T20:01:13.983103,-35.3632619,149.1652375,0.002,-0.02,0.0,0.0,0.023633243516087532,0.023634087294340134,243,-0.0003385882591828704,-0.00044908985728397965,-2.026421308517456,12.587,0.0,69,LAND,False,STANDBY,10,6
2026-09-28T20:01:14.484785,-35.3632619,149.1652375,0.002,-0.02,0.0,0.0,0.023793796077370644,0.023795273154973984,243,-0.00033839847310446203,-0.0004557752108667046,-2.0264108180999756,12.587,0.0,69,LAND,False,STANDBY,10,6
2026-09-28T20:01:14.986144,-35.3632619,149.1652375,0.002,-0.02,0.0,0.0,0.023586418479681015,0.023587126284837723,243,-0.0003387360484339297,-0.00045011460315436125,-2.0264084339141846,12.587,0.0,69,LAND,False,STANDBY,10,6
2026-09-28T20:01:15.487756,-35.3632619,149.1652375,0.002,-0.02,0.0,0.0,0.02366841398179531,0.023668907582759857,243,-0.0003436578263062984,-0.00045355226029641926,-2.02640700340271,12.587,0.0,69,LAND,False,STANDBY,10,6
2026-09-28T20:01:15.988460,-35.3632619,149.1652375,0.002,-0.02,0.0,0.0,0.023586666211485863,0.023586781695485115,243,-0.00034474130370654166,-0.00044243119191378355,-2.0264124870300293,12.587,0.0,69,LAND,False,STANDBY,10,6
2026-09-28T20:01:16.489344,-35.3632619,149.1652375,0.002,-0.02,0.0,0.0,0.023811912164092064,0.023812036961317062,243,-0.00033959682332351804,-0.00043987136450596154,-2.02641224861145,12.587,0.0,69,LAND,False,STANDBY,10,6
2026-09-28T20:01:16.990085,-35.3632619,149.1652375,0.002,-0.02,0.0,0.0,0.023623863235116005,0.02362414449453354,243,-0.0003411970683373511,-0.000427124003181234,-2.026412010192871,12.587,0.0,69,LAND,False,STANDBY,10,6
2026-09-28T20:01:17.490464,-35.3632619,149.1652375,0.002,-0.02,0.0,0.0,0.023404445499181747,0.02340460568666458,243,-0.0003453220706433058,-0.0004331019299570471,-2.0264110565185547,12.587,0.0,69,LAND,False,STANDBY,10,6
2026-09-28T20:01:17.991159,-35.3632619,149.1652375,0.002,-0.02,0.0,0.0,0.023395445197820663,0.023396095260977745,243,-0.00034403297468088567,-0.00042890728218480945,-2.0264132022857666,12.587,0.0,69,LAND,False,STANDBY,10,6
2026-09-28T20:01:18.491844,-35.3632619,149.1652375,0.002,-0.02,0.0,0.0,0.02350478619337082,0.023505646735429764,243,-0.0003526478249114007,-0.00043344622827135026,-2.026414155960083,12.587,0.0,69,LAND,False,STANDBY,10,6
2026-09-28T20:01:18.992867,-35.3632619,149.1652375,0.002,-0.02,0.0,0.0,0.02336321398615837,0.023364782333374023,243,-0.00034268718445673585,-0.0004307010385673493,-2.0264134407043457,12.587,0.0,69,LAND,False,STANDBY,10,6
2026-09-28T20:01:19.493549,-35.3632619,149.1652375,0.002,-0.02,0.0,0.0,0.023470653221011162,0.023470891639590263,243,-0.0003464511246420443,-0.0004361277970019728,-2.026414632797241,12.587,0.0,69,LAND,False,STANDBY,10,6
2026-09-28T20:01:19.994187,-35.3632619,149.1652375,0.002,-0.02,0.0,0.0,0.02358040027320385,0.023580538108944893,243,-0.0003424585738684982,-0.0004391909169498831,-2.0264060497283936,12.587,0.0,69,LAND,False,STANDBY,10,6
2026-09-28T20:01:20.494493,-35.3632619,149.1652375,0.002,-0.02,0.0,0.0,0.023579970002174377,0.02358044497668743,243,-0.00036137105780653656,-0.0004462727520149201,-2.0264110565185547,12.587,0.0,69,LAND,False,STANDBY,10,6
2026-09-28T20:01:20.995229,-35.3632619,149.1652375,0.002,-0.02,0.0,0.0,0.023604867979884148,0.02360503189265728,243,-0.00035927421413362026,-0.00043766762246377766,-2.0264079570770264,12.587,0.0,69,LAND,False,STANDBY,10,6
2026-09-28T20:01:21.496022,-35.3632619,149.1652375,0.002,-0.02,0.0,0.0,0.023717597126960754,0.02371763437986374,243,-0.00035386800300329924,-0.0004385736829135567,-2.0264103412628174,12.587,0.0,69,LAND,False,STANDBY,10,6
2026-09-28T20:01:21.998272,-35.3632619,149.1652375,0.002,-0.02,0.0,0.0,0.02371182106435299,0.023712119087576866,243,-0.00035014349850825965,-0.00043683606781996787,-2.0264103412628174,12.587,0.0,69,LAND,False,STANDBY,10,6
2026-09-28T20:01:22.499074,-35.3632619,149.1652375,0.002,-0.02,0.0,0.0,0.023864448070526123,0.023864543065428734,243,-0.0003511483664624393,-0.0004313074459787458,-2.0264203548431396,12.587,0.0,69,LAND,False,STANDBY,10,6
2026-09-28T20:01:22.999478,-35.3632619,149.1652375,0.002,-0.02,0.0,0.0,0.02360675483942032,0.02360675483942032,243,-0.00034011618117801845,-0.0004244343435857445,-2.026416540145874,12.587,0.0,69,LAND,False,STANDBY,10,6
2026-09-28T20:01:23.500026,-35.3632619,149.1652375,0.002,-0.02,0.0,0.0,0.02360002137720585,0.023600025102496147,243,-0.0003418711421545595,-0.00042784539982676506,-2.026416301727295,12.587,0.0,69,LAND,False,STANDBY,10,6
2026-09-28T20:01:24.000459,-35.3632619,149.1652375,0.002,-0.02,0.0,0.0,0.023250596597790718,0.023250611498951912,243,-0.00033615974825806916,-0.0004271971411071718,-2.0264179706573486,12.587,0.0,69,LAND,False,STANDBY,10,6
2026-09-28T20:01:24.501329,-35.3632619,149.1652375,0.002,-0.02,0.0,0.0,0.02330082282423973,0.02330082654953003,243,-0.0003422130539547652,-0.00042741777724586427,-2.026411533355713,12.587,0.0,69,LAND,False,STANDBY,10,6
2026-09-28T20:01:25.001941,-35.3632619,149.1652375,0.002,-0.02,0.0,0.0,0.023144377395510674,0.023144647479057312,243,-0.0003447403432801366,-0.0004196064255665988,-2.026409387588501,12.587,0.0,69,LAND,False,STANDBY,10,6
2026-09-28T20:01:25.502456,-35.3632619,149.1652375,0.002,-0.02,0.0,0.0,0.023308992385864258,0.023309605196118355,243,-0.0003550302644725889,-0.00043378520058467984,-2.0264084339141846,12.587,0.0,69,LAND,False,STANDBY,10,6
2026-09-28T20:01:26.003087,-35.3632619,149.1652375,0.002,-0.02,0.0,0.0,0.02323690615594387,0.023237168788909912,243,-0.0003566558880265802,-0.00043903233017772436,-2.0263993740081787,12.587,0.0,69,LAND,False,STANDBY,10,6
2026-09-28T20:01:26.503526,-35.3632619,149.1652375,0.002,-0.02,0.0,0.0,0.023490672931075096,0.02349116839468479,243,-0.00036499640555121005,-0.0004476387402974069,-2.0263988971710205,12.587,0.0,69,LAND,False,STANDBY,10,6
2026-09-28T20:01:27.004108,-35.3632619,149.1652375,0.002,-0.02,0.0,0.0,0.02348119206726551,0.023481614887714386,243,-0.0003578248433768749,-0.00044386961963027716,-2.0263993740081787,12.587,0.0,69,LAND,False,STANDBY,10,6
2026-09-28T20:01:27.504661,-35.3632619,149.1652375,0.002,-0.02,0.0,0.0,0.023856470361351967,0.02385660819709301,243,-0.00036171634565107524,-0.0004549448494799435,-2.0263984203338623,12.587,0.0,69,LAND,False,STANDBY,10,6
2026-09-28T20:01:28.004944,-35.3632619,149.1652375,0.002,-0.02,0.0,0.0,0.02376413904130459,0.02376415953040123,243,-0.0003532403788994998,-0.00045895978109911084,-2.026400089263916,12.587,0.0,69,LAND,False,STANDBY,10,6
2026-09-28T20:01:28.505464,-35.3632619,149.1652375,0.002,-0.02,0.0,0.0,0.02394923008978367,0.023949312046170235,243,-0.0003574394213501364,-0.00046448817010968924,-2.026409864425659,12.587,0.0,69,LAND,False,STANDBY,10,6
2026-09-28T20:01:29.006127,-35.3632619,149.1652375,0.002,-0.02,0.0,0.0,0.024241147562861443,0.024241158738732338,243,-0.0003610579005908221,-0.0004563251859508455,-2.0264132022857666,12.587,0.0,69,LAND,False,STANDBY,10,6
2026-09-28T20:01:29.506562,-35.3632619,149.1652375,0.002,-0.02,0.0,0.0,0.024476630613207817,0.024476883932948112,243,-0.0003724279231391847,-0.00046140264021232724,-2.0264172554016113,12.587,0.0,69,LAND,False,STANDBY,10,6
2026-09-28T20:01:30.007015,-35.3632619,149.1652375,0.002,-0.02,0.0,0.0,0.024097993969917297,0.024098822847008705,243,-0.00035947124706581235,-0.0004448497493285686,-2.0264103412628174,12.587,0.0,69,LAND,False,STANDBY,10,6
2026-09-28T20:01:30.507452,-35.3632619,149.1652375,0.002,-0.02,0.0,0.0,0.024118470028042793,0.024119889363646507,243,-0.00036304545938037336,-0.00044186459854245186,-2.02640700340271,12.587,0.0,69,LAND,False,STANDBY,10,6
2026-09-28T20:01:31.008182,-35.3632619,149.1652375,0.002,-0.02,0.0,0.0,0.023876555263996124,0.02387820929288864,243,-0.00034538237378001213,-0.00043301063124090433,-2.0264079570770264,12.587,0.0,69,LAND,False,STANDBY,10,6
2026-09-28T20:01:31.508645,-35.3632619,149.1652375,0.002,-0.02,0.0,0.0,0.023764897137880325,0.023766053840517998,243,-0.00034360363497398794,-0.00043665268458426,-2.0264034271240234,12.587,0.0,69,LAND,False,STANDBY,10,6
2026-09-28T20:01:32.009261,-35.3632619,149.1652375,0.002,-0.02,0.0,0.0,0.023654457181692123,0.023654643446207047,243,-0.000344101368682459,-0.00042879581451416016,-2.0263917446136475,12.587,0.0,69,LAND,False,STANDBY,10,6
2026-09-28T20:01:32.510069,-35.3632619,149.1652375,0.002,-0.02,0.0,0.0,0.02355779893696308,0.02355794794857502,243,-0.0003414713137317449,-0.0004339441657066345,-2.0263915061950684,12.587,0.0,69,LAND,False,STANDBY,10,6
2026-09-28T20:01:33.010450,-35.3632619,149.1652375,0.002,-0.02,0.0,0.0,0.023333143442869186,0.023333238437771797,243,-0.00033672095742076635,-0.0004270422796253115,-2.026392936706543,12.587,0.0,69,LAND,False,STANDBY,10,6
2026-09-28T20:01:33.510880,-35.3632619,149.1652375,0.002,-0.02,0.0,0.0,0.023348873481154442,0.023348957300186157,243,-0.00033291004365310073,-0.00044037800398655236,-2.0263924598693848,12.587,0.0,69,LAND,False,STANDBY,10,6
2026-09-28T20:01:34.011454,-35.3632619,149.1652375,0.002,-0.02,0.0,0.0,0.02332882024347782,0.02332884445786476,243,-0.00032668275525793433,-0.00043003878090530634,-2.026385545730591,12.587,0.0,69,LAND,False,STANDBY,10,6
2026-09-28T20:01:34.512137,-35.3632619,149.1652375,0.002,-0.02,0.0,0.0,0.023354817181825638,0.02335495874285698,243,-0.0003316246729809791,-0.00043561524944379926,-2.026380777359009,12.587,0.0,69,LAND,False,STANDBY,10,6
2026-09-28T20:01:35.013004,-35.3632619,149.1652375,0.002,-0.02,0.0,0.0,0.02318268083035946,0.02318274974822998,243,-0.0003337157831992954,-0.0004287865594960749,-2.0263798236846924,12.587,0.0,69,LAND,False,STANDBY,10,6
2026-09-28T20:01:35.513494,-35.3632619,149.1652375,0.002,-0.02,0.0,0.0,0.023240262642502785,0.023240387439727783,243,-0.00033455202355980873,-0.00042764839599840343,-2.0263724327087402,12.587,0.0,69,LAND,False,STANDBY,10,6
2026-09-28T20:01:36.013999,-35.3632619,149.1652375,0.002,-0.02,0.0,0.0,0.023256050422787666,0.02325611561536789,243,-0.0003318338131066412,-0.00042540571303106844,-2.026367425918579,12.587,0.0,69,LAND,False,STANDBY,10,6
2026-09-28T20:01:36.514637,-35.3632619,149.1652375,0.002,-0.02,0.0,0.0,0.023578522726893425,0.023578552529215813,243,-0.00033464745501987636,-0.00043925209320150316,-2.0263609886169434,12.587,0.0,69,LAND,False,STANDBY,10,6
2026-09-28T20:01:37.015368,-35.3632619,149.1652375,0.002,-0.02,0.0,0.0,0.02342471294105053,0.023424716666340828,243,-0.00033300125505775213,-0.00043700262904167175,-2.0263655185699463,12.587,0.0,69,LAND,False,STANDBY,10,6
2026-09-28T20:01:37.515968,-35.3632619,149.1652375,0.002,-0.02,0.0,0.0,0.023502254858613014,0.023502521216869354,243,-0.0003422780428081751,-0.0004435481387190521,-2.026362657546997,12.587,0.0,69,LAND,False,STANDBY,10,6
2026-09-28T20:01:38.016501,-35.3632619,149.1652375,0.002,-0.02,0.0,0.0,0.02340058609843254,0.02340102754533291,243,-0.0003344090946484357,-0.00043452487443573773,-2.026364326477051,12.587,0.0,69,LAND,False,STANDBY,10,6
2026-09-28T20:01:38.517910,-35.3632619,149.1652375,0.002,-0.02,0.0,0.0,0.023585211485624313,0.023585697636008263,243,-0.00034175784094259143,-0.0004463800578378141,-2.0263662338256836,12.587,0.0,69,LAND,False,STANDBY,10,6
2026-09-28T20:01:39.018458,-35.3632619,149.1652375,0.002,-0.02,0.0,0.0,0.02351909503340721,0.02351994998753071,243,-0.00034106106613762677,-0.00044352022814564407,-2.026362895965576,12.587,0.0,69,LAND,False,STANDBY,10,6
2026-09-28T20:01:39.518754,-35.3632619,149.1652375,0.002,-0.02,0.0,0.0,0.02373562566936016,0.023736633360385895,243,-0.00035410808050073683,-0.0004445483209565282,-2.0263569355010986,12.587,0.0,69,LAND,False,STANDBY,10,6
2026-09-28T20:01:40.019397,-35.3632619,149.1652375,0.002,-0.02,0.0,0.0,0.023776795715093613,0.02377762645483017,243,-0.00035222768201492727,-0.0004443079815246165,-2.0263516902923584,12.587,0.0,69,LAND,False,STANDBY,10,6
2026-09-28T20:01:40.520092,-35.3632619,149.1652375,0.002,-0.02,0.0,0.0,0.023938389495015144,0.02393932454288006,243,-0.0003531508264131844,-0.0004439293115865439,-2.0263421535491943,12.587,0.0,69,LAND,False,STANDBY,10,6
2026-09-28T20:01:41.021329,-35.3632619,149.1652375,0.002,-0.02,0.0,0.0,0.02383890189230442,0.023839665576815605,243,-0.0003511266259010881,-0.00043831515358760953,-2.026336193084717,12.587,0.0,69,LAND,False,STANDBY,10,6
2026-09-28T20:01:41.522577,-35.3632619,149.1652375,0.002,-0.02,0.0,0.0,0.023958582431077957,0.023959461599588394,243,-0.00035845383536070585,-0.0004415716975927353,-2.026333808898926,12.587,0.0,69,LAND,False,STANDBY,10,6
2026-09-28T20:01:42.023165,-35.3632619,149.1652375,0.002,-0.02,0.0,0.0,0.023840295150876045,0.023841042071580887,243,-0.00035702987224794924,-0.00044525458361022174,-2.026334524154663,12.587,0.0,69,LAND,False,STANDBY,10,6
2026-09-28T20:01:42.523565,-35.3632619,149.1652375,0.002,-0.02,0.0,0.0,0.02398577705025673,0.02398589439690113,243,-0.00036651085247285664,-0.00044537641224451363,-2.0263404846191406,12.587,0.0,69,LAND,False,STANDBY,10,6
2026-09-28T20:01:43.024391,-35.3632619,149.1652375,0.002,-0.02,0.0,0.0,0.023754876106977463,0.02375488169491291,243,-0.00035428866976872087,-0.00043904356425628066,-2.0263516902923584,12.587,0.0,69,LAND,False,STANDBY,10,6
2026-09-28T20:01:43.525398,-35.3632619,149.1652375,0.002,-0.02,0.0,0.0,0.02404390648007393,0.024043932557106018,243,-0.0003616680041886866,-0.00044460283243097365,-2.0263478755950928,12.587,0.0,69,LAND,False,STANDBY,10,6
2026-09-28T20:01:44.026556,-35.3632619,149.1652375,0.002,-0.02,0.0,0.0,0.023874539881944656,0.023874549195170403,243,-0.0003601562639232725,-0.0004354286938905716,-2.0263495445251465,12.587,0.0,69,LAND,False,STANDBY,10,6
2026-09-28T20:01:44.527452,-35.3632619,149.1652375,0.002,-0.02,0.0,0.0,0.023808322846889496,0.023808373138308525,243,-0.0003652463492471725,-0.0004406509397085756,-2.0263497829437256,12.587,0.0,69,LAND,False,STANDBY,10,6
2026-09-28T20:01:45.028565,-35.3632619,149.1652375,0.002,-0.02,0.0,0.0,0.023770291358232498,0.023770388215780258,243,-0.00036543046007864177,-0.0004388030502013862,-2.026339292526245,12.587,0.0,69,LAND,False,STANDBY,10,6
2026-09-28T20:01:45.529527,-35.3632619,149.1652375,0.002,-0.02,0.0,0.0,0.02374430187046528,0.023744305595755577,243,-0.0003608607512433082,-0.0004423559585120529,-2.0263383388519287,12.587,0.0,69,LAND,False,STANDBY,10,6
2026-09-28T20:01:46.030463,-35.3632619,149.1652375,0.002,-0.02,0.0,0.0,0.023609109222888947,0.02360924333333969,243,-0.000353543582605198,-0.00043663737596943974,-2.0263431072235107,12.587,0.0,69,LAND,False,STANDBY,10,6
2026-09-28T20:01:46.531546,-35.3632619,149.1652375,0.002,-0.02,0.0,0.0,0.023640204221010208,0.02364031784236431,243,-0.0003603426448535174,-0.0004428613465279341,-2.026348829269409,12.587,0.0,69,LAND,False,STANDBY,10,6
2026-09-28T20:01:47.033563,-35.3632619,149.1652375,0.002,-0.02,0.0,0.0,0.023725636303424835,0.02372564934194088,243,-0.00035721081076189876,-0.000438651506556198,-2.0263545513153076,12.587,0.0,69,LAND,False,STANDBY,10,6
2026-09-28T20:01:47.534455,-35.3632619,149.1652375,0.002,-0.02,0.0,0.0,0.02378607913851738,0.023786094039678574,243,-0.00036569780786521733,-0.0004454581066966057,-2.0263571739196777,12.587,0.0,69,LAND,False,STANDBY,10,6
2026-09-28T20:01:48.035098,-35.3632619,149.1652375,0.002,-0.02,0.0,0.0,0.023914063349366188,0.023914065212011337,243,-0.0003632591397035867,-0.0004397354496177286,-2.0263538360595703,12.587,0.0,69,LAND,False,STANDBY,10,6
2026-09-28T20:01:48.536417,-35.3632619,149.1652375,0.002,-0.02,0.0,0.0,0.02400575578212738,0.024005839601159096,243,-0.0003620663483161479,-0.0004546045383904129,-2.0263423919677734,12.587,0.0,69,LAND,False,STANDBY,10,6
2026-09-28T20:01:49.036992,-35.3632619,149.1652375,0.002,-0.02,0.0,0.0,0.02399701625108719,0.023997018113732338,243,-0.00035246863262727857,-0.0004539797082543373,-2.0263428688049316,12.587,0.0,69,LAND,False,STANDBY,10,6
2026-09-28T20:01:49.538492,-35.3632619,149.1652375,0.002,-0.02,0.0,0.0,0.0240058284252882,0.02400607243180275,243,-0.00035556656075641513,-0.0004598893574438989,-2.0263383388519287,12.587,0.0,69,LAND,False,STANDBY,10,6
2026-09-28T20:01:50.039721,-35.3632619,149.1652375,0.002,-0.02,0.0,0.0,0.02393183670938015,0.02393200248479843,243,-0.0003536272270139307,-0.00045972247608006,-2.0263373851776123,12.587,0.0,69,LAND,False,STANDBY,10,6
2026-09-28T20:01:50.540624,-35.3632619,149.1652375,0.002,-0.02,0.0,0.0,0.0239877812564373,0.023988068103790283,243,-0.00035525174462236464,-0.0004645531880669296,-2.0263285636901855,12.587,0.0,69,LAND,False,STANDBY,10,6
2026-09-28T20:01:51.041567,-35.3632619,149.1652375,0.002,-0.02,0.0,0.0,0.02394711971282959,0.023947423323988914,243,-0.00035123873385600746,-0.00046012940583750606,-2.026324510574341,12.587,0.0,69,LAND,False,STANDBY,10,6
2026-09-28T20:01:51.542504,-35.3632619,149.1652375,0.002,-0.02,0.0,0.0,0.02417287416756153,0.024173099547624588,243,-0.0003589050320442766,-0.00046359357656911016,-2.0263237953186035,12.587,0.0,69,LAND,False,STANDBY,10,6
2026-09-28T20:01:52.043550,-35.3632619,149.1652375,0.002,-0.02,0.0,0.0,0.023996666073799133,0.02399701625108719,243,-0.00035054789623245597,-0.0004550852463580668,-2.0263211727142334,12.587,0.0,69,LAND,False,STANDBY,10,6
2026-09-28T20:01:52.544239,-35.3632619,149.1652375,0.002,-0.02,0.0,0.0,0.02400369569659233,0.02400439791381359,243,-0.00036529061617329717,-0.00045167497592046857,-2.026318073272705,12.587,0.0,69,LAND,False,STANDBY,10,6
2026-09-28T20:01:53.044940,-35.3632619,149.1652375,0.002,-0.02,0.0,0.0,0.023842977359890938,0.02384321391582489,243,-0.0003617819456849247,-0.00043516632285900414,-2.026322364807129,12.587,0.0,69,LAND,False,STANDBY,10,6
2026-09-28T20:01:53.546119,-35.3632619,149.1652375,0.002,-0.02,0.0,0.0,0.023836009204387665,0.023836245760321617,243,-0.00036377852666191757,-0.0004338159633334726,-2.026317834854126,12.587,0.0,69,LAND,False,STANDBY,10,6
2026-09-28T20:01:54.047839,-35.3632619,149.1652375,0.002,-0.02,0.0,0.0,0.02376370318233967,0.02376406639814377,243,-0.00037091420381329954,-0.0004258510598447174,-2.026313304901123,12.587,0.0,69,LAND,False,STANDBY,10,6
2026-09-28T20:01:54.548456,-35.3632619,149.1652375,0.002,-0.02,0.0,0.0,0.023767460137605667,0.02376765012741089,243,-0.00036903886939398944,-0.00042608685907907784,-2.0263099670410156,12.587,0.0,69,LAND,False,STANDBY,10,6
2026-09-28T20:01:55.048672,-35.3632619,149.1652375,0.002,-0.02,0.0,0.0,0.023667944595217705,0.023668017238378525,243,-0.00036825999268330634,-0.00042682202183641493,-2.026320219039917,12.587,0.0,69,LAND,False,STANDBY,10,6
2026-09-28T20:01:55.549910,-35.3632619,149.1652375,0.002,-0.02,0.0,0.0,0.02370031550526619,0.023700913414359093,243,-0.0003686003328766674,-0.0004306286864448339,-2.0263264179229736,12.587,0.0,69,LAND,False,STANDBY,10,6
2026-09-28T20:01:56.050465,-35.3632619,149.1652375,0.002,-0.02,0.0,0.0,0.02374083176255226,0.023740913718938828,243,-0.00036430294858291745,-0.0004233567451592535,-2.026332378387451,12.587,0.0,69,LAND,False,STANDBY,10,6
2026-09-28T20:01:56.551319,-35.3632619,149.1652375,0.002,-0.02,0.0,0.0,0.023890012875199318,0.02389007993042469,243,-0.0003688609867822379,-0.0004240965354256332,-2.0263237953186035,12.587,0.0,69,LAND,False,STANDBY,10,6
2026-09-28T20:01:57.051970,-35.3632619,149.1652375,0.002,-0.02,0.0,0.0,0.02355915866792202,0.023559212684631348,243,-0.0003636002657003701,-0.00041750355740077794,-2.0263149738311768,12.587,0.0,69,LAND,False,STANDBY,10,6
2026-09-28T20:01:57.552461,-35.3632619,149.1652375,0.002,-0.02,0.0,0.0,0.02360835298895836,0.02360837534070015,243,-0.00036700867349281907,-0.00042532384395599365,-2.026315450668335,12.587,0.0,69,LAND,False,STANDBY,10,6
2026-09-28T20:01:58.052695,-35.3632619,149.1652375,0.002,-0.02,0.0,0.0,0.023771027103066444,0.023771075531840324,243,-0.0003582416975405067,-0.00042936866520904005,-2.0263073444366455,12.587,0.0,69,LAND,False,STANDBY,10,6
2026-09-28T20:01:58.553636,-35.3632619,149.1652375,0.002,-0.02,0.0,0.0,0.02394937351346016,0.023949772119522095,243,-0.0003601574862841517,-0.00043057455332018435,-2.0263123512268066,12.587,0.0,69,LAND,False,STANDBY,10,6
2026-09-28T20:01:59.054102,-35.3632619,149.1652375,0.002,-0.02,0.0,0.0,0.023681901395320892,0.023682452738285065,243,-0.0003490782401058823,-0.0004221279523335397,-2.0263044834136963,12.587,0.0,69,LAND,False,STANDBY,10,6
2026-09-28T20:01:59.554584,-35.3632619,149.1652375,0.002,-0.02,0.0,0.0,0.02370239980518818,0.023702552542090416,243,-0.00035265565384179354,-0.00042470174957998097,-2.0263054370880127,12.587,0.0,69,LAND,False,STANDBY,10,6
2026-09-28T20:02:00.055319,-35.3632619,149.1652375,0.002,-0.02,0.0,0.0,0.023657789453864098,0.02365897037088871,243,-0.0003463233879301697,-0.0004227345634717494,-2.026306629180908,12.587,0.0,69,LAND,False,STANDBY,10,6
2026-09-28T20:02:00.555830,-35.3632619,149.1652375,0.002,-0.02,0.0,0.0,0.02361099049448967,0.02361128479242325,243,-0.0003483572509139776,-0.00042299559572711587,-2.0263030529022217,12.587,0.0,69,LAND,False,STANDBY,10,6
2026-09-28T20:02:01.056574,-35.3632619,149.1652375,0.002,-0.02,0.0,0.0,0.023403096944093704,0.02340310625731945,243,-0.00035216190735809505,-0.00040631103911437094,-2.026298999786377,12.587,0.0,69,LAND,False,STANDBY,10,6
2026-09-28T20:02:01.557542,-35.3632619,149.1652375,0.002,-0.02,0.0,0.0,0.023352565243840218,0.02335256338119507,243,-0.00035021212534047663,-0.00041527298162691295,-2.026299238204956,12.587,0.0,69,LAND,False,STANDBY,10,6
2026-09-28T20:02:02.059460,-35.3632619,149.1652375,0.002,-0.02,0.0,0.0,0.023358309641480446,0.0233586635440588,243,-0.0003398859116714448,-0.0004198148672003299,-2.0262980461120605,12.587,0.0,69,LAND,False,STANDBY,10,6
2026-09-28T20:02:02.559945,-35.3632619,149.1652375,0.002,-0.02,0.0,0.0,0.0234169103205204,0.023417849093675613,243,-0.0003417074913159013,-0.00043025033664889634,-2.0262985229492188,12.587,0.0,69,LAND,False,STANDBY,10,6
2026-09-28T20:02:03.060461,-35.3632619,149.1652375,0.002,-0.02,0.0,0.0,0.023500410839915276,0.023500721901655197,243,-0.0003457657294347882,-0.0004283313755877316,-2.0263049602508545,12.587,0.0,69,LAND,False,STANDBY,10,6
2026-09-28T20:02:03.560864,-35.3632619,149.1652375,0.002,-0.02,0.0,0.0,0.02385985665023327,0.023860502988100052,243,-0.0003581410273909569,-0.00043874330003745854,-2.026296854019165,12.587,0.0,69,LAND,False,STANDBY,10,6
2026-09-28T20:02:04.061545,-35.3632619,149.1652375,0.002,-0.02,0.0,0.0,0.023825159296393394,0.023826628923416138,243,-0.0003530588001012802,-0.00043533305870369077,-2.026296377182007,12.587,0.0,69,LAND,False,STANDBY,10,6
2026-09-28T20:02:04.561879,-35.3632619,149.1652375,0.002,-0.02,0.0,0.0,0.02401753142476082,0.024017661809921265,243,-0.00035897846100851893,-0.0004475273017305881,-2.026296377182007,12.587,0.0,69,LAND,False,STANDBY,10,6
2026-09-28T20:02:05.062574,-35.3632619,149.1652375,0.002,-0.02,0.0,0.0,0.023929031565785408,0.0239290501922369,243,-0.0003476712154224515,-0.0004428883548825979,-2.0262856483459473,12.587,0.0,69,LAND,False,STANDBY,10,6
2026-09-28T20:02:05.564022,-35.3632619,149.1652375,0.002,-0.02,0.0,0.0,0.023972762748599052,0.023972881957888603,243,-0.00035149752511642873,-0.0004472804721444845,-2.026280403137207,12.587,0.0,69,LAND,False,STANDBY,10,6
2026-09-28T20:02:06.068788,-35.3632619,149.1652375,0.002,-0.02,0.0,0.0,0.02374863810837269,0.023748794570565224,243,-0.00034699589014053345,-0.0004376825818326324,-2.026280403137207,12.587,0.0,69,LAND,False,STANDBY,10,6
2026-09-28T20:02:06.569256,-35.3632619,149.1652375,0.002,-0.02,0.0,0.0,0.023836487904191017,0.02383667416870594,243,-0.00036345154512673616,-0.0004384432395454496,-2.0262703895568848,12.587,0.0,69,LAND,False,STANDBY,10,6
2026-09-28T20:02:07.069877,-35.3632619,149.1652375,0.002,-0.02,0.0,0.0,0.023722991347312927,0.02372310310602188,243,-0.00035220812424086034,-0.0004379723104648292,-2.0262694358825684,12.587,0.0,69,LAND,False,STANDBY,10,6
2026-09-28T20:02:07.570462,-35.3632619,149.1652375,0.002,-0.02,0.0,0.0,0.02387908659875393,0.02387947216629982,243,-0.0003575740847736597,-0.0004373656411189586,-2.02626633644104,12.587,0.0,69,LAND,False,STANDBY,10,6
2026-09-28T20:02:08.071132,-35.3632619,149.1652375,0.002,-0.02,0.0,0.0,0.02391546405851841,0.023915788158774376,243,-0.00035429091076366603,-0.0004375680291559547,-2.026263952255249,12.587,0.0,69,LAND,False,STANDBY,10,6
2026-09-28T20:02:08.571804,-35.3632619,149.1652375,0.002,-0.02,0.0,0.0,0.024056928232312202,0.02405756711959839,243,-0.00035546376602724195,-0.0004441426135599613,-2.0262582302093506,12.587,0.0,69,LAND,False,STANDBY,10,6
2026-09-28T20:02:09.073079,-35.3632619,149.1652375,0.002,-0.02,0.0,0.0,0.02393430285155773,0.023935450240969658,243,-0.00034130437416024506,-0.0004397160082589835,-2.0262537002563477,12.587,0.0,69,LAND,False,STANDBY,10,6
2026-09-28T20:02:09.575002,-35.3632619,149.1652375,0.002,-0.02,0.0,0.0,0.02396121807396412,0.02396177500486374,243,-0.00034166345722042024,-0.00044329091906547546,-2.0262441635131836,12.587,0.0,69,LAND,False,STANDBY,10,6
2026-09-28T20:02:10.075637,-35.3632619,149.1652375,0.002,-0.02,0.0,0.0,0.023529767990112305,0.023530540987849236,243,-0.0003412436635699123,-0.00043338697287254035,-2.0262551307678223,12.587,0.0,69,LAND,False,STANDBY,10,6
2026-09-28T20:02:10.576327,-35.3632619,149.1652375,0.002,-0.02,0.0,0.0,0.02378496155142784,0.02378564327955246,243,-0.0003509407688397914,-0.00043672844185493886,-2.026257276535034,12.587,0.0,69,LAND,False,STANDBY,10,6
2026-09-28T20:02:11.077382,-35.3632619,149.1652375,0.002,-0.02,0.0,0.0,0.023727666586637497,0.023728085681796074,243,-0.00035158920218236744,-0.000434418732766062,-2.0262551307678223,12.587,0.0,69,LAND,False,STANDBY,10,6
2026-09-28T20:02:11.577927,-35.3632619,149.1652375,0.002,-0.02,0.0,0.0,0.02367558144032955,0.02367560938000679,243,-0.0003588116669561714,-0.0004450776905287057,-2.026247501373291,12.587,0.0,69,LAND,False,STANDBY,10,6
2026-09-28T20:02:12.078470,-35.3632619,149.1652375,0.002,-0.02,0.0,0.0,0.023775937035679817,0.023775940760970116,243,-0.00035238414420746267,-0.00043816014658659697,-2.026245355606079,12.587,0.0,69,LAND,False,STANDBY,10,6
2026-09-28T20:02:12.579062,-35.3632619,149.1652375,0.002,-0.02,0.0,0.0,0.023857751861214638,0.023857777938246727,243,-0.0003610606654547155,-0.0004397852171678096,-2.0262374877929688,12.587,0.0,69,LAND,False,STANDBY,10,6
2026-09-28T20:02:13.079628,-35.3632619,149.1652375,0.002,-0.02,0.0,0.0,0.023704534396529198,0.023704685270786285,243,-0.0003546156804077327,-0.00043341604759916663,-2.0262277126312256,12.587,0.0,69,LAND,False,STANDBY,10,6
2026-09-28T20:02:13.580254,-35.3632619,149.1652375,0.002,-0.02,0.0,0.0,0.02372848615050316,0.02372892200946808,243,-0.0003548997628968209,-0.0004431747947819531,-2.026221752166748,12.587,0.0,69,LAND,False,STANDBY,10,6
2026-09-28T20:02:14.080465,-35.3632619,149.1652375,0.002,-0.02,0.0,0.0,0.023753153160214424,0.023753216490149498,243,-0.0003510270908009261,-0.0004407155211083591,-2.0262198448181152,12.587,0.0,69,LAND,False,STANDBY,10,6
2026-09-28T20:02:14.581451,-35.3632619,149.1652375,0.002,-0.02,0.0,0.0,0.023796692490577698,0.02379671484231949,243,-0.0003546217631082982,-0.00044334519770927727,-2.0262160301208496,12.587,0.0,69,LAND,False,STANDBY,10,6
2026-09-28T20:02:15.082121,-35.3632619,149.1652375,0.002,-0.02,0.0,0.0,0.02375967428088188,0.023759745061397552,243,-0.00034647693973965943,-0.00043433118844404817,-2.0262084007263184,12.587,0.0,69,LAND,False,STANDBY,10,6
2026-09-28T20:02:15.582643,-35.3632619,149.1652375,0.002,-0.02,0.0,0.0,0.023765550926327705,0.023765599355101585,243,-0.0003433395177125931,-0.0004421172779984772,-2.0261995792388916,12.587,0.0,69,LAND,False,STANDBY,10,6
2026-09-28T20:02:16.083189,-35.3632619,149.1652375,0.002,-0.02,0.0,0.0,0.02362576313316822,0.023625904694199562,243,-0.0003310173924546689,-0.00043181527871638536,-2.026197910308838,12.587,0.0,69,LAND,False,STANDBY,10,6
2026-09-28T20:02:16.583778,-35.3632619,149.1652375,0.002,-0.02,0.0,0.0,0.023563168942928314,0.023563202470541,243,-0.0003364268341101706,-0.00042841368122026324,-2.026193380355835,12.587,0.0,69,LAND,False,STANDBY,10,6
2026-09-28T20:02:17.084477,-35.3632619,149.1652375,0.002,-0.02,0.0,0.0,0.023445120081305504,0.0234451312571764,243,-0.00032633516821078956,-0.00042214299901388586,-2.026193380355835,12.587,0.0,69,LAND,False,STANDBY,10,6
2026-09-28T20:02:17.585092,-35.3632619,149.1652375,0.002,-0.02,0.0,0.0,0.023414453491568565,0.02341446653008461,243,-0.0003340942785143852,-0.00042621264583431184,-2.02618670463562,12.587,0.0,69,LAND,False,STANDBY,10,6
2026-09-28T20:02:18.085801,-35.3632619,149.1652375,0.002,-0.02,0.0,0.0,0.023400727659463882,0.023400804027915,243,-0.0003280877135694027,-0.00042268147808499634,-2.0261852741241455,12.587,0.0,69,LAND,False,STANDBY,10,6
2026-09-28T20:02:18.586474,-35.3632619,149.1652375,0.002,-0.02,0.0,0.0,0.023647576570510864,0.02364763244986534,243,-0.0003357219393365085,-0.0004258810367900878,-2.02618670463562,12.587,0.0,69,LAND,False,STANDBY,10,6
2026-09-28T20:02:19.087119,-35.3632619,149.1652375,0.002,-0.02,0.0,0.0,0.023401770740747452,0.023401934653520584,243,-0.0003311250184196979,-0.00042782959644682705,-2.0261857509613037,12.587,0.0,69,LAND,False,STANDBY,10,6
2026-09-28T20:02:19.587575,-35.3632619,149.1652375,0.002,-0.02,0.0,0.0,0.023523282259702682,0.023523487150669098,243,-0.0003447588242124766,-0.00043835799442604184,-2.0261850357055664,12.587,0.0,69,LAND,False,STANDBY,10,6
2026-09-28T20:02:20.088351,-35.3632619,149.1652375,0.002,-0.02,0.0,0.0,0.02341572754085064,0.02341593988239765,243,-0.0003371255297679454,-0.000441018957644701,-2.026189088821411,12.587,0.0,69,LAND,False,STANDBY,10,6
2026-09-28T20:02:20.589210,-35.3632619,149.1652375,0.002,-0.02,0.0,0.0,0.02351541444659233,0.023516329005360603,243,-0.0003405965690035373,-0.0004472820146474987,-2.026188611984253,12.587,0.0,69,LAND,False,STANDBY,10,6
2026-09-28T20:02:21.089699,-35.3632619,149.1652375,0.002,-0.02,0.0,0.0,0.02341552823781967,0.023416554555296898,243,-0.0003374627267476171,-0.0004417066229507327,-2.0261940956115723,12.587,0.0,69,LAND,False,STANDBY,10,6
2026-09-28T20:02:21.590288,-35.3632619,149.1652375,0.002,-0.02,0.0,0.0,0.0237433984875679,0.02374422363936901,243,-0.0003449679643381387,-0.00045526790199801326,-2.0262014865875244,12.587,0.0,69,LAND,False,STANDBY,10,6
2026-09-28T20:02:22.091210,-35.3632619,149.1652375,0.002,-0.02,0.0,0.0,0.023736266419291496,0.02373674511909485,243,-0.0003537542943377048,-0.0004546377167571336,-2.0261988639831543,12.587,0.0,69,LAND,False,STANDBY,10,6
2026-09-28T20:02:22.592114,-35.3632619,149.1652375,0.002,-0.02,0.0,0.0,0.02400548756122589,0.02400592714548111,243,-0.000356927455868572,-0.0004527824930846691,-2.0261943340301514,12.587,0.0,69,LAND,False,STANDBY,10,6
2026-09-28T20:02:23.092868,-35.3632619,149.1652375,0.002,-0.02,0.0,0.0,0.023932816460728645,0.023932816460728645,243,-0.0003552869020495564,-0.00044563834671862423,-2.0261826515197754,12.587,0.0,69,LAND,False,STANDBY,10,6
2026-09-28T20:02:23.594001,-35.3632619,149.1652375,0.002,-0.02,0.0,0.0,0.023988589644432068,0.02398945391178131,243,-0.00035677774576470256,-0.0004376278957352042,-2.026174545288086,12.587,0.0,69,LAND,False,STANDBY,10,6
2026-09-28T20:02:24.094503,-35.3632619,149.1652375,0.002,-0.02,0.0,0.0,0.023720841854810715,0.023721616715192795,243,-0.000329344387864694,-0.00041940377559512854,-2.0261590480804443,12.587,0.0,69,LAND,False,STANDBY,10,6
2026-09-28T20:02:24.595013,-35.3632619,149.1652375,0.002,-0.02,0.0,0.0,0.023540088906884193,0.023540638387203217,243,-0.00030760039226152003,-0.00039772686432115734,-2.0261495113372803,12.587,0.0,69,LAND,False,STANDBY,10,6
2026-09-28T20:02:25.095463,-35.3632619,149.1652375,0.002,-0.02,0.0,0.0,0.023256318643689156,0.023257946595549583,243,-0.0002738885523285717,-0.0003630860592238605,-2.0261194705963135,12.587,0.0,69,LAND,False,STANDBY,10,6
2026-09-28T20:02:25.596497,-35.3632619,149.1652375,0.002,-0.02,0.0,0.0,0.022787457332015038,0.022789500653743744,243,-0.0002407058927929029,-0.00032624512095935643,-2.0260748863220215,12.587,0.0,69,LAND,False,STANDBY,10,6
2026-09-28T20:02:26.097473,-35.3632619,149.1652375,0.002,-0.02,0.0,0.0,0.021746870130300522,0.02174936980009079,243,-0.00019444017380010337,-0.00028513051802292466,-2.0260303020477295,12.587,0.0,69,LAND,False,STANDBY,10,6
2026-09-28T20:02:26.598328,-35.3632619,149.1652375,0.002,-0.01,0.0,0.0,0.021011706441640854,0.021014690399169922,243,-0.00015474202518817037,-0.0002517823886591941,-2.02598237991333,12.587,0.0,69,LAND,False,STANDBY,10,6
2026-09-28T20:02:27.101479,-35.3632619,149.1652375,0.002,-0.01,0.0,0.0,0.020220516249537468,0.0202252846211195,243,-0.00010165237472392619,-0.0002078763209283352,-2.0259299278259277,12.587,0.0,69,LAND,False,STANDBY,10,6
2026-09-28T20:02:27.602092,-35.3632619,149.1652375,0.001,-0.01,0.0,0.0,0.019365457817912102,0.01936846412718296,243,-5.21642214152962e-05,-0.0001645633310545236,-2.0258710384368896,12.587,0.0,69,LAND,False,STANDBY,10,6
2026-09-28T20:02:28.102557,-35.3632619,149.1652375,0.001,-0.01,0.0,0.0,0.018381847068667412,0.018384506925940514,243,-6.894441867189016e-06,-0.00010529447899898514,-2.0258066654205322,12.587,0.0,69,LAND,False,STANDBY,10,6
2026-09-28T20:02:28.603205,-35.3632619,149.1652375,0.001,-0.01,0.0,0.0,0.0173779409378767,0.01738053187727928,243,3.978005042881705e-05,-5.689854151569307e-05,-2.025728464126587,12.587,0.0,69,LAND,False,STANDBY,10,6
2026-09-28T20:02:29.103522,-35.3632619,149.1652375,0.001,-0.01,0.0,0.0,0.016323383897542953,0.016324670985341072,243,9.840678831096739e-05,-8.494105259160278e-07,-2.025649070739746,12.587,0.0,69,LAND,False,STANDBY,10,6
2026-09-28T20:02:29.604047,-35.3632619,149.1652375,0.001,-0.01,0.0,0.0,0.01508403941988945,0.015084939077496529,243,0.0001497590565122664,6.103592022554949e-05,-2.025568962097168,12.587,0.0,69,LAND,False,STANDBY,10,6
2026-09-28T20:02:30.104573,-35.3632619,149.1652375,0.001,-0.01,0.0,0.0,0.013829956762492657,0.013831530697643757,243,0.0002008506708079949,0.00011167625052621588,-2.0254769325256348,12.587,0.0,69,LAND,False,STANDBY,10,6
2026-09-28T20:02:30.605031,-35.3632619,149.1652375,0.001,-0.01,0.0,0.0,0.012634445913136005,0.012637188658118248,243,0.0002509723126422614,0.00016434477583970875,-2.025385618209839,12.587,0.0,69,LAND,False,STANDBY,10,6
2026-09-28T20:02:31.105454,-35.3632618,149.1652375,0.001,-0.01,0.0,0.0,0.011395438574254513,0.011397702619433403,243,0.00030115334084257483,0.00021187397942412645,-2.025286912918091,12.587,0.0,69,LAND,False,STANDBY,10,6
2026-09-28T20:02:31.605664,-35.3632618,149.1652375,0.001,0.0,0.0,0.0,0.01030076202005148,0.010301804170012474,243,0.00034699111711233854,0.0002606214547995478,-2.025188446044922,12.587,0.0,69,LAND,False,STANDBY,10,6
2026-09-28T20:02:32.106287,-35.3632618,149.1652375,0.002,0.0,0.0,0.0,0.008966794237494469,0.008968503214418888,243,0.0004061702929902822,0.00030729841091670096,-2.0250766277313232,12.587,0.0,69,LAND,False,STANDBY,10,6
2026-09-28T20:02:32.606754,-35.3632618,149.1652375,0.002,0.0,0.0,0.0,0.007894027978181839,0.007895220071077347,243,0.0004620588442776352,0.00034685307764448225,-2.0249621868133545,12.587,0.0,69,LAND,False,STANDBY,10,6
2026-09-28T20:02:33.107304,-35.3632618,149.1652375,0.002,0.0,0.0,0.0,0.006898336112499237,0.006899226922541857,243,0.0005026576691307127,0.00040054769488051534,-2.024847984313965,12.587,0.0,69,LAND,False,STANDBY,10,6
2026-09-28T20:02:33.607690,-35.3632618,149.1652375,0.002,0.0,0.0,0.0,0.0059594023041427135,0.00596104608848691,244,0.000544469861779362,0.00044281562441028655,-2.024732828140259,12.587,0.0,69,LAND,False,STANDBY,10,6
2026-09-28T20:02:34.108330,-35.3632618,149.1652375,0.002,0.0,0.0,0.0,0.004948032554239035,0.004953055176883936,244,0.0005891598993912339,0.00048026986769400537,-2.024606227874756,12.587,0.0,69,LAND,False,STANDBY,10,6
2026-09-28T20:02:34.608670,-35.3632618,149.1652375,0.002,0.0,0.0,0.0,0.004125410225242376,0.004128775093704462,244,0.0006337794475257397,0.000521825160831213,-2.024475574493408,12.587,0.0,69,LAND,False,STANDBY,10,6
2026-09-28T20:02:35.109171,-35.3632618,149.1652375,0.002,0.0,0.0,0.0,0.003148865420371294,0.003151710145175457,244,0.0006736073992215097,0.000570041302125901,-2.024345636367798,12.587,0.0,69,LAND,False,STANDBY,10,6
2026-09-28T20:02:35.609869,-35.3632618,149.1652375,0.002,0.0,0.0,0.0,0.0021751723252236843,0.002176167443394661,244,0.000719099713023752,0.0006113126291893423,-2.0242037773132324,12.587,0.0,69,LAND,False,STANDBY,10,6
2026-09-28T20:02:36.110652,-35.3632618,149.1652375,0.002,0.0,0.0,0.0,0.0014353974256664515,0.0014394957106560469,244,0.0007502188673242927,0.0006544365314766765,-2.0240542888641357,12.587,0.0,69,LAND,False,STANDBY,10,6
2026-09-28T20:02:36.611615,-35.3632618,149.1652375,0.002,0.0,0.0,0.0,0.0005355336470529437,0.0005381357041187584,244,0.0007862916099838912,0.0006904255715198815,-2.0239179134368896,12.587,0.0,69,LAND,False,STANDBY,10,6
2026-09-28T20:02:37.112514,-35.3632618,149.1652375,0.002,0.0,0.0,0.0,0.0003345170698594302,0.000343149877153337,244,0.0008144138264469802,0.0007244522566907108,-2.023766279220581,12.587,0.0,69,LAND,False,STANDBY,10,6
2026-09-28T20:02:37.613750,-35.3632618,149.1652375,0.002,0.0,0.0,0.0,0.0011249136878177524,0.0011252084514126182,244,0.0008577123517170548,0.0007640679250471294,-2.0236144065856934,12.587,0.0,69,LAND,False,STANDBY,10,6
2026-09-28T20:02:38.114408,-35.3632618,149.1652375,0.002,0.0,0.0,0.0,0.0019082394428551197,0.001909526763483882,244,0.0008891202160157263,0.0007987341959960759,-2.023463726043701,12.587,0.0,69,LAND,False,STANDBY,10,6
2026-09-28T20:02:38.615085,-35.3632617,149.1652375,0.002,0.0,0.0,0.0,0.002623331733047962,0.0026234679389744997,244,0.0009170737466774881,0.0008360263309441507,-2.0233027935028076,12.587,0.0,69,LAND,False,STANDBY,10,6
2026-09-28T20:02:39.115463,-35.3632617,149.1652375,0.002,0.0,0.0,0.0,0.0033738475758582354,0.0033744119573384523,244,0.0009403638541698456,0.0008707548258826137,-2.0231449604034424,12.587,0.0,69,LAND,False,STANDBY,10,6
2026-09-28T20:02:39.616214,-35.3632617,149.1652375,0.002,0.0,0.0,0.0,0.004136080853641033,0.004138684831559658,244,0.0009733097977004945,0.0009035622933879495,-2.022977590560913,12.587,0.0,69,LAND,False,STANDBY,10,6
2026-09-28T20:02:40.116464,-35.3632617,149.1652375,0.002,0.0,0.0,0.0,0.004793926607817411,0.004798542242497206,244,0.0010033240541815758,0.0009326717699877918,-2.0228161811828613,12.587,0.0,69,LAND,False,STANDBY,10,6
2026-09-28T20:02:40.617147,-35.3632617,149.1652375,0.002,0.0,0.0,0.0,0.00534420320764184,0.005345787853002548,244,0.0010360517771914601,0.0009608221589587629,-2.022644519805908,12.587,0.0,69,LAND,False,STANDBY,10,6
2026-09-28T20:02:41.117468,-35.3632617,149.1652375,0.002,0.0,0.0,0.0,0.006069710943847895,0.006071868818253279,244,0.001069271587766707,0.0009908336214721203,-2.0224668979644775,12.587,0.0,69,LAND,False,STANDBY,10,6
2026-09-28T20:02:41.618158,-35.3632617,149.1652375,0.002,0.0,0.0,0.0,0.006677230354398489,0.00667994562536478,244,0.0010882510105147958,0.0010142435785382986,-2.022287607192993,12.587,0.0,69,LAND,False,STANDBY,10,6
2026-09-28T20:02:42.118925,-35.3632617,149.1652375,0.002,0.0,0.0,0.0,0.007201622240245342,0.007203713990747929,244,0.0011156231630593538,0.0010392377153038979,-2.022101640701294,12.587,0.0,69,LAND,False,STANDBY,10,6
2026-09-28T20:02:42.619459,-35.3632617,149.1652375,0.002,0.0,0.0,0.0,0.007718898821622133,0.007722804322838783,244,0.001137848012149334,0.0010720439022406936,-2.0219151973724365,12.587,0.0,69,LAND,False,STANDBY,10,6
2026-09-28T20:02:43.120197,-35.3632617,149.1652375,0.001,0.0,0.0,0.0,0.008213421329855919,0.008215046487748623,244,0.0011666216887533665,0.0010903857182711363,-2.0217297077178955,12.587,0.0,69,LAND,False,STANDBY,10,6
2026-09-28T20:02:43.620818,-35.3632617,149.1652375,0.002,0.0,0.0,0.0,0.008833438158035278,0.008833852596580982,244,0.0012022833107039332,0.0011153430677950382,-2.0215375423431396,12.587,0.0,69,LAND,False,STANDBY,10,6
2026-09-28T20:02:44.121573,-35.3632617,149.1652375,0.002,0.0,0.0,0.0,0.009308040142059326,0.009308216162025928,244,0.0012186008971184492,0.0011322564678266644,-2.021353244781494,12.587,0.0,69,LAND,False,STANDBY,10,6
2026-09-28T20:02:44.622217,-35.3632617,149.1652375,0.002,0.0,0.0,0.0,0.009741520509123802,0.009741651825606823,244,0.0012524455087259412,0.0011499676620587707,-2.0211596488952637,12.587,0.0,69,LAND,False,STANDBY,10,6
2026-09-28T20:02:45.122698,-35.3632617,149.1652375,0.002,0.0,0.0,0.0,0.010206700302660465,0.010207011364400387,244,0.0012746393913403153,0.0011690646642819047,-2.020965576171875,12.587,0.0,69,LAND,False,STANDBY,10,6
2026-09-28T20:02:45.623471,-35.3632617,149.1652375,0.002,0.01,0.0,0.0,0.01089220866560936,0.010892241261899471,244,0.001298976014368236,0.0011911912588402629,-2.0207653045654297,12.587,0.0,69,LAND,False,STANDBY,10,6
2026-09-28T20:02:46.123762,-35.3632617,149.1652375,0.002,0.01,0.0,0.0,0.011328393593430519,0.011328422464430332,244,0.0013114302419126034,0.0012110117822885513,-2.0205647945404053,12.587,0.0,69,LAND,False,STANDBY,10,6
2026-09-28T20:02:46.624519,-35.3632617,149.1652375,0.002,0.01,0.0,0.0,0.011845014989376068,0.011845053173601627,244,0.0013315994292497635,0.001234180061146617,-2.0203542709350586,12.587,0.0,69,LAND,False,STANDBY,10,6
2026-09-28T20:02:47.125207,-35.3632617,149.1652375,0.002,0.01,0.0,0.0,0.012262384407222271,0.01226250920444727,244,0.001356650609523058,0.001246024970896542,-2.0201468467712402,12.587,0.0,69,LAND,False,STANDBY,10,6
2026-09-28T20:02:47.625913,-35.3632617,149.1652375,0.002,0.01,0.0,0.0,0.012627772986888885,0.01262777391821146,244,0.0013771359808743,0.0012620954075828195,-2.019927740097046,12.587,0.0,69,LAND,False,STANDBY,10,6
2026-09-28T20:02:48.126461,-35.3632617,149.1652375,0.002,0.01,0.0,0.0,0.012909851968288422,0.012909851968288422,244,0.0013892980059608817,0.0012764509301632643,-2.019723892211914,12.587,0.0,69,LAND,False,STANDBY,10,6
2026-09-28T20:02:48.627330,-35.3632617,149.1652375,0.002,0.01,0.0,0.0,0.013483703136444092,0.01348381768912077,244,0.0014138577971607447,0.0012915971456095576,-2.0195131301879883,12.587,0.0,69,LAND,False,STANDBY,10,6
2026-09-28T20:02:49.127854,-35.3632617,149.1652375,0.002,0.01,0.0,0.0,0.013813229277729988,0.013813288882374763,244,0.0014273111009970307,0.0013062992366030812,-2.019301414489746,12.587,0.0,69,LAND,False,STANDBY,10,6
2026-09-28T20:02:49.628505,-35.3632617,149.1652375,0.002,0.01,0.0,0.0,0.0141909746453166,0.014191213995218277,244,0.0014327330281957984,0.0013167239958420396,-2.0190796852111816,12.587,0.0,69,LAND,False,STANDBY,10,6
2026-09-28T20:02:50.129226,-35.3632617,149.1652375,0.002,0.01,0.0,0.0,0.014317108318209648,0.014317108318209648,244,0.001445663976483047,0.0013277201214805245,-2.018859386444092,12.587,0.0,69,LAND,False,STANDBY,10,6
2026-09-28T20:02:50.629938,-35.3632617,149.1652375,0.002,0.01,0.0,0.0,0.014614345505833626,0.014614383690059185,244,0.001453648554161191,0.0013453911524266005,-2.0186409950256348,12.587,0.0,69,LAND,False,STANDBY,10,6
2026-09-28T20:02:51.130914,-35.3632617,149.1652375,0.002,0.01,0.0,0.0,0.01485578902065754,0.014855858869850636,244,0.0014625274343416095,0.0013571287272498012,-2.0184154510498047,12.587,0.0,69,LAND,False,STANDBY,10,6
2026-09-28T20:02:51.632356,-35.3632617,149.1652375,0.002,0.01,0.0,0.0,0.014914116822183132,0.014914344064891338,244,0.0014685011701658368,0.0013793723192065954,-2.0181963443756104,12.587,0.0,69,LAND,False,STANDBY,10,6
2026-09-28T20:02:52.133378,-35.3632617,149.1652375,0.002,0.01,0.0,0.0,0.01517828181385994,0.015178435482084751,244,0.0014734765281900764,0.0013977492926642299,-2.017976999282837,12.587,0.0,69,LAND,False,STANDBY,10,6
2026-09-28T20:02:52.634784,-35.3632616,149.1652375,0.002,0.01,0.0,0.0,0.0156401377171278,0.015640700235962868,244,0.0014865172561258078,0.0014162377920001745,-2.017747402191162,12.587,0.0,69,LAND,False,STANDBY,10,6
2026-09-28T20:02:53.135534,-35.3632616,149.1652375,0.002,0.01,0.0,0.0,0.01566115953028202,0.01566240005195141,244,0.0015002480940893292,0.0014173166127875447,-2.017518997192383,12.587,0.0,69,LAND,False,STANDBY,10,6
2026-09-28T20:02:53.636206,-35.3632616,149.1652375,0.002,0.01,0.0,0.0,0.015893440693616867,0.015896622091531754,244,0.0015110011445358396,0.0014270200626924634,-2.01729154586792,12.587,0.0,69,LAND,False,STANDBY,10,6
2026-09-28T20:02:54.136856,-35.3632616,149.1652375,0.002,0.01,0.0,0.0,0.016122112050652504,0.01612289622426033,244,0.0015198152977973223,0.0014357039472088218,-2.0170629024505615,12.587,0.0,69,LAND,False,STANDBY,10,6
2026-09-28T20:02:54.637567,-35.3632616,149.1652375,0.002,0.01,0.0,0.0,0.016419701278209686,0.016420431435108185,244,0.0015359618701040745,0.0014366022078320384,-2.0168402194976807,12.587,0.0,69,LAND,False,STANDBY,10,6
2026-09-28T20:02:55.138978,-35.3632616,149.1652375,0.002,0.01,0.0,0.0,0.016611825674772263,0.01661182940006256,244,0.0015477329725399613,0.0014499848475679755,-2.0166079998016357,12.587,0.0,69,LAND,False,STANDBY,10,6
2026-09-28T20:02:55.640822,-35.3632616,149.1652375,0.002,0.01,0.0,0.0,0.016933854669332504,0.01693388819694519,244,0.0015627011889591813,0.001456098398193717,-2.0163733959198,12.587,0.0,69,LAND,False,STANDBY,10,6
2026-09-28T20:02:56.142252,-35.3632616,149.1652375,0.002,0.01,0.0,0.0,0.01709253527224064,0.01709347777068615,244,0.0015802874695509672,0.0014592421939596534,-2.0161349773406982,12.587,0.0,69,LAND,False,STANDBY,10,6
2026-09-28T20:02:56.642532,-35.3632616,149.1652375,0.002,0.01,0.0,0.0,0.017393402755260468,0.01739538460969925,244,0.0015924175968393683,0.0014700087485834956,-2.0159013271331787,12.587,0.0,69,LAND,False,STANDBY,10,6
2026-09-28T20:02:57.142711,-35.3632616,149.1652375,0.002,0.01,0.0,0.0,0.017583118751645088,0.017585067078471184,244,0.001600823481567204,0.001477276673540473,-2.015664577484131,12.587,0.0,69,LAND,False,STANDBY,10,6
2026-09-28T20:02:57.643088,-35.3632616,149.1652375,0.002,0.01,0.0,0.0,0.017874406650662422,0.0178765207529068,244,0.0016111821169033647,0.0014970984775573015,-2.01542067527771,12.587,0.0,69,LAND,False,STANDBY,10,6
2026-09-28T20:02:58.143943,-35.3632616,149.1652375,0.002,0.01,0.0,0.0,0.017963647842407227,0.017965078353881836,244,0.0016061959322541952,0.0014994052471593022,-2.0151805877685547,12.587,0.0,69,LAND,False,STANDBY,10,6
2026-09-28T20:02:58.644885,-35.3632616,149.1652375,0.002,0.01,0.0,0.0,0.018163539469242096,0.01816440187394619,244,0.001618500449694693,0.0015182140050455928,-2.014951705932617,12.587,0.0,69,LAND,False,STANDBY,10,6
2026-09-28T20:02:59.147177,-35.3632616,149.1652375,0.002,0.01,0.0,0.0,0.018261881545186043,0.018262797966599464,244,0.0016228238819167018,0.0015318799996748567,-2.0147199630737305,12.587,0.0,69,LAND,False,STANDBY,10,6
2026-09-28T20:02:59.647702,-35.3632616,149.1652375,0.002,0.01,0.0,0.0,0.018566181883215904,0.018566889688372612,244,0.0016378213185817003,0.0015303287655115128,-2.0144810676574707,12.587,0.0,69,LAND,False,STANDBY,10,6
2026-09-28T20:03:00.148382,-35.3632616,149.1652375,0.002,0.01,0.0,0.0,0.018787460401654243,0.018788453191518784,244,0.0016520661301910877,0.0015464646276086569,-2.0142526626586914,12.587,0.0,69,LAND,False,STANDBY,10,6
2026-09-28T20:03:00.648791,-35.3632616,149.1652375,0.002,0.01,0.0,0.0,0.018995894119143486,0.018995942547917366,244,0.001661769230850041,0.0015565023059025407,-2.014009952545166,12.587,0.0,69,LAND,False,STANDBY,10,6
2026-09-28T20:03:01.149451,-35.3632616,149.1652375,0.002,0.01,0.0,0.0,0.019103918224573135,0.01910395920276642,244,0.0016619064845144749,0.0015643556835129857,-2.0137743949890137,12.587,0.0,69,LAND,False,STANDBY,10,6
2026-09-28T20:03:01.649991,-35.3632616,149.1652375,0.002,0.01,0.0,0.0,0.019308051094412804,0.0193080585449934,244,0.001660226145759225,0.001573048415593803,-2.013537883758545,12.587,0.0,69,LAND,False,STANDBY,10,6
2026-09-28T20:03:02.150528,-35.3632616,149.1652375,0.002,0.01,0.0,0.0,0.019341066479682922,0.019341349601745605,244,0.0016593157779425383,0.0015796086518093944,-2.013298988342285,12.587,0.0,69,LAND,False,STANDBY,10,6
2026-09-28T20:03:02.651242,-35.3632616,149.1652375,0.002,0.01,0.0,0.0,0.01951160840690136,0.019513782113790512,244,0.0016688804607838392,0.001589244231581688,-2.013063907623291,12.587,0.0,69,LAND,False,STANDBY,10,6
2026-09-28T20:03:03.152523,-35.3632616,149.1652375,0.002,0.01,0.0,0.0,0.019551215693354607,0.01955319009721279,244,0.0016757592093199492,0.0015877799596637487,-2.012831926345825,12.587,0.0,69,LAND,False,STANDBY,10,6
2026-09-28T20:03:03.653590,-35.3632616,149.1652375,0.002,0.01,0.0,0.0,0.01983870565891266,0.019839247688651085,244,0.0016830128151923418,0.0015954177360981703,-2.0125908851623535,12.587,0.0,69,LAND,False,STANDBY,10,6
2026-09-28T20:03:04.154509,-35.3632616,149.1652375,0.002,0.01,0.0,0.0,0.019764697179198265,0.01976531185209751,244,0.0016858233138918877,0.0016005930956453085,-2.0123515129089355,12.587,0.0,69,LAND,False,STANDBY,10,6
2026-09-28T20:03:04.655199,-35.3632616,149.1652375,0.002,0.01,0.0,0.0,0.02007966861128807,0.02008127048611641,244,0.0016960120992735028,0.0016116824699565768,-2.0121166706085205,12.587,0.0,69,LAND,False,STANDBY,10,6
2026-09-28T20:03:05.156215,-35.3632616,149.1652375,0.002,0.01,0.0,0.0,0.02006431482732296,0.020065532997250557,244,0.0016921692294999957,0.0016179584199562669,-2.0118775367736816,12.587,0.0,69,LAND,False,STANDBY,10,6
2026-09-28T20:03:05.657270,-35.3632616,149.1652375,0.002,0.01,0.0,0.0,0.020397761836647987,0.020398592576384544,244,0.0017100658733397722,0.0016279640840366483,-2.011636972427368,12.587,0.0,69,LAND,False,STANDBY,10,6
2026-09-28T20:03:06.157881,-35.3632616,149.1652375,0.002,0.01,0.0,0.0,0.020329151302576065,0.020329218357801437,244,0.0017165716271847486,0.0016302322037518024,-2.0113987922668457,12.587,0.0,69,LAND,False,STANDBY,10,6
2026-09-28T20:03:06.658510,-35.3632616,149.1652375,0.002,0.01,0.0,0.0,0.020679118111729622,0.02067912369966507,244,0.0017276721773669124,0.0016405844362452626,-2.011165142059326,12.587,0.0,69,LAND,False,STANDBY,10,6
2026-09-28T20:03:07.159235,-35.3632616,149.1652375,0.002,0.01,0.0,0.0,0.020837875083088875,0.02083800919353962,244,0.0017346061067655683,0.0016481501515954733,-2.0109267234802246,12.587,0.0,69,LAND,False,STANDBY,10,6
2026-09-28T20:03:07.659873,-35.3632616,149.1652375,0.002,0.01,0.0,0.0,0.02078193984925747,0.02078208141028881,244,0.0017421247903257608,0.001652976730838418,-2.0106887817382812,12.587,0.0,69,LAND,False,STANDBY,10,6
2026-09-28T20:03:08.160489,-35.3632616,149.1652375,0.002,0.01,0.0,0.0,0.020787792280316353,0.020788192749023438,244,0.0017431285232305527,0.0016533390153199434,-2.0104453563690186,12.587,0.0,69,LAND,False,STANDBY,10,6
2026-09-28T20:03:08.661172,-35.3632616,149.1652375,0.002,0.01,0.0,0.0,0.021011417731642723,0.021011654287576675,244,0.0017519984394311905,0.0016575625631958246,-2.010206699371338,12.587,0.0,69,LAND,False,STANDBY,10,6
2026-09-28T20:03:09.161988,-35.3632616,149.1652375,0.002,0.01,0.0,0.0,0.02111908607184887,0.02111935056746006,244,0.001761529128998518,0.0016595216002315283,-2.0099704265594482,12.587,0.0,69,LAND,False,STANDBY,10,6
2026-09-28T20:03:09.662843,-35.3632616,149.1652375,0.002,0.02,0.0,0.0,0.021366514265537262,0.02136704884469509,244,0.0017604164313524961,0.0016709377523511648,-2.009735107421875,12.587,0.0,69,LAND,False,STANDBY,10,6
2026-09-28T20:03:10.163458,-35.3632616,149.1652375,0.002,0.02,0.0,0.0,0.021410157904028893,0.021411171182990074,244,0.0017586268950253725,0.0016656152438372374,-2.009497880935669,12.587,0.0,69,LAND,False,STANDBY,10,6
2026-09-28T20:03:10.664292,-35.3632616,149.1652375,0.002,0.02,0.0,0.0,0.02155805565416813,0.021558919921517372,244,0.0017698066076263785,0.0016685918672010303,-2.0092697143554688,12.587,0.0,69,LAND,False,STANDBY,10,6
2026-09-28T20:03:11.165061,-35.3632616,149.1652375,0.002,0.02,0.0,0.0,0.021665388718247414,0.021665679290890694,244,0.0017611749935895205,0.00167020910885185,-2.0090346336364746,12.587,0.0,69,LAND,False,STANDBY,10,6
2026-09-28T20:03:11.665463,-35.3632616,149.1652375,0.002,0.02,0.0,0.0,0.021792542189359665,0.021793130785226822,244,0.001762115047313273,0.0016755140386521816,-2.0087950229644775,12.587,0.0,69,LAND,False,STANDBY,10,6
2026-09-28T20:03:12.166207,-35.3632616,149.1652375,0.002,0.02,0.0,0.0,0.021779853850603104,0.021780362352728844,244,0.0017620603321120143,0.001675063045695424,-2.008561611175537,12.587,0.0,69,LAND,False,STANDBY,10,6
2026-09-28T20:03:12.666774,-35.3632616,149.1652375,0.002,0.02,0.0,0.0,0.021815916523337364,0.0218171589076519,244,0.0017748201498761773,0.0016754197422415018,-2.008328676223755,12.587,0.0,69,LAND,False,STANDBY,10,6
2026-09-28T20:03:13.167142,-35.3632616,149.1652375,0.002,0.02,0.0,0.0,0.02176157757639885,0.021762536838650703,244,0.001782611128874123,0.0016720127314329147,-2.0080935955047607,12.587,0.0,69,LAND,False,STANDBY,10,6
2026-09-28T20:03:13.667827,-35.3632616,149.1652375,0.001,0.02,0.0,0.0,0.021746784448623657,0.021748322993516922,244,0.0017939277458935976,0.0016801555175334215,-2.007859230041504,12.587,0.0,69,LAND,False,STANDBY,10,6
2026-09-28T20:03:14.168659,-35.3632616,149.1652375,0.001,0.02,0.0,0.0,0.021827762946486473,0.021828509867191315,244,0.001788889872841537,0.0016775478143244982,-2.0076262950897217,12.587,0.0,69,LAND,False,STANDBY,10,6
2026-09-28T20:03:14.669730,-35.3632616,149.1652375,0.001,0.02,0.0,0.0,0.022202197462320328,0.022202976047992706,244,0.001802372746169567,0.0016851549735292792,-2.0073912143707275,12.587,0.0,69,LAND,False,STANDBY,10,6
2026-09-28T20:03:15.170726,-35.3632616,149.1652375,0.001,0.02,0.0,0.0,0.021989421918988228,0.021989908069372177,245,0.0017975607188418508,0.0016862041084095836,-2.007164478302002,12.587,0.0,69,LAND,False,STANDBY,10,6
2026-09-28T20:03:15.671285,-35.3632616,149.1652375,0.001,0.02,0.0,0.0,0.022110579535365105,0.022111793980002403,245,0.0018085693009197712,0.001698722131550312,-2.0069313049316406,12.587,0.0,69,LAND,False,STANDBY,10,6
2026-09-28T20:03:16.171913,-35.3632616,149.1652375,0.001,0.02,0.0,0.0,0.02223414182662964,0.02223527431488037,245,0.0018015848472714424,0.0016910850536078215,-2.0067074298858643,12.587,0.0,69,LAND,False,STANDBY,10,6
2026-09-28T20:03:16.672571,-35.3632616,149.1652375,0.001,0.02,0.0,0.0,0.022240551188588142,0.02224130369722843,245,0.0018062416929751635,0.0017018754733726382,-2.006479501724243,12.587,0.0,69,LAND,False,STANDBY,10,6
2026-09-28T20:03:17.173207,-35.3632616,149.1652375,0.001,0.02,0.0,0.0,0.022234471514821053,0.022234728559851646,245,0.0018063844181597233,0.0016997640486806631,-2.006258964538574,12.587,0.0,69,LAND,False,STANDBY,10,6
2026-09-28T20:03:17.673973,-35.3632616,149.1652375,0.001,0.02,0.0,0.0,0.022448310628533363,0.02244880050420761,245,0.0018141719046980143,0.001709907897748053,-2.006028413772583,12.587,0.0,69,LAND,False,STANDBY,10,6
2026-09-28T20:03:18.174571,-35.3632616,149.1652375,0.001,0.02,0.0,0.0,0.022206250578165054,0.022207235917448997,245,0.001812902046367526,0.0017045047134160995,-2.00580096244812,12.587,0.0,69,LAND,False,STANDBY,10,6
2026-09-28T20:03:18.674891,-35.3632616,149.1652375,0.001,0.02,0.0,0.0,0.0222666934132576,0.022267580032348633,245,0.0018203160725533962,0.0017123246798291802,-2.005582809448242,12.587,0.0,69,LAND,False,STANDBY,10,6
2026-09-28T20:03:19.175484,-35.3632616,149.1652375,0.001,0.02,0.0,0.0,0.022413063794374466,0.022413482889533043,245,0.001814975985325873,0.001716607715934515,-2.0053625106811523,12.587,0.0,69,LAND,False,STANDBY,10,6
2026-09-28T20:03:19.675928,-35.3632616,149.1652375,0.001,0.02,0.0,0.0,0.022683924064040184,0.022683946415781975,245,0.0018272983143106103,0.001730120973661542,-2.0051395893096924,12.587,0.0,69,LAND,False,STANDBY,10,6
2026-09-28T20:03:20.176462,-35.3632616,149.1652375,0.002,0.02,0.0,0.0,0.022531161084771156,0.022531257942318916,245,0.0018245619721710682,0.0017289159586653113,-2.004920244216919,12.587,0.0,69,LAND,False,STANDBY,10,6
2026-09-28T20:03:20.677261,-35.3632616,149.1652375,0.002,0.02,0.0,0.0,0.022639377042651176,0.022639404982328415,245,0.001828434644266963,0.0017368661938235164,-2.0047013759613037,12.587,0.0,69,LAND,False,STANDBY,10,6
2026-09-28T20:03:21.177957,-35.3632616,149.1652375,0.002,0.02,0.0,0.0,0.02287491038441658,0.022875016555190086,245,0.0018262136727571487,0.0017362521030008793,-2.0044827461242676,12.587,0.0,69,LAND,False,STANDBY,10,6
2026-09-28T20:03:21.678773,-35.3632616,149.1652375,0.002,0.02,0.0,0.0,0.023175744339823723,0.02317734621465206,245,0.001832911861129105,0.0017310593975707889,-2.0042619705200195,12.587,0.0,69,LAND,False,STANDBY,10,6
2026-09-28T20:03:22.179570,-35.3632616,149.1652375,0.002,0.02,0.0,0.0,0.023111358284950256,0.023113587871193886,245,0.001836022944189608,0.0017255159327760339,-2.0040433406829834,12.587,0.0,69,LAND,False,STANDBY,10,6
2026-09-28T20:03:22.680331,-35.3632616,149.1652375,0.002,0.02,0.0,0.0,0.023030975833535194,0.023032739758491516,245,0.0018395818769931793,0.0017277523875236511,-2.0038211345672607,12.587,0.0,69,LAND,False,STANDBY,10,6
2026-09-28T20:03:23.180992,-35.3632616,149.1652375,0.002,0.02,0.0,0.0,0.02308999001979828,0.023091517388820648,245,0.0018366132862865925,0.0017174367094412446,-2.003607988357544,12.587,0.0,69,LAND,False,STANDBY,10,6
2026-09-28T20:03:23.681574,-35.3632616,149.1652375,0.002,0.02,0.0,0.0,0.02305893786251545,0.023060286417603493,245,0.001837282907217741,0.00172320194542408,-2.0033791065216064,12.587,0.0,69,LAND,False,STANDBY,10,6
2026-09-28T20:03:24.182314,-35.3632616,149.1652375,0.002,0.02,0.0,0.0,0.02297879196703434,0.022979440167546272,245,0.0018362374976277351,0.0017162389121949673,-2.0031583309173584,12.587,0.0,69,LAND,False,STANDBY,10,6
2026-09-28T20:03:24.683078,-35.3632616,149.1652375,0.002,0.02,0.0,0.0,0.023053620010614395,0.023054249584674835,245,0.0018346369033679366,0.0017128924373537302,-2.002943515777588,12.587,0.0,69,LAND,False,STANDBY,10,6
2026-09-28T20:03:25.184003,-35.3632616,149.1652375,0.002,0.02,0.0,0.0,0.0227867029607296,0.022786708548665047,245,0.0018252998124808073,0.001712667872197926,-2.002728223800659,12.587,0.0,69,LAND,False,STANDBY,10,6
2026-09-28T20:03:25.684549,-35.3632616,149.1652375,0.002,0.02,0.0,0.0,0.022740811109542847,0.022740811109542847,245,0.0018273663008585572,0.0017191532533615828,-2.00252628326416,12.587,0.0,69,LAND,False,STANDBY,10,6
2026-09-28T20:03:26.184885,-35.3632616,149.1652375,0.002,0.02,0.0,0.0,0.022707095369696617,0.02270711585879326,245,0.0018266644328832626,0.0017189413774758577,-2.002317428588867,12.587,0.0,69,LAND,False,STANDBY,10,6
2026-09-28T20:03:26.685460,-35.3632616,149.1652375,0.002,0.02,0.0,0.0,0.0228529404848814,0.022852977737784386,245,0.0018330522580072284,0.0017320731421932578,-2.0021095275878906,12.587,0.0,69,LAND,False,STANDBY,10,6
2026-09-28T20:03:27.186060,-35.3632616,149.1652375,0.002,0.02,0.0,0.0,0.022993190214037895,0.022993622347712517,245,0.0018329289741814137,0.001725014648400247,-2.0018954277038574,12.587,0.0,69,LAND,False,STANDBY,10,6
2026-09-28T20:03:27.686711,-35.3632616,149.1652375,0.002,0.02,0.0,0.0,0.02314610779285431,0.02314632385969162,245,0.0018319584196433425,0.0017279849853366613,-2.0016891956329346,12.587,0.0,69,LAND,False,STANDBY,10,6
2026-09-28T20:03:28.187462,-35.3632616,149.1652375,0.002,0.02,0.0,0.0,0.02300271764397621,0.02300320751965046,245,0.0018288781866431236,0.001725435140542686,-2.0014870166778564,12.587,0.0,69,LAND,False,STANDBY,10,6
2026-09-28T20:03:28.688330,-35.3632616,149.1652375,0.002,0.02,0.0,0.0,0.023077955469489098,0.023078279569745064,245,0.0018310451414436102,0.001740870182402432,-2.0012776851654053,12.587,0.0,69,LAND,False,STANDBY,10,6
2026-09-28T20:03:29.189024,-35.3632616,149.1652375,0.002,0.02,0.0,0.0,0.02294406294822693,0.022944265976548195,245,0.0018164990469813347,0.0017395524773746729,-2.0010712146759033,12.587,0.0,69,LAND,False,STANDBY,10,6
2026-09-28T20:03:29.689666,-35.3632616,149.1652375,0.002,0.02,0.0,0.0,0.022906579077243805,0.022907434031367302,245,0.001826493302360177,0.0017377246404066682,-2.0008645057678223,12.587,0.0,69,LAND,False,STANDBY,10,6
2026-09-28T20:03:30.190530,-35.3632616,149.1652375,0.002,0.02,0.0,0.0,0.02280600741505623,0.022806426510214806,245,0.001825721119530499,0.0017312176059931517,-2.0006625652313232,12.587,0.0,69,LAND,False,STANDBY,10,6
2026-09-28T20:03:30.691009,-35.3632616,149.1652375,0.002,0.02,0.0,0.0,0.023002739995718002,0.02300279214978218,245,0.0018221166683360934,0.0017296567093580961,-2.000459671020508,12.587,0.0,69,LAND,False,STANDBY,10,6
2026-09-28T20:03:31.191474,-35.3632616,149.1652375,0.002,0.02,0.0,0.0,0.022885117679834366,0.022885913029313087,245,0.0018200627528131008,0.0017225469928234816,-2.000269651412964,12.587,0.0,69,LAND,False,STANDBY,10,6
2026-09-28T20:03:31.692219,-35.3632616,149.1652375,0.002,0.02,0.0,0.0,0.022881407290697098,0.02288168855011463,245,0.0018275019247084856,0.0017267194343730807,-2.0000739097595215,12.587,0.0,69,LAND,False,STANDBY,10,6
2026-09-28T20:03:32.192846,-35.3632616,149.1652375,0.002,0.02,0.0,0.0,0.022726723924279213,0.022727055475115776,245,0.001827159896492958,0.001723335706628859,-1.9998890161514282,12.587,0.0,69,LAND,False,STANDBY,10,6
2026-09-28T20:03:32.693572,-35.3632616,149.1652375,0.002,0.02,0.0,0.0,0.022976625710725784,0.022976838052272797,245,0.0018345940625295043,0.0017212314996868372,-1.9996869564056396,12.587,0.0,69,LAND,False,STANDBY,10,6
2026-09-28T20:03:33.193755,-35.3632616,149.1652375,0.002,0.02,0.0,0.0,0.022731447592377663,0.02273179404437542,245,0.0018340871902182698,0.001721039297990501,-1.9994972944259644,12.587,0.0,69,LAND,False,STANDBY,10,6
2026-09-28T20:03:33.694080,-35.3632616,149.1652375,0.002,0.02,0.0,0.0,0.023056408390402794,0.02305641584098339,245,0.001838202471844852,0.0017254072008654475,-1.999305248260498,12.587,0.0,69,LAND,False,STANDBY,10,6
2026-09-28T20:03:34.194483,-35.3632616,149.1652375,0.002,0.02,0.0,0.0,0.023025229573249817,0.023025237023830414,245,0.00183008739259094,0.0017286129295825958,-1.9991106986999512,12.587,0.0,69,LAND,False,STANDBY,10,6
2026-09-28T20:03:34.695341,-35.3632616,149.1652375,0.002,0.02,0.0,0.0,0.023134419694542885,0.023134440183639526,245,0.001840286306105554,0.0017377953045070171,-1.998924732208252,12.587,0.0,69,LAND,False,STANDBY,10,6
2026-09-28T20:03:35.196199,-35.3632616,149.1652375,0.002,0.02,0.0,0.0,0.022924112156033516,0.022924186661839485,245,0.0018355260835960507,0.0017402393277734518,-1.998731255531311,12.587,0.0,69,LAND,False,STANDBY,10,6
2026-09-28T20:03:35.697195,-35.3632616,149.1652375,0.002,0.02,0.0,0.0,0.023099474608898163,0.023099729791283607,245,0.0018364740535616875,0.0017404871759936213,-1.9985448122024536,12.587,0.0,69,LAND,False,STANDBY,10,6
2026-09-28T20:03:36.197794,-35.3632616,149.1652375,0.002,0.02,0.0,0.0,0.02307474985718727,0.023075247183442116,245,0.0018356770742684603,0.0017385006649419665,-1.9983536005020142,12.587,0.0,69,LAND,False,STANDBY,10,6
2026-09-28T20:03:36.698683,-35.3632616,149.1652375,0.002,0.02,0.0,0.0,0.02308039925992489,0.023080945014953613,245,0.001844573998823762,0.0017411177977919579,-1.9981712102890015,12.587,0.0,69,LAND,False,STANDBY,10,6
2026-09-28T20:03:37.199226,-35.3632616,149.1652375,0.002,0.02,0.0,0.0,0.023166878148913383,0.023167802020907402,245,0.0018391303019598126,0.001730418996885419,-1.9979842901229858,12.587,0.0,69,LAND,False,STANDBY,10,6
2026-09-28T20:03:37.700592,-35.3632616,149.1652375,0.002,0.02,0.0,0.0,0.023290934041142464,0.023291239514946938,245,0.0018463294254615903,0.0017302293563261628,-1.9978070259094238,12.587,0.0,69,LAND,False,STANDBY,10,6
2026-09-28T20:03:38.201677,-35.3632616,149.1652375,0.002,0.02,0.0,0.0,0.023054782301187515,0.023055382072925568,245,0.001846191007643938,0.0017270708922296762,-1.9976208209991455,12.587,0.0,69,LAND,False,STANDBY,10,6
2026-09-28T20:03:38.702470,-35.3632616,149.1652375,0.002,0.02,0.0,0.0,0.023113228380680084,0.02311336249113083,245,0.0018562230980023742,0.0017213450046256185,-1.9974390268325806,12.587,0.0,69,LAND,False,STANDBY,10,6
2026-09-28T20:03:39.203082,-35.3632616,149.1652375,0.002,0.02,0.0,0.0,0.02314813807606697,0.023148803040385246,245,0.0018554083071649075,0.001721935928799212,-1.9972587823867798,12.587,0.0,69,LAND,False,STANDBY,10,6
2026-09-28T20:03:39.703788,-35.3632616,149.1652375,0.002,0.02,0.0,0.0,0.023199960589408875,0.023200148716568947,245,0.001864407560788095,0.00171603262424469,-1.9970875978469849,12.587,0.0,69,LAND,False,STANDBY,10,6
2026-09-28T20:03:40.204294,-35.3632616,149.1652375,0.002,0.02,0.0,0.0,0.023106088861823082,0.023106614127755165,245,0.0018656080355867743,0.0017166321631520987,-1.9969083070755005,12.587,0.0,69,LAND,False,STANDBY,10,6
2026-09-28T20:03:40.704671,-35.3632616,149.1652375,0.002,0.02,0.0,0.0,0.02315705269575119,0.023157278075814247,245,0.001873284694738686,0.0017231107922270894,-1.9967172145843506,12.587,0.0,69,LAND,False,STANDBY,10,6
2026-09-28T20:03:41.205508,-35.3632616,149.1652375,0.002,0.02,0.0,0.0,0.02325335703790188,0.02325364202260971,245,0.001870761509053409,0.001719215651974082,-1.996549367904663,12.587,0.0,69,LAND,False,STANDBY,10,6
2026-09-28T20:03:41.705920,-35.3632616,149.1652375,0.002,0.02,0.0,0.0,0.023424841463565826,0.023424897342920303,245,0.0018755944911390543,0.0017267665825784206,-1.9963701963424683,12.587,0.0,69,LAND,False,STANDBY,10,6
2026-09-28T20:03:42.206459,-35.3632616,149.1652375,0.002,0.02,0.0,0.0,0.023427195847034454,0.02342807687819004,245,0.0018717822385951877,0.0017158043337985873,-1.9962105751037598,12.587,0.0,69,LAND,False,STANDBY,10,6
2026-09-28T20:03:42.707158,-35.3632616,149.1652375,0.002,0.02,0.0,0.0,0.02341589331626892,0.02341696433722973,245,0.0018708058632910252,0.0017150460043922067,-1.9960333108901978,12.587,0.0,69,LAND,False,STANDBY,10,6
2026-09-28T20:03:43.207461,-35.3632616,149.1652375,0.002,0.02,0.0,0.0,0.023189354687929153,0.02319042943418026,245,0.0018688252894207835,0.0017130972119048238,-1.9958691596984863,12.587,0.0,69,LAND,False,STANDBY,10,6
2026-09-28T20:03:43.708199,-35.3632616,149.1652375,0.002,0.02,0.0,0.0,0.023368529975414276,0.023369506001472473,245,0.001879708026535809,0.001717260922305286,-1.995692253112793,12.587,0.0,69,LAND,False,STANDBY,10,6
2026-09-28T20:03:44.208704,-35.3632616,149.1652375,0.002,0.02,0.0,0.0,0.02316863276064396,0.02316940762102604,245,0.0018699138890951872,0.0017195525579154491,-1.9955312013626099,12.587,0.0,69,LAND,False,STANDBY,10,6
2026-09-28T20:03:44.709281,-35.3632616,149.1652375,0.002,0.02,0.0,0.0,0.023361599072813988,0.023363523185253143,245,0.0018746386049315333,0.0017271960387006402,-1.995362639427185,12.587,0.0,69,LAND,False,STANDBY,10,6
2026-09-28T20:03:45.210250,-35.3632616,149.1652375,0.002,0.02,0.0,0.0,0.023254645988345146,0.023255201056599617,245,0.0018626940436661243,0.0017257771687582135,-1.9951975345611572,12.587,0.0,69,LAND,False,STANDBY,10,6
2026-09-28T20:03:45.711219,-35.3632616,149.1652375,0.001,0.02,0.0,0.0,0.02332526259124279,0.02332640066742897,245,0.001862399629317224,0.001733981305733323,-1.995029091835022,12.587,0.0,69,LAND,False,STANDBY,10,6
2026-09-28T20:03:46.211540,-35.3632616,149.1652375,0.001,0.02,0.0,0.0,0.023209694772958755,0.023211287334561348,245,0.0018540668534114957,0.0017352295108139515,-1.994878888130188,12.587,0.0,69,LAND,False,STANDBY,10,6
2026-09-28T20:03:46.712167,-35.3632616,149.1652375,0.001,0.02,0.0,0.0,0.023413600400090218,0.023414338007569313,245,0.0018617466557770967,0.0017411389853805304,-1.9947104454040527,12.587,0.0,69,LAND,False,STANDBY,10,6
2026-09-28T20:03:47.212679,-35.3632616,149.1652375,0.001,0.02,0.0,0.0,0.02334088645875454,0.023341741412878036,245,0.0018533356487751007,0.0017446348210796714,-1.994552731513977,12.587,0.0,69,LAND,False,STANDBY,10,6
2026-09-28T20:03:47.713564,-35.3632616,149.1652375,0.001,0.02,0.0,0.0,0.02354842983186245,0.023549851030111313,245,0.0018591393018141389,0.001751505653373897,-1.9943982362747192,12.587,0.0,69,LAND,False,STANDBY,10,6
2026-09-28T20:03:48.214548,-35.3632616,149.1652375,0.001,0.02,0.0,0.0,0.023375144228339195,0.023376857861876488,245,0.0018592618871480227,0.0017476740758866072,-1.99424147605896,12.587,0.0,69,LAND,False,STANDBY,10,6
2026-09-28T20:03:48.714965,-35.3632616,149.1652375,0.001,0.02,0.0,0.0,0.023563355207443237,0.02356414683163166,245,0.0018576434813439846,0.0017599479760974646,-1.9940906763076782,12.587,0.0,69,LAND,False,STANDBY,10,6
2026-09-28T20:03:49.215654,-35.3632616,149.1652375,0.001,0.02,0.0,0.0,0.02346869930624962,0.02346961759030819,245,0.0018476670375093818,0.0017596801044419408,-1.9939405918121338,12.587,0.0,69,LAND,False,STANDBY,10,6
2026-09-28T20:03:49.716128,-35.3632616,149.1652375,0.001,0.02,0.0,0.0,0.023458870127797127,0.023460127413272858,245,0.0018535112030804157,0.0017617158591747284,-1.9937957525253296,12.587,0.0,69,LAND,False,STANDBY,10,6
2026-09-28T20:03:50.216774,-35.3632616,149.1652375,0.001,0.02,0.0,0.0,0.02344520017504692,0.02344752661883831,245,0.0018521883757784963,0.0017526071751490235,-1.9936509132385254,12.587,0.0,69,LAND,False,STANDBY,10,6
2026-09-28T20:03:50.717826,-35.3632616,149.1652375,0.001,0.02,0.0,0.0,0.02343144081532955,0.02343377284705639,245,0.0018531947862356901,0.0017504770075902343,-1.993507981300354,12.587,0.0,69,LAND,False,STANDBY,10,6
2026-09-28T20:03:51.218674,-35.3632616,149.1652375,0.001,0.02,0.0,0.0,0.023372789844870567,0.023373760282993317,245,0.0018457042751833797,0.0017404915997758508,-1.9933642148971558,12.587,0.0,69,LAND,False,STANDBY,10,6
2026-09-28T20:03:51.719532,-35.3632616,149.1652375,0.001,0.02,0.0,0.0,0.023398224264383316,0.02339884638786316,245,0.00185209303162992,0.0017443544929847121,-1.9932194948196411,12.587,0.0,69,LAND,False,STANDBY,10,6
2026-09-28T20:03:52.220029,-35.3632616,149.1652375,0.001,0.02,0.0,0.0,0.023337624967098236,0.023338094353675842,245,0.0018504650797694921,0.001745337271131575,-1.9930790662765503,12.587,0.0,69,LAND,False,STANDBY,10,6
2026-09-28T20:03:52.720782,-35.3632616,149.1652375,0.001,0.02,0.0,0.0,0.023279184475541115,0.023279428482055664,245,0.0018559310119599104,0.0017429861472919583,-1.992936134338379,12.587,0.0,69,LAND,False,STANDBY,10,6
2026-09-28T20:03:53.221457,-35.3632616,149.1652375,0.001,0.02,0.0,0.0,0.023121614009141922,0.02312164567410946,245,0.0018576884176582098,0.0017315007280558348,-1.9927968978881836,12.587,0.0,69,LAND,False,STANDBY,10,6
2026-09-28T20:03:53.722171,-35.3632616,149.1652375,0.001,0.02,0.0,0.0,0.023215126246213913,0.023215338587760925,245,0.0018587233498692513,0.0017332694260403514,-1.9926589727401733,12.587,0.0,69,LAND,False,STANDBY,10,6
2026-09-28T20:03:54.222760,-35.3632616,149.1652375,0.001,0.02,0.0,0.0,0.02315622568130493,0.023156404495239258,245,0.0018552448600530624,0.001727213617414236,-1.9925298690795898,12.587,0.0,69,LAND,False,STANDBY,10,6
2026-09-28T20:03:54.722988,-35.3632616,149.1652375,0.001,0.02,0.0,0.0,0.023232821375131607,0.0232328362762928,245,0.001860861200839281,0.0017242716858163476,-1.9923954010009766,12.587,0.0,69,LAND,False,STANDBY,10,6
2026-09-28T20:03:55.224100,-35.3632616,149.1652375,0.002,0.02,0.0,0.0,0.023255331441760063,0.023255333304405212,245,0.0018643790390342474,0.0017192834056913853,-1.9922614097595215,12.587,0.0,69,LAND,False,STANDBY,10,6
2026-09-28T20:03:55.724710,-35.3632616,149.1652375,0.002,0.02,0.0,0.0,0.02339043654501438,0.023390451446175575,245,0.0018687582341954112,0.0017353093717247248,-1.992124080657959,12.587,0.0,69,LAND,False,STANDBY,10,6
2026-09-28T20:03:56.225632,-35.3632616,149.1652375,0.002,0.02,0.0,0.0,0.023309387266635895,0.02330940216779709,245,0.0018766752909868956,0.001730850781314075,-1.9920021295547485,12.587,0.0,69,LAND,False,STANDBY,10,6
2026-09-28T20:03:56.726568,-35.3632616,149.1652375,0.002,0.02,0.0,0.0,0.023489894345402718,0.023490699008107185,245,0.001871878863312304,0.00173709518276155,-1.9918714761734009,12.587,0.0,69,LAND,False,STANDBY,10,6
2026-09-28T20:03:57.227679,-35.3632616,149.1652375,0.002,0.02,0.0,0.0,0.02331848070025444,0.02331935614347458,245,0.0018600523471832275,0.0017335679149255157,-1.9917489290237427,12.587,0.0,69,LAND,False,STANDBY,10,6
2026-09-28T20:03:57.728154,-35.3632616,149.1652375,0.002,0.02,0.0,0.0,0.023530196398496628,0.023531442508101463,245,0.001871556625701487,0.0017413039458915591,-1.9916274547576904,12.587,0.0,69,LAND,False,STANDBY,10,6
2026-09-28T20:03:58.228906,-35.3632616,149.1652375,0.002,0.02,0.0,0.0,0.023371977731585503,0.023373445495963097,245,0.0018633803119882941,0.00173514848574996,-1.9914987087249756,12.587,0.0,69,LAND,False,STANDBY,10,6
2026-09-28T20:03:58.729533,-35.3632616,149.1652375,0.002,0.02,0.0,0.0,0.02347334660589695,0.02347436361014843,245,0.0018677606713026762,0.0017465237760916352,-1.991381049156189,12.587,0.0,69,LAND,False,STANDBY,10,6
2026-09-28T20:03:59.230187,-35.3632616,149.1652375,0.002,0.02,0.0,0.0,0.023405537009239197,0.02340589463710785,245,0.0018583977362141013,0.001736094825901091,-1.9912587404251099,12.587,0.0,69,LAND,False,STANDBY,10,6
2026-09-28T20:03:59.730579,-35.3632616,149.1652375,0.002,0.02,0.0,0.0,0.02360120788216591,0.023601964116096497,245,0.0018588362727314234,0.001754019525833428,-1.9911478757858276,12.587,0.0,69,LAND,False,STANDBY,10,6
2026-09-28T20:04:00.231348,-35.3632616,149.1652375,0.002,0.02,0.0,0.0,0.02351379208266735,0.023514268919825554,245,0.001851464039646089,0.001750591560266912,-1.9910300970077515,12.587,0.0,69,LAND,False,STANDBY,10,6
2026-09-28T20:04:00.732157,-35.3632616,149.1652375,0.002,0.02,0.0,0.0,0.02339729107916355,0.023397481068968773,245,0.001845765975303948,0.0017456876812502742,-1.9909049272537231,12.587,0.0,69,LAND,False,STANDBY,10,6
2026-09-28T20:04:01.233098,-35.3632616,149.1652375,0.002,0.02,0.0,0.0,0.02348792925477028,0.02348802052438259,245,0.0018407243769615889,0.0017438464565202594,-1.990796446800232,12.587,0.0,69,LAND,False,STANDBY,10,6
2026-09-28T20:04:01.733915,-35.3632616,149.1652375,0.002,0.02,0.0,0.0,0.02360488660633564,0.02360505424439907,245,0.001844060723669827,0.0017545688897371292,-1.9906803369522095,12.587,0.0,69,LAND,False,STANDBY,10,6
2026-09-28T20:04:02.234913,-35.3632616,149.1652375,0.002,0.02,0.0,0.0,0.023318683728575706,0.023318883031606674,245,0.001835198258049786,0.0017558314139023423,-1.9905716180801392,12.587,0.0,69,LAND,False,STANDBY,10,6
2026-09-28T20:04:02.736182,-35.3632616,149.1652375,0.002,0.02,0.0,0.0,0.02329651638865471,0.023296598345041275,245,0.0018365124706178904,0.00175919767934829,-1.990410327911377,12.587,0.0,69,LAND,False,STANDBY,10,6
2026-09-28T20:04:03.236894,-35.3632616,149.1652375,0.002,0.02,0.0,0.0,0.023403095081448555,0.02340317703783512,245,0.0018362861592322588,0.001761598396115005,-1.990357756614685,12.587,0.0,69,LAND,False,STANDBY,10,6
2026-09-28T20:04:03.737536,-35.3632616,149.1652375,0.002,0.02,0.0,0.0,0.023564375936985016,0.023564482107758522,245,0.0018434625817462802,0.0017646002816036344,-1.9902549982070923,12.587,0.0,69,LAND,False,STANDBY,10,6
2026-09-28T20:04:04.238037,-35.3632616,149.1652375,0.002,0.02,0.0,0.0,0.023437654599547386,0.02343771420419216,245,0.001845128950662911,0.0017653966788202524,-1.9900983572006226,12.587,0.0,69,LAND,False,STANDBY,10,6
2026-09-28T20:04:04.738898,-35.3632616,149.1652375,0.002,0.02,0.0,0.0,0.023513788357377052,0.023514369502663612,245,0.0018461671425029635,0.0017633672105148435,-1.9899945259094238,12.587,0.0,69,LAND,False,STANDBY,10,6
2026-09-28T20:04:05.239497,-35.3632616,149.1652375,0.002,0.02,0.0,0.0,0.023445792496204376,0.023446159437298775,245,0.0018454105593264103,0.0017709913663566113,-1.9898864030838013,12.587,0.0,69,LAND,False,STANDBY,10,6
2026-09-28T20:04:05.740508,-35.3632616,149.1652375,0.002,0.02,0.0,0.0,0.023394744843244553,0.02339475229382515,246,0.0018400325207039714,0.00177370838355273,-1.9897879362106323,12.587,0.0,69,LAND,False,STANDBY,10,6
2026-09-28T20:04:06.241654,-35.3632616,149.1652375,0.002,0.02,0.0,0.0,0.02343420870602131,0.023434212431311607,246,0.0018407207680866122,0.0017717051086947322,-1.9896880388259888,12.587,0.0,69,LAND,False,STANDBY,10,6
2026-09-28T20:04:06.742184,-35.3632616,149.1652375,0.002,0.02,0.0,0.0,0.023454798385500908,0.02345484495162964,246,0.0018310408340767026,0.001766269444487989,-1.9895923137664795,12.587,0.0,69,LAND,False,STANDBY,10,6
2026-09-28T20:04:07.243327,-35.3632616,149.1652375,0.002,0.02,0.0,0.0,0.02367202565073967,0.02367217466235161,246,0.0018398453248664737,0.0017758742906153202,-1.9894870519638062,12.587,0.0,69,LAND,False,STANDBY,10,6
2026-09-28T20:04:07.744719,-35.3632616,149.1652375,0.002,0.02,0.0,0.0,0.023404879495501518,0.023405268788337708,246,0.0018407130846753716,0.001774477306753397,-1.9893860816955566,12.587,0.0,69,LAND,False,STANDBY,10,6
2026-09-28T20:04:08.245879,-35.3632616,149.1652375,0.002,0.02,0.0,0.0,0.0236856397241354,0.023685934022068977,246,0.0018494186224415898,0.0017843099776655436,-1.9892932176589966,12.587,0.0,69,LAND,False,STANDBY,10,6
2026-09-28T20:04:08.746469,-35.3632616,149.1652375,0.002,0.02,0.0,0.0,0.023618096485733986,0.023619119077920914,246,0.0018475322285667062,0.0017783439252525568,-1.9892070293426514,12.587,0.0,69,LAND,False,STANDBY,10,6
2026-09-28T20:04:09.247465,-35.3632616,149.1652375,0.002,0.02,0.0,0.0,0.023617392405867577,0.023618509992957115,246,0.001847183215431869,0.0017746305093169212,-1.9891202449798584,12.587,0.0,69,LAND,False,STANDBY,10,6
2026-09-28T20:04:09.748347,-35.3632616,149.1652375,0.002,0.02,0.0,0.0,0.023429127410054207,0.023429812863469124,246,0.0018421446438878775,0.0017761029303073883,-1.9890315532684326,12.587,0.0,69,LAND,False,STANDBY,10,6
2026-09-28T20:04:10.249386,-35.3632616,149.1652375,0.002,0.02,0.0,0.0,0.02361963875591755,0.023620035499334335,246,0.0018455360550433397,0.0017789526609703898,-1.988938808441162,12.587,0.0,69,LAND,False,STANDBY,10,6
2026-09-28T20:04:10.750460,-35.3632616,149.1652375,0.002,0.02,0.0,0.0,0.023460181429982185,0.023460183292627335,246,0.0018357888329774141,0.0017731830012053251,-1.9888418912887573,12.587,0.0,69,LAND,False,STANDBY,10,6
2026-09-28T20:04:11.251184,-35.3632616,149.1652375,0.002,0.02,0.0,0.0,0.02347123622894287,0.023471778258681297,246,0.0018292784225195646,0.0017756364541128278,-1.9887456893920898,12.587,0.0,69,LAND,False,STANDBY,10,6
2026-09-28T20:04:11.752499,-35.3632616,149.1652375,0.002,0.02,0.0,0.0,0.02337721362709999,0.0233773123472929,246,0.0018302151001989841,0.0017732190899550915,-1.9886637926101685,12.587,0.0,69,LAND,False,STANDBY,10,6
2026-09-28T20:04:12.253436,-35.3632616,149.1652375,0.002,0.02,0.0,0.0,0.023557649925351143,0.023558128625154495,246,0.0018327116267755628,0.0017711628461256623,-1.9885770082473755,12.587,0.0,69,LAND,False,STANDBY,10,6
2026-09-28T20:04:12.753918,-35.3632616,149.1652375,0.002,0.02,0.0,0.0,0.023403773084282875,0.023404303938150406,246,0.0018351658945903182,0.001777332741767168,-1.988495111465454,12.587,0.0,69,LAND,False,STANDBY,10,6
2026-09-28T20:04:13.254512,-35.3632616,149.1652375,0.002,0.02,0.0,0.0,0.023576265200972557,0.023577027022838593,246,0.0018503954634070396,0.0017814715392887592,-1.988416314125061,12.587,0.0,69,LAND,False,STANDBY,10,6
2026-09-28T20:04:13.755238,-35.3632616,149.1652375,0.002,0.02,0.0,0.0,0.02342544123530388,0.023425942286849022,246,0.0018543510232120752,0.0017781946808099747,-1.9883402585983276,12.587,0.0,69,LAND,False,STANDBY,10,6
2026-09-28T20:04:14.255468,-35.3632616,149.1652375,0.002,0.02,0.0,0.0,0.023751316592097282,0.023751551285386086,246,0.001857834868133068,0.001777610625140369,-1.9882559776306152,12.587,0.0,69,LAND,False,STANDBY,10,6
2026-09-28T20:04:14.756178,-35.3632616,149.1652375,0.002,0.02,0.0,0.0,0.023439260199666023,0.023439275100827217,246,0.0018549730302765965,0.0017665030900388956,-1.9881728887557983,12.587,0.0,69,LAND,False,STANDBY,10,6
2026-09-28T20:04:15.256543,-35.3632616,149.1652375,0.002,0.02,0.0,0.0,0.023805340752005577,0.023805372416973114,246,0.0018587044905871153,0.0017670470988377929,-1.9880856275558472,12.587,0.0,69,LAND,False,STANDBY,10,6
2026-09-28T20:04:15.757164,-35.3632616,149.1652375,0.002,0.02,0.0,0.0,0.023809513077139854,0.023809516802430153,246,0.0018599212635308504,0.0017600668361410499,-1.9880074262619019,12.587,0.0,69,LAND,False,STANDBY,10,6
2026-09-28T20:04:16.257731,-35.3632616,149.1652375,0.002,0.02,0.0,0.0,0.023850619792938232,0.023850876837968826,246,0.00186522351577878,0.0017583849839866161,-1.9879345893859863,12.587,0.0,69,LAND,False,STANDBY,10,6
2026-09-28T20:04:16.758463,-35.3632616,149.1652375,0.002,0.02,0.0,0.0,0.023705143481492996,0.023705152794718742,246,0.0018706361297518015,0.0017545047448948026,-1.9878655672073364,12.587,0.0,69,LAND,False,STANDBY,10,6
2026-09-28T20:04:17.259191,-35.3632616,149.1652375,0.002,0.02,0.0,0.0,0.02376103587448597,0.023761184886097908,246,0.0018752055475488305,0.001759518519975245,-1.9877989292144775,12.587,0.0,69,LAND,False,STANDBY,10,6
2026-09-28T20:04:17.759993,-35.3632616,149.1652375,0.002,0.02,0.0,0.0,0.023525377735495567,0.023525986820459366,246,0.0018735169433057308,0.0017624107422307134,-1.9877177476882935,12.587,0.0,69,LAND,False,STANDBY,10,6
2026-09-28T20:04:18.260821,-35.3632616,149.1652375,0.002,0.02,0.0,0.0,0.023965507745742798,0.023965880274772644,246,0.0018825153820216656,0.001765588065609336,-1.9876307249069214,12.587,0.0,69,LAND,False,STANDBY,10,6
2026-09-28T20:04:18.761778,-35.3632616,149.1652375,0.002,0.02,0.0,0.0,0.023841725662350655,0.023842046037316322,246,0.0018771500326693058,0.0017645938787609339,-1.9875601530075073,12.587,0.0,69,LAND,False,STANDBY,10,6
2026-09-28T20:04:19.262507,-35.3632616,149.1652375,0.002,0.02,0.0,0.0,0.024140823632478714,0.024140944704413414,246,0.0018744725966826081,0.001765532768331468,-1.9874826669692993,12.587,0.0,69,LAND,False,STANDBY,10,6
2026-09-28T20:04:19.763263,-35.3632616,149.1652375,0.002,0.02,0.0,0.0,0.023820118978619576,0.0238202977925539,246,0.0018714937614277005,0.001751723699271679,-1.987410306930542,12.587,0.0,69,LAND,False,STANDBY,10,6
2026-09-28T20:04:20.264290,-35.3632616,149.1652375,0.002,0.02,0.0,0.0,0.023988042026758194,0.02398805506527424,246,0.001882213051430881,0.0017590594943612814,-1.98733651638031,12.587,0.0,69,LAND,False,STANDBY,10,6
2026-09-28T20:04:20.766458,-35.3632616,149.1652375,0.002,0.02,0.0,0.0,0.02370806410908699,0.023708069697022438,246,0.0018767743604257703,0.0017503662966191769,-1.987268328666687,12.587,0.0,69,LAND,False,STANDBY,10,6
2026-09-28T20:04:21.266653,-35.3632616,149.1652375,0.002,0.02,0.0,0.0,0.023925036191940308,0.023925138637423515,246,0.0018766273278743029,0.0017549392068758607,-1.9871996641159058,12.587,0.0,69,LAND,False,STANDBY,10,6
2026-09-28T20:04:21.767317,-35.3632616,149.1652375,0.002,0.02,0.0,0.0,0.023710256442427635,0.023710254579782486,246,0.001869519823230803,0.0017556339735165238,-1.9871386289596558,12.587,0.0,69,LAND,False,STANDBY,10,6
2026-09-28T20:04:22.267825,-35.3632616,149.1652375,0.002,0.02,0.0,0.0,0.023967796936631203,0.02396782673895359,246,0.00188228499609977,0.0017565543530508876,-1.9870744943618774,12.587,0.0,69,LAND,False,STANDBY,10,6
2026-09-28T20:04:22.768487,-35.3632616,149.1652375,0.002,0.02,0.0,0.0,0.023896988481283188,0.02389744482934475,246,0.0018799527315422893,0.0017542158020660281,-1.9870017766952515,12.587,0.0,69,LAND,False,STANDBY,10,6
2026-09-28T20:04:23.269037,-35.3632616,149.1652375,0.002,0.02,0.0,0.0,0.02414974570274353,0.024149848148226738,246,0.0018826822051778436,0.0017504902789369226,-1.9869416952133179,12.587,0.0,69,LAND,False,STANDBY,10,6
2026-09-28T20:04:23.769733,-35.3632616,149.1652375,0.002,0.02,0.0,0.0,0.02393435686826706,0.023934613913297653,246,0.0018751256866380572,0.0017448491416871548,-1.9868742227554321,12.587,0.0,69,LAND,False,STANDBY,10,6
2026-09-28T20:04:24.270463,-35.3632616,149.1652375,0.002,0.02,0.0,0.0,0.023945296183228493,0.02394571527838707,246,0.001856748596765101,0.001748625305481255,-1.9868179559707642,12.587,0.0,69,LAND,False,STANDBY,10,6
2026-09-28T20:04:24.771120,-35.3632616,149.1652375,0.002,0.02,0.0,0.0,0.023687055334448814,0.02368779666721821,246,0.0018511511152610183,0.0017514090286567807,-1.9867486953735352,12.587,0.0,69,LAND,False,STANDBY,10,6
2026-09-28T20:04:25.272517,-35.3632616,149.1652375,0.002,0.02,0.0,0.0,0.023693623021245003,0.023693956434726715,246,0.0018510527443140745,0.001749636372551322,-1.986697793006897,12.587,0.0,69,LAND,False,STANDBY,10,6
2026-09-28T20:04:25.773753,-35.3632616,149.1652375,0.002,0.02,0.0,0.0,0.023403408005833626,0.023403942584991455,246,0.001854744041338563,0.001748753827996552,-1.9866353273391724,12.587,0.0,69,LAND,False,STANDBY,10,6
2026-09-28T20:04:26.274965,-35.3632616,149.1652375,0.002,0.02,0.0,0.0,0.023498570546507835,0.023499540984630585,246,0.0018585921498015523,0.0017552811186760664,-1.986579179763794,12.587,0.0,69,LAND,False,STANDBY,10,6
2026-09-28T20:04:26.775514,-35.3632616,149.1652375,0.002,0.02,0.0,0.0,0.02344757318496704,0.02344820648431778,246,0.001859649084508419,0.0017566797323524952,-1.9865185022354126,12.587,0.0,69,LAND,False,STANDBY,10,6
2026-09-28T20:04:27.276488,-35.3632616,149.1652375,0.001,0.02,0.0,0.0,0.023582132533192635,0.02358359657227993,246,0.0018562173936516047,0.001761733670718968,-1.986459732055664,12.587,0.0,69,LAND,False,STANDBY,10,6
2026-09-28T20:04:27.777472,-35.3632616,149.1652375,0.001,0.02,0.0,0.0,0.02339089848101139,0.02339189127087593,246,0.0018589802784845233,0.001761852065101266,-1.9864041805267334,12.587,0.0,69,LAND,False,STANDBY,10,6
2026-09-28T20:04:28.278596,-35.3632616,149.1652375,0.001,0.02,0.0,0.0,0.02358103357255459,0.023581504821777344,246,0.00185483752284199,0.0017596643883734941,-1.98634672164917,12.587,0.0,69,LAND,False,STANDBY,10,6
2026-09-28T20:04:28.779836,-35.3632616,149.1652375,0.001,0.02,0.0,0.0,0.023449815809726715,0.023450203239917755,246,0.0018569028470665216,0.0017608711495995522,-1.9862922430038452,12.587,0.0,69,LAND,False,STANDBY,10,6
2026-09-28T20:04:29.281153,-35.3632616,149.1652375,0.001,0.02,0.0,0.0,0.023508893325924873,0.02350991778075695,246,0.0018632831051945686,0.0017636272823438048,-1.9862322807312012,12.587,0.0,69,LAND,False,STANDBY,10,6
2026-09-28T20:04:29.781845,-35.3632616,149.1652375,0.001,0.02,0.0,0.0,0.023400669917464256,0.02340221405029297,246,0.001862998935393989,0.0017598910490050912,-1.9861692190170288,12.587,0.0,69,LAND,False,STANDBY,10,6
2026-09-28T20:04:30.282469,-35.3632616,149.1652375,0.001,0.02,0.0,0.0,0.02361663430929184,0.02361745946109295,246,0.0018633547006174922,0.001766421482898295,-1.9861208200454712,12.587,0.0,69,LAND,False,STANDBY,10,6
2026-09-28T20:04:30.783147,-35.3632616,149.1652375,0.001,0.02,0.0,0.0,0.023693392053246498,0.02369433455169201,246,0.001859953859820962,0.0017672902904450893,-1.9860727787017822,12.587,0.0,69,LAND,False,STANDBY,10,6
2026-09-28T20:04:31.283794,-35.3632616,149.1652375,0.001,0.02,0.0,0.0,0.023905009031295776,0.023905733600258827,246,0.001859939657151699,0.001770616159774363,-1.9860248565673828,12.587,0.0,69,LAND,False,STANDBY,10,6
2026-09-28T20:04:31.784495,-35.3632616,149.1652375,0.001,0.02,0.0,0.0,0.0238066203892231,0.023807842284440994,246,0.0018504009349271655,0.0017682313919067383,-1.9859851598739624,12.587,0.0,69,LAND,False,STANDBY,10,6
2026-09-28T20:04:32.285255,-35.3632616,149.1652375,0.001,0.02,0.0,0.0,0.023863790556788445,0.02386534959077835,246,0.0018480257131159306,0.001768279355019331,-1.9859426021575928,12.587,0.0,69,LAND,False,STANDBY,10,6
2026-09-28T20:04:32.785534,-35.3632616,149.1652375,0.001,0.02,0.0,0.0,0.023579949513077736,0.02358073741197586,246,0.001845275517553091,0.001762670697644353,-1.985887885093689,12.587,0.0,69,LAND,False,STANDBY,10,6
2026-09-28T20:04:33.286326,-35.3632616,149.1652375,0.001,0.02,0.0,0.0,0.023861601948738098,0.023862317204475403,246,0.001844326383434236,0.001764140441082418,-1.9858474731445312,12.587,0.0,69,LAND,False,STANDBY,10,6
2026-09-28T20:04:33.786719,-35.3632616,149.1652375,0.001,0.02,0.0,0.0,0.023507134988904,0.02350795827805996,246,0.0018444717861711979,0.0017532854108139873,-1.9858044385910034,12.587,0.0,69,LAND,False,STANDBY,10,6
2026-09-28T20:04:34.287699,-35.3632616,149.1652375,0.001,0.02,0.0,0.0,0.023686708882451057,0.02368885837495327,246,0.001842115423642099,0.0017685875063762069,-1.9857590198516846,12.587,0.0,69,LAND,False,STANDBY,10,6
2026-09-28T20:04:34.790189,-35.3632616,149.1652375,0.001,0.02,0.0,0.0,0.023450788110494614,0.023451853543519974,246,0.0018404318252578378,0.0017758774338290095,-1.9857176542282104,12.587,0.0,69,LAND,False,STANDBY,10,6
2026-09-28T20:04:35.290960,-35.3632616,149.1652375,0.001,0.02,0.0,0.0,0.02367481403052807,0.023676052689552307,246,0.0018475782126188278,0.0017846879782155156,-1.985672950744629,12.587,0.0,69,LAND,False,STANDBY,10,6
2026-09-28T20:04:35.791460,-35.3632616,149.1652375,0.001,0.02,0.0,0.0,0.023482035845518112,0.023482877761125565,246,0.0018497006967663765,0.0017817685147747397,-1.985636830329895,12.587,0.0,69,LAND,False,STANDBY,10,6
2026-09-28T20:04:36.292296,-35.3632616,149.1652375,0.001,0.02,0.0,0.0,0.02378981187939644,0.023789916187524796,246,0.0018543293699622154,0.0017850406002253294,-1.9855976104736328,12.587,0.0,69,LAND,False,STANDBY,10,6
2026-09-28T20:04:36.794368,-35.3632616,149.1652375,0.001,0.02,0.0,0.0,0.023616507649421692,0.023616507649421692,246,0.0018452906515449286,0.0017876758938655257,-1.9855610132217407,12.587,0.0,69,LAND,False,STANDBY,10,6
2026-09-28T20:04:37.295699,-35.3632616,149.1652375,0.001,0.02,0.0,0.0,0.023973386734724045,0.023973893374204636,246,0.001846222672611475,0.0017963557038456202,-1.9855234622955322,12.587,0.0,69,LAND,False,STANDBY,10,6
2026-09-28T20:04:37.796025,-35.3632616,149.1652375,0.002,0.02,0.0,0.0,0.023756861686706543,0.02375740185379982,246,0.0018380749970674515,0.0017879928927868605,-1.9854897260665894,12.587,0.0,69,LAND,False,STANDBY,10,6
2026-09-28T20:04:38.297748,-35.3632616,149.1652375,0.002,0.02,0.0,0.0,0.023808179423213005,0.023808931931853294,246,0.0018488228088244796,0.0017872211756184697,-1.9854497909545898,12.587,0.0,69,LAND,False,STANDBY,10,6
2026-09-28T20:04:38.798814,-35.3632616,149.1652375,0.002,0.02,0.0,0.0,0.023717958480119705,0.02371925860643387,246,0.0018483984749764204,0.001780299935489893,-1.985408067703247,12.587,0.0,69,LAND,False,STANDBY,10,6
2026-09-28T20:04:39.299627,-35.3632616,149.1652375,0.002,0.02,0.0,0.0,0.023846019059419632,0.02384660392999649,246,0.001850967644713819,0.0017789528938010335,-1.98537278175354,12.587,0.0,69,LAND,False,STANDBY,10,6
2026-09-28T20:04:39.801276,-35.3632616,149.1652375,0.002,0.02,0.0,0.0,0.023744791746139526,0.023745132610201836,246,0.001853904570452869,0.0017670451197773218,-1.9853453636169434,12.587,0.0,69,LAND,False,STANDBY,10,6
2026-09-28T20:04:40.302810,-35.3632616,149.1652375,0.002,0.02,0.0,0.0,0.023778194561600685,0.023778527975082397,246,0.0018592786509543657,0.001765927649103105,-1.9853078126907349,12.587,0.0,69,LAND,False,STANDBY,10,6
2026-09-28T20:04:40.804579,-35.3632616,149.1652375,0.002,0.02,0.0,0.0,0.023653307929635048,0.02365408092737198,246,0.0018573070410639048,0.0017702702898532152,-1.9852771759033203,12.587,0.0,69,LAND,False,STANDBY,10,6
2026-09-28T20:04:41.304917,-35.3632616,149.1652375,0.002,0.02,0.0,0.0,0.02377573773264885,0.023776264861226082,246,0.0018541087629273534,0.001764377928338945,-1.9852527379989624,12.587,0.0,69,LAND,False,STANDBY,10,6
2026-09-28T20:04:41.805642,-35.3632616,149.1652375,0.002,0.02,0.0,0.0,0.023481929674744606,0.023482050746679306,246,0.0018542566103860736,0.0017532507190480828,-1.9852224588394165,12.587,0.0,69,LAND,False,STANDBY,10,6
2026-09-28T20:04:42.306151,-35.3632616,149.1652375,0.002,0.02,0.0,0.0,0.023771362379193306,0.02377147041261196,246,0.001857033115811646,0.0017533485079184175,-1.985181450843811,12.587,0.0,69,LAND,False,STANDBY,10,6
2026-09-28T20:04:42.807517,-35.3632616,149.1652375,0.002,0.02,0.0,0.0,0.023636098951101303,0.02363620512187481,246,0.0018588999519124627,0.0017471392638981342,-1.9851415157318115,12.587,0.0,69,LAND,False,STANDBY,10,6
2026-09-28T20:04:43.307851,-35.3632616,149.1652375,0.002,0.02,0.0,0.0,0.02372787892818451,0.023728158324956894,246,0.0018606489757075906,0.001751648262143135,-1.9851101636886597,12.587,0.0,69,LAND,False,STANDBY,10,6
2026-09-28T20:04:43.808478,-35.3632616,149.1652375,0.002,0.02,0.0,0.0,0.023524107411503792,0.023524213582277298,246,0.0018533153925091028,0.0017476718639954925,-1.985072374343872,12.587,0.0,69,LAND,False,STANDBY,10,6
2026-09-28T20:04:44.309411,-35.3632616,149.1652375,0.002,0.02,0.0,0.0,0.023761572316288948,0.02376163937151432,246,0.0018567779334262013,0.001750640687532723,-1.9850434064865112,12.587,0.0,69,LAND,False,STANDBY,10,6
2026-09-28T20:04:44.810159,-35.3632616,149.1652375,0.002,0.02,0.0,0.0,0.023541072383522987,0.023541823029518127,246,0.0018671579891815782,0.0017460804665461183,-1.9850177764892578,12.587,0.0,69,LAND,False,STANDBY,10,6
2026-09-28T20:04:45.311355,-35.3632616,149.1652375,0.002,0.02,0.0,0.0,0.02383563481271267,0.02383638545870781,246,0.0018702204106375575,0.001749510527588427,-1.9849927425384521,12.587,0.0,69,LAND,False,STANDBY,10,6
2026-09-28T20:04:45.812248,-35.3632616,149.1652375,0.002,0.02,0.0,0.0,0.02348984405398369,0.023490574210882187,246,0.0018654512241482735,0.0017638979479670525,-1.9849625825881958,12.587,0.0,69,LAND,False,STANDBY,10,6
2026-09-28T20:04:46.313047,-35.3632616,149.1652375,0.002,0.02,0.0,0.0,0.02384745515882969,0.02384861744940281,246,0.0018637131433933973,0.0017645731568336487,-1.9849389791488647,12.587,0.0,69,LAND,False,STANDBY,10,6
2026-09-28T20:04:46.813755,-35.3632616,149.1652375,0.002,0.02,0.0,0.0,0.023622246459126472,0.023622481152415276,246,0.00186545227188617,0.0017748604295775294,-1.9849088191986084,12.587,0.0,69,LAND,False,STANDBY,10,6
2026-09-28T20:04:47.314455,-35.3632616,149.1652375,0.002,0.02,0.0,0.0,0.023957952857017517,0.023958206176757812,246,0.001868276041932404,0.0017766004893928766,-1.984878659248352,12.587,0.0,69,LAND,False,STANDBY,10,6
2026-09-28T20:04:47.815082,-35.3632616,149.1652375,0.002,0.02,0.0,0.0,0.02376163937151432,0.023762602359056473,246,0.0018661280628293753,0.001776145538315177,-1.9848532676696777,12.587,0.0,69,LAND,False,STANDBY,10,6
2026-09-28T20:04:48.315761,-35.3632616,149.1652375,0.002,0.02,0.0,0.0,0.024154940620064735,0.02415509521961212,246,0.0018596017034724355,0.0017802658258005977,-1.9848377704620361,12.587,0.0,69,LAND,False,STANDBY,10,6
2026-09-28T20:04:48.816115,-35.3632616,149.1652375,0.002,0.02,0.0,0.0,0.02377978526055813,0.02378104254603386,246,0.001856152550317347,0.0017673235852271318,-1.984808325767517,12.587,0.0,69,LAND,False,STANDBY,10,6
2026-09-28T20:04:49.316467,-35.3632616,149.1652375,0.002,0.02,0.0,0.0,0.024039607495069504,0.02404043823480606,246,0.0018542209872975945,0.0017719994066283107,-1.984784483909607,12.587,0.0,69,LAND,False,STANDBY,10,6
2026-09-28T20:04:49.817180,-35.3632616,149.1652375,0.002,0.02,0.0,0.0,0.023772699758410454,0.02377343364059925,246,0.0018587051890790462,0.0017623180756345391,-1.9847568273544312,12.587,0.0,69,LAND,False,STANDBY,10,6
2026-09-28T20:04:50.317739,-35.3632616,149.1652375,0.002,0.02,0.0,0.0,0.024083320051431656,0.024083323776721954,246,0.0018644894007593393,0.0017685031052678823,-1.984736442565918,12.587,0.0,69,LAND,False,STANDBY,10,6
2026-09-28T20:04:50.818336,-35.3632616,149.1652375,0.002,0.02,0.0,0.0,0.02382848411798477,0.023828499019145966,246,0.0018495431868359447,0.0017612379742786288,-1.9847193956375122,12.587,0.0,69,LAND,False,STANDBY,10,6
2026-09-28T20:04:51.318795,-35.3632616,149.1652375,0.002,0.02,0.0,0.0,0.023940937593579292,0.023940959945321083,246,0.0018504072213545442,0.0017584291053935885,-1.9847052097320557,12.587,0.0,69,LAND,False,STANDBY,10,6
2026-09-28T20:04:51.819551,-35.3632616,149.1652375,0.002,0.02,0.0,0.0,0.023766888305544853,0.023766925558447838,246,0.0018549079541116953,0.001753196818754077,-1.984689474105835,12.587,0.0,69,LAND,False,STANDBY,10,6
2026-09-28T20:04:52.320236,-35.3632616,149.1652375,0.002,0.02,0.0,0.0,0.0237560011446476,0.023756228387355804,246,0.0018526943167671561,0.0017583126900717616,-1.9846652746200562,12.587,0.0,69,LAND,False,STANDBY,10,6
2026-09-28T20:04:52.820850,-35.3632616,149.1652375,0.002,0.02,0.0,0.0,0.023549262434244156,0.02354949526488781,246,0.0018527614884078503,0.0017679708544164896,-1.9846404790878296,12.587,0.0,69,LAND,False,STANDBY,10,6
2026-09-28T20:04:53.321457,-35.3632616,149.1652375,0.002,0.02,0.0,0.0,0.023852737620472908,0.023852840065956116,246,0.0018523961771279573,0.0017737499438226223,-1.9846272468566895,12.587,0.0,69,LAND,False,STANDBY,10,6
2026-09-28T20:04:53.822095,-35.3632616,149.1652375,0.002,0.02,0.0,0.0,0.02372010052204132,0.023720137774944305,246,0.0018542971229180694,0.0017757276073098183,-1.9846142530441284,12.587,0.0,69,LAND,False,STANDBY,10,6
2026-09-28T20:04:54.322587,-35.3632616,149.1652375,0.002,0.02,0.0,0.0,0.023956524208188057,0.02395663782954216,246,0.0018530427478253841,0.0017718489980325103,-1.9845999479293823,12.587,0.0,69,LAND,False,STANDBY,10,6
2026-09-28T20:04:54.823209,-35.3632616,149.1652375,0.002,0.02,0.0,0.0,0.023699263110756874,0.023699279874563217,246,0.0018566895741969347,0.0017666213680058718,-1.9845844507217407,12.587,0.0,69,LAND,False,STANDBY,10,6
2026-09-28T20:04:55.323462,-35.3632616,149.1652375,0.002,0.02,0.0,0.0,0.023875674232840538,0.023875704035162926,246,0.0018666061805561185,0.0017614243552088737,-1.9845688343048096,12.587,0.0,69,LAND,False,STANDBY,10,6
2026-09-28T20:04:55.824120,-35.3632616,149.1652375,0.002,0.02,0.0,0.0,0.023785917088389397,0.023785918951034546,246,0.00187408528290689,0.0017691741231828928,-1.9845561981201172,12.587,0.0,69,LAND,False,STANDBY,10,6
2026-09-28T20:04:56.324458,-35.3632616,149.1652375,0.002,0.02,0.0,0.0,0.023874232545495033,0.023874325677752495,246,0.0018719384679570794,0.001776370219886303,-1.9845397472381592,12.587,0.0,69,LAND,False,STANDBY,10,6
2026-09-28T20:04:56.825133,-35.3632616,149.1652375,0.002,0.02,0.0,0.0,0.023582348600029945,0.02358248084783554,246,0.0018657386535778642,0.0017744426149874926,-1.9845203161239624,12.587,0.0,69,LAND,False,STANDBY,10,6
2026-09-28T20:04:57.325461,-35.3632616,149.1652375,0.002,0.02,0.0,0.0,0.02423248253762722,0.02423250675201416,246,0.0018765615532174706,0.0017846347764134407,-1.9845083951950073,12.587,0.0,69,LAND,False,STANDBY,10,6
2026-09-28T20:04:57.825788,-35.3632616,149.1652375,0.002,0.02,0.0,0.0,0.024077998474240303,0.024078181013464928,246,0.0018767258152365685,0.0017775114392861724,-1.984495759010315,12.587,0.0,69,LAND,False,STANDBY,10,6
2026-09-28T20:04:58.326460,-35.3632616,149.1652375,0.002,0.02,0.0,0.0,0.024124832823872566,0.024124909192323685,246,0.001871177344582975,0.0017733304994180799,-1.9844893217086792,12.587,0.0,69,LAND,False,STANDBY,10,6
2026-09-28T20:04:58.827158,-35.3632616,149.1652375,0.002,0.02,0.0,0.0,0.023806221783161163,0.023806771263480186,246,0.0018721234519034624,0.00175760337151587,-1.9844787120819092,12.587,0.0,69,LAND,False,STANDBY,10,6
2026-09-28T20:04:59.327683,-35.3632616,149.1652375,0.002,0.02,0.0,0.0,0.02411530539393425,0.024115584790706635,246,0.001875384128652513,0.0017537818057462573,-1.984462022781372,12.587,0.0,69,LAND,False,STANDBY,10,6
2026-09-28T20:04:59.828456,-35.3632616,149.1652375,0.002,0.02,0.0,0.0,0.023777132853865623,0.02377757988870144,246,0.0018765965942293406,0.0017503976123407483,-1.9844423532485962,12.587,0.0,69,LAND,False,STANDBY,10,6
2026-09-28T20:05:00.329387,-35.3632616,149.1652375,0.002,0.02,0.0,0.0,0.024023503065109253,0.024024277925491333,246,0.0018768974114209414,0.0017538322135806084,-1.9844340085983276,12.587,0.0,69,LAND,False,STANDBY,10,6
2026-09-28T20:05:00.830078,-35.3632616,149.1652375,0.002,0.02,0.0,0.0,0.02371956594288349,0.02371963858604431,246,0.001870624371804297,0.0017513741040602326,-1.9844276905059814,12.587,0.0,69,LAND,False,STANDBY,10,6
2026-09-28T20:05:01.330474,-35.3632616,149.1652375,0.002,0.02,0.0,0.0,0.023964134976267815,0.02396419458091259,246,0.0018835754599422216,0.0017551889177411795,-1.9844168424606323,12.587,0.0,69,LAND,False,STANDBY,10,6
2026-09-28T20:05:01.831237,-35.3632616,149.1652375,0.002,0.02,0.0,0.0,0.023850329220294952,0.023851219564676285,246,0.0018740021623671055,0.001752236159518361,-1.9844067096710205,12.587,0.0,69,LAND,False,STANDBY,10,6
2026-09-28T20:05:02.331917,-35.3632616,149.1652375,0.002,0.02,0.0,0.0,0.024150753393769264,0.024152930825948715,246,0.0018749941373243928,0.0017516843508929014,-1.9843937158584595,12.587,0.0,69,LAND,False,STANDBY,10,6
2026-09-28T20:05:02.832582,-35.3632616,149.1652375,0.002,0.02,0.0,0.0,0.023827670142054558,0.023830430582165718,246,0.0018659509951248765,0.001753097167238593,-1.984390377998352,12.587,0.0,69,LAND,False,STANDBY,10,6
2026-09-28T20:05:03.335502,-35.3632616,149.1652375,0.002,0.02,0.0,0.0,0.024053405970335007,0.02405518665909767,246,0.0018656885949894786,0.0017561882268637419,-1.9843782186508179,12.587,0.0,69,LAND,False,STANDBY,10,6
2026-09-28T20:05:03.836056,-35.3632616,149.1652375,0.002,0.02,0.0,0.0,0.023798028007149696,0.02380014955997467,246,0.0018702467205002904,0.0017528666649013758,-1.984368920326233,12.587,0.0,69,LAND,False,STANDBY,10,6
2026-09-28T20:05:04.336572,-35.3632616,149.1652375,0.002,0.02,0.0,0.0,0.023954622447490692,0.0239555761218071,246,0.0018717583734542131,0.001752873882651329,-1.9843615293502808,12.587,0.0,69,LAND,False,STANDBY,10,6
2026-09-28T20:05:04.838529,-35.3632616,149.1652375,0.002,0.02,0.0,0.0,0.023859191685914993,0.023859720677137375,246,0.001865884754806757,0.0017516397638246417,-1.9843517541885376,12.587,0.0,69,LAND,False,STANDBY,10,6
2026-09-28T20:05:05.339311,-35.3632616,149.1652375,0.002,0.02,0.0,0.0,0.024052482098340988,0.02405264973640442,246,0.0018578439485281706,0.0017544794827699661,-1.9843419790267944,12.587,0.0,69,LAND,False,STANDBY,10,6
2026-09-28T20:05:05.840418,-35.3632616,149.1652375,0.002,0.02,0.0,0.0,0.02381032146513462,0.02381032332777977,246,0.001850954140536487,0.00175045570358634,-1.9843292236328125,12.587,0.0,69,LAND,False,STANDBY,10,6
2026-09-28T20:05:06.341526,-35.3632616,149.1652375,0.002,0.02,0.0,0.0,0.02394210174679756,0.023942288011312485,246,0.001845106715336442,0.001752328360453248,-1.9843165874481201,12.587,0.0,69,LAND,False,STANDBY,10,6
2026-09-28T20:05:06.842473,-35.3632616,149.1652375,0.002,0.02,0.0,0.0,0.02362903766334057,0.023629458621144295,246,0.0018360922113060951,0.0017453443724662066,-1.9843140840530396,12.587,0.0,69,LAND,False,STANDBY,10,6
2026-09-28T20:05:07.343827,-35.3632616,149.1652375,0.002,0.02,0.0,0.0,0.023656431585550308,0.023656820878386497,246,0.0018225617241114378,0.0017508836463093758,-1.9843143224716187,12.587,0.0,69,LAND,False,STANDBY,10,6
2026-09-28T20:05:07.844698,-35.3632616,149.1652375,0.002,0.02,0.0,0.0,0.02340507321059704,0.02340514585375786,246,0.00181358284316957,0.0017543453723192215,-1.9843140840530396,12.587,0.0,69,LAND,False,STANDBY,10,6
2026-09-28T20:05:08.345456,-35.3632616,149.1652375,0.002,0.02,0.0,0.0,0.02362343855202198,0.023624125868082047,246,0.0018151476979255676,0.0017514631617814302,-1.9843043088912964,12.587,0.0,69,LAND,False,STANDBY,10,6
2026-09-28T20:05:08.846177,-35.3632616,149.1652375,0.002,0.02,0.0,0.0,0.023412151262164116,0.023413632065057755,246,0.0018128235824406147,0.001751155941747129,-1.9842958450317383,12.587,0.0,69,LAND,False,STANDBY,10,6
2026-09-28T20:05:09.346453,-35.3632616,149.1652375,0.002,0.02,0.0,0.0,0.02344471774995327,0.02344544231891632,246,0.0018219579942524433,0.0017647878266870975,-1.9842950105667114,12.587,0.0,69,LAND,False,STANDBY,10,6
2026-09-28T20:05:09.846994,-35.3632616,149.1652375,0.002,0.02,0.0,0.0,0.023380344733595848,0.023380599915981293,246,0.0018271487206220627,0.001768517424352467,-1.9842885732650757,12.587,0.0,69,LAND,False,STANDBY,10,6
2026-09-28T20:05:10.347701,-35.3632616,149.1652375,0.002,0.02,0.0,0.0,0.023668179288506508,0.023668549954891205,246,0.0018281197408214211,0.0017624255269765854,-1.9842849969863892,12.587,0.0,69,LAND,False,STANDBY,10,6
2026-09-28T20:05:10.848455,-35.3632616,149.1652375,0.002,0.02,0.0,0.0,0.023574380204081535,0.023574575781822205,246,0.0018281410448253155,0.0017624488100409508,-1.9842814207077026,12.587,0.0,69,LAND,False,STANDBY,10,6
2026-09-28T20:05:11.349057,-35.3632616,149.1652375,0.002,0.02,0.0,0.0,0.02348494529724121,0.023485025390982628,246,0.0018306463025510311,0.0017657330026850104,-1.9842652082443237,12.587,0.0,69,LAND,False,STANDBY,10,6
2026-09-28T20:05:11.849486,-35.3632616,149.1652375,0.002,0.02,0.0,0.0,0.023348085582256317,0.02334812842309475,246,0.001826183288358152,0.001751809730194509,-1.984265923500061,12.587,0.0,69,LAND,False,STANDBY,10,6
2026-09-28T20:05:12.350190,-35.3632616,149.1652375,0.002,0.02,0.0,0.0,0.0235531497746706,0.023553304374217987,246,0.0018381945556029677,0.0017497568624094129,-1.984262228012085,12.587,0.0,69,LAND,False,STANDBY,10,6
2026-09-28T20:05:12.851049,-35.3632616,149.1652375,0.002,0.02,0.0,0.0,0.023148756474256516,0.023149002343416214,246,0.0018378098029643297,0.0017486807191744447,-1.9842664003372192,12.587,0.0,69,LAND,False,STANDBY,10,6
2026-09-28T20:05:13.351468,-35.3632616,149.1652375,0.002,0.02,0.0,0.0,0.023359278216958046,0.023359278216958046,246,0.0018404946895316243,0.0017483893316239119,-1.9842694997787476,12.587,0.0,69,LAND,False,STANDBY,10,6
2026-09-28T20:05:13.852174,-35.3632616,149.1652375,0.002,0.02,0.0,0.0,0.023071981966495514,0.023072170093655586,246,0.0018397039966657758,0.0017473944462835789,-1.9842694997787476,12.587,0.0,69,LAND,False,STANDBY,10,6
2026-09-28T20:05:14.352541,-35.3632616,149.1652375,0.002,0.02,0.0,0.0,0.023402607068419456,0.02340267039835453,246,0.001850414671935141,0.001752663403749466,-1.9842700958251953,12.587,0.0,69,LAND,False,STANDBY,10,6
2026-09-28T20:05:14.853408,-35.3632616,149.1652375,0.002,0.02,0.0,0.0,0.02332654595375061,0.023326575756072998,246,0.0018505669431760907,0.001760520739480853,-1.9842725992202759,12.587,0.0,69,LAND,False,STANDBY,10,6
2026-09-28T20:05:15.353960,-35.3632616,149.1652375,0.002,0.02,0.0,0.0,0.023657429963350296,0.023657480254769325,246,0.0018523450708016753,0.0017594958189874887,-1.9842808246612549,12.587,0.0,69,LAND,False,STANDBY,10,6
2026-09-28T20:05:15.854940,-35.3632616,149.1652375,0.002,0.02,0.0,0.0,0.023482803255319595,0.023482896387577057,246,0.0018535848939791322,0.0017556996317580342,-1.9842766523361206,12.587,0.0,69,LAND,False,STANDBY,10,6
2026-09-28T20:05:16.356390,-35.3632616,149.1652375,0.002,0.02,0.0,0.0,0.02377230115234852,0.02377237007021904,246,0.0018580298637971282,0.001764879678376019,-1.9842736721038818,12.587,0.0,69,LAND,False,STANDBY,10,6
2026-09-28T20:05:16.857461,-35.3632616,149.1652375,0.002,0.02,0.0,0.0,0.02375626191496849,0.02375626191496849,246,0.0018529180670157075,0.0017561257118359208,-1.9842746257781982,12.587,0.0,69,LAND,False,STANDBY,10,6
2026-09-28T20:05:17.358101,-35.3632616,149.1652375,0.002,0.02,0.0,0.0,0.023951243609189987,0.023951245471835136,246,0.0018599978648126125,0.001755734090693295,-1.9842725992202759,12.587,0.0,69,LAND,False,STANDBY,10,6
2026-09-28T20:05:17.858859,-35.3632616,149.1652375,0.002,0.02,0.0,0.0,0.023669127374887466,0.02366919256746769,246,0.0018611405976116657,0.0017522829584777355,-1.9842710494995117,12.587,0.0,69,LAND,False,STANDBY,10,6
2026-09-28T20:05:18.359461,-35.3632616,149.1652375,0.002,0.02,0.0,0.0,0.0237900260835886,0.023790081962943077,246,0.0018630597041919827,0.0017635519616305828,-1.9842745065689087,12.587,0.0,69,LAND,False,STANDBY,10,6
2026-09-28T20:05:18.860093,-35.3632616,149.1652375,0.002,0.02,0.0,0.0,0.023632152006030083,0.023632261902093887,246,0.0018526508938521147,0.0017682415200397372,-1.9842736721038818,12.587,0.0,69,LAND,False,STANDBY,10,6
2026-09-28T20:05:19.360724,-35.3632616,149.1652375,0.002,0.02,0.0,0.0,0.02383873425424099,0.023838739842176437,246,0.0018488179193809628,0.0017714195419102907,-1.9842748641967773,12.587,0.0,69,LAND,False,STANDBY,10,6
2026-09-28T20:05:19.861059,-35.3632616,149.1652375,0.002,0.02,0.0,0.0,0.02374747209250927,0.023747606202960014,246,0.0018484351458027959,0.0017679646844044328,-1.9842816591262817,12.587,0.0,69,LAND,False,STANDBY,10,6
2026-09-28T20:05:20.361462,-35.3632616,149.1652375,0.002,0.02,0.0,0.0,0.023889727890491486,0.023889761418104172,246,0.0018532773246988654,0.0017682677134871483,-1.9842826128005981,12.587,0.0,69,LAND,False,STANDBY,10,6
2026-09-28T20:05:20.861808,-35.3632616,149.1652375,0.002,0.02,0.0,0.0,0.023819241672754288,0.023819364607334137,246,0.001849992317147553,0.0017713846173137426,-1.984283685684204,12.587,0.0,69,LAND,False,STANDBY,10,6
2026-09-28T20:05:21.362486,-35.3632616,149.1652375,0.002,0.02,0.0,0.0,0.02387000247836113,0.023870060220360756,246,0.001848157262429595,0.0017715967260301113,-1.9842872619628906,12.587,0.0,69,LAND,False,STANDBY,10,6
2026-09-28T20:05:21.863123,-35.3632616,149.1652375,0.002,0.02,0.0,0.0,0.023620828986167908,0.023620830848813057,246,0.0018484911415725946,0.0017658488359302282,-1.9842936992645264,12.587,0.0,69,LAND,False,STANDBY,10,6
2026-09-28T20:05:22.363697,-35.3632616,149.1652375,0.002,0.02,0.0,0.0,0.02380417473614216,0.023804234340786934,246,0.001857512048445642,0.0017751713749021292,-1.9842958450317383,12.587,0.0,69,LAND,False,STANDBY,10,6
2026-09-28T20:05:22.864513,-35.3632616,149.1652375,0.002,0.02,0.0,0.0,0.023820355534553528,0.023821108043193817,246,0.0018495549447834492,0.0017802031943574548,-1.9843008518218994,12.587,0.0,69,LAND,False,STANDBY,10,6
2026-09-28T20:05:23.365136,-35.3632616,149.1652375,0.002,0.02,0.0,0.0,0.02400253526866436,0.024002965539693832,246,0.0018548138905316591,0.001784985070116818,-1.9843072891235352,12.587,0.0,69,LAND,False,STANDBY,10,6
2026-09-28T20:05:23.866254,-35.3632616,149.1652375,0.002,0.02,0.0,0.0,0.023601792752742767,0.023603208363056183,246,0.0018516182899475098,0.0017798918997868896,-1.9843052625656128,12.587,0.0,69,LAND,False,STANDBY,10,6
2026-09-28T20:05:24.367072,-35.3632616,149.1652375,0.002,0.02,0.0,0.0,0.023946426808834076,0.023946713656187057,246,0.0018485554028302431,0.0017750542610883713,-1.9843111038208008,12.587,0.0,69,LAND,False,STANDBY,10,6
2026-09-28T20:05:24.867460,-35.3632616,149.1652375,0.002,0.02,0.0,0.0,0.02377839758992195,0.023778609931468964,246,0.0018514187540858984,0.0017752184066921473,-1.9843090772628784,12.587,0.0,69,LAND,False,STANDBY,10,6
2026-09-28T20:05:25.368158,-35.3632616,149.1652375,0.002,0.02,0.0,0.0,0.023925989866256714,0.023926427587866783,246,0.0018576793372631073,0.0017771159764379263,-1.984315037727356,12.587,0.0,69,LAND,False,STANDBY,10,6
2026-09-28T20:05:25.868462,-35.3632616,149.1652375,0.002,0.02,0.0,0.0,0.023808060213923454,0.02380906417965889,246,0.0018598443130031228,0.001775230746716261,-1.9843168258666992,12.587,0.0,69,LAND,False,STANDBY,10,6
2026-09-28T20:05:26.369006,-35.3632616,149.1652375,0.002,0.02,0.0,0.0,0.024253718554973602,0.02425440400838852,246,0.0018623203504830599,0.0017756985034793615,-1.984323501586914,12.587,0.0,69,LAND,False,STANDBY,10,6
2026-09-28T20:05:26.869673,-35.3632616,149.1652375,0.002,0.02,0.0,0.0,0.024111539125442505,0.024111563339829445,246,0.0018648923141881824,0.0017692226683720946,-1.9843262434005737,12.587,0.0,69,LAND,False,STANDBY,10,6
2026-09-28T20:05:27.370771,-35.3632616,149.1652375,0.002,0.02,0.0,0.0,0.024108394980430603,0.024108590558171272,246,0.0018622614443302155,0.0017722403863444924,-1.9843295812606812,12.587,0.0,69,LAND,False,STANDBY,10,6
2026-09-28T20:05:27.871474,-35.3632616,149.1652375,0.002,0.02,0.0,0.0,0.023839280009269714,0.023839319124817848,246,0.001853015972301364,0.0017618469428271055,-1.9843379259109497,12.587,0.0,69,LAND,False,STANDBY,10,6
2026-09-28T20:05:28.372201,-35.3632616,149.1652375,0.002,0.02,0.0,0.0,0.0239743422716856,0.0239743422716856,246,0.0018495236290618777,0.0017623049207031727,-1.9843387603759766,12.587,0.0,69,LAND,False,STANDBY,10,6
2026-09-28T20:05:28.872920,-35.3632616,149.1652375,0.002,0.02,0.0,0.0,0.023700732737779617,0.023700863122940063,246,0.0018461860017850995,0.0017553053330630064,-1.984343409538269,12.587,0.0,69,LAND,False,STANDBY,10,6
2026-09-28T20:05:29.373599,-35.3632616,149.1652375,0.002,0.02,0.0,0.0,0.023931333795189857,0.023931603878736496,246,0.001859482261352241,0.0017555158119648695,-1.9843465089797974,12.587,0.0,69,LAND,False,STANDBY,10,6
2026-09-28T20:05:29.873896,-35.3632616,149.1652375,0.002,0.02,0.0,0.0,0.0236863661557436,0.023686472326517105,246,0.0018562545301392674,0.0017493051709607244,-1.9843575954437256,12.587,0.0,69,LAND,False,STANDBY,10,6
2026-09-28T20:05:30.374547,-35.3632616,149.1652375,0.002,0.02,0.0,0.0,0.02390953153371811,0.02391061931848526,246,0.0018601883202791214,0.0017443608958274126,-1.98436439037323,12.587,0.0,69,LAND,False,STANDBY,10,6
2026-09-28T20:05:30.875196,-35.3632616,149.1652375,0.002,0.02,0.0,0.0,0.023601025342941284,0.02360161952674389,246,0.0018558978335931897,0.0017450008308514953,-1.9843602180480957,12.587,0.0,69,LAND,False,STANDBY,10,6
2026-09-28T20:05:31.376099,-35.3632616,149.1652375,0.002,0.02,0.0,0.0,0.023898448795080185,0.023898471146821976,246,0.0018545257626101375,0.0017507972661405802,-1.9843717813491821,12.587,0.0,69,LAND,False,STANDBY,10,6
2026-09-28T20:05:31.876662,-35.3632616,149.1652375,0.002,0.02,0.0,0.0,0.02374355122447014,0.02374355122447014,246,0.0018498013960197568,0.0017446457641199231,-1.9843769073486328,12.587,0.0,69,LAND,False,STANDBY,10,6
2026-09-28T20:05:32.377050,-35.3632616,149.1652375,0.002,0.02,0.0,0.0,0.023704035207629204,0.02370411716401577,246,0.001850323867984116,0.0017464155098423362,-1.9843897819519043,12.587,0.0,69,LAND,False,STANDBY,10,6
2026-09-28T20:05:32.877596,-35.3632616,149.1652375,0.002,0.02,0.0,0.0,0.023480966687202454,0.023481104522943497,246,0.0018542257603257895,0.0017494660569354892,-1.9843878746032715,12.587,0.0,69,LAND,False,STANDBY,10,6
2026-09-28T20:05:33.378151,-35.3632616,149.1652375,0.002,0.02,0.0,0.0,0.023718733340501785,0.023718778043985367,246,0.001853781403042376,0.001757606165483594,-1.9843933582305908,12.587,0.0,69,LAND,False,STANDBY,10,6
2026-09-28T20:05:33.878527,-35.3632616,149.1652375,0.002,0.02,0.0,0.0,0.023553764447569847,0.023553766310214996,246,0.0018598743481561542,0.0017574155936017632,-1.9844027757644653,12.587,0.0,69,LAND,False,STANDBY,10,6
2026-09-28T20:05:34.379523,-35.3632616,149.1652375,0.002,0.02,0.0,0.0,0.02383733168244362,0.023837344720959663,246,0.001854850328527391,0.0017617081757634878,-1.9844087362289429,12.587,0.0,69,LAND,False,STANDBY,10,6
2026-09-28T20:05:34.880575,-35.3632616,149.1652375,0.002,0.02,0.0,0.0,0.023560158908367157,0.0235601793974638,246,0.0018568942323327065,0.0017594208475202322,-1.984413743019104,12.587,0.0,69,LAND,False,STANDBY,10,6
2026-09-28T20:05:35.381579,-35.3632616,149.1652375,0.002,0.02,0.0,0.0,0.02357351779937744,0.023573562502861023,246,0.001857931725680828,0.0017609732458367944,-1.9844181537628174,12.587,0.0,69,LAND,False,STANDBY,10,6
2026-09-28T20:05:35.882247,-35.3632616,149.1652375,0.002,0.02,0.0,0.0,0.023460643365979195,0.023460756987333298,246,0.0018556304275989532,0.0017576046520844102,-1.984418272972107,12.587,0.0,69,LAND,False,STANDBY,10,6
2026-09-28T20:05:36.382728,-35.3632616,149.1652375,0.002,0.02,0.0,0.0,0.023709604516625404,0.023709680885076523,246,0.0018582821357995272,0.0017545168520882726,-1.9844270944595337,12.587,0.0,69,LAND,False,STANDBY,10,6
2026-09-28T20:05:36.883455,-35.3632616,149.1652375,0.002,0.02,0.0,0.0,0.023529337719082832,0.023529397323727608,246,0.0018547165673226118,0.001751135801896453,-1.9844326972961426,12.587,0.0,69,LAND,False,STANDBY,10,6
2026-09-28T20:05:37.384219,-35.3632616,149.1652375,0.002,0.02,0.0,0.0,0.023731540888547897,0.023731568828225136,246,0.001862450153566897,0.0017574089579284191,-1.984427809715271,12.587,0.0,69,LAND,False,STANDBY,10,6
2026-09-28T20:05:37.885140,-35.3632616,149.1652375,0.002,0.02,0.0,0.0,0.02362963557243347,0.023629818111658096,246,0.0018560359021648765,0.0017546128947287798,-1.984420895576477,12.587,0.0,69,LAND,False,STANDBY,10,6
2026-09-28T20:05:38.385816,-35.3632616,149.1652375,0.002,0.02,0.0,0.0,0.023622477427124977,0.023622477427124977,246,0.0018504227045923471,0.0017492531333118677,-1.9844168424606323,12.587,0.0,69,LAND,False,STANDBY,10,6
2026-09-28T20:05:38.886456,-35.3632616,149.1652375,0.002,0.02,0.0,0.0,0.023516083136200905,0.023516258224844933,246,0.0018505434272810817,0.0017519944813102484,-1.9844263792037964,12.587,0.0,69,LAND,False,STANDBY,10,6
2026-09-28T20:05:39.388082,-35.3632616,149.1652375,0.002,0.02,0.0,0.0,0.0238396767526865,0.023839913308620453,246,0.0018571688560768962,0.0017618313431739807,-1.984432339668274,12.587,0.0,69,LAND,False,STANDBY,10,6
2026-09-28T20:05:39.889065,-35.3632616,149.1652375,0.002,0.02,0.0,0.0,0.02350585162639618,0.02350584976375103,246,0.0018491935916244984,0.001762454048730433,-1.984442114830017,12.587,0.0,69,LAND,False,STANDBY,10,6
2026-09-28T20:05:40.390232,-35.3632616,149.1652375,0.002,0.02,0.0,0.0,0.02374163456261158,0.023741858080029488,246,0.0018465738976374269,0.0017589143244549632,-1.984450340270996,12.587,0.0,69,LAND,False,STANDBY,10,6
2026-09-28T20:05:40.891040,-35.3632616,149.1652375,0.002,0.02,0.0,0.0,0.023372313007712364,0.023372355848550797,246,0.0018484446918591857,0.001759308623149991,-1.9844565391540527,12.587,0.0,69,LAND,False,STANDBY,10,6
2026-09-28T20:05:41.391458,-35.3632616,149.1652375,0.002,0.02,0.0,0.0,0.023646946996450424,0.02364731766283512,246,0.0018542595207691193,0.0017563288565725088,-1.9844706058502197,12.587,0.0,69,LAND,False,STANDBY,10,6
2026-09-28T20:05:41.892201,-35.3632616,149.1652375,0.002,0.02,0.0,0.0,0.02341965213418007,0.02342033013701439,246,0.001847942708991468,0.00175296061206609,-1.984466791152954,12.587,0.0,69,LAND,False,STANDBY,10,6
2026-09-28T20:05:42.392623,-35.3632616,149.1652375,0.002,0.02,0.0,0.0,0.023781277239322662,0.02378164976835251,246,0.001852352637797594,0.0017605060711503029,-1.9844727516174316,12.587,0.0,69,LAND,False,STANDBY,10,6
2026-09-28T20:05:42.893404,-35.3632616,149.1652375,0.002,0.02,0.0,0.0,0.023580607026815414,0.023581447079777718,246,0.00185507966671139,0.0017568932380527258,-1.9844732284545898,12.587,0.0,69,LAND,False,STANDBY,10,6
2026-09-28T20:05:43.394640,-35.3632616,149.1652375,0.002,0.02,0.0,0.0,0.023788979277014732,0.0237892996519804,246,0.0018612885614857078,0.0017579259583726525,-1.9844850301742554,12.587,0.0,69,LAND,False,STANDBY,10,6
2026-09-28T20:05:43.896177,-35.3632616,149.1652375,0.002,0.02,0.0,0.0,0.023685337975621223,0.023685336112976074,246,0.0018590777181088924,0.0017594347009435296,-1.9844964742660522,12.587,0.0,69,LAND,False,STANDBY,10,6
2026-09-28T20:05:44.396686,-35.3632616,149.1652375,0.002,0.02,0.0,0.0,0.024051040410995483,0.02405104599893093,246,0.0018577502341941,0.0017660814337432384,-1.984506607055664,12.587,0.0,69,LAND,False,STANDBY,10,6
2026-09-28T20:05:44.897064,-35.3632616,149.1652375,0.002,0.02,0.0,0.0,0.023762721568346024,0.02376282587647438,246,0.0018583600176498294,0.0017458215588703752,-1.9845157861709595,12.587,0.0,69,LAND,False,STANDBY,10,6
2026-09-28T20:05:45.398192,-35.3632616,149.1652375,0.002,0.02,0.0,0.0,0.024116884917020798,0.024116884917020798,246,0.0018487811321392655,0.0017462611431255937,-1.9845186471939087,12.587,0.0,69,LAND,False,STANDBY,10,6
2026-09-28T20:05:45.898790,-35.3632616,149.1652375,0.002,0.02,0.0,0.0,0.023862803354859352,0.023862823843955994,246,0.0018501298036426306,0.0017445088597014546,-1.9845257997512817,12.587,0.0,69,LAND,False,STANDBY,10,6
2026-09-28T20:05:46.399469,-35.3632616,149.1652375,0.002,0.02,0.0,0.0,0.024070173501968384,0.024070290848612785,246,0.0018516178242862225,0.0017544321017339826,-1.98452889919281,12.587,0.0,69,LAND,False,STANDBY,10,6
2026-09-28T20:05:46.901556,-35.3632616,149.1652375,0.002,0.02,0.0,0.0,0.023890553042292595,0.023890621960163116,246,0.0018507782369852066,0.001756820478476584,-1.9845390319824219,12.587,0.0,69,LAND,False,STANDBY,10,6
2026-09-28T20:05:47.403264,-35.3632616,149.1652375,0.002,0.02,0.0,0.0,0.023891961202025414,0.02389204502105713,246,0.0018518015276640654,0.001764940214343369,-1.984544277191162,12.587,0.0,69,LAND,False,STANDBY,10,6
2026-09-28T20:05:47.904641,-35.3632616,149.1652375,0.002,0.02,0.0,0.0,0.02371981181204319,0.023719843477010727,246,0.0018484782194718719,0.0017686508363112807,-1.9845513105392456,12.587,0.0,69,LAND,False,STANDBY,10,6
2026-09-28T20:05:48.405876,-35.3632616,149.1652375,0.002,0.02,0.0,0.0,0.023925572633743286,0.02392573282122612,246,0.0018535427516326308,0.0017660661833360791,-1.9845566749572754,12.587,0.0,69,LAND,False,STANDBY,10,6
2026-09-28T20:05:48.908663,-35.3632616,149.1652375,0.002,0.02,0.0,0.0,0.02381560206413269,0.023816708475351334,246,0.0018440514104440808,0.0017592274816706777,-1.9845613241195679,12.587,0.0,69,LAND,False,STANDBY,10,6
2026-09-28T20:05:49.409392,-35.3632616,149.1652375,0.002,0.02,0.0,0.0,0.02395143359899521,0.02395242638885975,246,0.001838680705986917,0.001768812071532011,-1.984570860862732,12.587,0.0,69,LAND,False,STANDBY,10,6
2026-09-28T20:05:49.910118,-35.3632616,149.1652375,0.002,0.02,0.0,0.0,0.02364237979054451,0.02364330179989338,246,0.0018366783624514937,0.0017737587913870811,-1.9845815896987915,12.587,0.0,69,LAND,False,STANDBY,10,6
2026-09-28T20:05:50.410756,-35.3632616,149.1652375,0.002,0.02,0.0,0.0,0.023807384073734283,0.02380785159766674,246,0.0018344110576435924,0.001771709998138249,-1.9845879077911377,12.587,0.0,69,LAND,False,STANDBY,10,6
2026-09-28T20:05:50.911410,-35.3632616,149.1652375,0.002,0.02,0.0,0.0,0.023560218513011932,0.02356044016778469,246,0.0018401442794129252,0.0017688511870801449,-1.9845863580703735,12.587,0.0,69,LAND,False,STANDBY,10,6
2026-09-28T20:05:51.412204,-35.3632616,149.1652375,0.002,0.02,0.0,0.0,0.02373255044221878,0.023733001202344894,246,0.0018475077813491225,0.0017705202335491776,-1.984592318534851,12.587,0.0,69,LAND,False,STANDBY,10,6
2026-09-28T20:05:51.912462,-35.3632616,149.1652375,0.002,0.02,0.0,0.0,0.02356514148414135,0.02356545627117157,246,0.0018476671539247036,0.001762176863849163,-1.9845925569534302,12.587,0.0,69,LAND,False,STANDBY,10,6
2026-09-28T20:05:52.413225,-35.3632616,149.1652375,0.002,0.02,0.0,0.0,0.023793956264853477,0.023793958127498627,246,0.0018594996072351933,0.0017620041035115719,-1.9845999479293823,12.587,0.0,69,LAND,False,STANDBY,10,6
2026-09-28T20:05:52.913839,-35.3632616,149.1652375,0.002,0.02,0.0,0.0,0.02338745817542076,0.023387644439935684,246,0.0018540804740041494,0.0017514124047011137,-1.9845978021621704,12.587,0.0,69,LAND,False,STANDBY,10,6
2026-09-28T20:05:53.414461,-35.3632616,149.1652375,0.002,0.02,0.0,0.0,0.02383747510612011,0.023837510496377945,246,0.0018508646171540022,0.0017447739373892546,-1.9846076965332031,12.587,0.0,69,LAND,False,STANDBY,10,6
2026-09-28T20:05:53.914682,-35.3632616,149.1652375,0.002,0.02,0.0,0.0,0.023609424009919167,0.023609571158885956,246,0.0018559088930487633,0.0017487084260210395,-1.984619140625,12.587,0.0,69,LAND,False,STANDBY,10,6
2026-09-28T20:05:54.415315,-35.3632616,149.1652375,0.002,0.02,0.0,0.0,0.023583250120282173,0.02358337678015232,246,0.0018543978221714497,0.0017454022308811545,-1.9846277236938477,12.587,0.0,69,LAND,False,STANDBY,10,6
2026-09-28T20:05:54.916192,-35.3632616,149.1652375,0.002,0.02,0.0,0.0,0.023350536823272705,0.023350538685917854,246,0.001851989421993494,0.0017368367407470942,-1.9846373796463013,12.587,0.0,69,LAND,False,STANDBY,10,6
2026-09-28T20:05:55.416932,-35.3632616,149.1652375,0.002,0.02,0.0,0.0,0.023519983515143394,0.023519985377788544,246,0.0018542343750596046,0.0017400482902303338,-1.9846491813659668,12.587,0.0,69,LAND,False,STANDBY,10,6
2026-09-28T20:05:55.917457,-35.3632616,149.1652375,0.002,0.02,0.0,0.0,0.023325584828853607,0.023325981572270393,246,0.0018599018221721053,0.001731915632262826,-1.9846527576446533,12.587,0.0,69,LAND,False,STANDBY,10,6
2026-09-28T20:05:56.418309,-35.3632616,149.1652375,0.002,0.02,0.0,0.0,0.023646797984838486,0.023646805435419083,246,0.001861034194007516,0.0017387906555086374,-1.984660267829895,12.587,0.0,69,LAND,False,STANDBY,10,6
2026-09-28T20:05:56.919944,-35.3632616,149.1652375,0.002,0.02,0.0,0.0,0.023428738117218018,0.02342880144715309,246,0.0018536209827288985,0.0017328150570392609,-1.9846704006195068,12.587,0.0,69,LAND,False,STANDBY,10,6
2026-09-28T20:05:57.420811,-35.3632616,149.1652375,0.002,0.02,0.0,0.0,0.023513002321124077,0.023513425141572952,246,0.0018425299786031246,0.0017355068121105433,-1.9846779108047485,12.587,0.0,69,LAND,False,STANDBY,10,6
2026-09-28T20:05:57.921463,-35.3632616,149.1652375,0.002,0.02,0.0,0.0,0.023283304646611214,0.02328396774828434,246,0.0018397911917418242,0.0017311378614977002,-1.9846837520599365,12.587,0.0,69,LAND,False,STANDBY,10,6
2026-09-28T20:05:58.422206,-35.3632616,149.1652375,0.002,0.02,0.0,0.0,0.02352546900510788,0.02352628856897354,246,0.00183483911678195,0.0017392964800819755,-1.9846962690353394,12.587,0.0,69,LAND,False,STANDBY,10,6
2026-09-28T20:05:58.923274,-35.3632616,149.1652375,0.002,0.02,0.0,0.0,0.023255009204149246,0.023255543783307076,246,0.0018364379648119211,0.0017331924755126238,-1.984702706336975,12.587,0.0,69,LAND,False,STANDBY,10,6
2026-09-28T20:05:59.423939,-35.3632616,149.1652375,0.002,0.02,0.0,0.0,0.02357058972120285,0.023570824414491653,246,0.001842123456299305,0.0017407758859917521,-1.9847066402435303,12.587,0.0,69,LAND,False,STANDBY,10,6
